time,feedback_position_x,feedback_position_y,feedback_position_z,setpoint_speed_z,setpoint_speed_y,setpoint_speed_z
0.003889754,466.8336486816406,556.3521728515625,497.49505615234375,0,-500,0
0.008172049,466.8336486816406,556.3521728515625,497.49505615234375,0,-500,0
0.017288105,466.8336486816406,556.3521728515625,497.49505615234375,0,-500,0
0.01742759,466.8352966308594,556.350830078125,497.49505615234375,0,-500,0
0.020596303,466.8336486816406,556.3521728515625,497.49505615234375,0,-500,0
0.024461384,466.8336486816406,556.3521728515625,497.49505615234375,0,-500,0
0.028452967,466.83453369140625,556.3499145507813,497.4918212890625,0,-500,0
0.032580383,466.8385009765625,556.3283081054688,497.4958801269531,0,-500,0
0.0364815,466.8714599609375,556.2554321289063,497.5536804199219,0,-500,0
0.040440412,466.9578857421875,556.0331420898438,497.69171142578125,0,-500,0
0.044644705,467.1101989746094,555.6449584960938,497.87274169921875,0,-500,0
0.04844998,467.2699279785156,555.1006469726563,498.0479431152344,0,-500,0
0.052420453,467.42510986328125,554.3802490234375,498.2547912597656,0,-500,0
0.056728446,467.5577697753906,553.4298706054688,498.45440673828125,0,-500,0
0.060572726,467.6112976074219,552.3162231445313,498.5338134765625,0,-500,0
0.06447094,467.51251220703125,551.1360473632813,498.4336242675781,0,-500,0
0.068916099,467.3272399902344,549.7987060546875,498.29339599609375,0,-500,0
0.072660321,467.13531494140625,548.236083984375,498.1581115722656,0,-500,0
0.076703898,466.9235534667969,546.501953125,497.9327087402344,0,-500,0
0.080881944,466.6850280761719,544.6657104492188,497.6764831542969,0,-500,0
0.08479089,466.45501708984375,542.7115478515625,497.47137451171875,0,-500,0
0.088769625,466.2925720214844,540.6036376953125,497.3351135253906,0,-500,0
0.093062205,466.2050476074219,538.4412841796875,497.25347900390625,0,-500,0
0.09709201,466.1220397949219,536.2706298828125,497.1694641113281,0,-500,0
0.101093989,466.0506591796875,534.1026611328125,497.1544189453125,0,-500,0
0.10525554,466.0014953613281,531.9429931640625,497.1884765625,0,-500,0
0.109207909,465.9639892578125,529.78857421875,497.2103576660156,0,-500,0
0.113187676,465.9408874511719,527.647705078125,497.2556457519531,0,-500,0
0.117795147,465.9130859375,525.51904296875,497.3233337402344,0,-500,0
0.121353294,465.8556213378906,523.4363403320313,497.4168701171875,0,-500,0
0.125283574,465.7706604003906,521.4037475585938,497.4730224609375,0,-500,0
0.129470145,465.65655517578125,519.3897705078125,497.4662780761719,0,-500,0
0.13343896,465.5274963378906,517.3728637695313,497.4405212402344,0,-500,0
0.137409842,465.39581298828125,515.352783203125,497.386474609375,0,-500,0
0.141601382,465.2493591308594,513.3499755859375,497.305419921875,0,-500,0
0.145492692,465.09490966796875,511.3394775390625,497.1993713378906,0,-500,0
0.14941938,464.959228515625,509.293212890625,497.05316162109375,0,-500,0
0.153671615,464.85382080078125,507.2445373535156,496.9311218261719,0,-500,0
0.157648239,464.73431396484375,505.2038879394531,496.8380126953125,0,-500,0
0.161553287,464.60009765625,503.17840576171875,496.7366943359375,0,-500,0
0.165893756,464.4668884277344,501.1684875488281,496.67864990234375,0,-500,0
0.169691118,464.3382568359375,499.1385498046875,496.61181640625,0,-500,0
0.173652583,464.224609375,497.0896301269531,496.5561218261719,0,-500,0
0.177940251,464.13214111328125,495.0519714355469,496.54779052734375,0,-500,0
0.181797909,464.02984619140625,493.01861572265625,496.56158447265625,0,-500,0
0.18571929,463.9340515136719,490.9928894042969,496.5965270996094,0,-500,0
0.189975106,463.85382080078125,488.97454833984375,496.6584167480469,0,-500,0
0.193891884,463.7803649902344,486.92767333984375,496.6995544433594,0,-500,0
0.197925295,463.717041015625,484.86614990234375,496.7293701171875,0,-500,0
0.202079227,463.658203125,482.80023193359375,496.7354736328125,0,-500,0
0.205970249,463.5868835449219,480.74371337890625,496.72808837890625,0,-500,0
0.209920216,463.5027770996094,478.7038269042969,496.7105407714844,0,-500,0
0.214305265,463.40875244140625,476.673095703125,496.67559814453125,0,-500,0
0.218364752,463.2924499511719,474.6446838378906,496.6042785644531,0,-500,0
0.222044018,463.1614990234375,472.6098937988281,496.5172119140625,0,-500,0
0.226259039,463.0423583984375,470.590576171875,496.4504699707031,0,-500,0
0.230185004,462.91357421875,468.5896301269531,496.38629150390625,0,-500,0
0.234109383,462.781494140625,466.593505859375,496.31524658203125,0,-500,0
0.238483575,462.66082763671875,464.5989685058594,496.25738525390625,0,-500,0
0.242283058,462.5435791015625,462.593017578125,496.2022399902344,0,-500,0
0.246245804,462.4317626953125,460.57720947265625,496.1474304199219,0,-500,0
0.25044969,462.3252868652344,458.56109619140625,496.1023254394531,0,-500,0
0.254362642,462.2310485839844,456.5507507324219,496.07928466796875,0,-500,0
0.258384193,462.1269226074219,454.5383605957031,496.0616455078125,0,-500,0
0.262698902,462.02435302734375,452.5260314941406,496.0540771484375,0,-500,0
0.266459052,461.9329833984375,450.5080871582031,496.05694580078125,0,-500,0
0.270439793,461.8370361328125,448.4773864746094,496.0314025878906,0,-500,0
0.274633741,461.7548522949219,446.4419860839844,496.01226806640625,0,-500,0
0.278616126,461.6773681640625,444.405029296875,496.017822265625,0,-500,0
0.282562519,461.59588623046875,442.3663635253906,496.0220031738281,0,-500,0
0.28675893,461.5077209472656,440.335693359375,496.0116271972656,0,-500,0
0.290680842,461.4206237792969,438.3154296875,496.0068054199219,0,-500,0
0.294596687,461.33148193359375,436.2828063964844,495.99676513671875,0,-500,0
0.298888193,461.2367858886719,434.24920654296875,495.9620666503906,0,-500,0
0.302764928,461.13671875,432.2297058105469,495.9222106933594,0,-500,0
0.306678838,461.03369140625,430.2272644042969,495.8794860839844,0,-500,0
0.311081016,460.9122619628906,428.2427673339844,495.8280334472656,0,-500,0
0.314867705,460.7827453613281,426.2593078613281,495.7684020996094,0,-500,0
0.319102567,460.6675720214844,424.26788330078125,495.71923828125,0,-500,0
0.323061819,460.5583190917969,422.2567138671875,495.6620788574219,0,-500,0
0.326952855,460.44171142578125,420.2453918457031,495.5997619628906,0,-500,0
0.330894158,460.3264465332031,418.2509765625,495.5547790527344,0,-500,0
0.335139978,460.2271728515625,416.2548522949219,495.527587890625,0,-500,0
0.339110962,460.1357116699219,414.2508544921875,495.5112609863281,0,-500,0
0.343035921,460.0469055175781,412.2392578125,495.4973449707031,0,-500,0
0.347239845,459.96527099609375,410.2250671386719,495.4823913574219,0,-500,0
0.351104124,459.87200927734375,408.20574951171875,495.46722412109375,0,-500,0
0.355077276,459.7756042480469,406.18389892578125,495.4571533203125,0,-500,0
0.359514773,459.6806945800781,404.16204833984375,495.43792724609375,0,-500,0
0.363273015,459.59429931640625,402.1485290527344,495.42718505859375,0,-500,0
0.367230513,459.5099792480469,400.13720703125,495.4245300292969,0,-500,0
0.371428664,459.41290283203125,398.1229553222656,495.4154968261719,0,-500,0
0.375320089,459.319091796875,396.1179504394531,495.4027404785156,0,-500,0
0.379313754,459.22503662109375,394.10614013671875,495.38134765625,0,-500,0
0.38354232,459.1219787597656,392.0909118652344,495.334228515625,0,-500,0
0.387469849,459.01629638671875,390.08306884765625,495.2868347167969,0,-500,0
0.391392609,458.9112548828125,388.08819580078125,495.2452087402344,0,-500,0
0.395594454,458.80108642578125,386.0970153808594,495.2056579589844,0,-500,0
0.399585677,458.69635009765625,384.1123046875,495.1671142578125,0,-500,0
0.403488794,458.5935974121094,382.1213684082031,495.1267395019531,0,-500,0
0.40791695,458.4954528808594,380.127197265625,495.0984802246094,0,-500,0
0.411622405,458.3930358886719,378.1366882324219,495.07281494140625,0,-500,0
0.415536627,458.28302001953125,376.14190673828125,495.0357971191406,0,-500,0
0.420096037,458.1793212890625,374.1458740234375,495.0072937011719,0,-500,0
0.423765668,458.08587646484375,372.1483459472656,494.980712890625,0,-500,0
0.427664103,457.9939270019531,370.1386413574219,494.9502868652344,0,-500,0
0.431935864,457.90411376953125,368.12811279296875,494.937255859375,0,-500,0
0.435793371,457.8088073730469,366.11663818359375,494.9227294921875,0,-500,0
0.439772639,457.7147216796875,364.1068115234375,494.90460205078125,0,-500,0
0.444009489,457.61956787109375,362.0987548828125,494.8872375488281,0,-500,0
0.447906583,457.520751953125,360.08868408203125,494.86724853515625,0,-500,0
0.451861892,457.4248962402344,358.0811767578125,494.8604431152344,0,-500,0
0.45624629,457.33575439453125,356.08197021484375,494.8512878417969,0,-500,0
0.460088377,457.24176025390625,354.08624267578125,494.8330993652344,0,-500,0
0.464007028,457.1476745605469,352.0968933105469,494.816650390625,0,-500,0
0.468186985,457.0471496582031,350.1048889160156,494.78326416015625,0,-500,0
0.472100632,456.94281005859375,348.11163330078125,494.7479553222656,0,-500,0
0.47604277,456.8337097167969,346.1219787597656,494.7079162597656,0,-500,0
0.480347373,456.7202453613281,344.130615234375,494.66607666015625,0,-500,0
0.48425365,456.6118469238281,342.1403503417969,494.6205749511719,0,-500,0
0.488165613,456.51300048828125,340.1531677246094,494.5836181640625,0,-500,0
0.492404026,456.4161376953125,338.1668395996094,494.5602111816406,0,-500,0
0.496291632,456.3195495605469,336.1824035644531,494.54437255859375,0,-500,0
0.500302043,456.22088623046875,334.18707275390625,494.5215759277344,0,-500,0
0.504611705,456.1226501464844,332.1831359863281,494.4998779296875,0,-500,0
0.508355311,456.02899169921875,330.18310546875,494.4793701171875,0,-500,0
0.512413375,455.9292297363281,328.181884765625,494.45172119140625,0,-500,0
0.516552939,455.8273010253906,326.1824645996094,494.43133544921875,0,-500,0
0.520783904,455.7349548339844,324.18505859375,494.4247741699219,0,-500,0
0.524446894,455.64599609375,322.1867980957031,494.4091491699219,0,-500,0
0.528687974,455.55706787109375,320.18377685546875,494.38916015625,0,-500,0
0.532604595,455.4691162109375,318.1921691894531,494.3800048828125,0,-500,0
0.536526858,455.3658447265625,316.2008361816406,494.3639221191406,0,-500,0
0.540835529,455.26055908203125,314.21075439453125,494.3405456542969,0,-500,0
0.5446941,455.1607971191406,312.2226257324219,494.3196716308594,0,-500,0
0.548618106,455.05596923828125,310.2348937988281,494.29742431640625,0,-500,0
0.553031949,454.9503173828125,308.24859619140625,494.2648010253906,0,-500,0
0.55678308,454.846435546875,306.2655334472656,494.22930908203125,0,-500,0
0.560806563,454.7477722167969,304.27783203125,494.20098876953125,0,-500,0
0.564953731,454.649658203125,302.2931823730469,494.1716613769531,0,-500,0
0.568868988,454.5510559082031,300.3082580566406,494.1451416015625,0,-500,0
0.572810752,454.45050048828125,298.322265625,494.1182556152344,0,-500,0
0.577127602,454.3511047363281,296.3275451660156,494.0926208496094,0,-500,0
0.581033484,454.2518005371094,294.3371887207031,494.0683898925781,0,-500,0
0.584975031,454.1571960449219,292.3496398925781,494.0587158203125,0,-500,0
0.589139611,454.0592041015625,290.3575744628906,494.0406494140625,0,-500,0
0.593059641,453.9613037109375,288.3663330078125,494.02349853515625,0,-500,0
0.597021283,453.8665466308594,286.3776550292969,494.01416015625,0,-500,0
0.601464608,453.7715759277344,284.3853759765625,493.99267578125,0,-500,0
0.605223267,453.6697082519531,282.3914794921875,493.9651184082031,0,-500,0
0.60912763,453.5725402832031,280.40032958984375,493.9519348144531,0,-500,0
0.613334662,453.47406005859375,278.40850830078125,493.9381103515625,0,-500,0
0.617326708,453.37152099609375,276.42022705078125,493.9154357910156,0,-500,0
0.62147183,453.2730407714844,274.4341735839844,493.8907775878906,0,-500,0
0.625499688,453.177734375,272.4540100097656,493.882568359375,0,-500,0
0.629342804,453.0798645019531,270.4720153808594,493.86798095703125,0,-500,0
0.6333047,452.97784423828125,268.49176025390625,493.84912109375,0,-500,0
0.637539478,452.87542724609375,266.5115966796875,493.82574462890625,0,-500,0
0.641514765,452.7735290527344,264.5293273925781,493.7981262207031,0,-500,0
0.645419542,452.6742858886719,262.5439453125,493.773681640625,0,-500,0
0.649749608,452.5770568847656,260.5578918457031,493.7492370605469,0,-500,0
0.653554786,452.4752197265625,258.5736083984375,493.7154541015625,0,-500,0
0.657508964,452.3750915527344,256.58392333984375,493.68914794921875,0,-500,0
0.661826941,452.27581787109375,254.590087890625,493.6645812988281,0,-500,0
0.665656196,452.1757507324219,252.6019744873047,493.64727783203125,0,-500,0
0.669572527,452.078125,250.61741638183594,493.63250732421875,0,-500,0
0.673873783,451.97607421875,248.632568359375,493.6175537109375,0,-500,0
0.6777321,451.8790588378906,246.6453399658203,493.61016845703125,0,-500,0
0.681772571,451.7810363769531,244.66392517089844,493.6039123535156,0,-500,0
0.685933462,451.6844787597656,242.68316650390625,493.5970458984375,0,-500,0
0.689818167,451.5885009765625,240.69874572753906,493.5861511230469,0,-500,0
0.69376341,451.4893493652344,238.71084594726563,493.5734558105469,0,-500,0
0.698159878,451.3927307128906,236.72511291503906,493.5628662109375,0,-500,0
0.702038856,451.2934265136719,234.74227905273438,493.5430603027344,0,-500,0
0.705902007,451.18634033203125,232.7583465576172,493.50689697265625,0,-500,0
0.710085017,451.08209228515625,230.77423095703125,493.4825134277344,0,-500,0
0.714012774,450.9798278808594,228.79837036132813,493.466552734375,0,-500,0
0.717954831,450.8771667480469,226.820068359375,493.45001220703125,0,-500,0
0.722466184,450.7756652832031,224.83547973632813,493.4264221191406,0,-500,0
0.72615112,450.6770935058594,222.85556030273438,493.4005126953125,0,-500,0
0.730071477,450.5785217285156,220.86927795410156,493.3810119628906,0,-500,0
0.734280744,450.4847106933594,218.88157653808594,493.365234375,0,-500,0
0.73820344,450.3893737792969,216.89306640625,493.3541259765625,0,-500,0
0.742236875,450.2889404296875,214.90892028808594,493.3434143066406,0,-500,0
0.746561552,450.1882629394531,212.927734375,493.3302307128906,0,-500,0
0.750277862,450.0860595703125,210.94635009765625,493.3122253417969,0,-500,0
0.754375664,449.9870300292969,208.96517944335938,493.3053283691406,0,-500,0
0.758466316,449.8804626464844,206.97885131835938,493.28973388671875,0,-500,0
0.762366614,449.7828063964844,205.00018310546875,493.27685546875,0,-500,0
0.766314559,449.6833801269531,203.01730346679688,493.2645263671875,0,-500,0
0.770564116,449.5818176269531,201.0324249267578,493.2560119628906,0,-500,0
0.774467154,449.4794921875,199.0470428466797,493.2384033203125,0,-500,0
0.778440883,449.37689208984375,197.0644989013672,493.2206115722656,0,-500,0
0.782732788,449.2751159667969,195.0806427001953,493.2019958496094,0,-500,0
0.786656867,449.1775817871094,193.1024932861328,493.18768310546875,0,-500,0
0.790572027,449.0787658691406,191.12506103515625,493.1742248535156,0,-500,0
0.794944288,448.9826354980469,189.14346313476563,493.15948486328125,0,-500,0
0.79870745,448.88922119140625,187.1663818359375,493.15277099609375,0,-500,0
0.802712271,448.7889709472656,185.18301391601563,493.1400146484375,0,-500,0
0.806947383,448.6887512207031,183.19541931152344,493.1214599609375,0,-500,0
0.810780606,448.591552734375,181.2112579345703,493.107666015625,0,-500,0
0.814720422,448.48260498046875,179.2262725830078,493.08636474609375,0,-500,0
0.818990612,448.378662109375,177.244873046875,493.0733947753906,0,-500,0
0.823171514,448.28033447265625,175.26434326171875,493.0609130859375,0,-500,0
0.826933455,448.17523193359375,173.28062438964844,493.03692626953125,0,-500,0
0.831074789,448.0723876953125,171.29930114746094,493.0298767089844,0,-500,0
0.834988583,447.9707336425781,169.31686401367188,493.024169921875,0,-500,0
0.838935028,447.86810302734375,167.32923889160156,493.0122375488281,0,-500,0
0.843389709,447.7699279785156,165.34483337402344,493.0055847167969,0,-500,0
0.847126587,447.6758728027344,163.36434936523438,493.00079345703125,0,-500,0
0.851041463,447.5777587890625,161.38204956054688,492.9908142089844,0,-500,0
0.85525853,447.477294921875,159.40208435058594,492.9831237792969,0,-500,0
0.859170337,447.38226318359375,157.42013549804688,492.97900390625,0,-500,0
0.86317707,447.2763671875,155.4366455078125,492.9598693847656,0,500,0
0.867423867,447.1728210449219,153.45654296875,492.949951171875,0,500,0
0.871446112,447.0748596191406,151.4715118408203,492.9410095214844,0,500,0
0.875379341,446.97222900390625,149.48593139648438,492.9184875488281,0,500,0
0.879554334,446.87139892578125,147.50106811523438,492.90081787109375,0,500,0
0.883552247,446.771728515625,145.5209503173828,492.89459228515625,0,500,0
0.887447821,446.6664733886719,143.540283203125,492.8822937011719,0,500,0
0.89187588,446.5633850097656,141.58489990234375,492.8647766113281,0,500,0
0.895557705,446.4608154296875,139.74539184570313,492.8256530761719,0,500,0
0.899404245,446.3486633300781,138.1658172607422,492.7624206542969,0,500,0
0.903706299,446.228271484375,136.88829040527344,492.7017517089844,0,500,0
0.907549462,446.1143798828125,135.91842651367188,492.6498107910156,0,500,0
0.911525714,446.0184020996094,135.3566131591797,492.5966796875,0,500,0
0.915765787,445.9501037597656,135.26031494140625,492.5319519042969,0,500,0
0.919652645,445.9535827636719,135.5174102783203,492.5300598144531,0,500,0
0.92393106,445.9373474121094,135.93992614746094,492.5375671386719,0,500,0
0.927874079,445.9684143066406,136.71176147460938,492.5982360839844,0,500,0
0.931754428,446.0096740722656,137.94467163085938,492.6606750488281,0,500,0
0.935681622,446.0445251464844,139.4688720703125,492.72393798828125,0,500,0
0.940087941,446.09283447265625,141.17633056640625,492.7947998046875,0,500,0
0.943941044,446.1330871582031,143.085693359375,492.85797119140625,0,500,0
0.947868528,446.14324951171875,145.24232482910156,492.89862060546875,0,500,0
0.952024511,446.1219787597656,147.51235961914063,492.9114685058594,0,500,0
0.955974822,446.0897521972656,149.75869750976563,492.920166015625,0,500,0
0.959893441,446.0412292480469,151.98887634277344,492.91302490234375,0,500,0
0.96420371,445.9677734375,154.2100067138672,492.8780822753906,0,500,0
0.968057133,445.86627197265625,156.41932678222656,492.82696533203125,0,500,0
0.97200713,445.74853515625,158.5679473876953,492.78192138671875,0,500,0
0.976217928,445.6456298828125,160.62387084960938,492.7361755371094,0,500,0
0.980131188,445.5416564941406,162.64234924316406,492.6807556152344,0,500,0
0.984244072,445.4170227050781,164.67123413085938,492.6297302246094,0,500,0
0.988495416,445.3031921386719,166.70152282714844,492.6029357910156,0,500,0
0.99221862,445.20318603515625,168.6853790283203,492.5845947265625,0,500,0
0.996254762,445.11846923828125,170.6267547607422,492.5785827636719,0,500,0
1.000431408,445.04888916015625,172.58445739746094,492.6014404296875,0,500,0
1.004379098,444.95098876953125,174.59510803222656,492.6398010253906,0,500,0
1.008276818,444.8356018066406,176.63650512695313,492.6795654296875,0,500,0
1.012530093,444.7267761230469,178.6753692626953,492.7227478027344,0,500,0
1.0164539910000001,444.6221008300781,180.69808959960938,492.7633361816406,0,500,0
1.020402057,444.5148620605469,182.73434448242188,492.7928771972656,0,500,0
1.02488048,444.41082763671875,184.7943115234375,492.79876708984375,0,500,0
1.028535372,444.30401611328125,186.8706512451172,492.7944641113281,0,500,0
1.03245028,444.18505859375,188.9479522705078,492.7824401855469,0,500,0
1.036852276,444.0730285644531,191.02951049804688,492.7664794921875,0,500,0
1.040668504,443.9581604003906,193.1051483154297,492.7231140136719,0,500,0
1.044567747,443.8421936035156,195.17921447753906,492.65576171875,0,500,0
1.048787628,443.7324523925781,197.24256896972656,492.58502197265625,0,500,0
1.052698066,443.6169738769531,199.2970428466797,492.52276611328125,0,500,0
1.05664483,443.5070495605469,201.3516082763672,492.4844665527344,0,500,0
1.060990959,443.4021301269531,203.4057159423828,492.4464416503906,0,500,0
1.064787572,443.3023681640625,205.44888305664063,492.4151611328125,0,500,0
1.068799901,443.2037658691406,207.4819793701172,492.40447998046875,0,500,0
1.072965647,443.11639404296875,209.48440551757813,492.40289306640625,0,500,0
1.076897323,443.0282287597656,211.4617156982422,492.4033508300781,0,500,0
1.080905987,442.92816162109375,213.4554443359375,492.41326904296875,0,500,0
1.085300908,442.8132019042969,215.4815673828125,492.4388122558594,0,500,0
1.089029916,442.69580078125,217.51658630371094,492.4704284667969,0,500,0
1.092947824,442.5777893066406,219.5622100830078,492.50982666015625,0,500,0
1.097196928,442.4643249511719,221.6116485595703,492.5440979003906,0,500,0
1.101082638,442.35333251953125,223.6693572998047,492.5623779296875,0,500,0
1.105113739,442.2533264160156,225.7307891845703,492.5744934082031,0,500,0
1.10930745,442.1438903808594,227.79153442382813,492.56854248046875,0,500,0
1.113187707,442.0300598144531,229.85226440429688,492.54364013671875,0,500,0
1.11718226,441.9132995605469,231.9142303466797,492.5032653808594,0,500,0
1.121354173,441.7939147949219,233.98155212402344,492.4571228027344,0,500,0
1.125555896,441.67852783203125,236.04531860351563,492.3945617675781,0,500,0
1.1292735170000001,441.57867431640625,238.09703063964844,492.3238830566406,0,500,0
1.133588153,441.48126220703125,240.1383056640625,492.272705078125,0,500,0
1.137412955,441.38525390625,242.1668701171875,492.22857666015625,0,500,0
1.141339021,441.2917785644531,244.2019805908203,492.19732666015625,0,500,0
1.145649235,441.19140625,246.2390594482422,492.1618347167969,0,500,0
1.149490104,441.08392333984375,248.2737274169922,492.13323974609375,0,500,0
1.153415887,440.9775390625,250.3022918701172,492.1231994628906,0,500,0
1.1576662309999999,440.87542724609375,252.3222198486328,492.12506103515625,0,500,0
1.161561127,440.7724914550781,254.34657287597656,492.1405944824219,0,500,0
1.165649113,440.6716003417969,256.3854064941406,492.1783447265625,0,500,0
1.169757289,440.5572814941406,258.4234313964844,492.21044921875,0,500,0
1.173620297,440.4465026855469,260.46002197265625,492.2426452636719,0,500,0
1.1775990570000001,440.3322448730469,262.5055847167969,492.26947021484375,0,500,0
1.182011465,440.2175598144531,264.56231689453125,492.2826843261719,0,500,0
1.185881906,440.10601806640625,266.6239013671875,492.2837829589844,0,500,0
1.189759619,439.9941711425781,268.686279296875,492.2619323730469,0,500,0
1.193949105,439.88702392578125,270.7439270019531,492.2365417480469,0,500,0
1.197869352,439.7806091308594,272.7933654785156,492.1926574707031,0,500,0
1.20180751,439.68115234375,274.8348388671875,492.1360778808594,0,500,0
1.206128093,439.58087158203125,276.8741149902344,492.0632019042969,0,500,0
1.209971152,439.4815368652344,278.909423828125,492.0060119628906,0,500,0
1.213939439,439.3779602050781,280.9453430175781,491.95361328125,0,500,0
1.21812043,439.2734069824219,282.97991943359375,491.9088134765625,0,500,0
1.222023313,439.1693420410156,285.0215759277344,491.8653259277344,0,500,0
1.226280524,439.0647888183594,287.06121826171875,491.8343200683594,0,500,0
1.230426753,438.96087646484375,289.099365234375,491.8114013671875,0,500,0
1.234133291,438.8566589355469,291.1383056640625,491.8107604980469,0,500,0
1.238099652,438.7487487792969,293.1776123046875,491.8263854980469,0,500,0
1.242327757,438.6440734863281,295.2171630859375,491.8438415527344,0,500,0
1.246296576,438.5425720214844,297.2519226074219,491.86517333984375,0,500,0
1.2502320820000001,438.4362487792969,299.2904357910156,491.8873291015625,0,500,0
1.254444811,438.32415771484375,301.3354797363281,491.91168212890625,0,500,0
1.258328739,438.211181640625,303.3816223144531,491.93310546875,0,500,0
1.2622964300000001,438.102783203125,305.42791748046875,491.93817138671875,0,500,0
1.266576625,437.9947814941406,307.4765625,491.91693115234375,0,500,0
1.270512057,437.8878173828125,309.52227783203125,491.8805847167969,0,500,0
1.274357377,437.7861328125,311.56671142578125,491.8506774902344,0,500,0
1.278716099,437.6820068359375,313.6050109863281,491.8022155761719,0,500,0
1.282520033,437.5786437988281,315.6366271972656,491.731689453125,0,500,0
1.286555791,437.48101806640625,317.6670227050781,491.67315673828125,0,500,0
1.290747745,437.3828125,319.6962585449219,491.6178894042969,0,500,0
1.294620241,437.2801818847656,321.7239685058594,491.566650390625,0,500,0
1.298567015,437.1768798828125,323.76385498046875,491.5219421386719,0,500,0
1.302830041,437.0699768066406,325.8114013671875,491.484130859375,0,500,0
1.306763616,436.96246337890625,327.85821533203125,491.46343994140625,0,500,0
1.310709696,436.8599548339844,329.8988037109375,491.45806884765625,0,500,0
1.314898587,436.74993896484375,331.9378662109375,491.4503479003906,0,500,0
1.318819244,436.64410400390625,333.9817199707031,491.45452880859375,0,500,0
1.322756478,436.53594970703125,336.0268249511719,491.4715881347656,0,500,0
1.327440118,436.42852783203125,338.0618896484375,491.48480224609375,0,500,0
1.3309638320000001,436.3240051269531,340.09490966796875,491.4945373535156,0,500,0
1.334912075,436.2208251953125,342.13067626953125,491.4947204589844,0,500,0
1.339100581,436.1131286621094,344.1683654785156,491.48248291015625,0,500,0
1.343012614,436.01123046875,346.2089538574219,491.47674560546875,0,500,0
1.347034599,435.9125061035156,348.2483825683594,491.4609680175781,0,500,0
1.351224872,435.8127136230469,350.2798767089844,491.440185546875,0,500,0
1.355119582,435.711669921875,352.31390380859375,491.4090576171875,0,500,0
1.35906953,435.6124572753906,354.345947265625,491.35662841796875,0,500,0
1.3632648490000001,435.5132751464844,356.37841796875,491.29638671875,0,500,0
1.3672778079999999,435.41436767578125,358.40240478515625,491.2474060058594,0,500,0
1.371166063,435.3137512207031,360.4303283691406,491.20281982421875,0,500,0
1.375552616,435.2104187011719,362.4604187011719,491.143798828125,0,500,0
1.379300774,435.104248046875,364.5001220703125,491.0978088378906,0,500,0
1.3832579059999999,434.9957580566406,366.5456237792969,491.06103515625,0,500,0
1.387504619,434.87860107421875,368.5924072265625,491.0346984863281,0,500,0
1.3914067,434.7698974609375,370.6297607421875,491.0171203613281,0,500,0
1.395351728,434.6640930175781,372.6652526855469,491.0126953125,0,500,0
1.399582241,434.5589294433594,374.7062072753906,491.0216369628906,0,500,0
1.40348182,434.453857421875,376.74346923828125,491.0283203125,0,500,0
1.407495027,434.3491516113281,378.7779541015625,491.0307312011719,0,500,0
1.411670983,434.25164794921875,380.8067626953125,491.0335693359375,0,500,0
1.415562899,434.1589660644531,382.8314514160156,491.0381164550781,0,500,0
1.419562348,434.067626953125,384.8568420410156,491.02716064453125,0,500,0
1.423953455,433.96759033203125,386.8844909667969,491.00628662109375,0,500,0
1.4279625280000001,433.86785888671875,388.9122009277344,490.9754638671875,0,500,0
1.431686191,433.767578125,390.9425048828125,490.9378662109375,0,500,0
1.435835446,433.6647644042969,392.9720458984375,490.8987121582031,0,500,0
1.439758508,433.5631408691406,394.9939880371094,490.8544616699219,0,500,0
1.443701208,433.46551513671875,397.01763916015625,490.809326171875,0,500,0
1.448018775,433.3611755371094,399.0450744628906,490.7522277832031,0,500,0
1.451907318,433.26513671875,401.0772399902344,490.70855712890625,0,500,0
1.45584227,433.16302490234375,403.1148681640625,490.6711730957031,0,500,0
1.46009228,433.0510559082031,405.14337158203125,490.6194152832031,0,500,0
1.463955427,432.94512939453125,407.1759033203125,490.58245849609375,0,500,0
1.467964203,432.8404846191406,409.212890625,490.55328369140625,0,500,0
1.472318148,432.73187255859375,411.24627685546875,490.5288391113281,0,500,0
1.476067382,432.6217346191406,413.27972412109375,490.5174865722656,0,500,0
1.480023779,432.5143737792969,415.3133850097656,490.5187683105469,0,500,0
1.4842510629999999,432.4132995605469,417.34674072265625,490.52447509765625,0,500,0
1.488197724,432.3204345703125,419.3736267089844,490.5325622558594,0,500,0
1.49209909,432.2269592285156,421.3913879394531,490.5325622558594,0,500,0
1.4963479689999999,432.1320495605469,423.4130859375,490.5287780761719,0,500,0
1.500270808,432.0350341796875,425.4283752441406,490.5081481933594,0,500,0
1.50422466,431.9403381347656,427.4439392089844,490.47760009765625,0,500,0
1.508498989,431.8450927734375,429.4607849121094,490.43316650390625,0,500,0
1.512363377,431.7486267089844,431.4768981933594,490.38775634765625,0,500,0
1.516294082,431.6570739746094,433.4989929199219,490.353271484375,0,500,0
1.5206732939999998,431.5585632324219,435.526123046875,490.31732177734375,0,500,0
1.524460256,431.4543151855469,437.54766845703125,490.2744140625,0,500,0
1.5286881700000001,431.3525390625,439.572021484375,490.228759765625,0,500,0
1.5326583280000001,431.2449035644531,441.59912109375,490.18463134765625,0,500,0
1.536537501,431.1354675292969,443.625244140625,490.14239501953125,0,500,0
1.5405127269999999,431.0268859863281,445.6481018066406,490.0921325683594,0,500,0
1.544837737,430.9219055175781,447.67413330078125,490.0539245605469,0,500,0
1.548716545,430.8187255859375,449.7089538574219,490.03338623046875,0,500,0
1.552620066,430.71209716796875,451.7359924316406,490.00848388671875,0,500,0
1.5568235590000001,430.6091613769531,453.7626037597656,489.9964904785156,0,500,0
1.560726325,430.5073547363281,455.78070068359375,489.98846435546875,0,500,0
1.56466864,430.4109191894531,457.79559326171875,489.98260498046875,0,500,0
1.569153542,430.3134460449219,459.8074951171875,489.9663391113281,0,500,0
1.572884999,430.21612548828125,461.8165588378906,489.9519348144531,0,500,0
1.576811991,430.1225280761719,463.8363342285156,489.9404296875,0,500,0
1.58102124,430.0299377441406,465.8497314453125,489.9183654785156,0,500,0
1.5849450859999998,429.9393615722656,467.857666015625,489.89337158203125,0,500,0
1.58895163,429.8512268066406,469.86688232421875,489.8688049316406,0,500,0
1.5931337700000001,429.75762939453125,471.877685546875,489.8329772949219,0,500,0
1.597039914,429.6595458984375,473.8885192871094,489.79638671875,0,500,0
1.6010122340000001,429.5549621582031,475.9043884277344,489.75482177734375,0,500,0
1.605206841,429.4539794921875,477.9290771484375,489.70947265625,0,500,0
1.609183533,429.35394287109375,479.94512939453125,489.6694030761719,0,500,0
1.6130974089999999,429.2491455078125,481.9606018066406,489.62213134765625,0,500,0
1.617447667,429.1453857421875,483.9756164550781,489.57220458984375,0,500,0
1.621210386,429.04150390625,485.98492431640625,489.5243225097656,0,500,0
1.6251868900000002,428.9302062988281,487.996337890625,489.47784423828125,0,500,0
1.629688678,428.82037353515625,490.01129150390625,489.43939208984375,0,500,0
1.633342933,428.7182922363281,492.0361328125,489.42626953125,0,500,0
1.637276331,428.61773681640625,494.0493469238281,489.4175109863281,0,500,0
1.6414941619999999,428.519775390625,496.0645446777344,489.40423583984375,0,500,0
1.645407219,428.4265441894531,498.07537841796875,489.3947448730469,0,500,0
1.6494393440000001,428.3304443359375,500.081787109375,489.3795471191406,0,500,0
1.653604082,428.22625732421875,502.0860900878906,489.3518371582031,0,500,0
1.65749457,428.1316833496094,504.0935974121094,489.3264465332031,0,500,0
1.661366431,428.037109375,506.1016540527344,489.3086853027344,0,500,0
1.6658306299999999,427.9485168457031,508.1086120605469,489.288818359375,0,500,0
1.669684699,427.86187744140625,510.1023254394531,489.2680358886719,0,500,0
1.6736002220000001,427.7694091796875,512.1005249023438,489.2402038574219,0,500,0
1.677737433,427.66925048828125,514.0987548828125,489.1881408691406,0,500,0
1.6816915460000001,427.5693359375,516.0945434570313,489.1315002441406,0,500,0
1.685627802,427.47271728515625,518.1046752929688,489.0869140625,0,500,0
1.6900038990000001,427.370849609375,520.10986328125,489.0380554199219,0,500,0
1.693862035,427.26788330078125,522.1128540039063,488.99176025390625,0,500,0
1.697750526,427.17034912109375,524.1185913085938,488.9588317871094,0,500,0
1.701757972,427.0641174316406,526.1231689453125,488.9208984375,0,500,0
1.7058799310000001,426.95263671875,528.1275024414063,488.8859558105469,0,500,0
1.7099045400000001,426.84228515625,530.139404296875,488.8546142578125,0,500,0
1.714268035,426.73492431640625,532.1563110351563,488.8333740234375,0,500,0
1.717982077,426.6291809082031,534.1627807617188,488.80426025390625,0,500,0
1.721934891,426.5350036621094,536.1572875976563,488.77899169921875,0,500,0
1.726176068,426.4394836425781,538.15087890625,488.75433349609375,0,500,0
1.7303501570000002,426.3415832519531,540.13916015625,488.7178039550781,0,500,0
1.7340826599999999,426.24224853515625,542.1390380859375,488.69512939453125,0,500,0
1.738274278,426.1474609375,544.1447143554688,488.69134521484375,0,500,0
1.742177673,426.05450439453125,546.1368408203125,488.66845703125,0,500,0
1.746139554,425.97491455078125,548.1200561523438,488.6432189941406,0,500,0
1.7504534170000001,425.8896484375,550.1000366210938,488.6119689941406,0,500,0
1.754331493,425.7904968261719,552.0849609375,488.55499267578125,0,500,0
1.758264591,425.6875305175781,554.0816650390625,488.5103454589844,0,500,0
1.762529449,425.58575439453125,556.0846557617188,488.4778137207031,0,500,0
1.765989485,425.4870910644531,558.0748291015625,488.4386291503906,0,-500,0
1.770028127,425.39105224609375,560.0659790039063,488.41656494140625,0,-500,0
1.774373835,425.2881774902344,562.0499267578125,488.3728332519531,0,-500,0
1.778332915,425.1753234863281,564.0366821289063,488.31396484375,0,-500,0
1.782272686,425.0647277832031,566.0403442382813,488.2724609375,0,-500,0
1.786562915,424.9514465332031,568.0388793945313,488.2310485839844,0,-500,0
1.790499036,424.8409423828125,570.03369140625,488.19329833984375,0,-500,0
1.794442385,424.75439453125,572.0059814453125,488.1750793457031,0,-500,0
1.798681383,424.70123291015625,573.8539428710938,488.2454528808594,0,-500,0
1.802611824,424.7720031738281,575.4508056640625,488.5070495605469,0,-500,0
1.806568803,424.9437255859375,576.7764892578125,488.83575439453125,0,-500,0
1.811107683,425.1344299316406,577.8247680664063,489.1133117675781,0,-500,0
1.814847496,425.35015869140625,578.5199584960938,489.4273986816406,0,-500,0
1.818872697,425.5901794433594,578.7986450195313,489.6560363769531,0,-500,0
1.823053117,425.71148681640625,578.7398681640625,489.6798095703125,0,-500,0
1.827002372,425.568359375,578.5010375976563,489.4222106933594,0,-500,0
1.831222183,425.2867126464844,577.96142578125,489.0587158203125,0,-500,0
1.835178624,425.0535888671875,577.0066528320313,488.66644287109375,0,-500,0
1.839124912,424.8075866699219,575.7094116210938,488.2086486816406,0,-500,0
1.843035284,424.50726318359375,574.1718139648438,487.7622985839844,0,-500,0
1.8472613070000001,424.2536315917969,572.3851928710938,487.4112548828125,0,-500,0
1.851192945,424.13232421875,570.3123779296875,487.1639709472656,0,-500,0
1.855105715,424.0879821777344,568.0738525390625,486.9637756347656,0,-500,0
1.8594201049999999,424.0562438964844,565.8493041992188,486.8486633300781,0,-500,0
1.8631598459999998,424.0345764160156,563.6019897460938,486.8216857910156,0,-500,0
1.867113215,424.0475158691406,561.3306884765625,486.8876953125,0,-500,0
1.871375162,424.076171875,559.04833984375,486.9836120605469,0,-500,0
1.875248519,424.0906982421875,556.744873046875,487.0793151855469,0,-500,0
1.879193669,424.1034240722656,554.4580078125,487.21923828125,0,-500,0
1.883437016,424.0721740722656,552.212158203125,487.3671875,0,-500,0
1.887345204,423.99169921875,550.0196533203125,487.5242004394531,0,-500,0
1.891339374,423.8623352050781,547.8314208984375,487.6195068359375,0,-500,0
1.895516265,423.70489501953125,545.6349487304688,487.6410217285156,0,-500,0
1.8994140320000001,423.526611328125,543.4638671875,487.5865783691406,0,-500,0
1.90339529,423.33123779296875,541.3060913085938,487.4465026855469,0,-500,0
1.907734734,423.113037109375,539.1757202148438,487.26654052734375,0,-500,0
1.9115893430000002,422.88873291015625,537.0310668945313,487.08685302734375,0,-500,0
1.9154868870000001,422.7147521972656,534.8745727539063,486.9586486816406,0,-500,0
1.919671311,422.5957946777344,532.7462768554688,486.8570251464844,0,-500,0
1.923662079,422.4729919433594,530.6358032226563,486.7483215332031,0,-500,0
1.927562205,422.350830078125,528.5559692382813,486.66534423828125,0,-500,0
1.9320704960000001,422.2391052246094,526.474609375,486.6145324707031,0,-500,0
1.935720232,422.1413269042969,524.3953247070313,486.5898132324219,0,-500,0
1.9396654180000001,422.0606384277344,522.3510131835938,486.61041259765625,0,-500,0
1.943954396,421.9744873046875,520.31640625,486.6675720214844,0,-500,0
1.947815662,421.8890380859375,518.2713012695313,486.7391052246094,0,-500,0
1.951739186,421.8201599121094,516.2333374023438,486.83917236328125,0,-500,0
1.95614164,421.7516174316406,514.1682739257813,486.9045715332031,0,-500,0
1.959893755,421.7140197753906,512.1040649414063,486.9696044921875,0,-500,0
1.963896644,421.667236328125,510.0308532714844,487.0290832519531,0,-500,0
1.96806462,421.60504150390625,507.9491271972656,487.06549072265625,0,-500,0
1.972033039,421.52886962890625,505.8757629394531,487.0721435546875,0,-500,0
1.975963143,421.4242858886719,503.82769775390625,487.0575866699219,0,-500,0
1.980198822,421.2876892089844,501.7861022949219,487.0102233886719,0,-500,0
1.9840850190000001,421.1485290527344,499.7525329589844,486.9419860839844,0,-500,0
1.9880647809999998,421.0181884765625,497.735107421875,486.8791198730469,0,-500,0
1.992314543,420.8682556152344,495.7342224121094,486.8158264160156,0,-500,0
1.996222864,420.70843505859375,493.7579345703125,486.7632141113281,0,-500,0
2.000122365,420.566650390625,491.7657165527344,486.70379638671875,0,-500,0
2.004505685,420.44281005859375,489.7453308105469,486.6363220214844,0,-500,0
2.00833396,420.3365478515625,487.72198486328125,486.5872497558594,0,-500,0
2.012309044,420.2251281738281,485.7110900878906,486.5542907714844,0,-500,0
2.016466098,420.121337890625,483.6968688964844,486.53729248046875,0,-500,0
2.020343817,420.032470703125,481.68121337890625,486.5286865234375,0,-500,0
2.024322059,419.9571228027344,479.6409912109375,486.5038146972656,0,-500,0
2.028631884,419.87982177734375,477.5838623046875,486.4791259765625,0,-500,0
2.032746818,419.8047180175781,475.5289611816406,486.4731750488281,0,-500,0
2.036503942,419.7272033691406,473.4732360839844,486.4717102050781,0,-500,0
2.040656461,419.6481018066406,471.4272766113281,486.48284912109375,0,-500,0
2.044562602,419.55859375,469.3876647949219,486.5020751953125,0,-500,0
2.048520766,419.47076416015625,467.3639831542969,486.5321960449219,0,-500,0
2.052998219,419.3773498535156,465.32196044921875,486.5390319824219,0,-500,0
2.056689209,419.287353515625,463.2825622558594,486.5279541015625,0,-500,0
2.060646028,419.1917419433594,461.25885009765625,486.52081298828125,0,-500,0
2.064849416,419.09637451171875,459.24395751953125,486.50140380859375,0,-500,0
2.068803441,418.9876708984375,457.2415771484375,486.4703674316406,0,-500,0
2.072709441,418.8651123046875,455.2515563964844,486.42877197265625,0,-500,0
2.076976703,418.73681640625,453.2544860839844,486.37493896484375,0,-500,0
2.080873375,418.6116638183594,451.2455139160156,486.3031005859375,0,-500,0
2.084830718,418.4978332519531,449.2372131347656,486.2398376464844,0,-500,0
2.089042181,418.38519287109375,447.2350158691406,486.1797790527344,0,-500,0
2.093047749,418.2646789550781,445.23968505859375,486.1132507324219,0,-500,0
2.096923496,418.1510009765625,443.2354431152344,486.0628967285156,0,-500,0
2.101262215,418.0559387207031,441.2286071777344,486.0361328125,0,-500,0
2.105052313,417.9651184082031,439.2000732421875,486.0015563964844,0,-500,0
2.108951293,417.8790283203125,437.1682434082031,485.9749450683594,0,-500,0
2.113295956,417.80322265625,435.1337585449219,485.97601318359375,0,-500,0
2.11719755,417.72454833984375,433.10174560546875,485.9817810058594,0,-500,0
2.121085198,417.64544677734375,431.0702819824219,485.98895263671875,0,-500,0
2.125348929,417.56329345703125,429.0469665527344,485.9940185546875,0,-500,0
2.12924454,417.47998046875,427.0226745605469,485.99432373046875,0,-500,0
2.133529815,417.3841857910156,424.9954833984375,485.9833679199219,0,-500,0
2.137472423,417.2832336425781,422.9766845703125,485.9666748046875,0,-500,0
2.141344489,417.17791748046875,420.9732971191406,485.9442443847656,0,-500,0
2.145284621,417.0679626464844,418.97930908203125,485.9173583984375,0,-500,0
2.149630795,416.9522399902344,416.9854736328125,485.88177490234375,0,-500,0
2.15352816,416.83953857421875,414.9908142089844,485.8495178222656,0,-500,0
2.157437094,416.7353210449219,412.98956298828125,485.8150634765625,0,-500,0
2.161613616,416.6243591308594,410.9818115234375,485.759765625,0,-500,0
2.165511479,416.5104064941406,408.9848327636719,485.69287109375,0,-500,0
2.169468628,416.40087890625,406.9891052246094,485.637451171875,0,-500,0
2.173840115,416.2955322265625,404.9925842285156,485.59375,0,-500,0
2.177615807,416.1915283203125,402.99493408203125,485.54876708984375,0,-500,0
2.1815815,416.09442138671875,400.9842529296875,485.5050048828125,0,-500,0
2.185811107,416.0032958984375,398.978271484375,485.476806640625,0,-500,0
2.189711061,415.91009521484375,396.9639892578125,485.4591979980469,0,-500,0
2.193739321,415.8182067871094,394.94525146484375,485.4358215332031,0,-500,0
2.198068816,415.7319030761719,392.92462158203125,485.42315673828125,0,-500,0
2.201829478,415.64794921875,390.9138488769531,485.41082763671875,0,-500,0
2.2057657649999998,415.5611572265625,388.902587890625,485.410888671875,0,-500,0
2.209987121,415.4634704589844,386.89215087890625,485.4066162109375,0,-500,0
2.213986486,415.3644104003906,384.8868408203125,485.39886474609375,0,-500,0
2.217924528,415.266357421875,382.88458251953125,485.3893127441406,0,-500,0
2.222104424,415.16241455078125,380.8763122558594,485.3638916015625,0,-500,0
2.226003509,415.05615234375,378.8770446777344,485.3385314941406,0,-500,0
2.229972805,414.9471130371094,376.8943176269531,485.3128356933594,0,-500,0
2.234425861,414.8399658203125,374.9068298339844,485.2767639160156,0,-500,0
2.23813151,414.7347717285156,372.9212646484375,485.23797607421875,0,-500,0
2.242052511,414.63238525390625,370.9244079589844,485.1836242675781,0,-500,0
2.246436547,414.5281677246094,368.92474365234375,485.1266784667969,0,-500,0
2.250201751,414.4250183105469,366.9332580566406,485.0834655761719,0,-500,0
2.254239521,414.3123779296875,364.9376525878906,485.02838134765625,0,-500,0
2.258419132,414.204833984375,362.93463134765625,484.9773254394531,0,-500,0
2.262281074,414.11322021484375,360.9399108886719,484.9505310058594,0,-500,0
2.266245676,414.02020263671875,358.9416198730469,484.934326171875,0,-500,0
2.270512891,413.9305114746094,356.93853759765625,484.9271545410156,0,-500,0
2.274443767,413.8395080566406,354.93603515625,484.9149169921875,0,-500,0
2.278374823,413.7512512207031,352.93292236328125,484.90655517578125,0,-500,0
2.282586238,413.659423828125,350.92352294921875,484.89068603515625,0,-500,0
2.286476837,413.55560302734375,348.9197692871094,484.8724670410156,0,-500,0
2.290436383,413.4495544433594,346.9197692871094,484.84814453125,0,-500,0
2.294900939,413.34222412109375,344.9277038574219,484.8301086425781,0,-500,0
2.298617289,413.2370300292969,342.932861328125,484.8018798828125,0,-500,0
2.302594017,413.1413879394531,340.9429016113281,484.78509521484375,0,-500,0
2.306743634,413.03656005859375,338.9535217285156,484.7632141113281,0,-500,0
2.310681355,412.92901611328125,336.97149658203125,484.7377014160156,0,-500,0
2.314614861,412.8208312988281,334.9891662597656,484.7096862792969,0,-500,0
2.318901778,412.7141418457031,332.9998779296875,484.6781921386719,0,-500,0
2.322838723,412.60577392578125,331.009033203125,484.6276550292969,0,-500,0
2.326746782,412.5005187988281,329.0165710449219,484.5815124511719,0,-500,0
2.330961655,412.4007873535156,327.02642822265625,484.5474548339844,0,-500,0
2.335143201,412.3047790527344,325.0341796875,484.5115966796875,0,-500,0
2.338865437,412.20648193359375,323.04461669921875,484.4710693359375,0,-500,0
2.3432216869999998,412.11309814453125,321.0484619140625,484.44158935546875,0,-500,0
2.346979221,412.01348876953125,319.0532531738281,484.41815185546875,0,-500,0
2.350942124,411.91558837890625,317.0613098144531,484.4080810546875,0,-500,0
2.355214289,411.81427001953125,315.0649719238281,484.38909912109375,0,-500,0
2.3590765830000002,411.708984375,313.06585693359375,484.3681945800781,0,-500,0
2.362993568,411.6078796386719,311.07568359375,484.3562316894531,0,-500,0
2.367291592,411.5079650878906,309.0834045410156,484.3363037109375,0,-500,0
2.371181385,411.40460205078125,307.0926208496094,484.31854248046875,0,-500,0
2.375192761,411.3034362792969,305.10858154296875,484.30419921875,0,-500,0
2.379358633,411.195068359375,303.1213684082031,484.28253173828125,0,-500,0
2.383257357,411.0860900878906,301.1418151855469,484.25732421875,0,-500,0
2.387262602,410.98016357421875,299.1588439941406,484.2370300292969,0,-500,0
2.39155799,410.8763122558594,297.17706298828125,484.21624755859375,0,-500,0
2.395421698,410.76708984375,295.19476318359375,484.1860656738281,0,-500,0
2.399311868,410.65997314453125,293.21026611328125,484.1508483886719,0,-500,0
2.403521065,410.563720703125,291.2244873046875,484.1241760253906,0,-500,0
2.407512365,410.4654541015625,289.23486328125,484.0830993652344,0,-500,0
2.411388264,410.3709411621094,287.2459411621094,484.04449462890625,0,-500,0
2.415768417,410.2673034667969,285.258056640625,484.0096130371094,0,-500,0
2.419537715,410.1604919433594,283.2713928222656,483.977294921875,0,-500,0
2.4235251890000002,410.05267333984375,281.28240966796875,483.9452209472656,0,-500,0
2.427728432,409.95050048828125,279.29644775390625,483.9227294921875,0,-500,0
2.431639924,409.84527587890625,277.31256103515625,483.9043884277344,0,-500,0
2.435869451,409.74090576171875,275.329345703125,483.89202880859375,0,-500,0
2.440010341,409.6387634277344,273.3471374511719,483.89227294921875,0,-500,0
2.443761193,409.5380554199219,271.3638000488281,483.880615234375,0,-500,0
2.447694499,409.4338684082031,269.3771667480469,483.8647155761719,0,-500,0
2.451931409,409.3341369628906,267.39031982421875,483.85662841796875,0,-500,0
2.45589671,409.229736328125,265.4045715332031,483.8340148925781,0,-500,0
2.459805178,409.1180114746094,263.4185791015625,483.80267333984375,0,-500,0
2.464023643,409.0073547363281,261.4390869140625,483.77435302734375,0,-500,0
2.4679278350000002,408.89910888671875,259.4627685546875,483.7497863769531,0,-500,0
2.471927853,408.79217529296875,257.48004150390625,483.7213439941406,0,-500,0
2.476158841,408.6856689453125,255.5030517578125,483.69049072265625,0,-500,0
2.480037969,408.5841064453125,253.52578735351563,483.6647644042969,0,-500,0
2.483985095,408.4834899902344,251.54241943359375,483.63848876953125,0,-500,0
2.488352939,408.3838806152344,249.55787658691406,483.6176452636719,0,-500,0
2.49211639,408.2841491699219,247.5768585205078,483.5954895019531,0,-500,0
2.496177728,408.17852783203125,245.59292602539063,483.5703430175781,0,-500,0
2.500322574,408.0711975097656,243.6146240234375,483.54901123046875,0,-500,0
2.50423743,407.9610900878906,241.6324005126953,483.52142333984375,0,-500,0
2.508173394,407.85223388671875,239.65447998046875,483.4942932128906,0,-500,0
2.512468136,407.7449645996094,237.67486572265625,483.4809875488281,0,-500,0
2.516379046,407.63427734375,235.69320678710938,483.4664306640625,0,-500,0
2.520284353,407.52587890625,233.71070861816406,483.44976806640625,0,-500,0
2.524461554,407.4222717285156,231.7294158935547,483.4311218261719,0,-500,0
2.528412389,407.3204345703125,229.74661254882813,483.4161682128906,0,-500,0
2.532381131,407.2168884277344,227.7622528076172,483.4013671875,0,-500,0
2.537029891,407.1101379394531,225.7823028564453,483.3910217285156,0,-500,0
2.540566742,407.0037841796875,223.8071746826172,483.377197265625,0,-500,0
2.544474976,406.89556884765625,221.82949829101563,483.3526916503906,0,-500,0
2.548654254,406.7878112792969,219.85511779785156,483.3328552246094,0,-500,0
2.552619188,406.6748046875,217.87889099121094,483.30718994140625,0,-500,0
2.556587172,406.5677490234375,215.90089416503906,483.27886962890625,0,-500,0
2.560835257,406.4642333984375,213.91683959960938,483.2532653808594,0,-500,0
2.5647150549999997,406.3597717285156,211.93832397460938,483.229248046875,0,-500,0
2.568672023,406.2508239746094,209.95553588867188,483.2009582519531,0,-500,0
2.5728988250000002,406.1419982910156,207.97462463378906,483.17681884765625,0,-500,0
2.576882137,406.03448486328125,206.0019073486328,483.15771484375,0,-500,0
2.580788194,405.9261169433594,204.024169921875,483.14300537109375,0,-500,0
2.585145057,405.8213195800781,202.05056762695313,483.1319580078125,0,-500,0
2.588910495,405.7153015136719,200.0778045654297,483.12469482421875,0,-500,0
2.592869556,405.60400390625,198.09739685058594,483.112060546875,0,-500,0
2.597214611,405.4990539550781,196.11460876464844,483.10418701171875,0,-500,0
2.6010250299999997,405.3898010253906,194.13343811035156,483.0910949707031,0,-500,0
2.604921076,405.2807312011719,192.15867614746094,483.07513427734375,0,-500,0
2.609194487,405.1680603027344,190.18014526367188,483.0550231933594,0,-500,0
2.613091225,405.0612487792969,188.20046997070313,483.029541015625,0,-500,0
2.6171275720000002,404.9488830566406,186.219482421875,483.007568359375,0,-500,0
2.621284186,404.8402404785156,184.24252319335938,482.9947204589844,0,-500,0
2.625192678,404.7298889160156,182.26504516601563,482.9753112792969,0,-500,0
2.629121457,404.6234130859375,180.28697204589844,482.95745849609375,0,-500,0
2.633503069,404.5176696777344,178.30821228027344,482.9400939941406,0,-500,0
2.637585175,404.4112854003906,176.33607482910156,482.9209289550781,0,-500,0
2.64132301,404.3075256347656,174.36219787597656,482.9100341796875,0,-500,0
2.645460302,404.1996154785156,172.38539123535156,482.89288330078125,0,-500,0
2.6493467219999998,404.0924377441406,170.4093475341797,482.8822937011719,0,-500,0
2.653329167,403.9815368652344,168.43203735351563,482.86614990234375,0,-500,0
2.657635954,403.868896484375,166.4540252685547,482.8441467285156,0,-500,0
2.661526487,403.7604064941406,164.4752960205078,482.8291015625,0,-500,0
2.665417287,403.64971923828125,162.49771118164063,482.8196105957031,0,-500,0
2.669633077,403.5401916503906,160.5213623046875,482.8102111816406,0,-500,0
2.6735557,403.4246520996094,158.54119873046875,482.78717041015625,0,-500,0
2.677576418,403.3132629394531,156.56446838378906,482.77484130859375,0,-500,0
2.682008578,403.20086669921875,154.58238220214844,482.7648010253906,0,500,0
2.685667435,403.0909423828125,152.60154724121094,482.75115966796875,0,500,0
2.689754625,402.9870300292969,150.62124633789063,482.74383544921875,0,500,0
2.6939796080000002,402.88201904296875,148.64183044433594,482.73504638671875,0,500,0
2.697911946,402.7735595703125,146.66714477539063,482.720703125,0,500,0
2.701899452,402.6709899902344,144.6943359375,482.7162170410156,0,500,0
2.706037728,402.55914306640625,142.71876525878906,482.6990661621094,0,500,0
2.709972679,402.4421081542969,140.76425170898438,482.6717529296875,0,500,0
2.713931375,402.3352355957031,138.922119140625,482.6404113769531,0,500,0
2.718091478,402.2137451171875,137.32290649414063,482.5763854980469,0,500,0
2.721993532,402.08612060546875,136.00341796875,482.49908447265625,0,500,0
2.725861392,401.9736633300781,134.9978790283203,482.4372863769531,0,500,0
2.730273186,401.8721008300781,134.39720153808594,482.36749267578125,0,500,0
2.734016995,401.80145263671875,134.2686767578125,482.29742431640625,0,500,0
2.738286769,401.7707214355469,134.50650024414063,482.2630310058594,0,500,0
2.742259778,401.7688293457031,134.95645141601563,482.2983093261719,0,500,0
2.7461648910000003,401.7959289550781,135.7677459716797,482.3578796386719,0,500,0
2.750083859,401.8274230957031,137.04342651367188,482.4046325683594,0,500,0
2.754345594,401.86114501953125,138.6178741455078,482.46710205078125,0,500,0
2.758301056,401.9078369140625,140.38442993164063,482.5560302734375,0,500,0
2.762235289,401.9407653808594,142.34364318847656,482.6327819824219,0,500,0
2.7663549339999998,401.94866943359375,144.5126495361328,482.669921875,0,500,0
2.769925943,401.9272155761719,146.77816772460938,482.6784973144531,0,500,0
2.773904533,401.8980407714844,149.02401733398438,482.6991882324219,0,500,0
2.778425425,401.8453369140625,151.2397003173828,482.6974792480469,0,500,0
2.782168376,401.766357421875,153.43795776367188,482.6587219238281,0,500,0
2.786160085,401.6658630371094,155.6223907470703,482.60302734375,0,500,0
2.7902956039999998,401.5478210449219,157.76388549804688,482.5509948730469,0,500,0
2.794238919,401.4354248046875,159.82081604003906,482.5045471191406,0,500,0
2.798269335,401.32733154296875,161.8419952392578,482.4746398925781,0,500,0
2.802521904,401.1961364746094,163.86639404296875,482.4353332519531,0,500,0
2.806440166,401.064453125,165.89686584472656,482.39453125,0,500,0
2.810399535,400.9520263671875,167.89468383789063,482.3741760253906,0,500,0
2.814654638,400.8557434082031,169.85723876953125,482.3739318847656,0,500,0
2.818669231,400.7625427246094,171.83285522460938,482.396240234375,0,500,0
2.822656422,400.65771484375,173.86070251464844,482.4361877441406,0,500,0
2.827098155,400.5328674316406,175.92254638671875,482.4697265625,0,500,0
2.8308193900000003,400.40435791015625,177.9736785888672,482.50250244140625,0,500,0
2.834774475,400.287841796875,180.01356506347656,482.5296630859375,0,500,0
2.839277196,400.1678161621094,182.0546875,482.5414733886719,0,500,0
2.842955443,400.0467834472656,184.1093292236328,482.5353088378906,0,500,0
2.846846181,399.92559814453125,186.1851806640625,482.5269775390625,0,500,0
2.851131525,399.7977600097656,188.2642364501953,482.51043701171875,0,500,0
2.855013509,399.6713562011719,190.3436279296875,482.4757385253906,0,500,0
2.859029454,399.55120849609375,192.423828125,482.43280029296875,0,500,0
2.863183425,399.4320068359375,194.4918975830078,482.3775939941406,0,500,0
2.867110356,399.3167724609375,196.54104614257813,482.3167419433594,0,500,0
2.8710616350000002,399.1993713378906,198.5883026123047,482.2699890136719,0,500,0
2.875416825,399.08233642578125,200.6395721435547,482.2328186035156,0,500,0
2.879272327,398.9649963378906,202.6846160888672,482.1934509277344,0,500,0
2.883204278,398.8589782714844,204.723388671875,482.1667785644531,0,500,0
2.887403265,398.7536926269531,206.74400329589844,482.14984130859375,0,500,0
2.891330122,398.6533203125,208.75289916992188,482.14501953125,0,500,0
2.895241784,398.54742431640625,210.7726593017578,482.149169921875,0,500,0
2.899568967,398.4306945800781,212.80380249023438,482.1592102050781,0,500,0
2.903437385,398.31103515625,214.84112548828125,482.1859436035156,0,500,0
2.907406282,398.1821594238281,216.88204956054688,482.2167053222656,0,500,0
2.911587482,398.0512390136719,218.9286651611328,482.2459411621094,0,500,0
2.915469865,397.9214172363281,220.98582458496094,482.2591552734375,0,500,0
2.919464342,397.7955017089844,223.05099487304688,482.25506591796875,0,500,0
2.9238865179999998,397.67266845703125,225.1226043701172,482.2533874511719,0,500,0
2.927603663,397.5478515625,227.186279296875,482.235595703125,0,500,0
2.931544656,397.4306640625,229.24716186523438,482.20953369140625,0,500,0
2.935788149,397.30535888671875,231.30435180664063,482.1618957519531,0,500,0
2.939955212,397.1859130859375,233.3530731201172,482.1053771972656,0,500,0
2.94364523,397.0775451660156,235.39898681640625,482.03729248046875,0,500,0
2.947884345,396.97320556640625,237.43392944335938,481.9800109863281,0,500,0
2.951784934,396.8706970214844,239.47120666503906,481.9422912597656,0,500,0
2.955794504,396.7684631347656,241.5200958251953,481.909912109375,0,500,0
2.9600246119999998,396.66278076171875,243.5714111328125,481.8768005371094,0,500,0
2.963914603,396.5570068359375,245.61721801757813,481.85723876953125,0,500,0
2.967820348,396.451416015625,247.66258239746094,481.84637451171875,0,500,0
2.9722015539999997,396.3351745605469,249.7025909423828,481.8399353027344,0,500,0
2.976009006,396.2217102050781,251.74172973632813,481.8490295410156,0,500,0
2.97999494,396.0965881347656,253.7734832763672,481.85919189453125,0,500,0
2.98416789,395.9717712402344,255.80960083007813,481.8738098144531,0,500,0
2.988065958,395.83795166015625,257.8541259765625,481.8856201171875,0,500,0
2.991991095,395.70416259765625,259.906005859375,481.8948974609375,0,500,0
2.9962825029999998,395.573974609375,261.9625244140625,481.8913269042969,0,500,0
3.000236093,395.4538269042969,264.022705078125,481.8868408203125,0,500,0
3.00416968,395.3414611816406,266.07830810546875,481.8756103515625,0,500,0
3.008330036,395.2318115234375,268.1258544921875,481.85052490234375,0,500,0
3.012252361,395.1258239746094,270.1662292480469,481.8147888183594,0,500,0
3.016223552,395.0179748535156,272.2076721191406,481.7765808105469,0,500,0
3.020658723,394.90972900390625,274.2536315917969,481.71734619140625,0,500,0
3.02435144,394.8038330078125,276.3005676269531,481.6583251953125,0,500,0
3.0283220809999998,394.6966247558594,278.34552001953125,481.60784912109375,0,500,0
3.032513786,394.58636474609375,280.386474609375,481.56707763671875,0,500,0
3.036433301,394.4791259765625,282.4239196777344,481.5325622558594,0,500,0
3.040688668,394.36279296875,284.4654541015625,481.4888610839844,0,500,0
3.044682276,394.2486572265625,286.5078430175781,481.4512634277344,0,500,0
3.048581666,394.13385009765625,288.5534362792969,481.43353271484375,0,500,0
3.052510865,394.0186767578125,290.6005859375,481.43560791015625,0,500,0
3.0567101,393.8983459472656,292.6445007324219,481.4408874511719,0,500,0
3.060775489,393.7815856933594,294.6924743652344,481.4557800292969,0,500,0
3.064602153,393.6640930175781,296.7380676269531,481.474853515625,0,500,0
3.068974334,393.54827880859375,298.791015625,481.4958801269531,0,500,0
3.072746216,393.4278869628906,300.8392028808594,481.51116943359375,0,500,0
3.076673115,393.3107604980469,302.8831481933594,481.50628662109375,0,500,0
3.081049746,393.1969909667969,304.9212951660156,481.4817810058594,0,500,0
3.084859152,393.0885314941406,306.9525146484375,481.443115234375,0,500,0
3.088768757,392.980224609375,308.9888916015625,481.3958435058594,0,500,0
3.093035988,392.8729248046875,311.03314208984375,481.34893798828125,0,500,0
3.096925652,392.76556396484375,313.0749816894531,481.290771484375,0,500,0
3.100971963,392.6580810546875,315.1158447265625,481.23553466796875,0,500,0
3.10510291,392.5533447265625,317.1537780761719,481.1885986328125,0,500,0
3.109009141,392.44403076171875,319.18841552734375,481.14324951171875,0,500,0
3.112962981,392.3360290527344,321.2292175292969,481.10205078125,0,500,0
3.117346761,392.2261047363281,323.27423095703125,481.06072998046875,0,500,0
3.121191368,392.11834716796875,325.3173522949219,481.03680419921875,0,500,0
3.125109699,392.0065002441406,327.3585510253906,481.0193786621094,0,500,0
3.129279623,391.8891906738281,329.4078369140625,481.01556396484375,0,500,0
3.133151559,391.7704162597656,331.4578857421875,481.0181579589844,0,500,0
3.137178505,391.65179443359375,333.50799560546875,481.02197265625,0,500,0
3.141682785,391.5337829589844,335.5489196777344,481.0213928222656,0,500,0
3.145367667,391.4190673828125,337.5892639160156,481.0235900878906,0,500,0
3.149257064,391.31024169921875,339.6260986328125,481.01373291015625,0,500,0
3.153476571,391.20037841796875,341.6627502441406,480.99835205078125,0,500,0
3.1573885600000002,391.09466552734375,343.6944580078125,480.9731750488281,0,500,0
3.161389331,390.994384765625,345.720703125,480.94696044921875,0,500,0
3.16581756,390.890869140625,347.744873046875,480.9093017578125,0,500,0
3.169490333,390.7887268066406,349.77801513671875,480.8656921386719,0,500,0
3.173458397,390.6861877441406,351.8191223144531,480.822265625,0,500,0
3.1776030730000002,390.5769348144531,353.8584899902344,480.780029296875,0,500,0
3.181639397,390.4683532714844,355.8967590332031,480.7357482910156,0,500,0
3.185563294,390.3658752441406,357.93450927734375,480.699951171875,0,500,0
3.1897846579999998,390.2575378417969,359.97216796875,480.6585998535156,0,500,0
3.193680007,390.1459655761719,362.0073547363281,480.6100158691406,0,500,0
3.197629327,390.0316467285156,364.0462341308594,480.56903076171875,0,500,0
3.201947521,389.9164733886719,366.0823059082031,480.52618408203125,0,500,0
3.205823691,389.805419921875,368.1207275390625,480.50531005859375,0,500,0
3.209722687,389.6981201171875,370.16485595703125,480.4962463378906,0,500,0
3.214112147,389.58367919921875,372.207763671875,480.4884033203125,0,500,0
3.21787836,389.4696044921875,374.25164794921875,480.4912414550781,0,500,0
3.221912259,389.3620300292969,376.2916259765625,480.50079345703125,0,500,0
3.22609586,389.2575378417969,378.3208923339844,480.4978942871094,0,500,0
3.230009205,389.15545654296875,380.34521484375,480.4842834472656,0,500,0
3.233921733,389.05462646484375,382.3681640625,480.4595947265625,0,500,0
3.238165394,388.9518127441406,384.3900451660156,480.4357604980469,0,500,0
3.242350517,388.8543395996094,386.40997314453125,480.3987121582031,0,500,0
3.246073357,388.7655029296875,388.43646240234375,480.35430908203125,0,500,0
3.250275702,388.6705322265625,390.46728515625,480.3050842285156,0,500,0
3.254157743,388.56451416015625,392.5006408691406,480.26324462890625,0,500,0
3.258101803,388.4568176269531,394.53765869140625,480.22894287109375,0,500,0
3.262525298,388.3443603515625,396.5676574707031,480.1839294433594,0,500,0
3.266276079,388.2296447753906,398.60137939453125,480.13214111328125,0,500,0
3.270272103,388.11346435546875,400.6339416503906,480.0841064453125,0,500,0
3.274413236,388.00506591796875,402.6671142578125,480.0394592285156,0,500,0
3.278355214,387.9019470214844,404.7063903808594,480.01171875,0,500,0
3.282361066,387.79620361328125,406.7411804199219,479.98504638671875,0,500,0
3.286580096,387.6864013671875,408.7777404785156,479.9627990722656,0,500,0
3.290456977,387.58538818359375,410.81072998046875,479.9529113769531,0,500,0
3.294413899,387.48309326171875,412.8348388671875,479.9429931640625,0,500,0
3.298628226,387.38055419921875,414.8558654785156,479.9358215332031,0,500,0
3.302593818,387.2731628417969,416.8765869140625,479.9255065917969,0,500,0
3.306515504,387.16522216796875,418.90008544921875,479.9105529785156,0,500,0
3.31091131,387.0638427734375,420.930908203125,479.8984375,0,500,0
3.314639986,386.9718933105469,422.9513854980469,479.87017822265625,0,500,0
3.318584339,386.8805236816406,424.9646301269531,479.8341064453125,0,500,0
3.322908248,386.7912292480469,426.9826354980469,479.7979736328125,0,500,0
3.326754952,386.69366455078125,429.0052795410156,479.7667236328125,0,500,0
3.330683825,386.58905029296875,431.02825927734375,479.7235107421875,0,500,0
3.334960776,386.4837951660156,433.0491027832031,479.6741638183594,0,500,0
3.338859544,386.38287353515625,435.07415771484375,479.6304626464844,0,500,0
3.343098052,386.2849426269531,437.1030578613281,479.58624267578125,0,500,0
3.347034845,386.17510986328125,439.1343078613281,479.5431823730469,0,500,0
3.350951772,386.06365966796875,441.1625671386719,479.49951171875,0,500,0
3.354872065,385.95477294921875,443.1864013671875,479.4554138183594,0,500,0
3.359253681,385.8447570800781,445.2076721191406,479.4148864746094,0,500,0
3.363093893,385.7364501953125,447.2284851074219,479.38397216796875,0,500,0
3.367021671,385.63031005859375,449.24945068359375,479.3565979003906,0,500,0
3.371199595,385.5286560058594,451.2775573730469,479.3482360839844,0,500,0
3.375145018,385.432373046875,453.3033447265625,479.3463439941406,0,500,0
3.379076006,385.33941650390625,455.3226013183594,479.3402099609375,0,500,0
3.383381714,385.2470397949219,457.340576171875,479.3287353515625,0,500,0
3.387269896,385.1571960449219,459.35260009765625,479.31207275390625,0,500,0
3.391183703,385.05511474609375,461.36053466796875,479.27734375,0,500,0
3.395402153,384.9562683105469,463.3692626953125,479.2351379394531,0,500,0
3.399290599,384.8626708984375,465.3830871582031,479.2037353515625,0,500,0
3.403323378,384.7742919921875,467.3973693847656,479.17254638671875,0,500,0
3.40765851,384.6780090332031,469.41473388671875,479.1395263671875,0,500,0
3.411412948,384.5830078125,471.43157958984375,479.10784912109375,0,500,0
3.415408805,384.4803771972656,473.44573974609375,479.0601501464844,0,500,0
3.419582052,384.3716735839844,475.4597473144531,479.0095520019531,0,500,0
3.423560558,384.26348876953125,477.4714050292969,478.95587158203125,0,500,0
3.427479999,384.15399169921875,479.4888000488281,478.8989562988281,0,500,0
3.431701148,384.0534973144531,481.5147399902344,478.861083984375,0,500,0
3.435605848,383.945556640625,483.5362548828125,478.8241882324219,0,500,0
3.439570219,383.84521484375,485.55792236328125,478.7998962402344,0,500,0
3.44406902,383.7500305175781,487.5707702636719,478.7774963378906,0,500,0
3.447690493,383.6531677246094,489.57476806640625,478.7545471191406,0,500,0
3.451640851,383.5540771484375,491.580322265625,478.730224609375,0,500,0
3.456031582,383.4573059082031,493.5945739746094,478.714111328125,0,500,0
3.459859449,383.3621520996094,495.6086120605469,478.69854736328125,0,500,0
3.463852715,383.2711486816406,497.6148986816406,478.6790466308594,0,500,0
3.467978911,383.18609619140625,499.62152099609375,478.6594543457031,0,500,0
3.471892116,383.0985107421875,501.61932373046875,478.6290283203125,0,500,0
3.475783267,383.0047912597656,503.6202697753906,478.599365234375,0,500,0
3.480083094,382.9039001464844,505.6222229003906,478.5632629394531,0,500,0
3.48404265,382.8053283691406,507.6375732421875,478.5323181152344,0,500,0
3.48797459,382.708251953125,509.64617919921875,478.4913024902344,0,500,0
3.49215894,382.6141357421875,511.6517639160156,478.44891357421875,0,500,0
3.496076915,382.51727294921875,513.659912109375,478.4045104980469,0,500,0
3.500043526,382.4159240722656,515.6590576171875,478.3494567871094,0,500,0
3.504448976,382.31280517578125,517.65869140625,478.2923889160156,0,500,0
3.508205927,382.2088317871094,519.6676635742188,478.2514343261719,0,500,0
3.512135322,382.10675048828125,521.6854858398438,478.2259521484375,0,500,0
3.51635386,382.0059814453125,523.6934204101563,478.19903564453125,0,500,0
3.520280782,381.9131774902344,525.6930541992188,478.169189453125,0,500,0
3.524294177,381.8216552734375,527.685546875,478.1387939453125,0,500,0
3.52849492,381.7266540527344,529.6802368164063,478.1017150878906,0,500,0
3.532360617,381.6226501464844,531.677978515625,478.06475830078125,0,500,0
3.536346501,381.524169921875,533.6883544921875,478.04571533203125,0,500,0
3.540568122,381.4246520996094,535.6934204101563,478.0203552246094,0,500,0
3.5448210639999997,381.3343811035156,537.6957397460938,478.0086669921875,0,500,0
3.548455875,381.2508544921875,539.6893310546875,477.9975891113281,0,500,0
3.552808454,381.1622619628906,541.6724853515625,477.9642333984375,0,500,0
3.556575087,381.0661926269531,543.665283203125,477.9272766113281,0,500,0
3.560553327,380.97015380859375,545.6724853515625,477.9013366699219,0,500,0
3.564871773,380.86761474609375,547.678466796875,477.857177734375,0,500,0
3.568674171,380.7726745605469,549.6720581054688,477.8139953613281,0,500,0
3.5726015589999998,380.6866760253906,551.6603393554688,477.77215576171875,0,500,0
3.576862317,380.5942077636719,553.641357421875,477.71868896484375,0,500,0
3.580753712,380.49664306640625,555.62841796875,477.6717529296875,0,500,0
3.584822981,380.3965759277344,557.6321411132813,477.63861083984375,0,-500,0
3.58897233,380.2900695800781,559.6309814453125,477.5971374511719,0,-500,0
3.593025102,380.1941223144531,561.624267578125,477.560302734375,0,-500,0
3.596982048,380.099609375,563.6110229492188,477.5202331542969,0,-500,0
3.601316424,380.0030212402344,565.5883178710938,477.4655456542969,0,-500,0
3.605169788,379.9061584472656,567.576416015625,477.4290466308594,0,-500,0
3.609111542,379.8073425292969,569.5762939453125,477.4182434082031,0,-500,0
3.613285711,379.7107238769531,571.5634155273438,477.4191589355469,0,-500,0
3.617226062,379.6565856933594,573.4414672851563,477.4971618652344,0,-500,0
3.621154438,379.7199401855469,575.076904296875,477.73724365234375,0,-500,0
3.625481568,379.8823547363281,576.4307861328125,478.0183410644531,0,-500,0
3.629350134,380.06268310546875,577.52001953125,478.2666320800781,0,-500,0
3.633247066,380.25799560546875,578.2747802734375,478.5612487792969,0,-500,0
3.637474248,380.45751953125,578.6019287109375,478.7732238769531,0,-500,0
3.641380746,380.57318115234375,578.5637817382813,478.7958068847656,0,-500,0
3.6456184560000002,380.45013427734375,578.3015747070313,478.5563049316406,0,-500,0
3.649826023,380.1906433105469,577.7186279296875,478.21343994140625,0,-500,0
3.653482977,379.96502685546875,576.7192993164063,477.84075927734375,0,-500,0
3.657452273,379.7289123535156,575.3765258789063,477.4300842285156,0,-500,0
3.661611576,379.45404052734375,573.7869262695313,477.0463562011719,0,-500,0
3.665577763,379.2142639160156,571.9395141601563,476.70556640625,0,-500,0
3.669513381,379.1036071777344,569.8341064453125,476.4487609863281,0,-500,0
3.673770816,379.07989501953125,567.6029052734375,476.2724304199219,0,-500,0
3.67760685,379.0595397949219,565.3646850585938,476.1598205566406,0,-500,0
3.681489283,379.03851318359375,563.1129760742188,476.13568115234375,0,-500,0
3.68578149,379.05316162109375,560.8556518554688,476.2073059082031,0,-500,0
3.689610004,379.0769348144531,558.58837890625,476.2968444824219,0,-500,0
3.6935578209999997,379.1138916015625,556.306640625,476.4223327636719,0,-500,0
3.697913281,379.12945556640625,554.0309448242188,476.56292724609375,0,-500,0
3.701716135,379.090576171875,551.82373046875,476.729736328125,0,-500,0
3.7056616460000003,379.00103759765625,549.6422119140625,476.8707275390625,0,-500,0
3.7099197999999998,378.8728942871094,547.43701171875,476.9192199707031,0,-500,0
3.713849125,378.732666015625,545.2593994140625,476.91546630859375,0,-500,0
3.717750896,378.5618896484375,543.0970458984375,476.8413391113281,0,-500,0
3.722011006,378.363037109375,540.9505615234375,476.7029113769531,0,-500,0
3.725971124,378.1446228027344,538.80517578125,476.5209655761719,0,-500,0
3.729917917,377.9430847167969,536.6243896484375,476.3360290527344,0,-500,0
3.73405913,377.7970275878906,534.4515380859375,476.19482421875,0,-500,0
3.738000532,377.6694641113281,532.3202514648438,476.07208251953125,0,-500,0
3.741949034,377.54180908203125,530.2212524414063,475.9700622558594,0,-500,0
3.746564661,377.4287109375,528.1351928710938,475.90191650390625,0,-500,0
3.750139715,377.3368835449219,526.0488891601563,475.88006591796875,0,-500,0
3.754131746,377.2718200683594,523.9833374023438,475.87506103515625,0,-500,0
3.7582771,377.2109375,521.931396484375,475.9042663574219,0,-500,0
3.762179359,377.1358337402344,519.8928833007813,475.9647216796875,0,-500,0
3.766200536,377.06414794921875,517.8621215820313,476.04931640625,0,-500,0
3.770369502,376.9994201660156,515.8182373046875,476.1346740722656,0,-500,0
3.774026376,376.95123291015625,513.7733154296875,476.2198486328125,0,-500,0
3.777987601,376.9071044921875,511.7181091308594,476.3011779785156,0,-500,0
3.782186889,376.85101318359375,509.6475524902344,476.3564453125,0,-500,0
3.786179881,376.7796630859375,507.5766906738281,476.36663818359375,0,-500,0
3.790045374,376.6915283203125,505.51361083984375,476.3517150878906,0,-500,0
3.794471592,376.5776672363281,503.45611572265625,476.2970886230469,0,-500,0
3.798239566,376.4376525878906,501.4129333496094,476.19921875,0,-500,0
3.802180837,376.3061828613281,499.3917541503906,476.1189880371094,0,-500,0
3.806491377,376.1700744628906,497.38116455078125,476.0572814941406,0,-500,0
3.810360362,376.0259704589844,495.3910217285156,476.0022888183594,0,-500,0
3.814322862,375.8916015625,493.3988952636719,475.9480285644531,0,-500,0
3.818621035,375.7674865722656,491.3817138671875,475.8771057128906,0,-500,0
3.822565333,375.65277099609375,489.35980224609375,475.8203125,0,-500,0
3.826658723,375.5425720214844,487.34185791015625,475.7816162109375,0,-500,0
3.830940764,375.4374694824219,485.3313293457031,475.755615234375,0,-500,0
3.834799739,375.343505859375,483.3157958984375,475.74273681640625,0,-500,0
3.838771077,375.2716369628906,481.2896423339844,475.7519226074219,0,-500,0
3.843128069,375.2053527832031,479.2440185546875,475.75201416015625,0,-500,0
3.84715797,375.13995361328125,477.1839599609375,475.7441101074219,0,-500,0
3.850858304,375.0770263671875,475.1253662109375,475.739501953125,0,-500,0
3.8550594670000002,374.9993591308594,473.0720520019531,475.74151611328125,0,-500,0
3.858967446,374.91302490234375,471.0301208496094,475.75054931640625,0,-500,0
3.862909267,374.8253173828125,468.9956359863281,475.75994873046875,0,-500,0
3.867256671,374.7353515625,466.9604187011719,475.7515563964844,0,-500,0
3.871091539,374.6454162597656,464.9231262207031,475.7453918457031,0,-500,0
3.875015209,374.5517578125,462.89910888671875,475.7358093261719,0,-500,0
3.879264759,374.4568176269531,460.88763427734375,475.7196044921875,0,-500,0
3.883157952,374.34637451171875,458.8903503417969,475.68450927734375,0,-500,0
3.887199103,374.2167053222656,456.90313720703125,475.6327819824219,0,-500,0
3.891493054,374.08935546875,454.90789794921875,475.5775451660156,0,-500,0
3.895253239,373.96783447265625,452.8917236328125,475.50103759765625,0,-500,0
3.899236821,373.8536376953125,450.8692321777344,475.41754150390625,0,-500,0
3.903433781,373.7451171875,448.8614501953125,475.3566589355469,0,-500,0
3.907425503,373.63238525390625,446.86199951171875,475.3078918457031,0,-500,0
3.911313357,373.5253601074219,444.8621520996094,475.26971435546875,0,-500,0
3.9155149639999998,373.4355163574219,442.84967041015625,475.24591064453125,0,-500,0
3.919450395,373.3571472167969,440.82635498046875,475.22161865234375,0,-500,0
3.923457754,373.2763366699219,438.7856750488281,475.19122314453125,0,-500,0
3.9276757289999997,373.1968078613281,436.75018310546875,475.1830139160156,0,-500,0
3.931531171,373.1273498535156,434.71441650390625,475.18658447265625,0,-500,0
3.935475562,373.0525817871094,432.6827087402344,475.1866149902344,0,-500,0
3.939878683,372.968994140625,430.6618957519531,475.1921081542969,0,-500,0
3.943628946,372.88348388671875,428.6481628417969,475.2066650390625,0,-500,0
3.947886651,372.7919616699219,426.6251220703125,475.1959228515625,0,-500,0
3.951856339,372.6945495605469,424.5998840332031,475.16412353515625,0,-500,0
3.955734085,372.5828552246094,422.5933532714844,475.12371826171875,0,-500,0
3.95966641,372.4607849121094,420.6011962890625,475.0797119140625,0,-500,0
3.9639618370000003,372.3345947265625,418.6171569824219,475.0365905761719,0,-500,0
3.967893303,372.21502685546875,416.62310791015625,474.9833679199219,0,-500,0
3.971820487,372.10601806640625,414.6213073730469,474.9312744140625,0,-500,0
3.975982327,372.002685546875,412.61865234375,474.8854064941406,0,-500,0
3.979909231,371.8965148925781,410.6145324707031,474.84027099609375,0,-500,0
3.983883089,371.79364013671875,408.6145324707031,474.7940673828125,0,-500,0
3.988305696,371.700439453125,406.6136169433594,474.7545166015625,0,-500,0
3.992038481,371.6048889160156,404.6074523925781,474.7094421386719,0,-500,0
3.995973681,371.5059814453125,402.5968017578125,474.67156982421875,0,-500,0
4.00019215,371.4164123535156,400.5824890136719,474.646484375,0,-500,0
4.004104892,371.3299865722656,398.5619812011719,474.6184387207031,0,-500,0
4.008140941,371.24053955078125,396.5369567871094,474.5875549316406,0,-500,0
4.012320882,371.1541442871094,394.52020263671875,474.5774841308594,0,-500,0
4.016201385,371.0650634765625,392.5110168457031,474.576904296875,0,-500,0
4.020185282,370.9681091308594,390.5084533691406,474.57025146484375,0,-500,0
4.024397674,370.8664855957031,388.504638671875,474.5609436035156,0,-500,0
4.028390522,370.76605224609375,386.5,474.5378723144531,0,-500,0
4.03226057,370.663330078125,384.49725341796875,474.51300048828125,0,-500,0
4.036617992,370.55377197265625,382.4998474121094,474.4860534667969,0,-500,0
4.040419035,370.4342346191406,380.5022888183594,474.44110107421875,0,-500,0
4.044362662,370.31939697265625,378.5126953125,474.394775390625,0,-500,0
4.048900489,370.21563720703125,376.526611328125,474.3516845703125,0,-500,0
4.052534013,370.1120300292969,374.53466796875,474.313720703125,0,-500,0
4.056459569,370.0119323730469,372.5380859375,474.26953125,0,-500,0
4.060682675,369.9148864746094,370.5434875488281,474.2317199707031,0,-500,0
4.064596863,369.8127136230469,368.5464172363281,474.1812744140625,0,-500,0
4.068551133,369.7100830078125,366.54302978515625,474.12548828125,0,-500,0
4.072802685,369.6080627441406,364.5355529785156,474.0802917480469,0,-500,0
4.076677985,369.5077209472656,362.5341796875,474.0506286621094,0,-500,0
4.080639878,369.4143981933594,360.530517578125,474.0201416015625,0,-500,0
4.085010361,369.324951171875,358.525146484375,474.00653076171875,0,-500,0
4.088843965,369.2332763671875,356.5208740234375,473.9981384277344,0,-500,0
4.092804823,369.1408996582031,354.51971435546875,473.9941101074219,0,-500,0
4.096974488,369.0411376953125,352.5230712890625,473.9862365722656,0,-500,0
4.100861577,368.92987060546875,350.5303039550781,473.9660949707031,0,-500,0
4.104790602,368.8164367675781,348.5306091308594,473.93206787109375,0,-500,0
4.109199637,368.70904541015625,346.53704833984375,473.90264892578125,0,-500,0
4.113000768,368.60552978515625,344.5489807128906,473.8734130859375,0,-500,0
4.116910632,368.4927673339844,342.56060791015625,473.83319091796875,0,-500,0
4.121209902,368.3809814453125,340.5745849609375,473.7916259765625,0,-500,0
4.125127795,368.2738037109375,338.59234619140625,473.7555236816406,0,-500,0
4.129284445,368.1697082519531,336.60284423828125,473.7226867675781,0,-500,0
4.133441512,368.059326171875,334.61102294921875,473.67840576171875,0,-500,0
4.137175836,367.9496154785156,332.6346130371094,473.6331787109375,0,-500,0
4.141127794,367.83624267578125,330.68109130859375,473.5899658203125,0,-500,0
4.145318217,367.71942138671875,328.7509765625,473.52777099609375,0,-500,0
4.149263984,367.6032409667969,326.8637390136719,473.474853515625,0,-500,0
4.153222613,367.48388671875,325.0340576171875,473.4226989746094,0,-500,0
4.157451973,367.3555603027344,323.268310546875,473.35833740234375,0,-500,0
4.161332501,367.23980712890625,321.5853576660156,473.3001403808594,0,-500,0
4.165311512,367.1275939941406,320.00262451171875,473.25738525390625,0,-500,0
4.169564453,367.00848388671875,318.531005859375,473.2159423828125,0,-500,0
4.173453669,366.8997497558594,317.19793701171875,473.1860656738281,0,-500,0
4.177369247,366.8006591796875,315.99700927734375,473.16455078125,0,-500,0
4.18175409,366.7254638671875,314.9384460449219,473.14703369140625,0,-500,0
4.185533514,366.6554870605469,314.0202941894531,473.1236572265625,0,-500,0
4.189522047,366.5973815917969,313.2534484863281,473.1088562011719,0,-500,0
4.193753677,366.56268310546875,312.6269836425781,473.1097717285156,0,-500,0
4.197639441,366.5323791503906,312.12225341796875,473.1062927246094,0,-500,0
4.201569708,366.51922607421875,311.7328796386719,473.1072998046875,0,-500,0
4.205825458,366.5145568847656,311.44390869140625,473.11785888671875,0,-500,0
4.209801889,366.5165710449219,311.2344665527344,473.1236572265625,0,-500,0
4.213780102,366.5327453613281,311.08306884765625,473.1273498535156,0,-500,0
4.217918878,366.5500793457031,310.980712890625,473.1299743652344,0,-500,0
4.221837372,366.56402587890625,310.9170227050781,473.132080078125,0,-500,0
4.225746969,366.56671142578125,310.8864440917969,473.128662109375,0,-500,0
4.230472155,366.5598449707031,310.8810119628906,473.12127685546875,0,-500,0
4.233976428,366.5545959472656,310.8810729980469,473.1180725097656,0,-500,0
4.237897383,366.562255859375,310.8882141113281,473.12066650390625,0,-500,0
4.24208755,366.5642395019531,310.89471435546875,473.1162109375,0,-500,0
4.246011228,366.5646057128906,310.8990173339844,473.1192932128906,0,-500,0
4.250042497,366.5690002441406,310.9015808105469,473.12744140625,0,-500,0
4.254258874,366.57183837890625,310.9039611816406,473.1365051269531,0,-500,0
4.258137037,366.5738525390625,310.9056701660156,473.1475524902344,0,-500,0
4.262076863,366.5739440917969,310.9057312011719,473.1637268066406,0,-500,0
4.266303653,366.5743408203125,310.9036865234375,473.17779541015625,0,-500,0
4.270328693,366.57427978515625,310.90362548828125,473.18951416015625,0,-500,0
4.274169214,366.57318115234375,310.9027099609375,473.1948547363281,0,-500,0
4.27852426,366.57373046875,310.9031677246094,473.1958923339844,0,-500,0
4.282334769,366.5757141113281,310.90484619140625,473.1967468261719,0,-500,0
4.28627003,366.5753173828125,310.90692138671875,473.1924743652344,0,-500,0
4.290578132,366.57550048828125,310.9082946777344,473.1859436035156,0,-500,0
4.294410264,366.5745544433594,310.9111328125,473.17864990234375,0,-500,0
4.29836258,366.5769348144531,310.91314697265625,473.1711730957031,0,-500,0
4.30261433,366.5770263671875,310.9156188964844,473.1604309082031,0,-500,0
4.30648886,366.57794189453125,310.9167175292969,473.1512145996094,0,-500,0
4.310548984,366.5804138183594,310.9184875488281,473.1463623046875,0,-500,0
4.314743451,366.5802917480469,310.9183654785156,473.1455993652344,0,-500,0
4.318568151,366.5811462402344,310.9194030761719,473.1466064453125,0,-500,0
4.322555903,366.5824279785156,310.92047119140625,473.1483154296875,0,-500,0
4.326912764,366.5838928222656,310.9217224121094,473.1527099609375,0,-500,0
4.33097278,366.58502197265625,310.92266845703125,473.158203125,0,-500,0
4.334666244,366.58563232421875,310.9232177734375,473.1656799316406,0,-500,0
4.338865365,366.5849304199219,310.922607421875,473.1718444824219,0,-500,0
4.342804448,366.58367919921875,310.9215393066406,473.1783752441406,0,-500,0
4.34671988,366.583251953125,310.9212341308594,473.18182373046875,0,-500,0
4.35106621,366.5828857421875,310.9208984375,473.18487548828125,0,-500,0
4.354902854,366.5841064453125,310.91949462890625,473.18487548828125,0,-500,0
4.358833903,366.583251953125,310.9212341308594,473.18182373046875,0,-500,0
4.363063765,366.5833435058594,310.9212951660156,473.1810607910156,0,-500,0
4.366983181,366.58465576171875,310.9223937988281,473.1774597167969,0,-500,0
4.370987699,366.58380126953125,310.9240417480469,473.1747741699219,0,-500,0
4.375288117,366.58441162109375,310.9245910644531,473.16937255859375,0,-500,0
4.379084706,366.58544921875,310.9254455566406,473.164794921875,0,-500,0
4.383035615,366.5843200683594,310.9269104003906,473.1601867675781,0,-500,0
4.38728289,366.5853576660156,310.9277648925781,473.1555480957031,0,-500,0
4.391222212,366.5856018066406,310.927978515625,473.1548156738281,0,-500,0
4.395140762,366.5856018066406,310.927978515625,473.1548156738281,0,-500,0
4.399347123,366.5873107910156,310.9270324707031,473.1554870605469,0,-500,0
4.403260747,366.5877685546875,310.92742919921875,473.1591796875,0,-500,0
4.407283947,366.58636474609375,310.92864990234375,473.1611328125,0,-500,0
4.411503672,366.58721923828125,310.9269714355469,473.163818359375,0,-500,0
4.415358211,366.5866394042969,310.9265441894531,473.1684265136719,0,-500,0
4.4192963,366.5861511230469,310.9260559082031,473.17303466796875,0,-500,0
4.423674407,366.5856628417969,310.9257507324219,473.1764831542969,0,-500,0
4.427490214,366.5845031738281,310.9271545410156,473.1764831542969,0,-500,0
4.431674284,366.5854797363281,310.9259948730469,473.1764831542969,0,-500,0
4.435640068,366.585693359375,310.9261779785156,473.1745300292969,0,-500,0
4.439536568,366.5849609375,310.9274597167969,473.17303466796875,0,-500,0
4.4434828,366.5850830078125,310.92803955078125,473.1699523925781,0,-500,0
4.447795126,366.58544921875,310.9283752441406,473.16650390625,0,-500,0
4.451722955,366.5857849121094,310.92864990234375,473.163818359375,0,-500,0
4.455638703,366.5867004394531,310.929443359375,473.1591796875,0,-500,0
4.459817208,366.5869445800781,310.92962646484375,473.15728759765625,0,-500,0
4.463755539,366.5870361328125,310.9297180175781,473.1565246582031,0,-500,0
4.467670279,366.587890625,310.930419921875,473.1571960449219,0,-500,0
4.472145518,366.588134765625,310.9306335449219,473.1575622558594,0,-500,0
4.475825877,366.5880432128906,310.9305725097656,473.1582946777344,0,-500,0
4.479795085,366.58782958984375,310.93035888671875,473.16021728515625,0,-500,0
4.484009627,366.5876159667969,310.9302062988281,473.1621398925781,0,-500,0
4.487923741,366.5872802734375,310.929931640625,473.16485595703125,0,-500,0
4.491946868,366.5867004394531,310.9294128417969,473.16717529296875,0,-500,0
4.496148651,366.58648681640625,310.9292297363281,473.16912841796875,0,-500,0
4.500025956,366.5859680175781,310.9288024902344,473.1684265136719,0,-500,0
4.503994779,366.5847473144531,310.93023681640625,473.1684265136719,0,-500,0
4.508224671,366.5859680175781,310.9288024902344,473.1684265136719,0,-500,0
4.512239565,366.58648681640625,310.9292297363281,473.16912841796875,0,-500,0
4.516081659,366.58697509765625,310.9296569824219,473.16754150390625,0,-500,0
4.520463192,366.5858459472656,310.9311828613281,473.1667785644531,0,-500,0
4.524247661,366.586669921875,310.931884765625,473.1629333496094,0,-500,0
4.528168924,366.5867614746094,310.93194580078125,473.1621398925781,0,-500,0
4.5327315,366.58721923828125,310.9323425292969,473.1582946777344,0,-500,0
4.536335686,366.587158203125,310.9324035644531,473.1582946777344,0,-500,0
4.540254803,366.58758544921875,310.9327697753906,473.1575622558594,0,-500,0
4.54450241,366.58758544921875,310.9327697753906,473.1575622558594,0,-500,0
4.54841495,366.5874938964844,310.93267822265625,473.1582946777344,0,-500,0
4.552442408,366.5874938964844,310.93267822265625,473.1582946777344,0,-500,0
4.556621384,366.5872802734375,310.9324951171875,473.16021728515625,0,-500,0
4.560506395,366.5870361328125,310.9322814941406,473.1621398925781,0,-500,0
4.564448595,366.5866394042969,310.93212890625,473.16485595703125,0,-500,0
4.568831988,366.58642578125,310.93194580078125,473.1667785644531,0,-500,0
4.572659629,366.5865173339844,310.93182373046875,473.1667785644531,0,-500,0
4.576592897,366.5861511230469,310.9317321777344,473.1664123535156,0,-500,0
4.58076197,366.5861511230469,310.9317321777344,473.1664123535156,0,-500,0
4.584707542,366.5856018066406,310.9313049316406,473.16571044921875,0,-500,0
4.588612846,366.58636474609375,310.9319152832031,473.16448974609375,0,-500,0
4.592999155,366.5867614746094,310.9322814941406,473.16485595703125,0,-500,0
4.596854879,366.58685302734375,310.9323425292969,473.1629333496094,0,-500,0
4.600762527,366.58709716796875,310.93255615234375,473.1621398925781,0,-500,0
4.604975347,366.5861511230469,310.9341125488281,473.16021728515625,0,-500,0
4.608894404,366.58612060546875,310.93408203125,473.157958984375,0,-500,0
4.612899162,366.58612060546875,310.93408203125,473.157958984375,0,-500,0
4.617240918,366.58612060546875,310.93408203125,473.157958984375,0,-500,0
4.6210049810000005,366.58612060546875,310.93408203125,473.157958984375,0,-500,0
4.624958311,366.58587646484375,310.9339294433594,473.1598815917969,0,-500,0
4.62916517,366.5859069824219,310.9339599609375,473.1591796875,0,-500,0
4.633351056,366.585693359375,310.9337463378906,473.1611328125,0,-500,0
4.637131879,366.5855712890625,310.93365478515625,473.1625671386719,0,-500,0
4.641286465,366.5857238769531,310.9338073730469,473.1636657714844,0,-500,0
4.64517662,366.5861511230469,310.93414306640625,473.16485595703125,0,-500,0
4.649147874,366.58612060546875,310.9341735839844,473.16485595703125,0,-500,0
4.653433108,366.5861511230469,310.93414306640625,473.16485595703125,0,-500,0
4.657315949,366.58612060546875,310.9341735839844,473.16485595703125,0,-500,0
4.661250857,366.5863342285156,310.93438720703125,473.1629333496094,0,-500,0
4.665616742,366.5863342285156,310.93438720703125,473.1629333496094,0,-500,0
4.669459693,366.5863952636719,310.9348449707031,473.1621398925781,0,-500,0
4.673392147,366.5863952636719,310.9344482421875,473.1598815917969,0,-500,0
4.677582759,366.5854187011719,310.9364318847656,473.16021728515625,0,-500,0
4.68148997,366.58563232421875,310.9366149902344,473.1582946777344,0,-500,0
4.685410879,366.5858459472656,310.9364013671875,473.1582946777344,0,-500,0
4.689639688,366.58563232421875,310.9366149902344,473.1582946777344,0,-500,0
4.6936280329999995,366.58563232421875,310.9366149902344,473.1582946777344,0,-500,0
4.6975552579999995,366.58563232421875,310.9366149902344,473.1582946777344,0,-500,0
4.701779102,366.5851745605469,310.93621826171875,473.1598815917969,0,-500,0
4.705656433,366.585205078125,310.9362487792969,473.1621398925781,0,-500,0
4.709593291,366.585205078125,310.9362487792969,473.1621398925781,0,-500,0
4.714049027,366.5849609375,310.9360046386719,473.16180419921875,0,-500,0
4.717769607,366.5851135253906,310.9361572265625,473.1629333496094,0,-500,0
4.721757295,366.5854187011719,310.9364318847656,473.1629333496094,0,-500,0
4.725941828,366.5851745605469,310.93621826171875,473.1625671386719,0,-500,0
4.729850109,366.5851745605469,310.93621826171875,473.1625671386719,0,-500,0
4.734081165,366.5854187011719,310.9364318847656,473.1629333496094,0,-500,0
4.738069619,366.58551025390625,310.9365234375,473.1621398925781,0,-500,0
4.741938453,366.58551025390625,310.9365234375,473.1621398925781,0,-500,0
4.745901603,366.58575439453125,310.9366760253906,473.16021728515625,0,-500,0
4.750108529,366.58575439453125,310.9366760253906,473.16021728515625,0,-500,0
4.75407016,366.5863952636719,310.9372253417969,473.1582946777344,0,-500,0
4.758002052,366.5863952636719,310.9372253417969,473.1582946777344,0,-500,0
4.762365687,366.5863952636719,310.9372253417969,473.1582946777344,0,-500,0
4.766248337,366.5863952636719,310.9372253417969,473.1582946777344,0,-500,0
4.770057691,366.5849609375,310.93841552734375,473.16021728515625,0,-500,0
4.774330051,366.5849609375,310.93841552734375,473.16021728515625,0,-500,0
4.778207758,366.5846862792969,310.9382019042969,473.1598815917969,0,-500,0
4.782161447,366.58447265625,310.9380187988281,473.16180419921875,0,-500,0
4.7864489070000005,366.58447265625,310.9380187988281,473.16180419921875,0,-500,0
4.790327467,366.58447265625,310.9380187988281,473.16180419921875,0,-500,0
4.794362723,366.5843811035156,310.93792724609375,473.1625671386719,0,-500,0
4.798522523,366.58447265625,310.9380187988281,473.16180419921875,0,-500,0
4.80241627,366.5838623046875,310.9375,473.161865234375,0,-500,0
4.806403881,366.5842590332031,310.9378662109375,473.1611328125,0,-500,0
4.810783697,366.5842590332031,310.9378662109375,473.1611328125,0,-500,0
4.814576634,366.58404541015625,310.93792724609375,473.1591796875,0,-500,0
4.818507335,366.5843505859375,310.9382019042969,473.1591796875,0,-500,0
4.822707347,366.58416748046875,310.9377746582031,473.1591796875,0,-500,0
4.826621688,366.58404541015625,310.93792724609375,473.1591796875,0,-500,0
4.830581807,366.58404541015625,310.93792724609375,473.1591796875,0,-500,0
4.835107201,366.5843505859375,310.9382019042969,473.1591796875,0,-500,0
4.838749667,366.5842590332031,310.9381103515625,473.15728759765625,0,-500,0
4.842667648,366.5843505859375,310.9382019042969,473.1591796875,0,-500,0
4.846897671,366.5843505859375,310.9382019042969,473.1591796875,0,-500,0
4.850809453,366.5843505859375,310.9382019042969,473.1591796875,0,-500,0
4.854832543,366.5841369628906,310.9380187988281,473.1611328125,0,-500,0
4.859159481,366.5841369628906,310.9380187988281,473.1611328125,0,-500,0
4.862912226,366.5841369628906,310.9380187988281,473.1611328125,0,-500,0
4.866874756,366.5841369628906,310.9380187988281,473.1611328125,0,-500,0
4.871087973,366.5841369628906,310.9380187988281,473.1611328125,0,-500,0
4.8750517559999995,366.5841369628906,310.9380187988281,473.1611328125,0,-500,0
4.878961293,366.5841369628906,310.9380187988281,473.1611328125,0,-500,0
4.883193036,366.5843505859375,310.9382019042969,473.1591796875,0,-500,0
4.887142617,366.5843505859375,310.9382019042969,473.1591796875,0,-500,0
4.891108259,366.5843505859375,310.9382019042969,473.1591796875,0,-500,0
4.8953498920000005,366.5843505859375,310.9382019042969,473.1591796875,0,-500,0
4.899222679,366.5845642089844,310.9383850097656,473.15728759765625,0,-500,0
4.903120081,366.5845642089844,310.9383850097656,473.15728759765625,0,-500,0
4.907521028,366.5845642089844,310.9383850097656,473.15728759765625,0,-500,0
4.911335208,366.5847473144531,310.93853759765625,473.1591796875,0,-500,0
4.915329991,366.5847473144531,310.93853759765625,473.1591796875,0,-500,0
4.91947519,366.5847473144531,310.93853759765625,473.1591796875,0,-500,0
4.923371044,366.5847473144531,310.93853759765625,473.1591796875,0,-500,0
4.92731046,366.584716796875,310.9385986328125,473.1591796875,0,-500,0
4.931549782,366.5847473144531,310.93853759765625,473.1591796875,0,-500,0
4.935787372,366.5844421386719,310.93890380859375,473.1591796875,0,-500,0
4.939468631,366.58447265625,310.93841552734375,473.1611328125,0,-500,0
4.943634539,366.58453369140625,310.9383544921875,473.1611328125,0,-500,0
4.947593362,366.584228515625,310.938720703125,473.1611328125,0,-500,0
4.9515114780000005,366.5847473144531,310.93853759765625,473.1591796875,0,-500,0
4.955991123,366.584716796875,310.9385986328125,473.1591796875,0,-500,0
4.959710754,366.5844421386719,310.93890380859375,473.1591796875,0,-500,0
4.963660556,366.5847473144531,310.93853759765625,473.1591796875,0,-500,0
4.967869151,366.5844421386719,310.93890380859375,473.1591796875,0,-500,0
4.971777464,366.5844421386719,310.93890380859375,473.1591796875,0,-500,0
4.975796854,366.584716796875,310.9385986328125,473.1591796875,0,-500,0
4.9799851870000005,366.5844421386719,310.93890380859375,473.1591796875,0,-500,0
4.983954951,366.5844421386719,310.93890380859375,473.1591796875,0,-500,0
4.9878242329999996,366.5844421386719,310.93890380859375,473.1591796875,0,-500,0
4.992027221,366.5844421386719,310.93890380859375,473.1591796875,0,-500,0
4.9960099079999996,366.5844421386719,310.93890380859375,473.1591796875,0,-500,0
4.9999215790000004,366.5844421386719,310.93890380859375,473.1591796875,0,-500,0
5.004281911,366.5844421386719,310.93890380859375,473.1591796875,0,-500,0
5.008066805,366.5844421386719,310.93890380859375,473.1591796875,0,-500,0
5.012011398,366.5844421386719,310.93890380859375,473.1591796875,0,-500,0
5.016327146,366.5844421386719,310.93890380859375,473.1591796875,0,-500,0
5.020167294,366.584228515625,310.938720703125,473.1611328125,0,-500,0
5.024123949,366.5844421386719,310.93890380859375,473.1591796875,0,-500,0
5.028344599,366.5846252441406,310.93902587890625,473.1591796875,0,-500,0
5.032253004,366.5834045410156,310.9404296875,473.1591796875,0,-500,0
5.036478248,366.583251953125,310.9403381347656,473.1591796875,0,-500,0
5.040485608,366.583251953125,310.9403381347656,473.1591796875,0,-500,0
5.044333045,366.5834045410156,310.9404296875,473.1591796875,0,-500,0
5.048284421,366.5834045410156,310.9404296875,473.1591796875,0,-500,0
5.052652492,366.5834045410156,310.9404296875,473.1591796875,0,-500,0
5.056524946,366.583251953125,310.9403381347656,473.1591796875,0,-500,0
5.060459542,366.5834045410156,310.9404296875,473.1591796875,0,-500,0
5.064609873,366.5834045410156,310.9404296875,473.1591796875,0,-500,0
5.068561079,366.5834045410156,310.9404296875,473.1591796875,0,-500,0
5.072541476,366.5834045410156,310.9404296875,473.1591796875,0,-500,0
5.07686845,366.5834045410156,310.9404296875,473.1591796875,0,-500,0
5.080672664,366.5834045410156,310.9404296875,473.1591796875,0,-500,0
5.084585658,366.5834045410156,310.9404296875,473.1591796875,0,-500,0
5.088797391,366.5834045410156,310.9404296875,473.1591796875,0,-500,0
5.092733865,366.5834045410156,310.9404296875,473.1591796875,0,-500,0
5.096750772,366.5834045410156,310.9404296875,473.1591796875,0,-500,0
5.101092653,366.5834045410156,310.9404296875,473.1591796875,0,-500,0
5.104830685,366.5834045410156,310.9404296875,473.1591796875,0,-500,0
5.108781929,366.5834045410156,310.9404296875,473.1591796875,0,-500,0
5.113003338,366.5834045410156,310.9404296875,473.1591796875,0,-500,0
5.116877883,366.5834045410156,310.9404296875,473.1591796875,0,-500,0
5.120883442,366.5834045410156,310.9404296875,473.1591796875,0,-500,0
5.125125159,366.5834045410156,310.9404296875,473.1591796875,0,-500,0
5.129016475,366.5834045410156,310.9404296875,473.1591796875,0,-500,0
5.132978755,366.5834045410156,310.9404296875,473.1591796875,0,-500,0
5.137491938,366.5834045410156,310.9404296875,473.1591796875,0,-500,0
5.141129443,366.5834045410156,310.9404296875,473.1591796875,0,-500,0
5.145064705,366.5834045410156,310.9404296875,473.1591796875,0,-500,0
5.149401354,366.5834045410156,310.9404296875,473.1591796875,0,-500,0
5.153216499,366.5834045410156,310.9404296875,473.1591796875,0,-500,0
5.157265762,366.5834045410156,310.9404296875,473.1591796875,0,-500,0
5.161417824,366.5834045410156,310.9404296875,473.1591796875,0,-500,0
5.165347202,366.5834045410156,310.9404296875,473.1591796875,0,-500,0
5.169244842,366.5834045410156,310.9404296875,473.1591796875,0,-500,0
5.173481909,366.5834045410156,310.9404296875,473.1591796875,0,-500,0
5.177392438,366.583740234375,310.9407043457031,473.1591796875,0,-500,0
5.181384652,366.5834045410156,310.9404296875,473.1591796875,0,-500,0
5.185588927,366.583740234375,310.9407043457031,473.1591796875,0,-500,0
5.189495615,366.5834045410156,310.9404296875,473.1591796875,0,-500,0
5.193438402,366.583740234375,310.9407043457031,473.1591796875,0,-500,0
5.197911974,366.583740234375,310.9407043457031,473.1591796875,0,-500,0
5.201601831,366.5834045410156,310.9404296875,473.1591796875,0,-500,0
5.205552054,366.5834045410156,310.9404296875,473.1591796875,0,-500,0
5.209774413,366.5834045410156,310.9404296875,473.1591796875,0,-500,0
5.213688169,366.5834045410156,310.9404296875,473.1591796875,0,-500,0
5.21762368,366.583740234375,310.9407043457031,473.1591796875,0,-500,0
5.221904401,366.5834045410156,310.9404296875,473.1591796875,0,-500,0
5.22578153,366.5834045410156,310.9404296875,473.1591796875,0,-500,0
5.229772892,366.5834045410156,310.9404296875,473.1591796875,0,-500,0
5.234007845,366.5834045410156,310.9404296875,473.1591796875,0,-500,0
5.238147907,366.583740234375,310.9407043457031,473.1591796875,0,-500,0
5.241839314,366.5834045410156,310.9404296875,473.1591796875,0,-500,0
5.2462026250000005,366.583740234375,310.9407043457031,473.1591796875,0,-500,0
5.249980431,366.5834045410156,310.9404296875,473.1591796875,0,-500,0
5.253956034,366.583740234375,310.9407043457031,473.1591796875,0,-500,0
5.258232653,366.583740234375,310.9407043457031,473.1591796875,0,-500,0
5.262096035,366.583740234375,310.9407043457031,473.1591796875,0,-500,0
5.266025431,366.583740234375,310.9407043457031,473.1591796875,0,-500,0
5.270288886,366.583740234375,310.9407043457031,473.1591796875,0,-500,0
5.274163738,366.583740234375,310.9407043457031,473.1591796875,0,-500,0
5.278189492,366.583740234375,310.9407043457031,473.1591796875,0,-500,0
5.282360978,366.583740234375,310.9407043457031,473.1591796875,0,-500,0
5.286258414,366.583740234375,310.9407043457031,473.1591796875,0,-500,0
5.290237247,366.583740234375,310.9407043457031,473.1591796875,0,-500,0
5.294587671,366.583740234375,310.9407043457031,473.1591796875,0,-500,0
5.298416099,366.583740234375,310.9407043457031,473.1591796875,0,-500,0
5.302337852,366.583740234375,310.9407043457031,473.1591796875,0,-500,0
5.3065388030000005,366.583740234375,310.9407043457031,473.1591796875,0,-500,0
5.3104665,366.583740234375,310.9407043457031,473.1591796875,0,-500,0
5.314412851,366.583740234375,310.9407043457031,473.1591796875,0,-500,0
5.318738777,366.583740234375,310.9407043457031,473.1591796875,0,-500,0
5.322580332,366.583740234375,310.9407043457031,473.1591796875,0,-500,0
5.326513761,366.583740234375,310.9407043457031,473.1591796875,0,-500,0
5.330743172,366.583740234375,310.9407043457031,473.1591796875,0,-500,0
5.334636415,366.583740234375,310.9407043457031,473.1591796875,0,-500,0
5.338581164,366.583740234375,310.9407043457031,473.1591796875,0,-500,0
5.343001384,366.583740234375,310.9407043457031,473.1591796875,0,-500,0
5.346763728,366.583740234375,310.9407043457031,473.1591796875,0,-500,0
5.350709188,366.583740234375,310.9407043457031,473.1591796875,0,-500,0
5.354953156,366.583740234375,310.9407043457031,473.1591796875,0,-500,0
5.358873492,366.583740234375,310.9407043457031,473.1591796875,0,-500,0
5.362810237,366.583740234375,310.9407043457031,473.1591796875,0,-500,0
5.367033001,366.583740234375,310.9407043457031,473.1591796875,0,-500,0
5.370948127,366.583740234375,310.9407043457031,473.1591796875,0,-500,0
5.374904952,366.583740234375,310.9407043457031,473.1591796875,0,-500,0
5.37917805,366.583740234375,310.9407043457031,473.1591796875,0,-500,0
5.383040274,366.583740234375,310.9407043457031,473.1591796875,0,-500,0
5.38696522,366.583740234375,310.9407043457031,473.1591796875,0,-500,0
5.391350823,366.583740234375,310.9407043457031,473.1591796875,0,-500,0
5.395171811,366.583740234375,310.9407043457031,473.1591796875,0,-500,0
5.3991658860000005,366.583740234375,310.9407043457031,473.1591796875,0,-500,0
5.403309434,366.583740234375,310.9407043457031,473.1591796875,0,-500,0
5.4072477469999995,366.583740234375,310.9407043457031,473.1591796875,0,-500,0
5.411179827,366.583740234375,310.9407043457031,473.1591796875,0,-500,0
5.415399782,366.583740234375,310.9407043457031,473.1591796875,0,-500,0
5.41940169,366.583740234375,310.9407043457031,473.1591796875,0,-500,0
5.423306423,366.583740234375,310.9407043457031,473.1591796875,0,-500,0
5.427459547,366.583740234375,310.9407043457031,473.1591796875,0,-500,0
5.431385357,366.583740234375,310.9407043457031,473.1591796875,0,-500,0
5.435375957,366.583740234375,310.9407043457031,473.1591796875,0,-500,0
5.440063577,366.58245849609375,310.93963623046875,473.1575012207031,0,-500,0
5.443531488,366.58294677734375,310.9400634765625,473.15814208984375,0,-500,0
5.447472169,366.58294677734375,310.9400634765625,473.15814208984375,0,-500,0
5.451702272,366.58245849609375,310.93963623046875,473.1575012207031,0,-500,0
5.455598385,366.58294677734375,310.9400634765625,473.15814208984375,0,-500,0
5.459524938,366.58245849609375,310.93963623046875,473.1575012207031,0,-500,0
5.463861167,366.58245849609375,310.93963623046875,473.1575012207031,0,-500,0
5.467715685,366.58294677734375,310.9400634765625,473.15814208984375,0,-500,0
5.471670662,366.583740234375,310.9407043457031,473.1591796875,0,-500,0
5.475860093,366.583740234375,310.9407043457031,473.1591796875,0,-500,0
5.479882606,366.58245849609375,310.93963623046875,473.1575012207031,0,-500,0
5.483781986,366.58245849609375,310.93963623046875,473.1575012207031,0,-500,0
5.488067106,366.58294677734375,310.9400634765625,473.15814208984375,0,-500,0
5.491855067,366.58245849609375,310.93963623046875,473.1575012207031,0,-500,0
5.495852613,366.58245849609375,310.93963623046875,473.1575012207031,0,-500,0
5.500130132,366.58245849609375,310.93963623046875,473.1575012207031,0,-500,0
5.504019866,366.58294677734375,310.9400634765625,473.15814208984375,0,-500,0
5.507935831,366.58294677734375,310.9400634765625,473.15814208984375,0,-500,0
5.512179438,366.58294677734375,310.9400634765625,473.15814208984375,0,-500,0
5.516069252,366.58294677734375,310.9400634765625,473.15814208984375,0,-500,0
5.520108722,366.58245849609375,310.93963623046875,473.1575012207031,0,-500,0
5.524305203,366.583740234375,310.9407043457031,473.1591796875,0,-500,0
5.52817952,366.583740234375,310.9407043457031,473.1591796875,0,-500,0
5.532098155,366.58294677734375,310.9400634765625,473.15814208984375,0,-500,0
5.536491807,366.58245849609375,310.93963623046875,473.1575012207031,0,-500,0
5.540617491,366.58245849609375,310.93963623046875,473.1575012207031,0,-500,0
5.5442942649999996,366.5826721191406,310.9398193359375,473.1555480957031,0,-500,0
5.548466244,366.5826721191406,310.9398193359375,473.1555480957031,0,-500,0
5.552370464,366.58245849609375,310.93963623046875,473.1575012207031,0,-500,0
5.556306028,366.58245849609375,310.93963623046875,473.1575012207031,0,-500,0
5.560652193,366.5838928222656,310.9383850097656,473.1555480957031,0,-500,0
5.564530028,366.5826721191406,310.9398193359375,473.1555480957031,0,-500,0
5.56842783,366.5841369628906,310.9386291503906,473.15814208984375,0,-500,0
5.572628749,366.5836486816406,310.9382019042969,473.1575012207031,0,-500,0
5.576623532,366.5826721191406,310.9398193359375,473.1555480957031,0,-500,0
5.580603848,366.5841369628906,310.9386291503906,473.15814208984375,0,-500,0
5.584935548,366.5841369628906,310.9386291503906,473.15814208984375,0,-500,0
5.588674128,366.5836486816406,310.9382019042969,473.1575012207031,0,-500,0
5.592616051,366.58294677734375,310.9400634765625,473.15814208984375,0,-500,0
5.596847008,366.5838928222656,310.9383850097656,473.1555480957031,0,-500,0
5.600794097,366.5838928222656,310.9383850097656,473.1555480957031,0,-500,0
5.604725007,366.58245849609375,310.93963623046875,473.1575012207031,0,-500,0
5.608975579,366.58245849609375,310.93963623046875,473.1575012207031,0,-500,0
5.612869073,366.5841369628906,310.9386291503906,473.15814208984375,0,-500,0
5.616807816,366.5838928222656,310.9383850097656,473.1555480957031,0,-500,0
5.621105835,366.5838928222656,310.9383850097656,473.1555480957031,0,-500,0
5.624955764,366.58294677734375,310.9400634765625,473.15814208984375,0,-500,0
5.628850361,366.58294677734375,310.9400634765625,473.15814208984375,0,-500,0
5.633358404,366.5841369628906,310.9386291503906,473.15814208984375,0,-500,0
5.63709649,366.5843811035156,310.9388427734375,473.15625,0,-500,0
5.641292813,366.5838928222656,310.9383850097656,473.1555480957031,0,-500,0
5.645246049,366.58245849609375,310.93963623046875,473.1575012207031,0,-500,0
5.649183033,366.58245849609375,310.93963623046875,473.1575012207031,0,-500,0
5.65309983,366.5838928222656,310.9383850097656,473.1555480957031,0,-500,0
5.65735082,366.5838928222656,310.9383850097656,473.1555480957031,0,-500,0
5.661319271,366.5843811035156,310.9388427734375,473.15625,0,-500,0
5.665248265,366.5826721191406,310.9398193359375,473.1555480957031,0,-500,0
5.669437845,366.58245849609375,310.93963623046875,473.1575012207031,0,-500,0
5.673307185,366.58245849609375,310.93963623046875,473.1575012207031,0,-500,0
5.677273324,366.5826721191406,310.9398193359375,473.1555480957031,0,-500,0
5.681738304,366.5838928222656,310.9383850097656,473.1555480957031,0,-500,0
5.685447406,366.5840759277344,310.9385681152344,473.15625,0,-500,0
5.689385981,366.5841369628906,310.9386291503906,473.15814208984375,0,-500,0
5.693607502,366.5841369628906,310.9386291503906,473.15814208984375,0,-500,0
5.697519138,366.5838928222656,310.9383850097656,473.1555480957031,0,-500,0
5.701453333,366.5826721191406,310.9398193359375,473.1555480957031,0,-500,0
5.705768961,366.58294677734375,310.9400634765625,473.15814208984375,0,-500,0
5.709629721,366.5826721191406,310.9398193359375,473.1555480957031,0,-500,0
5.713583464,366.5826721191406,310.9398193359375,473.1555480957031,0,-500,0
5.717800618,366.5843811035156,310.9388427734375,473.15625,0,-500,0
5.721789822,366.5841369628906,310.9386291503906,473.15814208984375,0,-500,0
5.725697208,366.5836486816406,310.9382019042969,473.1575012207031,0,-500,0
5.730035278,366.5841369628906,310.9386291503906,473.15814208984375,0,-500,0
5.733882035,366.5838928222656,310.9383850097656,473.1555480957031,0,-500,0
5.737782435,366.5843811035156,310.9388427734375,473.15625,0,-500,0
5.7422768,366.58294677734375,310.9400634765625,473.15814208984375,0,-500,0
5.745917992,366.58245849609375,310.93963623046875,473.1575012207031,0,-500,0
5.749847805,366.5831604003906,310.94024658203125,473.15625,0,-500,0
5.754120373,366.5826721191406,310.9398193359375,473.1555480957031,0,-500,0
5.758001329,366.5836486816406,310.9382019042969,473.1575012207031,0,-500,0
5.762067012,366.5841369628906,310.9386291503906,473.15814208984375,0,-500,0
5.766204932,366.5838928222656,310.9383850097656,473.1555480957031,0,-500,0
5.770072818,366.5838928222656,310.9383850097656,473.1555480957031,0,-500,0
5.774045013,366.5838928222656,310.9383850097656,473.1555480957031,0,-500,0
5.778087298,366.5836486816406,310.9382019042969,473.1575012207031,0,-500,0
5.781930172,366.5836486816406,310.9382019042969,473.1575012207031,0,-500,0
5.785899069,366.58294677734375,310.9400634765625,473.15814208984375,0,-500,0
5.790085887,366.5826721191406,310.9398193359375,473.1555480957031,0,-500,0
5.794011424,366.5843811035156,310.9388427734375,473.15625,0,-500,0
5.797982027,366.5838928222656,310.9383850097656,473.1555480957031,0,-500,0
5.802271141,366.5836486816406,310.9382019042969,473.1575012207031,0,-500,0
5.806148119,366.5843811035156,310.9388427734375,473.15625,0,-500,0
5.810100134,366.5843811035156,310.9388427734375,473.15625,0,-500,0
5.814342598,366.5843811035156,310.9388427734375,473.15625,0,-500,0
5.818309384,366.5838928222656,310.9383850097656,473.1555480957031,0,-500,0
5.822336762,366.5841369628906,310.9386291503906,473.15814208984375,0,-500,0
5.826751002,366.5826721191406,310.9398193359375,473.1555480957031,0,-500,0
5.830502314,366.5831604003906,310.94024658203125,473.15625,0,-500,0
5.83451391,366.5830383300781,310.9401550292969,473.1555480957031,0,-500,0
5.838801539,366.58245849609375,310.93963623046875,473.1575012207031,0,-500,0
5.842959745,366.5836486816406,310.9382019042969,473.1575012207031,0,-500,0
5.84665603,366.5843811035156,310.9388427734375,473.15625,0,-500,0
5.850873362,366.5838928222656,310.9383850097656,473.1555480957031,0,-500,0
5.8547882399999995,366.58245849609375,310.93963623046875,473.1575012207031,0,-500,0
5.858770036,366.58294677734375,310.9400634765625,473.15814208984375,0,-500,0
5.863035143,366.5843811035156,310.9388427734375,473.15625,0,-500,0
5.866878054,366.5838928222656,310.9383850097656,473.1555480957031,0,-500,0
5.870819014,366.5838928222656,310.9383850097656,473.1555480957031,0,-500,0
5.87518612,366.58294677734375,310.9400634765625,473.15814208984375,0,-500,0
5.878973636,366.58245849609375,310.93963623046875,473.1575012207031,0,-500,0
5.883006819,366.5840759277344,310.9385681152344,473.15625,0,-500,0
5.887166678,366.5840759277344,310.9385681152344,473.15625,0,-500,0
5.89107281,366.5838317871094,310.9383544921875,473.15814208984375,0,-500,0
5.895005095,366.5828857421875,310.9399719238281,473.15625,0,-500,0
5.899268755,366.5826721191406,310.9398193359375,473.1555480957031,0,-500,0
5.90324042,366.5836486816406,310.9382019042969,473.1575012207031,0,-500,0
5.907182182,366.5843811035156,310.9388427734375,473.15625,0,-500,0
5.911340227,366.5838928222656,310.9383850097656,473.1555480957031,0,-500,0
5.915249636,366.58294677734375,310.9400634765625,473.15814208984375,0,-500,0
5.919225723,366.58294677734375,310.9400634765625,473.15814208984375,0,-500,0
5.923742822,366.5843811035156,310.9388427734375,473.15625,0,-500,0
5.927380753,366.5838928222656,310.9383850097656,473.1555480957031,0,-500,0
5.931307236,366.5836486816406,310.9382019042969,473.1575012207031,0,-500,0
5.935514479,366.58294677734375,310.9400634765625,473.15814208984375,0,-500,0
5.939438713,366.5826721191406,310.9398193359375,473.1555480957031,0,-500,0
5.943414801,366.5838928222656,310.9383850097656,473.1555480957031,0,-500,0
5.947680748,366.5836486816406,310.9382019042969,473.1575012207031,0,-500,0
5.951547236,366.5836486816406,310.9382019042969,473.1575012207031,0,-500,0
5.955506637,366.5836486816406,310.9382019042969,473.1575012207031,0,-500,0
5.959731024,366.5826721191406,310.9398193359375,473.1555480957031,0,-500,0
5.963621031,366.5826721191406,310.9398193359375,473.1555480957031,0,-500,0
5.967599611,366.5836486816406,310.9382019042969,473.1575012207031,0,-500,0
5.971955288,366.5843811035156,310.9388427734375,473.15625,0,-500,0
5.975719869,366.5843811035156,310.9388427734375,473.15625,0,-500,0
5.979704972,366.5838928222656,310.9383850097656,473.1555480957031,0,-500,0
5.983955627,366.58245849609375,310.93963623046875,473.1575012207031,0,-500,0
5.987830452,366.58245849609375,310.93963623046875,473.1575012207031,0,-500,0
5.9917752,366.5838928222656,310.9383850097656,473.1555480957031,0,-500,0
5.9960118829999995,366.5843811035156,310.9388427734375,473.15625,0,-500,0
5.99991755,366.5836486816406,310.9382019042969,473.1575012207031,0,-500,0
6.003979305,366.58245849609375,310.93963623046875,473.1575012207031,0,-500,0
6.008113645,366.5831604003906,310.94024658203125,473.15625,0,-500,0
6.012013442,366.5843811035156,310.9388427734375,473.15625,0,-500,0
6.015945389,366.5838928222656,310.9383850097656,473.1555480957031,0,-500,0
6.020346157,366.5841369628906,310.9386291503906,473.15814208984375,0,-500,0
6.024206622,366.58294677734375,310.9400634765625,473.15814208984375,0,-500,0
6.028148193,366.5826721191406,310.9398193359375,473.1555480957031,0,-500,0
6.032303566,366.5843811035156,310.9388427734375,473.15625,0,-500,0
6.036205383,366.58355712890625,310.9381103515625,473.1555480957031,0,-500,0
6.040145298,366.5836486816406,310.9382019042969,473.1575012207031,0,-500,0
6.044701531,366.5826721191406,310.9398193359375,473.1555480957031,0,-500,0
6.048370498,366.5831604003906,310.94024658203125,473.15625,0,-500,0
6.052258435,366.5838928222656,310.9383850097656,473.1555480957031,0,-500,0
6.056479549,366.5841369628906,310.9386291503906,473.15814208984375,0,-500,0
6.06041417,366.5841369628906,310.9386291503906,473.15814208984375,0,-500,0
6.064413468,366.5838928222656,310.9383850097656,473.1555480957031,0,-500,0
6.06878398,366.5831604003906,310.94024658203125,473.15625,0,-500,0
6.072497239,366.5831604003906,310.94024658203125,473.15625,0,-500,0
6.076471166,366.5841369628906,310.9386291503906,473.15814208984375,0,-500,0
6.080691922,366.5836486816406,310.9382019042969,473.1575012207031,0,-500,0
6.084660603,366.5843811035156,310.9388427734375,473.15625,0,-500,0
6.088557968,366.5826721191406,310.9398193359375,473.1555480957031,0,-500,0
6.092827956,366.5826721191406,310.9398193359375,473.1555480957031,0,-500,0
6.096700647,366.5826721191406,310.9398193359375,473.1555480957031,0,-500,0
6.100688746,366.5841369628906,310.9386291503906,473.15814208984375,0,-500,0
6.104930899,366.5838928222656,310.9383850097656,473.1555480957031,0,-500,0
6.108825955,366.5838928222656,310.9383850097656,473.1555480957031,0,-500,0
6.112766022,366.5836486816406,310.9382019042969,473.1575012207031,0,-500,0
6.1171152,366.5826416015625,310.9397888183594,473.15814208984375,0,-500,0
6.12090747,366.5826721191406,310.9398193359375,473.1555480957031,0,-500,0
6.124914453,366.5840759277344,310.9385681152344,473.15625,0,-500,0
6.129075139,366.5838928222656,310.9383850097656,473.1555480957031,0,-500,0
6.132978702,366.5836486816406,310.9382019042969,473.1575012207031,0,-500,0
6.136920859,366.5826721191406,310.9398193359375,473.1555480957031,0,-500,0
6.141180757,366.5831604003906,310.94024658203125,473.15625,0,-500,0
6.145367231,366.5838928222656,310.9383850097656,473.1555480957031,0,-500,0
6.149089402,366.5841369628906,310.9386291503906,473.15814208984375,0,-500,0
6.15328929,366.5843811035156,310.9388427734375,473.15625,0,-500,0
6.157196587,366.5843811035156,310.9388427734375,473.15625,0,-500,0
6.161121146,366.5826721191406,310.9398193359375,473.1555480957031,0,-500,0
6.16553652,366.58245849609375,310.93963623046875,473.1575012207031,0,-500,0
6.169298076,366.5831604003906,310.94024658203125,473.15625,0,-500,0
6.173222069,366.5843811035156,310.9388427734375,473.15625,0,-500,0
6.177407021,366.5836486816406,310.9382019042969,473.1575012207031,0,-500,0
6.1813624,366.58294677734375,310.9400634765625,473.15814208984375,0,-500,0
6.185359967,366.5826721191406,310.9398193359375,473.1555480957031,0,-500,0
6.189581994,366.5843811035156,310.9388427734375,473.15625,0,-500,0
6.193478588,366.5838928222656,310.9383850097656,473.1555480957031,0,-500,0
6.197458013,366.5836486816406,310.9382019042969,473.1575012207031,0,-500,0
6.201602791,366.5826721191406,310.9398193359375,473.1555480957031,0,-500,0
6.205608045,366.5826721191406,310.9398193359375,473.1555480957031,0,-500,0
6.209521866,366.5836486816406,310.9382019042969,473.1575012207031,0,-500,0
6.21391657,366.58355712890625,310.9381103515625,473.1555480957031,0,-500,0
6.217699659,366.58355712890625,310.9381103515625,473.1555480957031,0,-500,0
6.221612706,366.58245849609375,310.93963623046875,473.1575012207031,0,-500,0
6.225875418,366.5821228027344,310.9393310546875,473.1575012207031,0,-500,0
6.2297415,366.5838928222656,310.9383850097656,473.1555480957031,0,-500,0
6.233687611,366.5846252441406,310.93853759765625,473.15625,0,-500,0
6.237961682,366.5841369628906,310.9386291503906,473.15814208984375,0,-500,0
6.24184661,366.5826721191406,310.9398193359375,473.1555480957031,0,-500,0
6.246085382,366.58294677734375,310.939453125,473.1555480957031,0,-500,0
6.250034806,366.5838928222656,310.9383850097656,473.1555480957031,0,-500,0
6.253956975,366.5841369628906,310.9386291503906,473.15814208984375,0,-500,0
6.257869542,366.5844421386719,310.93829345703125,473.15814208984375,0,-500,0
6.26226711,366.5831604003906,310.94024658203125,473.15625,0,-500,0
6.266110585,366.5831604003906,310.94024658203125,473.15625,0,-500,0
6.270023851,366.5839538574219,310.9378662109375,473.1575012207031,0,-500,0
6.274245539,366.5843811035156,310.9388427734375,473.15625,0,-500,0
6.2781348,366.5840759277344,310.9385681152344,473.15625,0,-500,0
6.282066352,366.58294677734375,310.939453125,473.1555480957031,0,-500,0
6.28638507,366.58294677734375,310.9400634765625,473.15814208984375,0,-500,0
6.29024655,366.5841369628906,310.9386291503906,473.15814208984375,0,-500,0
6.294182014,366.5846862792969,310.9384765625,473.15625,0,-500,0
6.298415615,366.58380126953125,310.9378356933594,473.1555480957031,0,-500,0
6.302363077,366.5821228027344,310.9393310546875,473.1575012207031,0,-500,0
6.306332107,366.5827331542969,310.93927001953125,473.1575012207031,0,-500,0
6.3106887050000005,366.5838928222656,310.9383850097656,473.1555480957031,0,-500,0
6.314410585,366.5838928222656,310.9383850097656,473.1555480957031,0,-500,0
6.318388621,366.5844421386719,310.93829345703125,473.15814208984375,0,-500,0
6.322673833,366.5826721191406,310.9398193359375,473.1555480957031,0,-500,0
6.326570122,366.5826721191406,310.9398193359375,473.1555480957031,0,-500,0
6.330495243,366.5846862792969,310.9384765625,473.15625,0,-500,0
6.334714908,366.5836486816406,310.9382019042969,473.1575012207031,0,-500,0
6.338606395,366.5840759277344,310.9385681152344,473.15625,0,-500,0
6.342573597,366.5826416015625,310.9391784667969,473.1555480957031,0,-500,0
6.347112522,366.5821228027344,310.9393310546875,473.1575012207031,0,-500,0
6.350723678,366.58331298828125,310.93792724609375,473.1575012207031,0,-500,0
6.354649209,366.5838623046875,310.93780517578125,473.1555480957031,0,-500,0
6.359017101,366.5840759277344,310.9385681152344,473.15625,0,-500,0
6.362806089,366.58245849609375,310.93963623046875,473.1575012207031,0,-500,0
6.366825955,366.5827331542969,310.93927001953125,473.1575012207031,0,-500,0
6.37099578,366.5843811035156,310.9388427734375,473.15625,0,-500,0
6.374896154,366.58355712890625,310.9381103515625,473.1555480957031,0,-500,0
6.378842084,366.5831298828125,310.93963623046875,473.15625,0,-500,0
6.38309846,366.5826416015625,310.9397888183594,473.15814208984375,0,-500,0
6.387072183,366.5841369628906,310.9386291503906,473.15814208984375,0,-500,0
6.390981982,366.5846862792969,310.9384765625,473.15625,0,-500,0
6.395173053,366.5826721191406,310.9398193359375,473.1555480957031,0,-500,0
6.399091319,366.5841369628906,310.9386291503906,473.15814208984375,0,-500,0
6.403063322,366.5839538574219,310.9378662109375,473.1575012207031,0,-500,0
6.407514209,366.5840759277344,310.9385681152344,473.15625,0,-500,0
6.411216645,366.58245849609375,310.93963623046875,473.1575012207031,0,-500,0
6.41514479,366.5844421386719,310.93829345703125,473.15814208984375,0,-500,0
6.419359399,366.5838928222656,310.9383850097656,473.1555480957031,0,-500,0
6.423275232,366.58233642578125,310.9395446777344,473.1555480957031,0,-500,0
6.427320868,366.5824279785156,310.93902587890625,473.1575012207031,0,-500,0
6.431514751,366.5838317871094,310.9383544921875,473.15814208984375,0,-500,0
6.43539074,366.58355712890625,310.9381103515625,473.1555480957031,0,-500,0
6.439340175,366.5834655761719,310.9399108886719,473.15625,0,-500,0
6.443532563,366.58331298828125,310.93792724609375,473.1575012207031,0,-500,0
6.447796601,366.5836486816406,310.9382019042969,473.1575012207031,0,-500,0
6.451443991,366.58294677734375,310.939453125,473.1555480957031,0,-500,0
6.455808833,366.5826721191406,310.9398193359375,473.1555480957031,0,-500,0
6.459560619,366.5836486816406,310.9382019042969,473.1575012207031,0,-500,0
6.463551508,366.5844421386719,310.93829345703125,473.15814208984375,0,-500,0
6.467825216,366.5828857421875,310.9399719238281,473.15625,0,-500,0
6.471695281,366.5840759277344,310.9385681152344,473.15625,0,-500,0
6.47560406,366.5841369628906,310.9380187988281,473.15814208984375,0,-500,0
6.479867899,366.58245849609375,310.93963623046875,473.1575012207031,0,-500,0
6.483796467,366.5840759277344,310.9385681152344,473.15625,0,-500,0
6.487803937,366.5841369628906,310.93804931640625,473.1555480957031,0,-500,0
6.491972382,366.58331298828125,310.93792724609375,473.1575012207031,0,-500,0
6.495855937,366.5821228027344,310.9393310546875,473.1575012207031,0,-500,0
6.499797553,366.5836181640625,310.9375915527344,473.1575012207031,0,-500,0
6.504170001,366.5843811035156,310.9388427734375,473.15625,0,-500,0
6.508015674,366.58233642578125,310.9395446777344,473.1555480957031,0,-500,0
6.511975101,366.583251953125,310.939697265625,473.15814208984375,0,-500,0
6.51611879,366.5843811035156,310.9388427734375,473.15625,0,-500,0
6.520044611,366.5843811035156,310.9388427734375,473.15625,0,-500,0
6.524019857,366.5838623046875,310.93780517578125,473.1555480957031,0,-500,0
6.528320955,366.5821228027344,310.9393310546875,473.1575012207031,0,-500,0
6.532163749,366.5841369628906,310.9386291503906,473.15814208984375,0,-500,0
6.536118745,366.5841369628906,310.93804931640625,473.1555480957031,0,-500,0
6.5403123579999995,366.58355712890625,310.9381103515625,473.1555480957031,0,-500,0
6.544208612,366.5821228027344,310.9393310546875,473.1575012207031,0,-500,0
6.548470157,366.5844421386719,310.93829345703125,473.15814208984375,0,-500,0
6.552586335,366.58355712890625,310.9381103515625,473.1555480957031,0,-500,0
6.556350235,366.5840759277344,310.9385681152344,473.15625,0,-500,0
6.560298746,366.5826416015625,310.9391784667969,473.1555480957031,0,-500,0
6.564509223,366.5836486816406,310.9382019042969,473.1575012207031,0,-500,0
6.568484498,366.58355712890625,310.9381103515625,473.1555480957031,0,-500,0
6.572385415,366.5831298828125,310.93963623046875,473.15625,0,-500,0
6.576663063,366.58233642578125,310.9395446777344,473.1555480957031,0,-500,0
6.580551689,366.5838928222656,310.9383850097656,473.1555480957031,0,-500,0
6.584494569,366.5841369628906,310.93804931640625,473.1555480957031,0,-500,0
6.588792251,366.5838317871094,310.9383544921875,473.15814208984375,0,-500,0
6.592672392,366.5831604003906,310.94024658203125,473.15625,0,-500,0
6.596598842,366.5841369628906,310.93804931640625,473.1555480957031,0,-500,0
6.600878552,366.58355712890625,310.9381103515625,473.1555480957031,0,-500,0
6.604733228,366.58294677734375,310.9400634765625,473.15814208984375,0,-500,0
6.608755384,366.5826416015625,310.9391784667969,473.1555480957031,0,-500,0
6.61291429,366.5840759277344,310.9385681152344,473.15625,0,-500,0
6.61685668,366.58355712890625,310.9381103515625,473.1555480957031,0,-500,0
6.620775182,366.58294677734375,310.939453125,473.1555480957031,0,-500,0
6.625024186,366.58245849609375,310.93963623046875,473.1575012207031,0,-500,0
6.628959896,366.5841369628906,310.9386291503906,473.15814208984375,0,-500,0
6.632893037,366.5846862792969,310.9384765625,473.15625,0,-500,0
6.6371147839999995,366.5840759277344,310.9385681152344,473.15625,0,-500,0
6.641007456,366.58233642578125,310.9395446777344,473.1555480957031,0,-500,0
6.644938149,366.5836181640625,310.9375915527344,473.1575012207031,0,-500,0
6.649607675,366.58355712890625,310.9381103515625,473.1555480957031,0,-500,0
6.653139175,366.5840759277344,310.9385681152344,473.15625,0,-500,0
6.657097605,366.583251953125,310.939697265625,473.15814208984375,0,-500,0
6.661291508,366.5841369628906,310.9386291503906,473.15814208984375,0,-500,0
6.665219716,366.5840759277344,310.9385681152344,473.15625,0,-500,0
6.669210489,366.5834655761719,310.9399108886719,473.15625,0,-500,0
6.673411174,366.58245849609375,310.93963623046875,473.1575012207031,0,-500,0
6.6773102170000005,366.5840759277344,310.9385681152344,473.15625,0,-500,0
6.681291556,366.5843505859375,310.9382019042969,473.15625,0,-500,0
6.685443389,366.58233642578125,310.9395446777344,473.1555480957031,0,-500,0
6.689448374,366.58331298828125,310.93792724609375,473.1575012207031,0,-500,0
6.693355829,366.5841369628906,310.93804931640625,473.1555480957031,0,-500,0
6.697757246,366.58355712890625,310.9381103515625,473.1555480957031,0,-500,0
6.701534934,366.5826416015625,310.9397888183594,473.15814208984375,0,-500,0
6.705464705,366.5839538574219,310.9378662109375,473.1575012207031,0,-500,0
6.709743184,366.5840759277344,310.9385681152344,473.15625,0,-500,0
6.7135946010000005,366.5831604003906,310.94024658203125,473.15625,0,-500,0
6.717512613,366.5824279785156,310.93902587890625,473.1575012207031,0,-500,0
6.721853895,366.5840759277344,310.9385681152344,473.15625,0,-500,0
6.725709282,366.5840759277344,310.9385681152344,473.15625,0,-500,0
6.729708449,366.5831298828125,310.93963623046875,473.15625,0,-500,0
6.733898399,366.5841369628906,310.9386291503906,473.15814208984375,0,-500,0
6.737781736,366.58331298828125,310.93792724609375,473.1575012207031,0,-500,0
6.741734955,366.5846862792969,310.9384765625,473.15625,0,-500,0
6.74610807,366.58294677734375,310.9400634765625,473.15814208984375,0,-500,0
6.750152343,366.5836486816406,310.9382019042969,473.1575012207031,0,-500,0
6.753888902,366.5843505859375,310.9382019042969,473.15625,0,-500,0
6.758013755,366.5828857421875,310.9399719238281,473.15625,0,-500,0
6.761963827,366.5826416015625,310.9397888183594,473.15814208984375,0,-500,0
6.765912144,366.5846862792969,310.9384765625,473.15625,0,-500,0
6.7702860529999995,366.5838928222656,310.9383850097656,473.1555480957031,0,-500,0
6.774038959,366.58233642578125,310.9395446777344,473.1555480957031,0,-500,0
6.77796844,366.5841369628906,310.9380187988281,473.15814208984375,0,-500,0
6.7819325070000005,366.5838317871094,310.9383544921875,473.15814208984375,0,-500,0
6.785866301,366.5828857421875,310.9399719238281,473.15625,0,-500,0
6.789882275,366.5831298828125,310.93963623046875,473.15625,0,-500,0
6.794489645,366.58331298828125,310.93792724609375,473.1575012207031,0,-500,0
6.798264649,366.5838317871094,310.9383544921875,473.15814208984375,0,-500,0
6.802189255,366.5826416015625,310.9391784667969,473.1555480957031,0,-500,0
6.806484874,366.58355712890625,310.9381103515625,473.1555480957031,0,-500,0
6.810431735,366.5840759277344,310.9385681152344,473.15625,0,-500,0
6.81430725,366.5841369628906,310.9380187988281,473.15814208984375,0,-500,0
6.81854426,366.5826416015625,310.9397888183594,473.15814208984375,0,-500,0
6.822464841,366.58355712890625,310.9381103515625,473.1555480957031,0,-500,0
6.826451485,366.5843505859375,310.9382019042969,473.15625,0,-500,0
6.8307652789999995,366.5821228027344,310.9393310546875,473.1575012207031,0,-500,0
6.8345527409999995,366.5821228027344,310.9393310546875,473.1575012207031,0,-500,0
6.83847799,366.5838623046875,310.93780517578125,473.1555480957031,0,-500,0
6.842851595,366.5838928222656,310.9383850097656,473.1555480957031,0,-500,0
6.846676588,366.58294677734375,310.9400634765625,473.15814208984375,0,-500,0
6.850621596,366.5843505859375,310.9382019042969,473.15625,0,-500,0
6.854848856,366.5838928222656,310.9383850097656,473.1555480957031,0,-500,0
6.858733745,366.58355712890625,310.9381103515625,473.1555480957031,0,-500,0
6.862702164,366.5829162597656,310.9394226074219,473.15814208984375,0,-500,0
6.866947252,366.58331298828125,310.93792724609375,473.1575012207031,0,-500,0
6.870904453,366.5843811035156,310.9388427734375,473.15625,0,-500,0
6.87481876,366.5826416015625,310.9391784667969,473.1555480957031,0,-500,0
6.87901248,366.5821228027344,310.9393310546875,473.1575012207031,0,-500,0
6.88292081,366.58355712890625,310.9381103515625,473.1555480957031,0,-500,0
6.8868529370000005,366.5843505859375,310.9382019042969,473.15625,0,-500,0
6.891343839,366.58233642578125,310.9395446777344,473.1555480957031,0,-500,0
6.895065028,366.5838317871094,310.9383544921875,473.15814208984375,0,-500,0
6.898980404,366.5841369628906,310.93804931640625,473.1555480957031,0,-500,0
6.903206379,366.5828857421875,310.9399719238281,473.15625,0,-500,0
6.907141085,366.5841369628906,310.9386291503906,473.15814208984375,0,-500,0
6.911176,366.5836181640625,310.9375915527344,473.1575012207031,0,-500,0
6.915340925,366.58355712890625,310.9381103515625,473.1555480957031,0,-500,0
6.919222855,366.5826721191406,310.9398193359375,473.1555480957031,0,-500,0
6.92318489,366.5844421386719,310.93829345703125,473.15814208984375,0,-500,0
6.927412124,366.5841369628906,310.9386291503906,473.15814208984375,0,-500,0
6.931386569,366.5828857421875,310.9399719238281,473.15625,0,-500,0
6.935283664,366.5831298828125,310.93963623046875,473.15625,0,-500,0
6.939648951,366.5836486816406,310.9382019042969,473.1575012207031,0,-500,0
6.943392513,366.5841369628906,310.9386291503906,473.15814208984375,0,-500,0
6.947369225,366.5831298828125,310.93963623046875,473.15625,0,-500,0
6.951915576,366.58355712890625,310.9381103515625,473.1555480957031,0,-500,0
6.955515347,366.58331298828125,310.93792724609375,473.1575012207031,0,-500,0
6.959440122,366.5841369628906,310.93804931640625,473.1555480957031,0,-500,0
6.963734355,366.5821228027344,310.9393310546875,473.1575012207031,0,-500,0
6.967599172,366.58331298828125,310.93792724609375,473.1575012207031,0,-500,0
6.971533952,366.5838623046875,310.93780517578125,473.1555480957031,0,-500,0
6.975803756,366.5828857421875,310.9399719238281,473.15625,0,-500,0
6.979710177,366.5826416015625,310.9397888183594,473.15814208984375,0,-500,0
6.983639947,366.5841369628906,310.9380187988281,473.15814208984375,0,-500,0
6.988007424,366.5840759277344,310.9385681152344,473.15625,0,-500,0
6.9918600699999995,366.5831604003906,310.94024658203125,473.15625,0,-500,0
6.995798478,366.5841369628906,310.9380187988281,473.15814208984375,0,-500,0
6.999953029,366.58331298828125,310.93792724609375,473.1575012207031,0,-500,0
7.003904422,366.58355712890625,310.9381103515625,473.1555480957031,0,-500,0
7.007838243,366.5826416015625,310.9391784667969,473.1555480957031,0,-500,0
7.01215892,366.58331298828125,310.93792724609375,473.1575012207031,0,-500,0
7.016040797,366.58331298828125,310.93792724609375,473.1575012207031,0,-500,0
7.019946178,366.5826416015625,310.9391784667969,473.1555480957031,0,-500,0
7.024162355,366.58233642578125,310.9395446777344,473.1555480957031,0,-500,0
7.028064553,366.58355712890625,310.9381103515625,473.1555480957031,0,-500,0
7.032067756,366.5844421386719,310.93829345703125,473.15814208984375,0,-500,0
7.036435321,366.58245849609375,310.93963623046875,473.1575012207031,0,-500,0
7.040168325,366.58355712890625,310.9381103515625,473.1555480957031,0,-500,0
7.044131906,366.5838623046875,310.93780517578125,473.1555480957031,0,-500,0
7.048365923,366.58245849609375,310.93963623046875,473.1575012207031,0,-500,0
7.052550508,366.58331298828125,310.93792724609375,473.1575012207031,0,-500,0
7.056264947,366.5838623046875,310.93780517578125,473.1555480957031,0,-500,0
7.06050248,366.58233642578125,310.9395446777344,473.1555480957031,0,-500,0
7.064356243,366.5821228027344,310.9393310546875,473.1575012207031,0,-500,0
7.06832966,366.5841369628906,310.93804931640625,473.1555480957031,0,-500,0
7.072599528,366.58355712890625,310.9381103515625,473.1555480957031,0,-500,0
7.076476682,366.58233642578125,310.9395446777344,473.1555480957031,0,-500,0
7.08044693,366.5836181640625,310.9375915527344,473.1575012207031,0,-500,0
7.084782438,366.58331298828125,310.93792724609375,473.1575012207031,0,-500,0
7.088561142,366.58355712890625,310.9381103515625,473.1555480957031,0,-500,0
7.092582313,366.5826416015625,310.9391784667969,473.1555480957031,0,-500,0
7.096757631,366.58331298828125,310.93792724609375,473.1575012207031,0,-500,0
7.100701431,366.5836486816406,310.9382019042969,473.1575012207031,0,-500,0
7.104611827,366.58294677734375,310.939453125,473.1555480957031,0,-500,0
7.108855138,366.5831604003906,310.94024658203125,473.15625,0,-500,0
7.112818284,366.5836486816406,310.9382019042969,473.1575012207031,0,-500,0
7.116740095,366.5836181640625,310.9375915527344,473.1575012207031,0,-500,0
7.120972584,366.58233642578125,310.9395446777344,473.1555480957031,0,-500,0
7.124839635,366.5840759277344,310.9385681152344,473.15625,0,-500,0
7.128778225,366.5846862792969,310.9384765625,473.15625,0,-500,0
7.133247233,366.58294677734375,310.9400634765625,473.15814208984375,0,-500,0
7.136962775,366.58245849609375,310.93963623046875,473.1575012207031,0,-500,0
7.140926457,366.5836181640625,310.9375915527344,473.1575012207031,0,-500,0
7.145126524,366.58355712890625,310.9381103515625,473.1555480957031,0,-500,0
7.149053581,366.5826721191406,310.9398193359375,473.1555480957031,0,-500,0
7.153261144,366.5839538574219,310.9378662109375,473.1575012207031,0,-500,0
7.157274316,366.58331298828125,310.93792724609375,473.1575012207031,0,-500,0
7.161160597,366.5821228027344,310.9393310546875,473.1575012207031,0,-500,0
7.165047212,366.5826416015625,310.9391784667969,473.1555480957031,0,-500,0
7.169317742,366.58380126953125,310.9378356933594,473.1555480957031,0,-500,0
7.173290683,366.58355712890625,310.9381103515625,473.1555480957031,0,-500,0
7.177210897,366.5827331542969,310.93927001953125,473.1575012207031,0,-500,0
7.181562486,366.5838928222656,310.9383850097656,473.1555480957031,0,-500,0
7.185352306,366.58355712890625,310.9381103515625,473.1555480957031,0,-500,0
7.189288727,366.5839538574219,310.9378662109375,473.1575012207031,0,-500,0
7.193574308,366.58245849609375,310.93963623046875,473.1575012207031,0,-500,0
7.197421545,366.5838928222656,310.9383850097656,473.1555480957031,0,-500,0
7.201356314,366.5841369628906,310.93804931640625,473.1555480957031,0,-500,0
7.205687084,366.58233642578125,310.9395446777344,473.1555480957031,0,-500,0
7.209520303,366.5821228027344,310.9393310546875,473.1575012207031,0,-500,0
7.213542826,366.5836181640625,310.9375915527344,473.1575012207031,0,-500,0
7.21772264,366.58355712890625,310.9381103515625,473.1555480957031,0,-500,0
7.221615328,366.5826721191406,310.9398193359375,473.1555480957031,0,-500,0
7.225579754,366.5838623046875,310.93780517578125,473.1555480957031,0,-500,0
7.22993313,366.58331298828125,310.93792724609375,473.1575012207031,0,-500,0
7.233840118,366.58331298828125,310.93792724609375,473.1575012207031,0,-500,0
7.237708698,366.5831298828125,310.93963623046875,473.15625,0,-500,0
7.241884571,366.5843811035156,310.9388427734375,473.15625,0,-500,0
7.245829495,366.58355712890625,310.9381103515625,473.1555480957031,0,-500,0
7.249752746,366.5827331542969,310.93927001953125,473.1575012207031,0,-500,0
7.254289197,366.58355712890625,310.9381103515625,473.1555480957031,0,-500,0
7.257909091,366.58355712890625,310.9381103515625,473.1555480957031,0,-500,0
7.261877248,366.5826416015625,310.9391784667969,473.1555480957031,0,-500,0
7.2661722730000005,366.58233642578125,310.9395446777344,473.1555480957031,0,-500,0
7.269996673,366.58331298828125,310.93792724609375,473.1575012207031,0,-500,0
7.274020818,366.5836181640625,310.9375915527344,473.1575012207031,0,-500,0
7.278345485,366.5828857421875,310.9399719238281,473.15625,0,-500,0
7.282123285,366.5843811035156,310.9388427734375,473.15625,0,-500,0
7.286042305,366.5843505859375,310.9382019042969,473.15625,0,-500,0
7.29028061,366.58294677734375,310.9400634765625,473.15814208984375,0,-500,0
7.294267973,366.5841369628906,310.9386291503906,473.15814208984375,0,-500,0
7.298145966,366.5843505859375,310.9382019042969,473.15625,0,-500,0
7.30239253,366.58233642578125,310.9395446777344,473.1555480957031,0,-500,0
7.306305702,366.5826416015625,310.9397888183594,473.15814208984375,0,-500,0
7.310296823,366.5841369628906,310.9380187988281,473.15814208984375,0,-500,0
7.31451338,366.5840759277344,310.9385681152344,473.15625,0,-500,0
7.318394012,366.58233642578125,310.9395446777344,473.1555480957031,0,-500,0
7.322320503,366.5843505859375,310.9382019042969,473.15625,0,-500,0
7.326710113,366.58331298828125,310.93792724609375,473.1575012207031,0,-500,0
7.330523387,366.5821228027344,310.9393310546875,473.1575012207031,0,-500,0
7.33451009,366.5831298828125,310.93963623046875,473.15625,0,-500,0
7.3386813029999995,366.5840759277344,310.9385681152344,473.15625,0,-500,0
7.342546611,366.5840759277344,310.9385681152344,473.15625,0,-500,0
7.346508436,366.5829162597656,310.9394226074219,473.15814208984375,0,-500,0
7.350772706,366.58355712890625,310.9381103515625,473.1555480957031,0,-500,0
7.354967985,366.5843811035156,310.9388427734375,473.15625,0,-500,0
7.358664683,366.5831298828125,310.93963623046875,473.15625,0,-500,0
7.362841262,366.5838317871094,310.9383544921875,473.15814208984375,0,-500,0
7.366771836,366.5838317871094,310.9383544921875,473.15814208984375,0,-500,0
7.3707369400000005,366.5826416015625,310.9391784667969,473.1555480957031,0,-500,0
7.375161805,366.58355712890625,310.9381103515625,473.1555480957031,0,-500,0
7.378890826,366.5843505859375,310.9382019042969,473.15625,0,-500,0
7.382828549,366.5836181640625,310.9375915527344,473.1575012207031,0,-500,0
7.387004704,366.58245849609375,310.93963623046875,473.1575012207031,0,-500,0
7.390955435,366.5838623046875,310.93780517578125,473.1555480957031,0,-500,0
7.394997474,366.5838623046875,310.93780517578125,473.1555480957031,0,-500,0
7.399180014,366.58245849609375,310.93963623046875,473.1575012207031,0,-500,0
7.403061511,366.5836181640625,310.9375915527344,473.1575012207031,0,-500,0
7.407100306,366.58380126953125,310.9378356933594,473.1555480957031,0,-500,0
7.411225895,366.58233642578125,310.9395446777344,473.1555480957031,0,-500,0
7.415245448,366.5836181640625,310.9375915527344,473.1575012207031,0,-500,0
7.419138838,366.5839538574219,310.9378662109375,473.1575012207031,0,-500,0
7.423478402,366.5828857421875,310.9399719238281,473.15625,0,-500,0
7.427249439,366.5843505859375,310.9382019042969,473.15625,0,-500,0
7.431267287,366.5838928222656,310.9383850097656,473.1555480957031,0,-500,0
7.43551231,366.5826416015625,310.9397888183594,473.15814208984375,0,-500,0
7.439377281,366.5841369628906,310.9380187988281,473.15814208984375,0,-500,0
7.443277763,366.58355712890625,310.9381103515625,473.1555480957031,0,-500,0
7.447545487,366.58233642578125,310.9395446777344,473.1555480957031,0,-500,0
7.451443954,366.5838623046875,310.93780517578125,473.1555480957031,0,-500,0
7.455733594,366.58331298828125,310.93792724609375,473.1575012207031,0,-500,0
7.459659123,366.5821228027344,310.9393310546875,473.1575012207031,0,-500,0
7.4635346160000005,366.5838623046875,310.93780517578125,473.1555480957031,0,-500,0
7.46748928,366.5840759277344,310.9385681152344,473.15625,0,-500,0
7.471834128,366.5821228027344,310.9393310546875,473.1575012207031,0,-500,0
7.47570586,366.5838623046875,310.93780517578125,473.1555480957031,0,-500,0
7.479643358,366.58233642578125,310.9395446777344,473.1555480957031,0,-500,0
7.483826018,366.58355712890625,310.9381103515625,473.1555480957031,0,-500,0
7.48766757,366.5838623046875,310.93780517578125,473.1555480957031,0,-500,0
7.491669152,366.5821228027344,310.9393310546875,473.1575012207031,0,-500,0
7.495998011,366.58331298828125,310.93792724609375,473.1575012207031,0,-500,0
7.499827579,366.5838623046875,310.93780517578125,473.1555480957031,0,-500,0
7.503811506,366.58233642578125,310.9395446777344,473.1555480957031,0,-500,0
7.507998145,366.58331298828125,310.93792724609375,473.1575012207031,0,-500,0
7.511910212,366.5836181640625,310.9375915527344,473.1575012207031,0,-500,0
7.515924966,366.58233642578125,310.9395446777344,473.1555480957031,0,-500,0
7.520306701,366.5843811035156,310.9388427734375,473.15625,0,-500,0
7.52402875,366.5841369628906,310.9380187988281,473.15814208984375,0,-500,0
7.527954881,366.5828857421875,310.9399719238281,473.15625,0,-500,0
7.532156964,366.5838928222656,310.9383850097656,473.1555480957031,0,-500,0
7.536167028,366.5841369628906,310.9380187988281,473.15814208984375,0,-500,0
7.540087219,366.5826416015625,310.9397888183594,473.15814208984375,0,-500,0
7.544308983,366.5840759277344,310.9385681152344,473.15625,0,-500,0
7.54820207,366.5843505859375,310.9382019042969,473.15625,0,-500,0
7.552150038,366.58294677734375,310.9400634765625,473.15814208984375,0,-500,0
7.556651927,366.5838317871094,310.9383544921875,473.15814208984375,0,-500,0
7.560339537,366.5843505859375,310.9382019042969,473.15625,0,-500,0
7.564274576,366.58233642578125,310.9395446777344,473.1555480957031,0,-500,0
7.568628007,366.5840759277344,310.9385681152344,473.15625,0,-500,0
7.572404126,366.5839538574219,310.9378662109375,473.1575012207031,0,-500,0
7.576355903,366.5821228027344,310.9393310546875,473.1575012207031,0,-500,0
7.580645236,366.58355712890625,310.9381103515625,473.1555480957031,0,-500,0
7.584476302,366.5838623046875,310.93780517578125,473.1555480957031,0,-500,0
7.5884290199999995,366.5821228027344,310.9393310546875,473.1575012207031,0,-500,0
7.592694411,366.58355712890625,310.9381103515625,473.1555480957031,0,-500,0
7.596664362,366.5846862792969,310.9384765625,473.15625,0,-500,0
7.600590659,366.5828857421875,310.9399719238281,473.15625,0,-500,0
7.604815433,366.5838317871094,310.9383544921875,473.15814208984375,0,-500,0
7.608685233,366.5843505859375,310.9382019042969,473.15625,0,-500,0
7.61264157,366.5828857421875,310.9399719238281,473.15625,0,-500,0
7.617107211,366.5840759277344,310.9385681152344,473.15625,0,-500,0
7.620811457,366.5841369628906,310.9380187988281,473.15814208984375,0,-500,0
7.624784233,366.5828857421875,310.9399719238281,473.15625,0,-500,0
7.628939216,366.58355712890625,310.9381103515625,473.1555480957031,0,-500,0
7.632865064,366.5843505859375,310.9382019042969,473.15625,0,-500,0
7.636883303,366.5826416015625,310.9397888183594,473.15814208984375,0,-500,0
7.641095787,366.5838317871094,310.9383544921875,473.15814208984375,0,-500,0
7.644982048,366.5843505859375,310.9382019042969,473.15625,0,-500,0
7.648952459,366.58233642578125,310.9395446777344,473.1555480957031,0,-500,0
7.653162153,366.58428955078125,310.9382629394531,473.15625,0,-500,0
7.657343867,366.5841369628906,310.9380187988281,473.15814208984375,0,-500,0
7.661050788,366.5826416015625,310.9397888183594,473.15814208984375,0,-500,0
7.665387179,366.5843505859375,310.9382019042969,473.15625,0,-500,0
7.669191958,366.5843505859375,310.9382019042969,473.15625,0,-500,0
7.67314284,366.5831604003906,310.94024658203125,473.15625,0,-500,0
7.677434069,366.5844421386719,310.93829345703125,473.15814208984375,0,-500,0
7.681286165,366.5841369628906,310.9380187988281,473.15814208984375,0,-500,0
7.685201608,366.58233642578125,310.9395446777344,473.1555480957031,0,-500,0
7.689480813,366.5838623046875,310.93780517578125,473.1555480957031,0,-500,0
7.6933588440000005,366.5839538574219,310.9378662109375,473.1575012207031,0,-500,0
7.697380965,366.5826721191406,310.9398193359375,473.1555480957031,0,-500,0
7.70153949,366.5838623046875,310.93780517578125,473.1555480957031,0,-500,0
7.705445292,366.58355712890625,310.9376525878906,473.1575012207031,0,-500,0
7.709429759,366.5821228027344,310.9393310546875,473.1575012207031,0,-500,0
7.713781342,366.5839538574219,310.9378662109375,473.1575012207031,0,-500,0
7.717636907,366.5841369628906,310.93804931640625,473.1555480957031,0,-500,0
7.721530229,366.58233642578125,310.9395446777344,473.1555480957031,0,-500,0
7.725713969,366.5836181640625,310.9375915527344,473.1575012207031,0,-500,0
7.729697659,366.5836181640625,310.9375915527344,473.1575012207031,0,-500,0
7.733598119,366.5826721191406,310.9398193359375,473.1555480957031,0,-500,0
7.737916722,366.5841369628906,310.93804931640625,473.1555480957031,0,-500,0
7.741752273,366.5841369628906,310.93804931640625,473.1555480957031,0,-500,0
7.745705022,366.58245849609375,310.93963623046875,473.1575012207031,0,-500,0
7.749933279,366.5838623046875,310.93780517578125,473.1555480957031,0,-500,0
7.75384789,366.5838623046875,310.93780517578125,473.1555480957031,0,-500,0
7.758039921,366.58233642578125,310.9395446777344,473.1555480957031,0,-500,0
7.762179684,366.5841369628906,310.93804931640625,473.1555480957031,0,-500,0
7.765936845,366.5838928222656,310.9378967285156,473.1575012207031,0,-500,0
7.769910369,366.5826721191406,310.9398193359375,473.1555480957031,0,-500,0
7.774150936,366.5841369628906,310.93804931640625,473.1555480957031,0,-500,0
7.778030893,366.5836181640625,310.9375915527344,473.1575012207031,0,-500,0
7.781940643,366.5821228027344,310.9393310546875,473.1575012207031,0,-500,0
7.786185247,366.5838623046875,310.93780517578125,473.1555480957031,0,-500,0
7.790127769,366.5838623046875,310.93780517578125,473.1555480957031,0,-500,0
7.794120234,366.58233642578125,310.9395446777344,473.1555480957031,0,-500,0
7.79836298,366.5841369628906,310.9380187988281,473.15814208984375,0,-500,0
7.8021965170000005,366.5846862792969,310.9384765625,473.15625,0,-500,0
7.806146116,366.5826721191406,310.9398193359375,473.1555480957031,0,-500,0
7.81056892,366.5838623046875,310.93780517578125,473.1555480957031,0,-500,0
7.814338738,366.5836181640625,310.9375915527344,473.1575012207031,0,-500,0
7.81835068,366.5821228027344,310.9393310546875,473.1575012207031,0,-500,0
7.822502549,366.5838623046875,310.93780517578125,473.1555480957031,0,-500,0
7.826406737,366.5838623046875,310.93780517578125,473.1555480957031,0,-500,0
7.830353049,366.5821228027344,310.9393310546875,473.1575012207031,0,-500,0
7.834666482,366.5838623046875,310.93780517578125,473.1555480957031,0,-500,0
7.838558635,366.5838928222656,310.9383850097656,473.1555480957031,0,-500,0
7.842484657,366.58233642578125,310.9395446777344,473.1555480957031,0,-500,0
7.8467029759999996,366.5836181640625,310.9375915527344,473.1575012207031,0,-500,0
7.850632615,366.5838928222656,310.9383850097656,473.1555480957031,0,-500,0
7.854569278,366.58233642578125,310.9395446777344,473.1555480957031,0,-500,0
7.8592202570000005,366.5838623046875,310.93780517578125,473.1555480957031,0,-500,0
7.862727295,366.58331298828125,310.93792724609375,473.1575012207031,0,-500,0
7.866677705,366.58233642578125,310.9395446777344,473.1555480957031,0,-500,0
7.870837772,366.5838623046875,310.93780517578125,473.1555480957031,0,-500,0
7.874809333,366.58331298828125,310.93792724609375,473.1575012207031,0,-500,0
7.878807509,366.5821228027344,310.9393310546875,473.1575012207031,0,-500,0
7.883006585,366.5838623046875,310.93780517578125,473.1555480957031,0,-500,0
7.886895252,366.58355712890625,310.9381103515625,473.1555480957031,0,-500,0
7.890830087,366.5821228027344,310.9393310546875,473.1575012207031,0,-500,0
7.895077971,366.5838623046875,310.93780517578125,473.1555480957031,0,-500,0
7.899051526,366.5838928222656,310.9383850097656,473.1555480957031,0,-500,0
7.902967802,366.58233642578125,310.9395446777344,473.1555480957031,0,-500,0
7.907326826,366.5836181640625,310.9375915527344,473.1575012207031,0,-500,0
7.911106013,366.5836486816406,310.9382019042969,473.1575012207031,0,-500,0
7.915063357,366.58233642578125,310.9395446777344,473.1555480957031,0,-500,0
7.919371718,366.5841369628906,310.93804931640625,473.1555480957031,0,-500,0
7.923206961,366.58331298828125,310.93792724609375,473.1575012207031,0,-500,0
7.927121306,366.5821228027344,310.9393310546875,473.1575012207031,0,-500,0
7.931379354,366.5841369628906,310.93804931640625,473.1555480957031,0,-500,0
7.93527984,366.5838928222656,310.9383850097656,473.1555480957031,0,-500,0
7.939344208,366.58294677734375,310.939453125,473.1555480957031,0,-500,0
7.943488864,366.5843505859375,310.9382019042969,473.15625,0,-500,0
7.947378093,366.5838317871094,310.9383544921875,473.15814208984375,0,-500,0
7.951320483,366.5824279785156,310.93902587890625,473.1575012207031,0,-500,0
7.95569151,366.5841369628906,310.93804931640625,473.1555480957031,0,-500,0
7.95979583,366.58355712890625,310.9381103515625,473.1555480957031,0,-500,0
7.963463259,366.5824279785156,310.93902587890625,473.1575012207031,0,-500,0
7.967663014,366.5836181640625,310.9375915527344,473.1575012207031,0,-500,0
7.971548629,366.58331298828125,310.93792724609375,473.1575012207031,0,-500,0
7.97550953,366.58294677734375,310.939453125,473.1555480957031,0,-500,0
7.979855504,366.5841369628906,310.93804931640625,473.1555480957031,0,-500,0
7.983706754,366.58331298828125,310.93792724609375,473.1575012207031,0,-500,0
7.987640186,366.5824279785156,310.93902587890625,473.1575012207031,0,-500,0
7.991832559,366.5838623046875,310.93780517578125,473.1555480957031,0,-500,0
7.995739108,366.58355712890625,310.9381103515625,473.1555480957031,0,-500,0
7.99974684,366.5827331542969,310.93927001953125,473.1575012207031,0,-500,0
8.004110121,366.5841369628906,310.93804931640625,473.1555480957031,0,-500,0
8.007859756,366.5843811035156,310.9388427734375,473.15625,0,-500,0
8.011813577,366.5829162597656,310.9394226074219,473.15814208984375,0,-500,0
8.016017732,366.5840759277344,310.9385681152344,473.15625,0,-500,0
8.019985523,366.58355712890625,310.9381103515625,473.1555480957031,0,-500,0
8.023980404,366.583251953125,310.939697265625,473.15814208984375,0,-500,0
8.028125042,366.5838317871094,310.9383544921875,473.15814208984375,0,-500,0
8.032023961,366.5843811035156,310.9388427734375,473.15625,0,-500,0
8.036013168,366.5831298828125,310.93963623046875,473.15625,0,-500,0
8.040291418,366.5838317871094,310.9383544921875,473.15814208984375,0,-500,0
8.044166053,366.5841369628906,310.9386291503906,473.15814208984375,0,-500,0
8.048102684,366.5831298828125,310.93963623046875,473.15625,0,-500,0
8.052446694,366.5840759277344,310.9385681152344,473.15625,0,-500,0
8.056209245,366.58331298828125,310.93792724609375,473.1575012207031,0,-500,0
8.060506308,366.5826416015625,310.9391784667969,473.1555480957031,0,-500,0
8.064460058,366.5838928222656,310.9383850097656,473.1555480957031,0,-500,0
8.068353496,366.5836181640625,310.9375915527344,473.1575012207031,0,-500,0
8.072269207,366.5824279785156,310.93902587890625,473.1575012207031,0,-500,0
8.076526882,366.5838928222656,310.9383850097656,473.1555480957031,0,-500,0
8.080508669,366.5838623046875,310.93780517578125,473.1555480957031,0,-500,0
8.084400925,366.5826110839844,310.9392395019531,473.1555480957031,0,-500,0
8.088594593,366.5841369628906,310.9386291503906,473.15814208984375,0,-500,0
8.092518892,366.5841369628906,310.9380187988281,473.15814208984375,0,-500,0
8.096470212,366.58343505859375,310.9399719238281,473.15625,0,-500,0
8.100889702,366.5843811035156,310.9388427734375,473.15625,0,-500,0
8.10464479,366.5843505859375,310.9382019042969,473.15625,0,-500,0
8.108629642,366.583251953125,310.939697265625,473.15814208984375,0,-500,0
8.112783595,366.58331298828125,310.93792724609375,473.1575012207031,0,-500,0
8.116706715,366.5838623046875,310.93780517578125,473.1555480957031,0,-500,0
8.120750184,366.5826416015625,310.9391784667969,473.1555480957031,0,-500,0
8.124928389,366.5836486816406,310.9382019042969,473.1575012207031,0,-500,0
8.128812499,366.5836181640625,310.9375915527344,473.1575012207031,0,-500,0
8.132779389,366.58294677734375,310.939453125,473.1555480957031,0,-500,0
8.136976769,366.5838928222656,310.9383850097656,473.1555480957031,0,-500,0
8.140958103,366.5836181640625,310.9375915527344,473.1575012207031,0,-500,0
8.144862536,366.5824279785156,310.93902587890625,473.1575012207031,0,-500,0
8.149247198,366.58355712890625,310.9381103515625,473.1555480957031,0,-500,0
8.153038818,366.5838623046875,310.93780517578125,473.1555480957031,0,-500,0
8.156958127,366.5828857421875,310.9394836425781,473.15814208984375,0,-500,0
8.16145972,366.5838317871094,310.9383544921875,473.15814208984375,0,-500,0
8.165127395,366.5843505859375,310.9382019042969,473.15625,0,-500,0
8.169075541,366.58343505859375,310.9399719238281,473.15625,0,-500,0
8.17331976,366.58331298828125,310.93792724609375,473.1575012207031,0,-500,0
8.177214869,366.5836181640625,310.9375915527344,473.1575012207031,0,-500,0
8.181254022,366.58294677734375,310.939453125,473.1555480957031,0,-500,0
8.185394637,366.5838928222656,310.9383850097656,473.1555480957031,0,-500,0
8.189250202,366.5839538574219,310.9378662109375,473.1575012207031,0,-500,0
8.19327184,366.5826416015625,310.9391784667969,473.1555480957031,0,-500,0
8.197642415,366.58355712890625,310.9381103515625,473.1555480957031,0,-500,0
8.201454466,366.5838623046875,310.93780517578125,473.1555480957031,0,-500,0
8.205377066,366.5828857421875,310.9394836425781,473.15814208984375,0,-500,0
8.209556318,366.5838928222656,310.9383850097656,473.1555480957031,0,-500,0
8.213469189,366.5841369628906,310.93804931640625,473.1555480957031,0,-500,0
8.217443203,366.5826110839844,310.9392395019531,473.1555480957031,0,-500,0
8.221774125,366.58331298828125,310.93792724609375,473.1575012207031,0,-500,0
8.22561224,366.5839538574219,310.9378662109375,473.1575012207031,0,-500,0
8.229545172,366.5826416015625,310.9391784667969,473.1555480957031,0,-500,0
8.233809581,366.5840759277344,310.9385681152344,473.15625,0,-500,0
8.237700595,366.5841369628906,310.9380187988281,473.15814208984375,0,-500,0
8.241668256,366.5824279785156,310.93902587890625,473.1575012207031,0,-500,0
8.246010622,366.58355712890625,310.9381103515625,473.1555480957031,0,-500,0
8.249772992,366.5838623046875,310.93780517578125,473.1555480957031,0,-500,0
8.253803077,366.58245849609375,310.93963623046875,473.1575012207031,0,-500,0
8.25794842,366.5836486816406,310.9382019042969,473.1575012207031,0,-500,0
8.262131928,366.5838623046875,310.93780517578125,473.1555480957031,0,-500,0
8.265848719,366.58233642578125,310.9395446777344,473.1555480957031,0,-500,0
8.270046697,366.58331298828125,310.93792724609375,473.1575012207031,0,-500,0
8.27401712,366.5836181640625,310.9375915527344,473.1575012207031,0,-500,0
8.277957256,366.58233642578125,310.9395446777344,473.1555480957031,0,-500,0
8.282225928999999,366.58355712890625,310.9381103515625,473.1555480957031,0,-500,0
8.286067014,366.5836181640625,310.9375915527344,473.1575012207031,0,-500,0
8.29000221,366.5826721191406,310.9398193359375,473.1555480957031,0,-500,0
8.29437766,366.58355712890625,310.9381103515625,473.1555480957031,0,-500,0
8.298176635,366.5836181640625,310.9375915527344,473.1575012207031,0,-500,0
8.302167871,366.58245849609375,310.93963623046875,473.1575012207031,0,-500,0
8.306355834,366.58355712890625,310.9381103515625,473.1555480957031,0,-500,0
8.310232135,366.5838623046875,310.93780517578125,473.1555480957031,0,-500,0
8.314163753,366.58233642578125,310.9395446777344,473.1555480957031,0,-500,0
8.318444051,366.5836486816406,310.9382019042969,473.1575012207031,0,-500,0
8.322431395,366.5838623046875,310.93780517578125,473.1555480957031,0,-500,0
8.326332928,366.58233642578125,310.9395446777344,473.1555480957031,0,-500,0
8.33054974,366.58355712890625,310.9381103515625,473.1555480957031,0,-500,0
8.334443409,366.5836181640625,310.9375915527344,473.1575012207031,0,-500,0
8.338405007,366.5821228027344,310.9393310546875,473.1575012207031,0,-500,0
8.34285213,366.5838928222656,310.9383850097656,473.1555480957031,0,-500,0
8.346594797,366.5838623046875,310.93780517578125,473.1555480957031,0,-500,0
8.350531141,366.5821228027344,310.9393310546875,473.1575012207031,0,-500,0
8.354727559,366.5836486816406,310.9382019042969,473.1575012207031,0,-500,0
8.358673844,366.5841369628906,310.93804931640625,473.1555480957031,0,-500,0
8.362884041,366.5828857421875,310.9399719238281,473.15625,0,-500,0
8.366863121,366.5838317871094,310.9383544921875,473.15814208984375,0,-500,0
8.370739834,366.5844421386719,310.93829345703125,473.15814208984375,0,-500,0
8.374695929,366.58233642578125,310.9395446777344,473.1555480957031,0,-500,0
8.378895365,366.58355712890625,310.9381103515625,473.1555480957031,0,-500,0
8.38288268,366.5841369628906,310.9380187988281,473.15814208984375,0,-500,0
8.3867881,366.5828857421875,310.9399719238281,473.15625,0,-500,0
8.391141893,366.58428955078125,310.9382629394531,473.15625,0,-500,0
8.394927242,366.5843505859375,310.9382019042969,473.15625,0,-500,0
8.398845809,366.5826416015625,310.9397888183594,473.15814208984375,0,-500,0
8.403206055,366.5843505859375,310.9382019042969,473.15625,0,-500,0
8.407039368,366.5843505859375,310.9382019042969,473.15625,0,-500,0
8.410971972,366.5826416015625,310.9397888183594,473.15814208984375,0,-500,0
8.415233274,366.5836181640625,310.9375915527344,473.1575012207031,0,-500,0
8.419124612,366.5846862792969,310.9384765625,473.15625,0,-500,0
8.423158341,366.5828857421875,310.9399719238281,473.15625,0,-500,0
8.427303377,366.5843505859375,310.9382019042969,473.15625,0,-500,0
8.431214944,366.5841369628906,310.9380187988281,473.15814208984375,0,-500,0
8.435152274,366.5828857421875,310.9399719238281,473.15625,0,-500,0
8.439534593,366.5843505859375,310.9382019042969,473.15625,0,-500,0
8.443407746,366.5840759277344,310.9385681152344,473.15625,0,-500,0
8.447344666,366.58294677734375,310.9400634765625,473.15814208984375,0,-500,0
8.451485863,366.5841369628906,310.9380187988281,473.15814208984375,0,-500,0
8.455397133,366.58331298828125,310.93792724609375,473.1575012207031,0,-500,0
8.459343537,366.5831604003906,310.94024658203125,473.15625,0,-500,0
8.463940231,366.5843505859375,310.9382019042969,473.15625,0,-500,0
8.467531126,366.58331298828125,310.93792724609375,473.1575012207031,0,-500,0
8.471471079,366.5826416015625,310.9397888183594,473.15814208984375,0,-500,0
8.475690988,366.5843505859375,310.9382019042969,473.15625,0,-500,0
8.479607211,366.5840759277344,310.9385681152344,473.15625,0,-500,0
8.483528947,366.5826416015625,310.9397888183594,473.15814208984375,0,-500,0
8.487966742,366.5841369628906,310.9380187988281,473.15814208984375,0,-500,0
8.491699833,366.5840759277344,310.9385681152344,473.15625,0,-500,0
8.49566392,366.5828857421875,310.9399719238281,473.15625,0,-500,0
8.499860611999999,366.5843505859375,310.9382019042969,473.15625,0,-500,0
8.503879665,366.5838317871094,310.9383544921875,473.15814208984375,0,-500,0
8.507743842,366.5826416015625,310.9397888183594,473.15814208984375,0,-500,0
8.511972321,366.5843505859375,310.9382019042969,473.15625,0,-500,0
8.515887328,366.5840759277344,310.9385681152344,473.15625,0,-500,0
8.519861927000001,366.5826416015625,310.9397888183594,473.15814208984375,0,-500,0
8.524138413,366.5838623046875,310.93780517578125,473.1555480957031,0,-500,0
8.527982167,366.58355712890625,310.9381103515625,473.1555480957031,0,-500,0
8.531962958,366.5828857421875,310.93951416015625,473.1555480957031,0,-500,0
8.536288847,366.5839538574219,310.9378662109375,473.1575012207031,0,-500,0
8.540084856,366.58331298828125,310.93792724609375,473.1575012207031,0,-500,0
8.544114731,366.58294677734375,310.939453125,473.1555480957031,0,-500,0
8.548309908,366.5841369628906,310.93804931640625,473.1555480957031,0,-500,0
8.552155416,366.58331298828125,310.93792724609375,473.1575012207031,0,-500,0
8.556087158,366.5826416015625,310.9391784667969,473.1555480957031,0,-500,0
8.560397262,366.5841369628906,310.9381103515625,473.1555480957031,0,-500,0
8.56453758,366.5838928222656,310.9383850097656,473.1555480957031,0,-500,0
8.568256783,366.5824279785156,310.93902587890625,473.1575012207031,0,-500,0
8.572464872,366.58331298828125,310.93792724609375,473.1575012207031,0,-500,0
8.576357148,366.58355712890625,310.9381103515625,473.1555480957031,0,-500,0
8.580303267,366.5826416015625,310.9391784667969,473.1555480957031,0,-500,0
8.584733241,366.58355712890625,310.9381103515625,473.1555480957031,0,-500,0
8.588483487,366.58331298828125,310.93792724609375,473.1575012207031,0,-500,0
8.592443551,366.5826416015625,310.9391784667969,473.1555480957031,0,-500,0
8.596644914,366.58355712890625,310.9381103515625,473.1555480957031,0,-500,0
8.600580225,366.58355712890625,310.9381103515625,473.1555480957031,0,-500,0
8.604502108,366.5824279785156,310.93902587890625,473.1575012207031,0,-500,0
8.608772976000001,366.58355712890625,310.9381103515625,473.1555480957031,0,-500,0
8.612646979,366.58380126953125,310.9378356933594,473.1555480957031,0,-500,0
8.616647089,366.5826416015625,310.9391784667969,473.1555480957031,0,-500,0
8.620833699,366.5836486816406,310.9382019042969,473.1575012207031,0,-500,0
8.624798847,366.5839538574219,310.9378662109375,473.1575012207031,0,-500,0
8.62868453,366.5826416015625,310.9391784667969,473.1555480957031,0,-500,0
8.633063841,366.58355712890625,310.9381103515625,473.1555480957031,0,-500,0
8.636932879,366.5836181640625,310.9375915527344,473.1575012207031,0,-500,0
8.640794724,366.5827331542969,310.93927001953125,473.1575012207031,0,-500,0
8.645097596,366.5838928222656,310.9383850097656,473.1555480957031,0,-500,0
8.648958029,366.5841369628906,310.93804931640625,473.1555480957031,0,-500,0
8.65291702,366.5823669433594,310.9390869140625,473.1575012207031,0,-500,0
8.657195555,366.58355712890625,310.9381103515625,473.1555480957031,0,-500,0
8.661042183,366.5841369628906,310.93804931640625,473.1555480957031,0,-500,0
8.665294266,366.5821228027344,310.9393310546875,473.1575012207031,0,-500,0
8.669225536999999,366.58331298828125,310.93792724609375,473.1575012207031,0,-500,0
8.673133613,366.5841369628906,310.93804931640625,473.1555480957031,0,-500,0
8.67712607,366.5821228027344,310.9393310546875,473.1575012207031,0,-500,0
8.681447622,366.58331298828125,310.93792724609375,473.1575012207031,0,-500,0
8.68528956,366.5841369628906,310.93804931640625,473.1555480957031,0,-500,0
8.689214564,366.58233642578125,310.9395446777344,473.1555480957031,0,-500,0
8.693397769,366.58331298828125,310.93792724609375,473.1575012207031,0,-500,0
8.697338039,366.5836181640625,310.9375915527344,473.1575012207031,0,-500,0
8.701241047,366.58233642578125,310.9395446777344,473.1555480957031,0,-500,0
8.705602385,366.5838928222656,310.9383850097656,473.1555480957031,0,-500,0
8.709444468000001,366.5838623046875,310.93780517578125,473.1555480957031,0,-500,0
8.713361025,366.5821228027344,310.9393310546875,473.1575012207031,0,-500,0
8.717605237,366.5838928222656,310.9383850097656,473.1555480957031,0,-500,0
8.721511103,366.5838623046875,310.93780517578125,473.1555480957031,0,-500,0
8.725511386,366.58233642578125,310.9395446777344,473.1555480957031,0,-500,0
8.729851586,366.5838928222656,310.9378967285156,473.1575012207031,0,-500,0
8.73362511,366.5841369628906,310.93804931640625,473.1555480957031,0,-500,0
8.737627697,366.5826721191406,310.9398193359375,473.1555480957031,0,-500,0
8.741780505,366.5836181640625,310.9375915527344,473.1575012207031,0,-500,0
8.745771304,366.5838623046875,310.93780517578125,473.1555480957031,0,-500,0
8.749666651,366.5826721191406,310.9398193359375,473.1555480957031,0,-500,0
8.753915576,366.5843505859375,310.9382019042969,473.15625,0,-500,0
8.75780069,366.5839538574219,310.9378662109375,473.1575012207031,0,-500,0
8.761763702,366.58233642578125,310.9395446777344,473.1555480957031,0,-500,0
8.766250775,366.5838623046875,310.93780517578125,473.1555480957031,0,-500,0
8.769883874,366.5836181640625,310.9375915527344,473.1575012207031,0,-500,0
8.773870287,366.58331298828125,310.93792724609375,473.1575012207031,0,-500,0
8.778210198,366.5838623046875,310.93780517578125,473.1555480957031,0,-500,0
8.781995893,366.5838623046875,310.93780517578125,473.1555480957031,0,-500,0
8.785668518,366.58331298828125,310.93792724609375,473.1575012207031,0,-500,0
8.78977884,366.5838623046875,310.93780517578125,473.1555480957031,0,-500,0
8.793788507,366.5838623046875,310.93780517578125,473.1555480957031,0,-500,0
8.797722028,366.5836486816406,310.9382019042969,473.1575012207031,0,-500,0
8.801983853,366.5839538574219,310.9378662109375,473.1575012207031,0,-500,0
8.805993283,366.58380126953125,310.9378356933594,473.1555480957031,0,-500,0
8.809896903,366.58355712890625,310.9381103515625,473.1555480957031,0,-500,0
8.814118551,366.5838623046875,310.93780517578125,473.1555480957031,0,-500,0
8.818043228,366.5838623046875,310.93780517578125,473.1555480957031,0,-500,0
8.822037335,366.58331298828125,310.93792724609375,473.1575012207031,0,-500,0
8.826556026,366.5839538574219,310.9378662109375,473.1575012207031,0,-500,0
8.830243384,366.5841369628906,310.93804931640625,473.1555480957031,0,-500,0
8.834241965,366.5838928222656,310.9383850097656,473.1555480957031,0,-500,0
8.838537382,366.5836181640625,310.9375915527344,473.1575012207031,0,-500,0
