time,feedback_position_x,feedback_position_y,feedback_position_z,setpoint_speed_z,setpoint_speed_y,setpoint_speed_z
0.003882099,466.83343505859375,556.3519897460938,497.49505615234375,0,-200,0
0.008242857,466.83343505859375,556.3519897460938,497.49505615234375,0,-200,0
0.012309522,466.83343505859375,556.3519897460938,497.49505615234375,0,-200,0
0.016328646,466.83343505859375,556.3519897460938,497.49505615234375,0,-200,0
0.020125905,466.83343505859375,556.3519897460938,497.49505615234375,0,-200,0
0.024325149,466.83343505859375,556.3519897460938,497.49505615234375,0,-200,0
0.028295709,466.83404541015625,556.349365234375,497.4929504394531,0,-200,0
0.032207725,466.83746337890625,556.3309326171875,497.49267578125,0,-200,0
0.036368623,466.8542175292969,556.298095703125,497.5294494628906,0,-200,0
0.040308064,466.8874206542969,556.1932983398438,497.59210205078125,0,-200,0
0.044288675,466.9465637207031,556.0066528320313,497.6535949707031,0,-200,0
0.04858901,467.0184631347656,555.7589111328125,497.72979736328125,0,-200,0
0.052442537,467.0809631347656,555.4349975585938,497.81353759765625,0,-200,0
0.056400239,467.1302795410156,555.0270385742188,497.8925476074219,0,-200,0
0.060621891,467.12744140625,554.5632934570313,497.8984375,0,-200,0
0.064716885,467.0668029785156,554.0838623046875,497.82403564453125,0,-200,0
0.068694569,466.9732360839844,553.5548706054688,497.7505187988281,0,-200,0
0.072852134,466.8885803222656,552.9315795898438,497.6883544921875,0,-200,0
0.076764548,466.8184509277344,552.2365112304688,497.6050720214844,0,-200,0
0.080814126,466.7425231933594,551.5031127929688,497.49395751953125,0,-200,0
0.085039285,466.684326171875,550.7313232421875,497.4364013671875,0,-200,0
0.089008332,466.66522216796875,549.90625,497.4363708496094,0,-200,0
0.09297504,466.669677734375,549.0550537109375,497.4381103515625,0,-200,0
0.097175794,466.6660461425781,548.2120971679688,497.41339111328125,0,-200,0
0.101073365,466.6647033691406,547.387451171875,497.41015625,0,-200,0
0.105060859,466.6696472167969,546.5563354492188,497.4321594238281,0,-200,0
0.109530598,466.68182373046875,545.7230834960938,497.4670715332031,0,-200,0
0.113318627,466.6917419433594,544.8953247070313,497.49481201171875,0,-200,0
0.117218489,466.6860656738281,544.0816650390625,497.51983642578125,0,-200,0
0.121340889,466.6805419921875,543.2692260742188,497.54736328125,0,-200,0
0.125221645,466.6748352050781,542.4549560546875,497.56695556640625,0,-200,0
0.129264205,466.6605224609375,541.647705078125,497.57135009765625,0,-200,0
0.133415251,466.6367492675781,540.8432006835938,497.5582580566406,0,-200,0
0.137364534,466.6041259765625,540.0491333007813,497.5479431152344,0,-200,0
0.141322981,466.5703125,539.2456665039063,497.51702880859375,0,-200,0
0.145537951,466.54254150390625,538.4442138671875,497.4897155761719,0,-200,0
0.149496514,466.51458740234375,537.634521484375,497.4603576660156,0,-200,0
0.153454977,466.4893493652344,536.8231201171875,497.4261474609375,0,-200,0
0.157637223,466.47064208984375,536.0142822265625,497.3967590332031,0,-200,0
0.161658649,466.4442443847656,535.2022094726563,497.3639221191406,0,-200,0
0.165521395,466.4159851074219,534.4017333984375,497.3568420410156,0,-200,0
0.169796331,466.3896789550781,533.5945434570313,497.3467102050781,0,-200,0
0.173630594,466.37200927734375,532.7879638671875,497.3446350097656,0,-200,0
0.17759975,466.3517761230469,531.9801635742188,497.3321533203125,0,-200,0
0.181843637,466.34161376953125,531.16650390625,497.3372802734375,0,-200,0
0.18574558,466.33697509765625,530.3463134765625,497.3604431152344,0,-200,0
0.189783162,466.3385314941406,529.5245361328125,497.3791198730469,0,-200,0
0.19395202,466.3434753417969,528.7028198242188,497.3957214355469,0,-200,0
0.197841537,466.3446044921875,527.8782958984375,497.40631103515625,0,-200,0
0.201770917,466.3441467285156,527.057373046875,497.4227294921875,0,-200,0
0.205954834,466.33282470703125,526.2384033203125,497.4180908203125,0,-200,0
0.210351318,466.3277893066406,525.4221801757813,497.4215087890625,0,-200,0
0.213958893,466.31365966796875,524.607421875,497.421142578125,0,-200,0
0.218176654,466.2907409667969,523.7999877929688,497.40997314453125,0,-200,0
0.221969347,466.261474609375,523.0001831054688,497.3979187011719,0,-200,0
0.225992383,466.22705078125,522.19921875,497.37933349609375,0,-200,0
0.230294215,466.19781494140625,521.399169921875,497.366455078125,0,-200,0
0.234170905,466.17181396484375,520.593994140625,497.34307861328125,0,-200,0
0.238149772,466.1505126953125,519.78759765625,497.3227844238281,0,-200,0
0.242390315,466.13140869140625,518.97998046875,497.31787109375,0,-200,0
0.24620146,466.1065979003906,518.1773071289063,497.31298828125,0,-200,0
0.250255821,466.08465576171875,517.372314453125,497.30157470703125,0,-200,0
0.254396673,466.06658935546875,516.5669555664063,497.2852478027344,0,-200,0
0.258444899,466.05145263671875,515.7591552734375,497.2679443359375,0,-200,0
0.262275353,466.03045654296875,514.949462890625,497.2598876953125,0,-200,0
0.266493681,466.01641845703125,514.1416625976563,497.26812744140625,0,-200,0
0.270435749,466.00439453125,513.3297729492188,497.27008056640625,0,-200,0
0.274395067,465.99542236328125,512.5142822265625,497.26898193359375,0,-200,0
0.278582932,465.9898681640625,511.6944885253906,497.2682800292969,0,-200,0
0.282514125,465.983642578125,510.8731384277344,497.2744140625,0,-200,0
0.286508583,465.9740905761719,510.0557861328125,497.27679443359375,0,-200,0
0.2907307,465.9601135253906,509.2398986816406,497.27752685546875,0,-200,0
0.294590305,465.9463806152344,508.43017578125,497.2839660644531,0,-200,0
0.298554935,465.92822265625,507.6202697753906,497.2838134765625,0,-200,0
0.302780321,465.9122619628906,506.810302734375,497.28399658203125,0,-200,0
0.306820096,465.8979797363281,506.0045166015625,497.2874450683594,0,-200,0
0.310981165,465.8758239746094,505.19549560546875,497.27838134765625,0,-200,0
0.314952608,465.8536376953125,504.3989562988281,497.2767028808594,0,-200,0
0.318760703,465.8273010253906,503.5968933105469,497.25799560546875,0,-200,0
0.322754249,465.8009033203125,502.79522705078125,497.2460021972656,0,-200,0
0.326968555,465.78179931640625,501.9900817871094,497.24505615234375,0,-200,0
0.330951861,465.7615661621094,501.1842346191406,497.2375183105469,0,-200,0
0.334910001,465.74127197265625,500.3768310546875,497.21539306640625,0,-200,0
0.339114827,465.72265625,499.56964111328125,497.19183349609375,0,-200,0
0.342956532,465.7059326171875,498.7597961425781,497.17291259765625,0,-200,0
0.346930661,465.689453125,497.94915771484375,497.1695251464844,0,-200,0
0.35123053,465.67022705078125,497.1376647949219,497.15606689453125,0,-200,0
0.355246937,465.661376953125,496.327392578125,497.15106201171875,0,-200,0
0.359075623,465.6493835449219,495.5133361816406,497.1447448730469,0,-200,0
0.363276967,465.6426086425781,494.6976623535156,497.1485900878906,0,-200,0
0.367155886,465.6387939453125,493.87957763671875,497.1561279296875,0,-200,0
0.371223249,465.6274719238281,493.0637512207031,497.1584167480469,0,-200,0
0.375343931,465.6180114746094,492.2561950683594,497.1771240234375,0,-200,0
0.37926117,465.6014099121094,491.4442443847656,497.1839599609375,0,-200,0
0.383255821,465.5887756347656,490.6347351074219,497.1864013671875,0,-200,0
0.387451102,465.5763244628906,489.8326110839844,497.19842529296875,0,-200,0
0.391387738,465.55718994140625,489.02410888671875,497.194580078125,0,-200,0
0.39536348,465.5392761230469,488.21697998046875,497.1917419433594,0,-200,0
0.39952052,465.5194396972656,487.4124450683594,497.1800842285156,0,-200,0
0.403575696,465.4929504394531,486.61077880859375,497.1576843261719,0,-200,0
0.407486306,465.4696960449219,485.8064880371094,497.1500244140625,0,-200,0
0.411933197,465.4457092285156,485.0006408691406,497.13519287109375,0,-200,0
0.415566572,465.42852783203125,484.1925048828125,497.1204528808594,0,-200,0
0.41949102,465.4121398925781,483.383544921875,497.09521484375,0,-200,0
0.423752329,465.39129638671875,482.5806579589844,497.07049560546875,0,-200,0
0.427648885,465.37188720703125,481.7825012207031,497.0657043457031,0,-200,0
0.431727983,465.352783203125,480.9739990234375,497.0583801269531,0,-200,0
0.435855202,465.34393310546875,480.16546630859375,497.06201171875,0,-200,0
0.43971613,465.3324890136719,479.3539733886719,497.0586242675781,0,-200,0
0.443704066,465.3178405761719,478.54217529296875,497.05120849609375,0,-200,0
0.447904487,465.3046875,477.7353820800781,497.0565490722656,0,-200,0
0.452030511,465.2861633300781,476.9285583496094,497.06134033203125,0,-200,0
0.455883427,465.2706298828125,476.1202392578125,497.0593566894531,0,-200,0
0.460051574,465.26019287109375,475.31036376953125,497.06646728515625,0,-200,0
0.463912063,465.2470397949219,474.4968566894531,497.0679016113281,0,-200,0
0.467909657,465.2347412109375,473.68328857421875,497.0686950683594,0,-200,0
0.472213743,465.2171325683594,472.8767395019531,497.0610046386719,0,-200,0
0.47607828,465.1968688964844,472.0751037597656,497.06207275390625,0,-200,0
0.480020194,465.18096923828125,471.2657470703125,497.06268310546875,0,-200,0
0.484248785,465.1648864746094,470.4580078125,497.0570068359375,0,-200,0
0.488176045,465.147705078125,469.6555480957031,497.04510498046875,0,-200,0
0.492201892,465.13275146484375,468.85125732421875,497.03948974609375,0,-200,0
0.496323624,465.11474609375,468.0462951660156,497.0365905761719,0,-200,0
0.500355503,465.0957946777344,467.24261474609375,497.0326232910156,0,-200,0
0.504187334,465.07781982421875,466.43682861328125,497.0214538574219,0,-200,0
0.508421163,465.0575866699219,465.6319885253906,497.0007629394531,0,-200,0
0.512576605,465.0399169921875,464.8291931152344,496.98333740234375,0,-200,0
0.516322188,465.0260314941406,464.0189208984375,496.9736633300781,0,-200,0
0.520500324,465.011474609375,463.20556640625,496.9698181152344,0,-200,0
0.524449469,464.99609375,462.3955078125,496.9619140625,0,-200,0
0.5284504,464.98040771484375,461.58624267578125,496.9467468261719,0,-200,0
0.532659481,464.9666748046875,460.7793884277344,496.9454040527344,0,-200,0
0.536538296,464.9514465332031,459.9688415527344,496.9443054199219,0,-200,0
0.540549379,464.9383544921875,459.16015625,496.9493408203125,0,-200,0
0.544676439,464.9263916015625,458.3522033691406,496.9513854980469,0,-200,0
0.548688186,464.9147644042969,457.5415954589844,496.9564514160156,0,-200,0
0.552668635,464.90203857421875,456.73699951171875,496.9692687988281,0,-200,0
0.556833285,464.8868713378906,455.9283752441406,496.97491455078125,0,-200,0
0.560699936,464.8712158203125,455.1236267089844,496.973876953125,0,-200,0
0.564689876,464.8561096191406,454.3192443847656,496.97564697265625,0,-200,0
0.568865194,464.8392639160156,453.51727294921875,496.9794616699219,0,-200,0
0.572860966,464.81842041015625,452.71051025390625,496.9681396484375,0,-200,0
0.576856996,464.7970886230469,451.90789794921875,496.9493713378906,0,-200,0
0.580997387,464.7745056152344,451.1065673828125,496.9336242675781,0,-200,0
0.584913152,464.75543212890625,450.29779052734375,496.9227294921875,0,-200,0
0.588847353,464.74053955078125,449.48760986328125,496.9146728515625,0,-200,0
0.593196288,464.7221374511719,448.68402099609375,496.9001159667969,0,-200,0
0.597189631,464.7001037597656,447.880859375,496.8778381347656,0,-200,0
0.600977319,464.6819152832031,447.08026123046875,496.8630676269531,0,-200,0
0.604992296,464.6607666015625,446.2747497558594,496.8482666015625,0,-200,0
0.60907487,464.64703369140625,445.4667053222656,496.8507995605469,0,-200,0
0.613375376,464.63690185546875,444.6574401855469,496.8546142578125,0,-200,0
0.617299153,464.6226806640625,443.84747314453125,496.8485107421875,0,-200,0
0.621217627,464.6116027832031,443.0435485839844,496.85626220703125,0,-200,0
0.62518577,464.5985412597656,442.236572265625,496.86358642578125,0,-200,0
0.629371945,464.5845642089844,441.425048828125,496.86346435546875,0,-200,0
0.633298224,464.576904296875,440.6192626953125,496.87255859375,0,-200,0
0.637282024,464.5636291503906,439.8109130859375,496.8721008300781,0,-200,0
0.641460019,464.5445251464844,438.9992370605469,496.8648681640625,0,-200,0
0.64549819,464.5308837890625,438.19268798828125,496.86883544921875,0,-200,0
0.649346071,464.5136413574219,437.388671875,496.87188720703125,0,-200,0
0.653639035,464.49102783203125,436.58245849609375,496.8544006347656,0,-200,0
0.657477441,464.47393798828125,435.779052734375,496.853515625,0,-200,0
0.66141458,464.4573974609375,434.9759826660156,496.8511047363281,0,-200,0
0.665653336,464.4343566894531,434.16766357421875,496.8340148925781,0,-200,0
0.669570899,464.4197692871094,433.36383056640625,496.8207092285156,0,-200,0
0.673610125,464.4032897949219,432.5594787597656,496.8101806640625,0,-200,0
0.677848045,464.3859558105469,431.7548828125,496.80181884765625,0,-200,0
0.681727597,464.37200927734375,430.9515075683594,496.80010986328125,0,-200,0
0.68564021,464.3542175292969,430.1468505859375,496.79351806640625,0,-200,0
0.6898164,464.3398742675781,429.3360290527344,496.78070068359375,0,-200,0
0.693959279,464.330810546875,428.5289306640625,496.7749328613281,0,-200,0
0.697809098,464.31817626953125,427.71929931640625,496.76470947265625,0,-200,0
0.701958595,464.30255126953125,426.9089660644531,496.76141357421875,0,-200,0
0.70586334,464.2897033691406,426.10595703125,496.771728515625,0,-200,0
0.709824897,464.27142333984375,425.29693603515625,496.7661437988281,0,-200,0
0.714323639,464.2531433105469,424.4917297363281,496.7590026855469,0,-200,0
0.717977754,464.2357482910156,423.69195556640625,496.7641296386719,0,-200,0
0.721948521,464.2191467285156,422.8861999511719,496.7669372558594,0,-200,0
0.726175591,464.2003173828125,422.0797119140625,496.7648620605469,0,-200,0
0.730031442,464.18798828125,421.2738342285156,496.765869140625,0,-200,0
0.734019981,464.1711120605469,420.471435546875,496.7677307128906,0,-200,0
0.738235104,464.149658203125,419.6714172363281,496.76324462890625,0,-200,0
0.742277706,464.1304626464844,418.8742980957031,496.7612609863281,0,-200,0
0.746105747,464.11090087890625,418.0703430175781,496.75408935546875,0,-200,0
0.750344375,464.0975036621094,417.2645568847656,496.74310302734375,0,-200,0
0.75427809,464.0838623046875,416.4576416015625,496.7375183105469,0,-200,0
0.758272608,464.0711669921875,415.64910888671875,496.7327575683594,0,-200,0
0.762414709,464.05389404296875,414.84515380859375,496.7206115722656,0,-200,0
0.766335927,464.03875732421875,414.0387268066406,496.70294189453125,0,-200,0
0.770315237,464.0234375,413.2334289550781,496.6983642578125,0,-200,0
0.774587639,464.0105285644531,412.4243469238281,496.6959533691406,0,-200,0
0.778496399,463.9969482421875,411.6176452636719,496.69573974609375,0,-200,0
0.782405293,463.9795837402344,410.81072998046875,496.6865539550781,0,-200,0
0.786630179,463.9625244140625,410.0071716308594,496.67852783203125,0,-200,0
0.790635148,463.9455871582031,409.2038879394531,496.67108154296875,0,-200,0
0.794586727,463.931640625,408.39862060546875,496.6663818359375,0,-200,0
0.798709033,463.91876220703125,407.5919189453125,496.66619873046875,0,-200,0
0.802604445,463.9026184082031,406.7868957519531,496.674072265625,0,-200,0
0.806523752,463.88726806640625,405.9840087890625,496.6755065917969,0,-200,0
0.810693599,463.8705139160156,405.176513671875,496.6737365722656,0,-200,0
0.814969196,463.85772705078125,404.37603759765625,496.6748352050781,0,-200,0
0.818650973,463.8402404785156,403.5708923339844,496.6701965332031,0,-200,0
0.822900898,463.8240966796875,402.76654052734375,496.6689147949219,0,-200,0
0.82676273,463.80908203125,401.9635925292969,496.6591796875,0,-200,0
0.830748638,463.7933349609375,401.1589660644531,496.6509094238281,0,-200,0
0.8350894,463.7789611816406,400.35540771484375,496.6466979980469,0,-200,0
0.839094752,463.7644348144531,399.5461120605469,496.6395263671875,0,-200,0
0.842918806,463.7508239746094,398.73919677734375,496.6365966796875,0,-200,0
0.846895397,463.731689453125,397.9383544921875,496.6243591308594,0,-200,0
0.850991574,463.7112731933594,397.13848876953125,496.62030029296875,0,-200,0
0.855050227,463.69818115234375,396.3353576660156,496.6222229003906,0,-200,0
0.859223919,463.6846008300781,395.5279846191406,496.6175231933594,0,-200,0
0.863130861,463.6695251464844,394.71783447265625,496.6048889160156,0,-200,0
0.867104829,463.65277099609375,393.9148254394531,496.5980224609375,0,-200,0
0.871330315,463.6318359375,393.11602783203125,496.5971374511719,0,-200,0
0.875193571,463.6084289550781,392.314697265625,496.5943603515625,0,-200,0
0.879194333,463.5910949707031,391.51129150390625,496.5939636230469,0,-200,0
0.88336477,463.5820007324219,390.7047424316406,496.5974426269531,0,-200,0
0.887414083,463.56591796875,389.9013366699219,496.58929443359375,0,-200,0
0.891280331,463.5470886230469,389.0992736816406,496.57965087890625,0,-200,0
0.895558102,463.5328369140625,388.29705810546875,496.5760803222656,0,-200,0
0.899415652,463.5158386230469,387.48870849609375,496.5712890625,0,-200,0
0.903353096,463.5027770996094,386.6804504394531,496.5735778808594,0,-200,0
0.907583186,463.4932861328125,385.8736267089844,496.5703430175781,0,-200,0
0.911526674,463.47979736328125,385.0693664550781,496.5636291503906,0,-200,0
0.91577237,463.46160888671875,384.2670593261719,496.55517578125,0,-200,0
0.919725357,463.4500427246094,383.4618225097656,496.56134033203125,0,-200,0
0.923569232,463.4366760253906,382.6557922363281,496.5589904785156,0,-200,0
0.927560261,463.4194030761719,381.84796142578125,496.54443359375,0,-200,0
0.931761666,463.4043273925781,381.0462646484375,496.5452880859375,0,-200,0
0.935874595,463.3924865722656,380.2470703125,496.5473937988281,0,-200,0
0.9397219,463.369873046875,379.43829345703125,496.5374755859375,0,-200,0
0.943891694,463.35040283203125,378.6333923339844,496.5307312011719,0,-200,0
0.947791728,463.33758544921875,377.8338317871094,496.5302429199219,0,-200,0
0.951756501,463.32012939453125,377.03033447265625,496.52423095703125,0,-200,0
0.956069647,463.30267333984375,376.22528076171875,496.5175476074219,0,-200,0
0.959911787,463.2884216308594,375.42132568359375,496.52001953125,0,-200,0
0.963880685,463.2746276855469,374.6168518066406,496.5182189941406,0,-200,0
0.968115089,463.2579040527344,373.8121337890625,496.50689697265625,0,-200,0
0.971952013,463.2402038574219,373.008056640625,496.5006103515625,0,-200,0
0.975996088,463.225830078125,372.21087646484375,496.5071716308594,0,-200,0
0.980180998,463.20452880859375,371.4065856933594,496.500732421875,0,-200,0
0.984209251,463.18798828125,370.6009216308594,496.4952697753906,0,-200,0
0.988065714,463.17822265625,369.7955322265625,496.4916687011719,0,-200,0
0.99229509,463.1630859375,368.9893798828125,496.4781188964844,0,-200,0
0.996222017,463.1444091796875,368.1869201660156,496.4656982421875,0,-200,0
1.00019536,463.1268615722656,367.3873596191406,496.4593505859375,0,-200,0
1.004314053,463.11236572265625,366.58221435546875,496.461181640625,0,-200,0
1.008281837,463.09765625,365.77679443359375,496.4622497558594,0,-200,0
1.012238272,463.08184814453125,364.9712219238281,496.4533386230469,0,-200,0
1.016718257,463.0679016113281,364.17236328125,496.45849609375,0,-200,0
1.020361961,463.0509338378906,363.36932373046875,496.4581604003906,0,-200,0
1.024327609,463.0303039550781,362.5636901855469,496.4521789550781,0,-200,0
1.028522544,463.0151672363281,361.7601013183594,496.4518737792969,0,-200,0
1.032549149,462.99822998046875,360.9576110839844,496.44927978515625,0,-200,0
1.036497083,462.9794616699219,360.15478515625,496.4423522949219,0,-200,0
1.040676203,462.9615173339844,359.3533935546875,496.4369201660156,0,-200,0
1.044563432,462.94952392578125,358.5467834472656,496.4358825683594,0,-200,0
1.048516931,462.9363708496094,357.7433776855469,496.4371337890625,0,-200,0
1.052714159,462.9223937988281,356.93572998046875,496.4299011230469,0,-200,0
1.056704936,462.9068603515625,356.1326599121094,496.4206237792969,0,-200,0
1.060666307,462.89422607421875,355.3276672363281,496.4217224121094,0,-200,0
1.064842379,462.8755187988281,354.5222473144531,496.4180603027344,0,-200,0
1.068717903,462.8633728027344,353.7173767089844,496.41229248046875,0,-200,0
1.072703778,462.8482360839844,352.9139099121094,496.40460205078125,0,-200,0
1.077005957,462.833740234375,352.11016845703125,496.3968811035156,0,-200,0
1.080987706,462.8173828125,351.30755615234375,496.3891296386719,0,-200,0
1.084856811,462.8022155761719,350.5021667480469,496.3903503417969,0,-200,0
1.089004575,462.78662109375,349.699951171875,496.3908386230469,0,-200,0
1.092905417,462.7688903808594,348.8982849121094,496.38861083984375,0,-200,0
1.096967046,462.74822998046875,348.0997314453125,496.3852233886719,0,-200,0
1.101147216,462.72772216796875,347.2999572753906,496.3766784667969,0,-200,0
1.105067092,462.7167663574219,346.4959411621094,496.373046875,0,-200,0
1.109023278,462.6991271972656,345.6909484863281,496.3681640625,0,-200,0
1.113238882,462.6791687011719,344.88800048828125,496.36749267578125,0,-200,0
1.117363529,462.658935546875,344.08935546875,496.3669128417969,0,-200,0
1.12116105,462.6400451660156,343.2915954589844,496.3626708984375,0,-200,0
1.125282262,462.626708984375,342.48321533203125,496.3601379394531,0,-200,0
1.129385952,462.6123962402344,341.6795349121094,496.3590393066406,0,-200,0
1.133218049,462.5965576171875,340.87750244140625,496.3573913574219,0,-200,0
1.137486953,462.5818176269531,340.0748596191406,496.353759765625,0,-200,0
1.14132765,462.5667724609375,339.2671813964844,496.34600830078125,0,-200,0
1.145294789,462.5533752441406,338.4593811035156,496.33966064453125,0,-200,0
1.149483,462.54412841796875,337.6522216796875,496.3389587402344,0,-200,0
1.153425952,462.5256042480469,336.8518371582031,496.3345031738281,0,-200,0
1.157458064,462.509033203125,336.04779052734375,496.33123779296875,0,-200,0
1.161661986,462.495361328125,335.2438049316406,496.3282165527344,0,-200,0
1.16552754,462.48358154296875,334.4398498535156,496.3207092285156,0,-200,0
1.169483669,462.46771240234375,333.63555908203125,496.31573486328125,0,-200,0
1.173746148,462.45001220703125,332.8341064453125,496.3167419433594,0,-200,0
1.177816903,462.4330139160156,332.0357360839844,496.31817626953125,0,-200,0
1.18168327,462.4159851074219,331.2359924316406,496.31365966796875,0,-200,0
1.18583117,462.3999938964844,330.4329833984375,496.30682373046875,0,-200,0
1.189694386,462.3828125,329.6291198730469,496.29852294921875,0,-200,0
1.193672063,462.36993408203125,328.8289794921875,496.30419921875,0,-200,0
1.197954144,462.3524475097656,328.0268859863281,496.3045959472656,0,-200,0
1.201861948,462.3340759277344,327.2194519042969,496.29620361328125,0,-200,0
1.205794249,462.3191223144531,326.4158630371094,496.29241943359375,0,-200,0
1.210025546,462.2995910644531,325.6190185546875,496.28472900390625,0,-200,0
1.213877557,462.2818908691406,324.8168029785156,496.2753601074219,0,-200,0
1.218166317,462.2665710449219,324.00958251953125,496.2633972167969,0,-200,0
1.222136988,462.25140380859375,323.2032470703125,496.2594909667969,0,-200,0
1.226156341,462.2347106933594,322.4031066894531,496.25714111328125,0,-200,0
1.230009412,462.2178955078125,321.6034851074219,496.2598571777344,0,-200,0
1.234007236,462.2008056640625,320.80108642578125,496.2536926269531,0,-200,0
1.238178456,462.1903991699219,319.9947509765625,496.2528076171875,0,-200,0
1.242094684,462.1775817871094,319.19464111328125,496.2542419433594,0,-200,0
1.246246104,462.1595458984375,318.39031982421875,496.2508544921875,0,-200,0
1.250240693,462.1430969238281,317.5877380371094,496.2469787597656,0,-200,0
1.254185415,462.1297302246094,316.7859802246094,496.24884033203125,0,-200,0
1.258457232,462.1146545410156,315.9811706542969,496.2408752441406,0,-200,0
1.262271312,462.09912109375,315.1785888671875,496.2404479980469,0,-200,0
1.2662397269999999,462.0822448730469,314.37969970703125,496.23614501953125,0,-200,0
1.270436697,462.0673828125,313.5815124511719,496.2400207519531,0,-200,0
1.274475052,462.05377197265625,312.77581787109375,496.2378845214844,0,-200,0
1.2784839510000001,462.0367736816406,311.9716796875,496.233642578125,0,-200,0
1.282604138,462.0235595703125,311.16632080078125,496.22613525390625,0,-200,0
1.286478516,462.0074462890625,310.36285400390625,496.22393798828125,0,-200,0
1.290424447,461.9902038574219,309.56121826171875,496.22442626953125,0,-200,0
1.29465329,461.97003173828125,308.7550964355469,496.2181701660156,0,-200,0
1.2986229040000001,461.9551696777344,307.95452880859375,496.2088317871094,0,-200,0
1.302555747,461.94146728515625,307.1521911621094,496.20477294921875,0,-200,0
1.306763584,461.9248352050781,306.35040283203125,496.19818115234375,0,-200,0
1.310636935,461.90863037109375,305.5470886230469,496.19012451171875,0,-200,0
1.314631098,461.8915710449219,304.74444580078125,496.1887512207031,0,-200,0
1.319135044,461.8732604980469,303.9461669921875,496.1899108886719,0,-200,0
1.322918387,461.8551025390625,303.14422607421875,496.1871032714844,0,-200,0
1.326721413,461.8409423828125,302.3404541015625,496.181884765625,0,-200,0
1.330942563,461.8260803222656,301.5375061035156,496.17779541015625,0,-200,0
1.334891698,461.8089904785156,300.7375793457031,496.1701965332031,0,-200,0
1.3388172950000001,461.7912292480469,299.9397888183594,496.1683044433594,0,-200,0
1.343054307,461.7767028808594,299.1365051269531,496.1679382324219,0,-200,0
1.346924648,461.76190185546875,298.3326110839844,496.1683044433594,0,-200,0
1.350917352,461.746826171875,297.53216552734375,496.1682434082031,0,-200,0
1.355175324,461.73114013671875,296.7326965332031,496.1636047363281,0,-200,0
1.359104156,461.7154541015625,295.931396484375,496.1623229980469,0,-200,0
1.363061717,461.70294189453125,295.1208801269531,496.1600341796875,0,-200,0
1.367228908,461.6909484863281,294.31512451171875,496.1614685058594,0,-200,0
1.371315928,461.6753234863281,293.515869140625,496.1598815917969,0,-200,0
1.375131721,461.65814208984375,292.71807861328125,496.1575622558594,0,-200,0
1.379421996,461.6427001953125,291.9146423339844,496.1539306640625,0,-200,0
1.383229018,461.6263427734375,291.10882568359375,496.15032958984375,0,-200,0
1.387164471,461.6127014160156,290.30474853515625,496.1463928222656,0,-200,0
1.391398566,461.5994873046875,289.5040588378906,496.1461486816406,0,-200,0
1.395335789,461.5798034667969,288.7024230957031,496.13922119140625,0,-200,0
1.3993630750000001,461.5602111816406,287.90155029296875,496.132080078125,0,-200,0
1.403528487,461.5440673828125,287.0980529785156,496.12493896484375,0,-200,0
1.407407409,461.5287170410156,286.29669189453125,496.12103271484375,0,-200,0
1.411414063,461.5133056640625,285.4931335449219,496.1192626953125,0,-200,0
1.415606858,461.494384765625,284.68798828125,496.1142578125,0,-200,0
1.419949132,461.478271484375,283.8870544433594,496.1078186035156,0,-200,0
1.423574833,461.4615173339844,283.0896911621094,496.10479736328125,0,-200,0
1.427729745,461.4462585449219,282.2866516113281,496.10028076171875,0,-200,0
1.431609641,461.4311218261719,281.48675537109375,496.0986633300781,0,-200,0
1.4356043010000001,461.4145202636719,280.68450927734375,496.0971984863281,0,-200,0
1.439896459,461.3947448730469,279.88494873046875,496.0966491699219,0,-200,0
1.443745228,461.3793640136719,279.0843505859375,496.0982360839844,0,-200,0
1.447696595,461.3645935058594,278.278564453125,496.0927734375,0,-200,0
1.451946883,461.3495178222656,277.4735107421875,496.0870056152344,0,-200,0
1.455823801,461.33416748046875,276.675537109375,496.0836181640625,0,-200,0
1.4598311480000001,461.3193359375,275.8722229003906,496.0774230957031,0,-200,0
1.464037026,461.3050537109375,275.0693664550781,496.06884765625,0,-200,0
1.46805236,461.2899169921875,274.2671813964844,496.0705261230469,0,-200,0
1.471901009,461.2738342285156,273.4651184082031,496.0711364746094,0,-200,0
1.476155873,461.25994873046875,272.6661682128906,496.07537841796875,0,-200,0
1.48006248,461.245361328125,271.8656921386719,496.0722961425781,0,-200,0
1.484002643,461.22906494140625,271.0635986328125,496.0686340332031,0,-200,0
1.48824895,461.2151184082031,270.2593994140625,496.071533203125,0,-200,0
1.492134574,461.197998046875,269.45526123046875,496.06927490234375,0,-200,0
1.496090667,461.1841735839844,268.6524353027344,496.06939697265625,0,-200,0
1.500370932,461.16754150390625,267.8509826660156,496.0640869140625,0,-200,0
1.504212629,461.14837646484375,267.0487365722656,496.05682373046875,0,-200,0
1.508218536,461.1302185058594,266.2471618652344,496.0477600097656,0,-200,0
1.512360462,461.11651611328125,265.4446716308594,496.0473327636719,0,-200,0
1.516415275,461.0986328125,264.64154052734375,496.0401916503906,0,-200,0
1.520560329,461.0826416015625,263.8431091308594,496.04315185546875,0,-200,0
1.524514247,461.0624084472656,263.0411682128906,496.0328063964844,0,-200,0
1.528379729,461.0472717285156,262.2386474609375,496.031005859375,0,-200,0
1.5323454239999998,461.0341491699219,261.4361267089844,496.02850341796875,0,-200,0
1.5365570100000001,461.0174560546875,260.63519287109375,496.0227355957031,0,-200,0
1.540541051,460.9992370605469,259.8369445800781,496.0263366699219,0,-200,0
1.5445234559999999,460.98150634765625,259.0343322753906,496.0227355957031,0,-200,0
1.548628289,460.9671325683594,258.23138427734375,496.0201110839844,0,-200,0
1.552571071,460.9527893066406,257.4319152832031,496.01666259765625,0,-200,0
1.55654752,460.9375915527344,256.6326599121094,496.01544189453125,0,-200,0
1.5608212909999999,460.9199523925781,255.83035278320313,496.008056640625,0,-200,0
1.564879419,460.906494140625,255.02464294433594,496.00537109375,0,-200,0
1.568687164,460.8935546875,254.22215270996094,496.00408935546875,0,-200,0
1.572875875,460.8773193359375,253.42137145996094,496.00799560546875,0,-200,0
1.576750723,460.8615417480469,252.6197509765625,496.0053405761719,0,-200,0
1.58080482,460.845458984375,251.81629943847656,496.0032043457031,0,-200,0
1.58502148,460.830322265625,251.0139923095703,495.99786376953125,0,-200,0
1.58885325,460.8181457519531,250.21218872070313,495.9967346191406,0,-200,0
1.592861499,460.802978515625,249.40994262695313,495.9949951171875,0,-200,0
1.597093012,460.7889099121094,248.60780334472656,495.98834228515625,0,-200,0
1.600997902,460.7709045410156,247.80474853515625,495.9858703613281,0,-200,0
1.604977713,460.7550354003906,247.00457763671875,495.9857177734375,0,-200,0
1.609146374,460.73834228515625,246.20175170898438,495.9846496582031,0,-200,0
1.6132378680000001,460.72406005859375,245.40199279785156,495.9846496582031,0,-200,0
1.61702836,460.70660400390625,244.6028289794922,495.97808837890625,0,-200,0
1.621565989,460.68731689453125,243.8027801513672,495.9769592285156,0,-200,0
1.625190932,460.6709899902344,243.0009307861328,495.97503662109375,0,-200,0
1.629175457,460.6520080566406,242.19979858398438,495.970458984375,0,-200,0
1.633325783,460.63397216796875,241.4013214111328,495.966552734375,0,-200,0
1.637268634,460.6164245605469,240.6024627685547,495.9645080566406,0,-200,0
1.641317216,460.59765625,239.7942352294922,495.9546813964844,0,-200,0
1.645465057,460.5842590332031,238.9922332763672,495.9537353515625,0,-200,0
1.649339655,460.5667724609375,238.188720703125,495.95361328125,0,-200,0
1.653335443,460.55206298828125,237.38922119140625,495.9523010253906,0,-200,0
1.657512877,460.5366516113281,236.58544921875,495.94940185546875,0,-200,0
1.66166394,460.5216064453125,235.78421020507813,495.9481506347656,0,-200,0
1.665492701,460.50421142578125,234.9840087890625,495.94561767578125,0,-200,0
1.669653968,460.49114990234375,234.1810760498047,495.9429931640625,0,-200,0
1.673536539,460.4768371582031,233.3769989013672,495.93719482421875,0,-200,0
1.677516442,460.4607849121094,232.57540893554688,495.9342041015625,0,-200,0
1.681809244,460.4444580078125,231.7715301513672,495.9308166503906,0,-200,0
1.6856682090000001,460.42803955078125,230.9698486328125,495.9316101074219,0,-200,0
1.689620445,460.4122009277344,230.1652069091797,495.92724609375,0,-200,0
1.69384042,460.3973083496094,229.36495971679688,495.9259338378906,0,-200,0
1.6977486750000002,460.380859375,228.56504821777344,495.9200134277344,0,-200,0
1.701804589,460.3651428222656,227.76449584960938,495.9176330566406,0,-200,0
1.70593774,460.3489685058594,226.96316528320313,495.91705322265625,0,-200,0
1.709967725,460.331787109375,226.16412353515625,495.9188537597656,0,-200,0
1.713865508,460.3176574707031,225.3671875,495.9211730957031,0,-200,0
1.7180544850000001,460.3043518066406,224.56192016601563,495.9222717285156,0,-200,0
1.72219959,460.2883605957031,223.75975036621094,495.9195251464844,0,-200,0
1.7259526950000001,460.2681884765625,222.9615936279297,495.9181213378906,0,-200,0
1.7301498899999999,460.2523193359375,222.16390991210938,495.9137268066406,0,-200,0
1.734085099,460.2364501953125,221.35975646972656,495.90692138671875,0,-200,0
1.738022027,460.2249755859375,220.55882263183594,495.905517578125,0,-200,0
1.7423098380000002,460.2074279785156,219.7566680908203,495.9000244140625,0,-200,0
1.746110609,460.1889953613281,218.95516967773438,495.8942565917969,0,-200,0
1.7501429069999999,460.1719055175781,218.1516571044922,495.8936767578125,0,-200,0
1.754284731,460.15655517578125,217.3485107421875,495.89373779296875,0,-200,0
1.7583803489999998,460.140380859375,216.54661560058594,495.8915710449219,0,-200,0
1.7622586230000001,460.125732421875,215.7454376220703,495.8868103027344,0,-200,0
1.766439048,460.1103515625,214.9445037841797,495.8913269042969,0,-200,0
1.770287071,460.092041015625,214.14064025878906,495.8852233886719,0,-200,0
1.7742729430000002,460.0784606933594,213.33847045898438,495.8846740722656,0,-200,0
1.778483553,460.0622253417969,212.5372314453125,495.8840637207031,0,-200,0
1.782488695,460.0465087890625,211.73464965820313,495.87982177734375,0,-200,0
1.7864077649999999,460.0298156738281,210.9300537109375,495.87628173828125,0,-200,0
1.790597523,460.0152587890625,210.12489318847656,495.87347412109375,0,-200,0
1.794487215,459.9986572265625,209.32464599609375,495.8690185546875,0,-200,0
1.798490894,459.9789123535156,208.52674865722656,495.86590576171875,0,-200,0
1.8026919810000002,459.96490478515625,207.7277374267578,495.86724853515625,0,-200,0
1.806707163,459.9484558105469,206.92764282226563,495.8615417480469,0,-200,0
1.810253683,459.93310546875,206.1248779296875,495.8628234863281,0,-200,0
1.8144647360000001,459.9139404296875,205.32310485839844,495.8564147949219,0,-200,0
1.8184255139999999,459.89715576171875,204.52500915527344,495.8543395996094,0,-200,0
1.82268962,459.8833312988281,203.72142028808594,495.8529968261719,0,-200,0
1.8266192,459.8691101074219,202.9181671142578,495.8491516113281,0,-200,0
1.8304626229999998,459.8554382324219,202.11941528320313,495.8561096191406,0,-200,0
1.8345408650000001,459.8382568359375,201.31700134277344,495.8558349609375,0,-200,0
1.838729785,459.8230895996094,200.51663208007813,495.85498046875,0,-200,0
1.8426960449999998,459.80487060546875,199.71377563476563,495.85211181640625,0,-200,0
1.8466223720000001,459.7909851074219,198.9144287109375,495.8512268066406,0,-200,0
1.8508802389999999,459.7755126953125,198.11280822753906,495.8495178222656,0,-200,0
1.8549872920000001,459.7607421875,197.30838012695313,495.8452453613281,0,-200,0
1.858856738,459.74505615234375,196.50460815429688,495.8387451171875,0,-200,0
1.863168216,459.7295837402344,195.70248413085938,495.8399963378906,0,-200,0
1.867008601,459.7137451171875,194.9022979736328,495.83721923828125,0,-200,0
1.8710498549999999,459.6952209472656,194.0978546142578,495.8343200683594,0,-200,0
1.875247799,459.67864990234375,193.2958221435547,495.83599853515625,0,-200,0
1.879199788,459.6646423339844,192.4958953857422,495.8348083496094,0,-200,0
1.883239739,459.6458740234375,191.69473266601563,495.8294372558594,0,-200,0
1.887406499,459.6300964355469,190.89561462402344,495.82928466796875,0,-200,0
1.891246309,459.612060546875,190.0946807861328,495.82293701171875,0,-200,0
1.895206156,459.5970458984375,189.29051208496094,495.82080078125,0,-200,0
1.899425924,459.5791015625,188.4884033203125,495.81927490234375,0,-200,0
1.9035308309999999,459.5596923828125,187.69186401367188,495.81134033203125,0,-200,0
1.9073722819999999,459.54644775390625,186.8916778564453,495.8124084472656,0,-200,0
1.911585599,459.5281066894531,186.08836364746094,495.8094177246094,0,-200,0
1.915446204,459.5093078613281,185.28538513183594,495.8070068359375,0,-200,0
1.919443503,459.49603271484375,184.48509216308594,495.8102722167969,0,-200,0
1.923948292,459.47650146484375,183.6818084716797,495.8038330078125,0,-200,0
1.927607701,459.46405029296875,182.87977600097656,495.80389404296875,0,-200,0
1.931533688,459.44671630859375,182.07733154296875,495.8063659667969,0,-200,0
1.9357570100000001,459.4315490722656,181.27471923828125,495.8023681640625,0,-200,0
1.939670843,459.41973876953125,180.474365234375,495.80230712890625,0,-200,0
1.94369439,459.4001770019531,179.6715087890625,495.79913330078125,0,-200,0
1.947864561,459.384521484375,178.86961364746094,495.796875,0,-200,0
1.951878633,459.3704833984375,178.06631469726563,495.798095703125,0,-200,0
1.955758802,459.3531799316406,177.26373291015625,495.79437255859375,0,-200,0
1.959931907,459.3391418457031,176.46188354492188,495.7915954589844,0,-200,0
1.963902698,459.3233337402344,175.6573028564453,495.7884826660156,0,-200,0
1.9678510519999999,459.306640625,174.8528289794922,495.78741455078125,0,-200,0
1.97205237,459.290283203125,174.05958557128906,495.7856750488281,0,-200,0
1.975973703,459.27484130859375,173.2600555419922,495.7847595214844,0,-200,0
1.9799401410000002,459.2557678222656,172.4566192626953,495.783447265625,0,-200,0
1.98423602,459.24346923828125,171.65719604492188,495.7870178222656,0,-200,0
1.988079659,459.224853515625,170.85833740234375,495.78271484375,0,-200,0
1.992070352,459.2103271484375,170.05697631835938,495.7821960449219,0,-200,0
1.9962332630000001,459.1973571777344,169.25514221191406,495.7798767089844,0,-200,0
2.000292517,459.1805419921875,168.45230102539063,495.7757263183594,0,-200,0
2.004203259,459.1684265136719,167.65118408203125,495.78375244140625,0,-200,0
2.008414867,459.15240478515625,166.84902954101563,495.7820739746094,0,-200,0
2.012222583,459.1346435546875,166.0487060546875,495.7783203125,0,-200,0
2.016195228,459.1217041015625,165.24806213378906,495.78375244140625,0,-200,0
2.020404132,459.1021728515625,164.44647216796875,495.775390625,0,-200,0
2.024599117,459.08770751953125,163.6411895751953,495.77197265625,0,-200,0
2.028370156,459.0724182128906,162.83604431152344,495.76904296875,0,-200,0
2.032517933,459.0550842285156,162.03260803222656,495.76495361328125,0,-200,0
2.036414125,459.0370788574219,161.2313232421875,495.7586364746094,0,-200,0
2.040411055,459.02227783203125,160.43162536621094,495.7612609863281,0,-200,0
2.044685891,459.00384521484375,159.62710571289063,495.75732421875,0,-200,0
2.048676342,458.9892578125,158.8238525390625,495.75775146484375,0,-200,0
2.052545702,458.9744567871094,158.02537536621094,495.7601013183594,0,-200,0
2.05671043,458.953857421875,157.22579956054688,495.7565612792969,0,-200,0
2.060593567,458.94000244140625,156.42501831054688,495.7570495605469,0,-200,0
2.064673493,458.92364501953125,155.62034606933594,495.75634765625,0,200,0
2.068818334,458.9023132324219,154.81834411621094,495.74969482421875,0,200,0
2.072804205,458.8893737792969,154.02252197265625,495.75225830078125,0,200,0
2.076800248,458.8760070800781,153.22203063964844,495.75018310546875,0,200,0
2.080895728,458.8562316894531,152.41880798339844,495.743896484375,0,200,0
2.084872473,458.8431396484375,151.6172332763672,495.742919921875,0,200,0
2.088789871,458.8287353515625,150.8153076171875,495.7421569824219,0,200,0
2.0930270970000002,458.8070373535156,150.03297424316406,495.73077392578125,0,200,0
2.097066149,458.7897033691406,149.3241424560547,495.7152404785156,0,200,0
2.100882163,458.77117919921875,148.72476196289063,495.6907653808594,0,200,0
2.104978671,458.7428283691406,148.25413513183594,495.65887451171875,0,200,0
2.109051449,458.7160949707031,147.9244384765625,495.6373596191406,0,200,0
2.112937419,458.6933288574219,147.7586212158203,495.61602783203125,0,200,0
2.117164727,458.6789855957031,147.753662109375,495.59765625,0,200,0
2.121118495,458.6927795410156,147.8692169189453,495.6257019042969,0,200,0
2.125365634,458.6980895996094,148.0594482421875,495.6413879394531,0,200,0
2.129367762,458.7114562988281,148.37901306152344,495.6647644042969,0,200,0
2.13315117,458.73577880859375,148.86636352539063,495.7099914550781,0,200,0
2.137188778,458.74554443359375,149.45034790039063,495.73211669921875,0,200,0
2.141360798,458.7623596191406,150.1146697998047,495.7618713378906,0,200,0
2.145453737,458.77520751953125,150.87757873535156,495.78167724609375,0,200,0
2.149296764,458.7774963378906,151.72581481933594,495.78924560546875,0,200,0
2.153480382,458.7741394042969,152.5919952392578,495.78717041015625,0,200,0
2.157359828,458.7698974609375,153.4439697265625,495.789794921875,0,200,0
2.161353169,458.76123046875,154.28880310058594,495.7915344238281,0,200,0
2.1656183430000002,458.74407958984375,155.12774658203125,495.77825927734375,0,200,0
2.169555579,458.7210693359375,155.96530151367188,495.7543640136719,0,200,0
2.173517669,458.6992492675781,156.8030242919922,495.7327880859375,0,200,0
2.177673103,458.6799011230469,157.62168884277344,495.71466064453125,0,200,0
2.181618544,458.66778564453125,158.42066955566406,495.70404052734375,0,200,0
2.185623794,458.6509094238281,159.2091827392578,495.6936340332031,0,200,0
2.189789473,458.6424865722656,159.9900665283203,495.68994140625,0,200,0
2.193816203,458.63812255859375,160.7588653564453,495.68780517578125,0,200,0
2.197688998,458.6299743652344,161.5308074951172,495.69024658203125,0,200,0
2.201857636,458.6214294433594,162.3274383544922,495.7052917480469,0,200,0
2.205811696,458.6026306152344,163.13702392578125,495.7196960449219,0,200,0
2.209779183,458.58380126953125,163.9504852294922,495.7372131347656,0,200,0
2.213965473,458.5652770996094,164.76345825195313,495.75640869140625,0,200,0
2.217865409,458.54681396484375,165.5753173828125,495.7705383300781,0,200,0
2.221874803,458.5282287597656,166.38702392578125,495.7725524902344,0,200,0
2.226357284,458.5116271972656,167.2023162841797,495.778564453125,0,200,0
2.2299867620000002,458.49151611328125,168.02467346191406,495.7764587402344,0,200,0
2.233939192,458.46954345703125,168.85723876953125,495.76275634765625,0,200,0
2.238168975,458.44891357421875,169.6912078857422,495.7446594238281,0,200,0
2.242229074,458.4281311035156,170.52467346191406,495.725830078125,0,200,0
2.246111562,458.40447998046875,171.34458923339844,495.7008972167969,0,200,0
2.250303814,458.38824462890625,172.1619415283203,495.67962646484375,0,200,0
2.254167256,458.3750915527344,172.97837829589844,495.6662902832031,0,200,0
2.258154311,458.3572082519531,173.78965759277344,495.6490478515625,0,200,0
2.262326545,458.3464660644531,174.59616088867188,495.64398193359375,0,200,0
2.266319138,458.3353271484375,175.39195251464844,495.641845703125,0,200,0
2.270251661,458.3221130371094,176.17674255371094,495.63592529296875,0,200,0
2.274418509,458.3110046386719,176.96270751953125,495.6373596191406,0,200,0
2.278359879,458.2967529296875,177.75657653808594,495.6423645019531,0,200,0
2.282318207,458.2751770019531,178.56105041503906,495.6517028808594,0,200,0
2.286589977,458.2530822753906,179.3721466064453,495.6673583984375,0,200,0
2.290672385,458.23333740234375,180.18362426757813,495.6819152832031,0,200,0
2.294420676,458.2127380371094,180.99374389648438,495.6935119628906,0,200,0
2.298645382,458.1968078613281,181.8106689453125,495.712646484375,0,200,0
2.302536002,458.1763916015625,182.6300506591797,495.72271728515625,0,200,0
2.30656447,458.1537170410156,183.4507598876953,495.7231750488281,0,200,0
2.310718761,458.13818359375,184.27374267578125,495.7192687988281,0,200,0
2.314658465,458.12078857421875,185.09750366210938,495.7075500488281,0,200,0
2.318656734,458.10333251953125,185.91407775878906,495.6861877441406,0,200,0
2.322828201,458.09222412109375,186.73341369628906,495.6728210449219,0,200,0
2.327062337,458.07373046875,187.54840087890625,495.6525573730469,0,200,0
2.330713605,458.057861328125,188.3607940673828,495.6307067871094,0,200,0
2.3349369810000002,458.04571533203125,189.16876220703125,495.6180725097656,0,200,0
2.338965904,458.0277404785156,189.9708709716797,495.59698486328125,0,200,0
2.342792919,458.01336669921875,190.77027893066406,495.58428955078125,0,200,0
2.347114662,457.9998779296875,191.57571411132813,495.58221435546875,0,200,0
2.350913641,457.9808349609375,192.37615966796875,495.57745361328125,0,200,0
2.354913687,457.9648132324219,193.17835998535156,495.58563232421875,0,200,0
2.359083255,457.9502258300781,193.9821014404297,495.6053771972656,0,200,0
2.363031292,457.928955078125,194.7886199951172,495.61773681640625,0,200,0
2.366986424,457.91326904296875,195.59906005859375,495.640380859375,0,200,0
2.371244671,457.8929748535156,196.41107177734375,495.6581115722656,0,200,0
2.375129846,457.8761901855469,197.22613525390625,495.67529296875,0,200,0
2.379086913,457.85638427734375,198.0450897216797,495.686767578125,0,200,0
2.383313175,457.83709716796875,198.86483764648438,495.6854248046875,0,200,0
2.38740898,457.82086181640625,199.68267822265625,495.6812438964844,0,200,0
2.391214513,457.80316162109375,200.50013732910156,495.6663818359375,0,200,0
2.395418782,457.7894592285156,201.312255859375,495.65118408203125,0,200,0
2.399304371,457.7782897949219,202.12286376953125,495.634765625,0,200,0
2.403276954,457.76434326171875,202.93115234375,495.6156005859375,0,200,0
2.407550993,457.74981689453125,203.7428436279297,495.6007385253906,0,200,0
2.41147305,457.7344970703125,204.5536346435547,495.58795166015625,0,200,0
2.415385177,457.7151184082031,205.36155700683594,495.5726623535156,0,200,0
2.41958918,457.7000732421875,206.17189025878906,495.5653991699219,0,200,0
2.423530692,457.6816101074219,206.97695922851563,495.5559387207031,0,200,0
2.427766381,457.66461181640625,207.78216552734375,495.55523681640625,0,200,0
2.431725192,457.64752197265625,208.5941619873047,495.55780029296875,0,200,0
2.435746839,457.6270446777344,209.40194702148438,495.5622253417969,0,200,0
2.439609101,457.6142578125,210.20896911621094,495.5798645019531,0,200,0
2.443816983,457.5949401855469,211.01724243164063,495.5961608886719,0,200,0
2.447744561,457.5784912109375,211.82948303222656,495.6107482910156,0,200,0
2.451717467,457.5628662109375,212.6458282470703,495.625,0,200,0
2.455885453,457.5423278808594,213.45828247070313,495.628173828125,0,200,0
2.459785425,457.5291442871094,214.27151489257813,495.6335144042969,0,200,0
2.463779572,457.5140686035156,215.08172607421875,495.6325378417969,0,200,0
2.468075426,457.49713134765625,215.89219665527344,495.6227722167969,0,200,0
2.471969158,457.48138427734375,216.70372009277344,495.6119079589844,0,200,0
2.475858815,457.4646301269531,217.5153350830078,495.5967102050781,0,200,0
2.480073238,457.4500732421875,218.32687377929688,495.5817565917969,0,200,0
2.484125401,457.431640625,219.1343994140625,495.56219482421875,0,200,0
2.487969886,457.4183654785156,219.94546508789063,495.5496826171875,0,200,0
2.492239762,457.3994140625,220.757080078125,495.5348205566406,0,200,0
2.496077515,457.3827209472656,221.5686798095703,495.5270690917969,0,200,0
2.500067904,457.3663024902344,222.38258361816406,495.5218505859375,0,200,0
2.5042740329999997,457.3441162109375,223.1936492919922,495.5174560546875,0,200,0
2.508303016,457.3296813964844,224.0042266845703,495.5231628417969,0,200,0
2.512210046,457.31243896484375,224.81398010253906,495.5276794433594,0,200,0
2.5163352039999998,457.2950744628906,225.62811279296875,495.5352478027344,0,200,0
2.520254461,457.2784729003906,226.44313049316406,495.54705810546875,0,200,0
2.524235712,457.2633361816406,227.24850463867188,495.5577697753906,0,200,0
2.528700403,457.24896240234375,228.0526123046875,495.57049560546875,0,200,0
2.532539364,457.2323303222656,228.8605499267578,495.5778503417969,0,200,0
2.536382192,457.2183837890625,229.6698455810547,495.58758544921875,0,200,0
2.540582928,457.20269775390625,230.4793701171875,495.5872497558594,0,200,0
2.544443411,457.1887512207031,231.2892303466797,495.5819396972656,0,200,0
2.5485141159999998,457.1736755371094,232.09690856933594,495.57208251953125,0,200,0
2.552649964,457.15875244140625,232.90798950195313,495.56158447265625,0,200,0
2.556570524,457.14208984375,233.72238159179688,495.5476989746094,0,200,0
2.560567071,457.1231384277344,234.5350341796875,495.53265380859375,0,200,0
2.564773047,457.1059265136719,235.35043334960938,495.5224304199219,0,200,0
2.568698634,457.08624267578125,236.15794372558594,495.50909423828125,0,200,0
2.572662076,457.0725402832031,236.96844482421875,495.5028991699219,0,200,0
2.576858014,457.05084228515625,237.78155517578125,495.4931335449219,0,200,0
2.5808789819999998,457.03515625,238.59767150878906,495.49053955078125,0,200,0
2.584744173,457.0174255371094,239.41258239746094,495.4896240234375,0,200,0
2.589027624,457.00201416015625,240.22796630859375,495.495849609375,0,200,0
2.592892168,456.986328125,241.0386199951172,495.5021057128906,0,200,0
2.5968698359999998,456.9694519042969,241.84768676757813,495.5102233886719,0,200,0
2.601034204,456.95538330078125,242.65628051757813,495.5225830078125,0,200,0
2.604996786,456.9390563964844,243.46371459960938,495.52935791015625,0,200,0
2.6090026699999997,456.9246826171875,244.27499389648438,495.53277587890625,0,200,0
2.6132129280000003,456.9093322753906,245.07960510253906,495.5322265625,0,200,0
2.6170150210000003,456.89630126953125,245.882080078125,495.5304870605469,0,200,0
2.621047158,456.881103515625,246.68626403808594,495.5233459472656,0,200,0
2.625215575,456.86529541015625,247.4985809326172,495.5201416015625,0,200,0
2.629536088,456.847900390625,248.3124237060547,495.5102844238281,0,200,0
2.633172305,456.8326721191406,249.1240692138672,495.5035400390625,0,200,0
2.637397228,456.81494140625,249.9337921142578,495.48956298828125,0,200,0
2.6412143439999998,456.7975158691406,250.74658203125,495.47705078125,0,200,0
2.645188112,456.7791748046875,251.56289672851563,495.46759033203125,0,200,0
2.6494973120000003,456.7627258300781,252.3780517578125,495.46453857421875,0,200,0
2.6533530450000002,456.7431945800781,253.19699096679688,495.4576110839844,0,200,0
2.657277142,456.7266845703125,254.01014709472656,495.4566650390625,0,200,0
2.661542998,456.7059631347656,254.82028198242188,495.45233154296875,0,200,0
2.665430202,456.692138671875,255.6336212158203,495.45452880859375,0,200,0
2.6694429939999997,456.6775207519531,256.4466247558594,495.4570617675781,0,200,0
2.6735720670000003,456.6600646972656,257.2563781738281,495.4626159667969,0,200,0
2.677631344,456.64581298828125,258.0668029785156,495.4710998535156,0,200,0
2.681539942,456.629638671875,258.8732604980469,495.47601318359375,0,200,0
2.6856899739999998,456.61358642578125,259.6789855957031,495.4788513183594,0,200,0
2.689637502,456.60003662109375,260.4826354980469,495.47918701171875,0,200,0
2.69361026,456.5869140625,261.2915954589844,495.478759765625,0,200,0
2.69780587,456.572998046875,262.0971984863281,495.4731750488281,0,200,0
2.701698789,456.5536804199219,262.90789794921875,495.4635925292969,0,200,0
2.705698697,456.5415954589844,263.7170104980469,495.459228515625,0,200,0
2.709972098,456.5246887207031,264.52508544921875,495.4510498046875,0,200,0
2.713807529,456.50946044921875,265.334716796875,495.44744873046875,0,200,0
2.717777308,456.4914245605469,266.1498718261719,495.4435729980469,0,200,0
2.721970388,456.47113037109375,266.9649353027344,495.4372863769531,0,200,0
2.72606157,456.4519958496094,267.7789611816406,495.4279479980469,0,200,0
2.730146229,456.4349670410156,268.5931396484375,495.4202880859375,0,200,0
2.73394709,456.417724609375,269.40899658203125,495.4122619628906,0,200,0
2.737999464,456.400146484375,270.2247314453125,495.4089660644531,0,200,0
2.74195994,456.3797607421875,271.0400085449219,495.4113464355469,0,200,0
2.7461783889999998,456.3627624511719,271.8514709472656,495.41326904296875,0,200,0
2.750188078,456.34661865234375,272.6605224609375,495.4118957519531,0,200,0
2.754107303,456.3363952636719,273.4654235839844,495.41363525390625,0,200,0
2.758341165,456.31982421875,274.26898193359375,495.41168212890625,0,200,0
2.762172691,456.3035888671875,275.076904296875,495.4136657714844,0,200,0
2.766186301,456.28631591796875,275.88482666015625,495.4171142578125,0,200,0
2.7704253850000002,456.2720947265625,276.69171142578125,495.4173278808594,0,200,0
2.774405184,456.2571105957031,277.49993896484375,495.4177551269531,0,200,0
2.778271069,456.24163818359375,278.3078918457031,495.41107177734375,0,200,0
2.782482688,456.22479248046875,279.1181335449219,495.40570068359375,0,200,0
2.786372461,456.2104187011719,279.9292297363281,495.4002685546875,0,200,0
2.790405587,456.1952819824219,280.7389221191406,495.3958740234375,0,200,0
2.794556117,456.1775817871094,281.5571594238281,495.39141845703125,0,200,0
2.7984548,456.1610107421875,282.37139892578125,495.3884582519531,0,200,0
2.802473055,456.1424560546875,283.1820373535156,495.3794860839844,0,200,0
2.806589002,456.1271057128906,283.99365234375,495.3692932128906,0,200,0
2.8105872339999998,456.11114501953125,284.80877685546875,495.3687744140625,0,200,0
2.814533945,456.0912170410156,285.6220397949219,495.3672180175781,0,200,0
2.818732646,456.070068359375,286.43487548828125,495.36358642578125,0,200,0
2.822740516,456.0523376464844,287.2466735839844,495.3635559082031,0,200,0
2.826566927,456.03424072265625,288.0544738769531,495.3587951660156,0,200,0
2.831092365,456.0214538574219,288.8617858886719,495.35791015625,0,200,0
2.834742435,456.0047302246094,289.6702575683594,495.3546447753906,0,200,0
2.838745951,455.99261474609375,290.4774475097656,495.35516357421875,0,200,0
2.842910626,455.9772033691406,291.2862854003906,495.355224609375,0,200,0
2.846854963,455.9631652832031,292.0954284667969,495.3573303222656,0,200,0
2.850853394,455.9490966796875,292.9015197753906,495.36236572265625,0,200,0
2.855137777,455.9333801269531,293.70965576171875,495.362548828125,0,200,0
2.858905962,455.91876220703125,294.5229187011719,495.3592834472656,0,200,0
2.862928969,455.9026184082031,295.335205078125,495.3535461425781,0,200,0
2.8671435819999997,455.8860778808594,296.1473388671875,495.3515319824219,0,200,0
2.871286636,455.8684387207031,296.9594421386719,495.3420104980469,0,200,0
2.87505976,455.84991455078125,297.7734375,495.340576171875,0,200,0
2.879245509,455.8297119140625,298.5852355957031,495.33306884765625,0,200,0
2.883134598,455.8128662109375,299.3973388671875,495.32476806640625,0,200,0
2.887138783,455.7973327636719,300.2078857421875,495.3154296875,0,200,0
2.891382059,455.7787170410156,301.0189514160156,495.3027038574219,0,200,0
2.895292177,455.7600402832031,301.8350524902344,495.3036804199219,0,200,0
2.8992184610000002,455.7444763183594,302.6444396972656,495.30303955078125,0,200,0
2.903449685,455.7315979003906,303.45001220703125,495.2997131347656,0,200,0
2.907314957,455.7179870605469,304.2563781738281,495.2986755371094,0,200,0
2.911374018,455.70361328125,305.0660705566406,495.2978210449219,0,200,0
2.91553661,455.6891784667969,305.877685546875,495.3000183105469,0,200,0
2.9195646379999998,455.6736145019531,306.6866760253906,495.300537109375,0,200,0
2.9234221849999997,455.6577453613281,307.4942626953125,495.30487060546875,0,200,0
2.927616574,455.6435546875,308.29974365234375,495.30242919921875,0,200,0
2.931781747,455.62835693359375,309.10784912109375,495.2976379394531,0,200,0
2.9355316890000003,455.61322021484375,309.9185485839844,495.29376220703125,0,200,0
2.939700034,455.593017578125,310.7309265136719,495.2908630371094,0,200,0
2.943613968,455.5744323730469,311.5426025390625,495.28863525390625,0,200,0
2.947603746,455.55615234375,312.35125732421875,495.2853088378906,0,200,0
2.951898404,455.5394592285156,313.1629943847656,495.2804870605469,0,200,0
2.95575744,455.5210876464844,313.97357177734375,495.2690734863281,0,200,0
2.959670856,455.5045166015625,314.7848205566406,495.2608337402344,0,200,0
2.9638925990000002,455.4879150390625,315.59869384765625,495.25665283203125,0,200,0
2.967987204,455.4718322753906,316.4129638671875,495.2529602050781,0,200,0
2.971873806,455.458984375,317.22564697265625,495.2552795410156,0,200,0
2.9760794109999997,455.4395446777344,318.0350341796875,495.24951171875,0,200,0
2.979901568,455.4214172363281,318.8466796875,495.24957275390625,0,200,0
2.983890639,455.407470703125,319.6560974121094,495.24542236328125,0,200,0
2.9881134080000002,455.3953857421875,320.46148681640625,495.2405090332031,0,200,0
2.99211288,455.37957763671875,321.2685241699219,495.23052978515625,0,200,0
2.9960362849999997,455.3612060546875,322.0786437988281,495.2311706542969,0,200,0
3.000234342,455.3471984863281,322.89093017578125,495.23565673828125,0,200,0
3.004116694,455.33148193359375,323.6966247558594,495.23504638671875,0,200,0
3.00811309,455.318115234375,324.5018310546875,495.2291564941406,0,200,0
3.012358357,455.3040771484375,325.31024169921875,495.22662353515625,0,200,0
3.016339949,455.28497314453125,326.120361328125,495.2213134765625,0,200,0
3.020177533,455.26727294921875,326.9348449707031,495.2247619628906,0,200,0
3.024397016,455.250732421875,327.7481384277344,495.2239685058594,0,200,0
3.028301032,455.2349548339844,328.5570068359375,495.2196044921875,0,200,0
3.032543799,455.2194519042969,329.3663024902344,495.2130126953125,0,200,0
3.036508763,455.2031555175781,330.1797790527344,495.2106628417969,0,200,0
3.040409438,455.1855163574219,330.9907531738281,495.2018127441406,0,200,0
3.044399659,455.16864013671875,331.79974365234375,495.1974792480469,0,200,0
3.048585716,455.15045166015625,332.6126403808594,495.191650390625,0,200,0
3.052538059,455.13299560546875,333.4237976074219,495.1814270019531,0,200,0
3.056503953,455.1168518066406,334.2333679199219,495.17437744140625,0,200,0
3.060675081,455.1004638671875,335.0414733886719,495.176025390625,0,200,0
3.064719388,455.0867614746094,335.85015869140625,495.1791687011719,0,200,0
3.06852997,455.0701599121094,336.6601257324219,495.17755126953125,0,200,0
3.07283663,455.0506591796875,337.4712829589844,495.1741638183594,0,200,0
3.076721627,455.0343933105469,338.2801818847656,495.1709899902344,0,200,0
3.080652169,455.02178955078125,339.08978271484375,495.169189453125,0,200,0
3.08487313,455.006591796875,339.896728515625,495.1619873046875,0,200,0
3.088774322,454.99163818359375,340.70654296875,495.16168212890625,0,200,0
3.09280741,454.9783020019531,341.51287841796875,495.16583251953125,0,200,0
3.097037621,454.9640197753906,342.32183837890625,495.1683654785156,0,200,0
3.100822485,454.9481506347656,343.1310729980469,495.16094970703125,0,200,0
3.104849642,454.9274597167969,343.9441833496094,495.1491394042969,0,200,0
3.10905538,454.91265869140625,344.75830078125,495.14642333984375,0,200,0
3.113196983,454.8988037109375,345.5669250488281,495.146240234375,0,200,0
3.116952493,454.8837890625,346.3712158203125,495.14251708984375,0,200,0
3.121179102,454.8659973144531,347.18243408203125,495.13677978515625,0,200,0
3.125056465,454.84954833984375,347.9952392578125,495.12908935546875,0,200,0
3.129088557,454.83026123046875,348.80596923828125,495.1199951171875,0,200,0
3.133510813,454.81536865234375,349.61517333984375,495.1153259277344,0,200,0
3.137207209,454.79803466796875,350.42462158203125,495.1153564453125,0,200,0
3.141141975,454.7789306640625,351.2319030761719,495.1081848144531,0,200,0
3.1453118780000002,454.7647399902344,352.0423583984375,495.1056823730469,0,200,0
3.149249594,454.7477111816406,352.849853515625,495.0989685058594,0,200,0
3.153303685,454.7319030761719,353.65966796875,495.0950012207031,0,200,0
3.157428119,454.71673583984375,354.4699401855469,495.0953674316406,0,200,0
3.161517512,454.70123291015625,355.28070068359375,495.0993957519531,0,200,0
3.165365639,454.6853332519531,356.09039306640625,495.0953063964844,0,200,0
3.169550119,454.6691589355469,356.89776611328125,495.0899963378906,0,200,0
3.173463646,454.655517578125,357.7085266113281,495.0929260253906,0,200,0
3.177445012,454.64111328125,358.5157775878906,495.09552001953125,0,200,0
3.181672752,454.6198425292969,359.3232727050781,495.086669921875,0,200,0
3.185550624,454.60223388671875,360.13360595703125,495.08148193359375,0,200,0
3.189526836,454.5870666503906,360.94586181640625,495.0763854980469,0,200,0
3.19379344,454.5709533691406,361.7580871582031,495.066650390625,0,200,0
3.197656338,454.5542907714844,362.5647888183594,495.0580749511719,0,200,0
3.201598435,454.538818359375,363.3731689453125,495.05615234375,0,200,0
3.205818103,454.52447509765625,364.18170166015625,495.0567321777344,0,200,0
3.209865335,454.5079650878906,364.9905700683594,495.0536804199219,0,200,0
3.2138057939999998,454.49237060546875,365.8008728027344,495.04815673828125,0,200,0
3.217951071,454.47479248046875,366.6138916015625,495.0392150878906,0,200,0
3.221816118,454.4608154296875,367.4239501953125,495.0345458984375,0,200,0
3.22579827,454.44970703125,368.2269592285156,495.035888671875,0,200,0
3.23000162,454.4349060058594,369.03411865234375,495.0362243652344,0,200,0
3.234251073,454.4183044433594,369.8448181152344,495.0293273925781,0,200,0
3.237955974,454.39898681640625,370.65618896484375,495.0205993652344,0,200,0
3.242127228,454.3821105957031,371.46588134765625,495.01702880859375,0,200,0
3.246015815,454.3680419921875,372.2763671875,495.0183410644531,0,200,0
3.250025794,454.35015869140625,373.0850830078125,495.01910400390625,0,200,0
3.254257963,454.3326721191406,373.8933410644531,495.0164794921875,0,200,0
3.258271324,454.3170471191406,374.7030944824219,495.0110168457031,0,200,0
3.2621038909999998,454.3021240234375,375.51416015625,495.0075988769531,0,200,0
3.26632533,454.2867431640625,376.3232116699219,495.0032043457031,0,200,0
3.270190468,454.26702880859375,377.12939453125,494.9945373535156,0,200,0
3.274235922,454.2494812011719,377.94171142578125,494.9917907714844,0,200,0
3.278403021,454.23529052734375,378.7516174316406,494.9866943359375,0,200,0
3.282304473,454.21844482421875,379.56072998046875,494.98248291015625,0,200,0
3.286301162,454.2048034667969,380.364990234375,494.98114013671875,0,200,0
3.290508278,454.1889343261719,381.1747131347656,494.9763488769531,0,200,0
3.294448134,454.1734313964844,381.9847412109375,494.97674560546875,0,200,0
3.298407949,454.154052734375,382.7921142578125,494.9678649902344,0,200,0
3.302574974,454.13726806640625,383.6053771972656,494.96136474609375,0,200,0
3.306617011,454.1235046386719,384.41058349609375,494.953125,0,200,0
3.310477519,454.111083984375,385.2154541015625,494.9510803222656,0,200,0
3.314777238,454.09283447265625,386.0242004394531,494.95501708984375,0,200,0
3.318622297,454.07904052734375,386.8321228027344,494.9548034667969,0,200,0
3.322550954,454.06231689453125,387.6412353515625,494.9475402832031,0,200,0
3.326805357,454.0467834472656,388.44830322265625,494.93768310546875,0,200,0
3.330676258,454.03497314453125,389.25762939453125,494.93927001953125,0,200,0
3.33501789,454.01580810546875,390.0711975097656,494.94439697265625,0,200,0
3.338914537,453.99951171875,390.882568359375,494.9411926269531,0,200,0
3.342802013,453.98040771484375,391.68994140625,494.9319763183594,0,200,0
3.346744818,453.9695129394531,392.4974060058594,494.9273986816406,0,200,0
3.351009854,453.9545593261719,393.30743408203125,494.9244079589844,0,200,0
3.355134199,453.9327392578125,394.1143798828125,494.91436767578125,0,200,0
3.358864529,453.916259765625,394.9251403808594,494.9111022949219,0,200,0
3.362880097,453.9007568359375,395.7358093261719,494.9054870605469,0,200,0
3.366936006,453.8834228515625,396.543212890625,494.89959716796875,0,200,0
3.370938239,453.8670654296875,397.3491516113281,494.89166259765625,0,200,0
3.375216346,453.8557434082031,398.1531982421875,494.88995361328125,0,200,0
3.37912719,453.8404846191406,398.9606018066406,494.8831787109375,0,200,0
3.3830603200000002,453.8243103027344,399.76776123046875,494.877685546875,0,200,0
3.3872450020000002,453.80908203125,400.5772705078125,494.8758544921875,0,200,0
3.391161745,453.7945861816406,401.3872375488281,494.8775329589844,0,200,0
3.395221649,453.77484130859375,402.1963195800781,494.8751525878906,0,200,0
3.399347767,453.7569580078125,403.00384521484375,494.8730773925781,0,200,0
3.403391994,453.7422180175781,403.8101501464844,494.8646240234375,0,200,0
3.407240237,453.72576904296875,404.6147155761719,494.85186767578125,0,200,0
3.41148118,453.7134094238281,405.4244079589844,494.84912109375,0,200,0
3.415364571,453.6954650878906,406.23602294921875,494.8526611328125,0,200,0
3.419352579,453.6767578125,407.04522705078125,494.8537902832031,0,200,0
3.423549913,453.65936279296875,407.856201171875,494.85321044921875,0,200,0
3.427459541,453.64453125,408.66546630859375,494.8465881347656,0,200,0
3.431469412,453.6296691894531,409.47613525390625,494.8380126953125,0,200,0
3.435931686,453.6120300292969,410.2841491699219,494.835205078125,0,200,0
3.439623706,453.5947570800781,411.0947265625,494.8360900878906,0,200,0
3.443508408,453.5815124511719,411.9031982421875,494.8306884765625,0,200,0
3.447732614,453.5647888183594,412.7084045410156,494.8185119628906,0,200,0
3.451810016,453.5523986816406,413.51422119140625,494.8126525878906,0,200,0
3.455730374,453.53692626953125,414.3249816894531,494.81463623046875,0,200,0
3.459881677,453.5171203613281,415.130859375,494.8058776855469,0,200,0
3.463759512,453.5031433105469,415.93707275390625,494.80322265625,0,200,0
3.467725642,453.490234375,416.7424011230469,494.7960205078125,0,200,0
3.471906882,453.4783630371094,417.5470275878906,494.7910461425781,0,200,0
3.475910784,453.46221923828125,418.3490905761719,494.78265380859375,0,200,0
3.479851731,453.44580078125,419.157958984375,494.779052734375,0,200,0
3.484060098,453.427001953125,419.9700927734375,494.77215576171875,0,200,0
3.487916475,453.4082336425781,420.77960205078125,494.76654052734375,0,200,0
3.491926466,453.3960876464844,421.5903015136719,494.7745666503906,0,200,0
3.496188969,453.3768310546875,422.3998718261719,494.77197265625,0,200,0
3.500188314,453.3595275878906,423.207763671875,494.7677917480469,0,200,0
3.504036263,453.3446044921875,424.013671875,494.7637023925781,0,200,0
3.5082832269999997,453.3282775878906,424.82379150390625,494.75640869140625,0,200,0
3.5121275020000002,453.3125915527344,425.63018798828125,494.7471923828125,0,200,0
3.516127376,453.29351806640625,426.4389343261719,494.7464904785156,0,200,0
3.520319163,453.2763671875,427.2509765625,494.75299072265625,0,200,0
3.524248293,453.25677490234375,428.0604248046875,494.7487487792969,0,200,0
3.528234288,453.2405090332031,428.8663635253906,494.7370910644531,0,200,0
3.532411454,453.23028564453125,429.6702575683594,494.73016357421875,0,200,0
3.536569521,453.2165832519531,430.4754333496094,494.7325744628906,0,200,0
3.540347661,453.2010803222656,431.2815246582031,494.73199462890625,0,200,0
3.5444970700000002,453.1864318847656,432.09039306640625,494.7248840332031,0,200,0
3.54853305,453.16925048828125,432.8985290527344,494.7164611816406,0,200,0
3.552421431,453.1534118652344,433.7041015625,494.7086181640625,0,200,0
3.556683493,453.1412353515625,434.5105895996094,494.70819091796875,0,200,0
3.5605626150000003,453.1260070800781,435.313232421875,494.69921875,0,200,0
3.5645106589999997,453.108154296875,436.1186218261719,494.6912841796875,0,200,0
3.56864816,453.09161376953125,436.9322814941406,494.6893615722656,0,200,0
3.572594461,453.0731506347656,437.7397155761719,494.68475341796875,0,200,0
3.5766526709999997,453.05560302734375,438.54583740234375,494.6793518066406,0,200,0
3.580822001,453.04248046875,439.3548889160156,494.67657470703125,0,200,0
3.584676805,453.0246887207031,440.16107177734375,494.666748046875,0,200,0
3.588685304,453.00531005859375,440.9715881347656,494.6664733886719,0,200,0
3.592881594,452.98822021484375,441.7850646972656,494.6666259765625,0,200,0
3.5970127610000002,452.96875,442.592529296875,494.6607666015625,0,200,0
3.6007876469999998,452.9526672363281,443.39581298828125,494.6503601074219,0,200,0
3.605050964,452.9444580078125,444.20196533203125,494.6487121582031,0,200,0
3.6088656649999997,452.9291687011719,445.00762939453125,494.6421203613281,0,200,0
3.612862777,452.9132385253906,445.814208984375,494.6424560546875,0,200,0
3.617154941,452.8976745605469,446.620361328125,494.6444396972656,0,200,0
3.621029581,452.8802490234375,447.4246520996094,494.6427307128906,0,200,0
3.624987065,452.8678283691406,448.2252502441406,494.62811279296875,0,200,0
3.6291898,452.8567199707031,449.0335998535156,494.62249755859375,0,200,0
3.633067586,452.8417053222656,449.8391418457031,494.6238708496094,0,200,0
3.6373547999999998,452.8255310058594,450.64111328125,494.6173400878906,0,200,0
3.641289764,452.8126525878906,451.4493713378906,494.6143798828125,0,200,0
3.645316687,452.79644775390625,452.25958251953125,494.6077575683594,0,200,0
3.649165039,452.77813720703125,453.0693359375,494.6072082519531,0,200,0
3.65337684,452.7599182128906,453.8782653808594,494.6073913574219,0,200,0
3.65729752,452.7384948730469,454.6875,494.5987548828125,0,200,0
3.661299505,452.718994140625,455.49365234375,494.5880432128906,0,200,0
3.665443537,452.701416015625,456.3030090332031,494.5861511230469,0,200,0
3.669384507,452.68511962890625,457.1114196777344,494.57952880859375,0,200,0
3.67338933,452.66815185546875,457.9181213378906,494.5687561035156,0,200,0
3.677634351,452.6515197753906,458.7274475097656,494.56298828125,0,200,0
3.681487851,452.63677978515625,459.5322265625,494.5611572265625,0,200,0
3.685429098,452.62152099609375,460.335205078125,494.5617980957031,0,200,0
3.689650586,452.607666015625,461.1401672363281,494.55657958984375,0,200,0
3.693688666,452.5921325683594,461.94488525390625,494.5489196777344,0,200,0
3.69764044,452.5787048339844,462.74786376953125,494.54071044921875,0,200,0
3.701788122,452.5654296875,463.5542297363281,494.5302734375,0,200,0
3.705643614,452.5472717285156,464.3587341308594,494.52545166015625,0,200,0
3.709650962,452.5320129394531,465.1658935546875,494.5280456542969,0,200,0
3.713870495,452.5188293457031,465.97039794921875,494.5304260253906,0,200,0
3.717829772,452.5059509277344,466.77484130859375,494.5242919921875,0,200,0
3.721760911,452.49481201171875,467.5824890136719,494.5214538574219,0,200,0
3.725955197,452.4775390625,468.39251708984375,494.5243225097656,0,200,0
3.729845635,452.45269775390625,469.2023620605469,494.51910400390625,0,200,0
3.73382959,452.4356994628906,470.0127868652344,494.51654052734375,0,200,0
3.738330759,452.4181213378906,470.820556640625,494.5093994140625,0,200,0
3.742127506,452.4020690917969,471.6221618652344,494.50177001953125,0,200,0
3.745937846,452.39019775390625,472.4287414550781,494.5024719238281,0,200,0
3.750191478,452.3713073730469,473.2357177734375,494.4956970214844,0,200,0
3.754058013,452.3514709472656,474.0422668457031,494.48583984375,0,200,0
3.758121655,452.3356018066406,474.8526611328125,494.4825439453125,0,200,0
3.7622460970000002,452.3187561035156,475.6551818847656,494.47247314453125,0,200,0
3.7661896820000003,452.3043518066406,476.4581298828125,494.4610595703125,0,200,0
3.770131688,452.2886047363281,477.2610168457031,494.45269775390625,0,200,0
3.774324043,452.274658203125,478.06353759765625,494.4470520019531,0,200,0
3.778303725,452.2625732421875,478.864013671875,494.44476318359375,0,200,0
3.782193681,452.248779296875,479.667724609375,494.4379577636719,0,200,0
3.786374234,452.2307434082031,480.4748229980469,494.4302978515625,0,200,0
3.79044983,452.2148132324219,481.2846374511719,494.4251403808594,0,200,0
3.794322369,452.19818115234375,482.08966064453125,494.4198913574219,0,200,0
3.7986072269999998,452.1827087402344,482.8973388671875,494.4235534667969,0,200,0
3.802453226,452.165771484375,483.7049560546875,494.4279479980469,0,200,0
3.806378533,452.1479797363281,484.51031494140625,494.4236145019531,0,200,0
3.810554296,452.1319580078125,485.3198547363281,494.41412353515625,0,200,0
3.814473808,452.1163024902344,486.1266174316406,494.4130554199219,0,200,0
3.818598148,452.09930419921875,486.9314880371094,494.4181823730469,0,200,0
3.822682305,452.0842590332031,487.7398986816406,494.4159240722656,0,200,0
3.826534589,452.0677795410156,488.5444641113281,494.40875244140625,0,200,0
3.830522685,452.0498962402344,489.349853515625,494.40252685546875,0,200,0
3.834751304,452.032470703125,490.15435791015625,494.4014892578125,0,200,0
3.839120226,452.0159606933594,490.9594421386719,494.3905944824219,0,200,0
3.84274212,451.9994201660156,491.7630615234375,494.3804016113281,0,200,0
3.846901521,451.98590087890625,492.56475830078125,494.3703918457031,0,200,0
3.850794254,451.9698486328125,493.37078857421875,494.3632507324219,0,200,0
3.854802332,451.9552001953125,494.17803955078125,494.3553771972656,0,200,0
3.859068523,451.9419250488281,494.9804382324219,494.3460693359375,0,200,0
3.862937142,451.92669677734375,495.78125,494.3414306640625,0,200,0
3.866891666,451.9123229980469,496.5852966308594,494.3424072265625,0,200,0
3.871135764,451.894287109375,497.3906555175781,494.3343505859375,0,200,0
3.875014618,451.8752136230469,498.1953125,494.3223876953125,0,200,0
3.8790635890000003,451.857177734375,499.0054016113281,494.3158264160156,0,200,0
3.883195061,451.8404235839844,499.8145751953125,494.31329345703125,0,200,0
3.88725131,451.82501220703125,500.61993408203125,494.31976318359375,0,200,0
3.891091806,451.8094177246094,501.42169189453125,494.3197021484375,0,200,0
3.895293067,451.797119140625,502.2236633300781,494.31512451171875,0,200,0
3.899230562,451.7828369140625,503.0276794433594,494.3099670410156,0,200,0
3.903198095,451.7643127441406,503.8334045410156,494.30908203125,0,200,0
3.907359306,451.7464904785156,504.6423034667969,494.3122253417969,0,200,0
3.911306288,451.7320251464844,505.44464111328125,494.3059387207031,0,200,0
3.9152084929999997,451.71771240234375,506.25048828125,494.30224609375,0,200,0
3.919549718,451.70654296875,507.05450439453125,494.30352783203125,0,200,0
3.923417203,451.689697265625,507.8564758300781,494.29962158203125,0,200,0
3.927365472,451.6731872558594,508.6632385253906,494.2885437011719,0,200,0
3.9315777819999997,451.6575927734375,509.46563720703125,494.2796630859375,0,200,0
3.935611138,451.6391906738281,510.26727294921875,494.2668762207031,0,200,0
3.939780614,451.6225891113281,511.0741882324219,494.2590026855469,0,200,0
3.943690988,451.6054382324219,511.88104248046875,494.2457580566406,0,200,0
3.9475742499999997,451.5885925292969,512.6857299804688,494.2383117675781,0,200,0
3.951579963,451.5721740722656,513.48828125,494.234130859375,0,200,0
3.95575161,451.55584716796875,514.2894287109375,494.2238464355469,0,200,0
3.959736609,451.53851318359375,515.0938110351563,494.2109069824219,0,200,0
3.963680104,451.5187683105469,515.8969116210938,494.19818115234375,0,200,0
3.967880617,451.5006103515625,516.704345703125,494.1918029785156,0,200,0
3.971742915,451.4874267578125,517.5056762695313,494.1968688964844,0,200,0
3.9757304959999997,451.4722900390625,518.3103637695313,494.2036437988281,0,200,0
3.980039598,451.45806884765625,519.1175537109375,494.20477294921875,0,200,0
3.9840385769999997,451.4440002441406,519.9212036132813,494.1969299316406,0,200,0
3.987853198,451.4271545410156,520.7281494140625,494.2008056640625,0,200,0
3.99186847,451.4104309082031,521.53369140625,494.207275390625,0,200,0
3.995971558,451.39398193359375,522.337890625,494.20281982421875,0,200,0
3.999915107,451.3812561035156,523.1397705078125,494.2010192871094,0,200,0
4.004182765,451.3664855957031,523.9437255859375,494.2002258300781,0,200,0
4.008137506,451.34991455078125,524.748046875,494.1997375488281,0,200,0
4.012049465,451.3302917480469,525.55224609375,494.1895751953125,0,200,0
4.016265207,451.3138427734375,526.3513793945313,494.1742248535156,0,200,0
4.020193854,451.29681396484375,527.154296875,494.16217041015625,0,200,0
4.024149868,451.2818603515625,527.9518432617188,494.1418762207031,0,200,0
4.028322512,451.26885986328125,528.753173828125,494.1322326660156,0,200,0
4.032371937,451.24761962890625,529.5595092773438,494.1282043457031,0,200,0
4.036235413,451.2286376953125,530.3607177734375,494.1208801269531,0,200,0
4.040731144,451.2090148925781,531.1697998046875,494.116455078125,0,200,0
4.044368476,451.1876220703125,531.9730224609375,494.09942626953125,0,200,0
4.048338812,451.1749267578125,532.776611328125,494.0870056152344,0,200,0
4.052540292,451.1634521484375,533.5808715820313,494.09161376953125,0,200,0
4.056447774,451.14752197265625,534.3814697265625,494.0927429199219,0,200,0
4.060484537,451.1332092285156,535.1863403320313,494.0981140136719,0,200,0
4.064657999,451.1123046875,535.9931640625,494.09130859375,0,200,0
4.068536564,451.09527587890625,536.7987060546875,494.09295654296875,0,200,0
4.072498134,451.0802001953125,537.599609375,494.0992736816406,0,200,0
4.07672172,451.0644226074219,538.4000244140625,494.0955810546875,0,200,0
4.080816986,451.0509948730469,539.1984252929688,494.0883483886719,0,200,0
4.084685014,451.0346984863281,539.9996337890625,494.0858154296875,0,200,0
4.088828665,451.017822265625,540.8023681640625,494.0823974609375,0,200,0
4.092740375,451.00213623046875,541.6029052734375,494.0767822265625,0,200,0
4.096697144,450.99151611328125,542.4049682617188,494.0751647949219,0,200,0
4.100964637,450.97259521484375,543.2073364257813,494.06744384765625,0,200,0
4.1048767250000004,450.9531555175781,544.0108642578125,494.0515441894531,0,200,0
4.108812577,450.9375305175781,544.81640625,494.0465087890625,0,200,0
4.113087713,450.9169006347656,545.6199340820313,494.0355529785156,0,200,0
4.11690557,450.9040222167969,546.426025390625,494.0342102050781,0,200,0
4.120972924,450.88592529296875,547.2254028320313,494.0182800292969,0,200,0
4.125161125,450.8653259277344,548.030029296875,494.0019226074219,0,200,0
4.12916563,450.8460693359375,548.834716796875,493.9886779785156,0,200,0
4.133009671,450.8279724121094,549.6341552734375,493.9788513183594,0,200,0
4.137245315,450.8127746582031,550.4323120117188,493.98101806640625,0,200,0
4.141395564,450.7935791015625,551.231689453125,493.9687194824219,0,200,0
4.145101151,450.77459716796875,552.03857421875,493.95928955078125,0,200,0
4.149274626,450.75750732421875,552.8425903320313,493.960693359375,0,200,0
4.153228391,450.7432861328125,553.6451416015625,493.9678039550781,0,200,0
4.157184664,450.73077392578125,554.4446411132813,493.9717712402344,0,200,0
4.161486433,450.712646484375,555.2461547851563,493.97113037109375,0,200,0
4.165304548,450.6966247558594,556.0507202148438,493.98175048828125,0,200,0
4.169273892,450.6809997558594,556.8505249023438,493.9813232421875,0,-200,0
4.173461676,450.6689453125,557.6541137695313,493.98419189453125,0,-200,0
4.177647383,450.6539001464844,558.4542236328125,493.97674560546875,0,-200,0
4.181624698,450.63690185546875,559.256591796875,493.9736022949219,0,-200,0
4.185712602,450.61859130859375,560.0565795898438,493.9544372558594,0,-200,0
4.189622233,450.6040954589844,560.852783203125,493.9410095214844,0,-200,0
4.193575895,450.58856201171875,561.64794921875,493.9298095703125,0,-200,0
4.197795723,450.5752258300781,562.4344482421875,493.9206237792969,0,-200,0
4.201742342,450.5855712890625,563.1646118164063,493.9568176269531,0,-200,0
4.205597431,450.6401672363281,563.787353515625,494.0635681152344,0,-200,0
4.209804229,450.73138427734375,564.2970581054688,494.20928955078125,0,-200,0
4.213643662,450.8350830078125,564.6699829101563,494.3398742675781,0,-200,0
4.217665282,450.9598083496094,564.8700561523438,494.507568359375,0,-200,0
4.221983206,451.098388671875,564.8770141601563,494.67291259765625,0,-200,0
4.225969619,451.1434020996094,564.746337890625,494.6920471191406,0,-200,0
4.229807194,451.0727844238281,564.6162719726563,494.6283264160156,0,-200,0
4.234043841,450.9324035644531,564.3547973632813,494.5245056152344,0,-200,0
4.237873004,450.79730224609375,563.8872680664063,494.40350341796875,0,-200,0
4.242162558,450.66766357421875,563.3048706054688,494.2365417480469,0,-200,0
4.246124165,450.5118408203125,562.6383666992188,494.0343017578125,0,-200,0
4.25002354,450.3843688964844,561.889404296875,493.888671875,0,-200,0
4.253995976,450.3343811035156,561.0325317382813,493.8348388671875,0,-200,0
4.25820558,450.33563232421875,560.1119384765625,493.79541015625,0,-200,0
4.2621212889999995,450.3455505371094,559.200439453125,493.7415771484375,0,-200,0
4.266114058,450.3583679199219,558.3070068359375,493.73675537109375,0,-200,0
4.270253597,450.38653564453125,557.4222412109375,493.79205322265625,0,-200,0
4.274293334,450.4336242675781,556.5423583984375,493.8558349609375,0,-200,0
4.27820397,450.48583984375,555.6671752929688,493.9085388183594,0,-200,0
4.282423034,450.53173828125,554.8131713867188,493.98388671875,0,-200,0
4.286250012,450.5445251464844,553.9948120117188,494.05230712890625,0,-200,0
4.290235126,450.5314025878906,553.2120971679688,494.1158752441406,0,-200,0
4.294429601,450.4968566894531,552.432373046875,494.1447448730469,0,-200,0
4.298408954,450.4585876464844,551.6431274414063,494.1446228027344,0,-200,0
4.302454438,450.4225158691406,550.8557739257813,494.13494873046875,0,-200,0
4.306589487,450.3700256347656,550.0696411132813,494.088134765625,0,-200,0
4.310442156,450.3167419433594,549.2814331054688,494.02813720703125,0,-200,0
4.314425775,450.2659606933594,548.4758911132813,493.95562744140625,0,-200,0
4.318622418,450.227783203125,547.6591796875,493.8833312988281,0,-200,0
4.322736231,450.19952392578125,546.8406372070313,493.8243103027344,0,-200,0
4.326578544,450.1715393066406,546.0285034179688,493.78302001953125,0,-200,0
4.330758082,450.13836669921875,545.2156372070313,493.7399597167969,0,-200,0
4.334621508,450.11712646484375,544.4081420898438,493.71319580078125,0,-200,0
4.338628003,450.0987243652344,543.5989990234375,493.7052307128906,0,-200,0
4.3430923759999995,450.0796203613281,542.7935791015625,493.7234191894531,0,-200,0
4.346788649,450.0662841796875,541.9850463867188,493.759521484375,0,-200,0
4.350788593,450.0641174316406,541.16796875,493.7900695800781,0,-200,0
4.354975535,450.0750427246094,540.350341796875,493.83697509765625,0,-200,0
4.3588385689999996,450.0933532714844,539.5195922851563,493.88079833984375,0,-200,0
4.362815109,450.1120300292969,538.6926879882813,493.9249267578125,0,-200,0
4.367056868,450.11737060546875,537.8736572265625,493.95770263671875,0,-200,0
4.371083855,450.12127685546875,537.0466918945313,493.97674560546875,0,-200,0
4.374934726,450.1252746582031,536.212890625,493.9764709472656,0,-200,0
4.37914646,450.11627197265625,535.3863525390625,493.9609375,0,-200,0
4.383091308,450.0909729003906,534.5718994140625,493.94189453125,0,-200,0
4.387070842,450.049072265625,533.76806640625,493.9187927246094,0,-200,0
4.391213817,450.0047607421875,532.9732666015625,493.8871154785156,0,-200,0
4.39515229,449.95758056640625,532.1806030273438,493.847900390625,0,-200,0
4.399100938,449.9178161621094,531.3896484375,493.82806396484375,0,-200,0
4.403402962,449.8782653808594,530.595703125,493.804443359375,0,-200,0
4.407238271,449.847900390625,529.79638671875,493.7825927734375,0,-200,0
4.411204514,449.82427978515625,528.99609375,493.76416015625,0,-200,0
4.415390053,449.80401611328125,528.1959838867188,493.73809814453125,0,-200,0
4.419461195,449.7907409667969,527.3922119140625,493.7310485839844,0,-200,0
4.423404275,449.77471923828125,526.5845336914063,493.73419189453125,0,-200,0
4.42753237,449.7613525390625,525.7784423828125,493.7304382324219,0,-200,0
4.4314578319999995,449.74810791015625,524.9650268554688,493.7245788574219,0,-200,0
4.435410433,449.7335205078125,524.1490478515625,493.7250061035156,0,-200,0
4.439607057,449.7283935546875,523.3253173828125,493.7332458496094,0,-200,0
4.443876777,449.7233581542969,522.5025634765625,493.7411804199219,0,-200,0
4.447513189,449.72161865234375,521.6795654296875,493.7561340332031,0,-200,0
4.451509924,449.7184143066406,520.8544311523438,493.7739562988281,0,-200,0
4.455648805,449.71453857421875,520.0352172851563,493.7974548339844,0,-200,0
4.459562444,449.70953369140625,519.2139282226563,493.8056945800781,0,-200,0
4.463756476,449.69830322265625,518.4007568359375,493.8133850097656,0,-200,0
4.467823415,449.6888427734375,517.59130859375,493.8255920410156,0,-200,0
4.471692633,449.67352294921875,516.7828979492188,493.8184509277344,0,-200,0
4.475977309,449.6484680175781,515.9822998046875,493.8013916015625,0,-200,0
4.479756861,449.6124267578125,515.191650390625,493.7843322753906,0,-200,0
4.483729317,449.57513427734375,514.3998413085938,493.7638244628906,0,-200,0
4.487966588,449.53826904296875,513.6087646484375,493.7320861816406,0,-200,0
4.49187575,449.508056640625,512.8159790039063,493.69488525390625,0,-200,0
4.495842359,449.48193359375,512.0283203125,493.6639404296875,0,-200,0
4.500045279,449.4515075683594,511.2392883300781,493.63812255859375,0,-200,0
4.504022054,449.4249572753906,510.4591369628906,493.6331787109375,0,-200,0
4.507997033,449.3994140625,509.67388916015625,493.6129150390625,0,-200,0
4.5121459139999995,449.3815002441406,508.8918762207031,493.5987243652344,0,-200,0
4.516219722,449.3675537109375,508.11822509765625,493.5997619628906,0,-200,0
4.520042966,449.3409118652344,507.3426818847656,493.5960388183594,0,-200,0
4.524514949,449.32427978515625,506.5798034667969,493.6060485839844,0,-200,0
4.528113003,449.30963134765625,505.81671142578125,493.61370849609375,0,-200,0
4.532117271,449.29315185546875,505.0575256347656,493.6184997558594,0,-200,0
4.536357414,449.27593994140625,504.30841064453125,493.6347351074219,0,-200,0
4.540254209,449.2509765625,503.5644836425781,493.63519287109375,0,-200,0
4.54426667,449.2261047363281,502.8313903808594,493.6357727050781,0,-200,0
4.548431738,449.1981506347656,502.10888671875,493.63934326171875,0,-200,0
4.552333347,449.1650085449219,501.39105224609375,493.6351623535156,0,-200,0
4.556307776,449.13671875,500.6806945800781,493.62664794921875,0,-200,0
4.56052229,449.0998229980469,499.9775695800781,493.605224609375,0,-200,0
4.564626229,449.0567321777344,499.2851257324219,493.5829162597656,0,-200,0
4.56845189,449.0082702636719,498.60723876953125,493.5721130371094,0,-200,0
4.572632085,448.9578552246094,497.9336853027344,493.54388427734375,0,-200,0
4.576547914,448.9121398925781,497.264892578125,493.5096435546875,0,-200,0
4.580518166,448.8680725097656,496.6050109863281,493.4788818359375,0,-200,0
4.584749325,448.8161315917969,495.94781494140625,493.435302734375,0,-200,0
4.588651391,448.7709655761719,495.2953186035156,493.4061584472656,0,-200,0
4.592634292,448.7301330566406,494.648681640625,493.3931579589844,0,-200,0
4.59681911,448.6824035644531,494.002685546875,493.3753662109375,0,-200,0
4.600715478,448.643798828125,493.3620300292969,493.3625183105469,0,-200,0
4.604737594,448.608154296875,492.72747802734375,493.35919189453125,0,-200,0
4.608908773,448.57391357421875,492.0943908691406,493.35296630859375,0,-200,0
4.6130019,448.53961181640625,491.4683532714844,493.3559265136719,0,-200,0
4.616822553,448.50531005859375,490.852783203125,493.3646545410156,0,-200,0
4.621045087,448.46978759765625,490.23974609375,493.3629150390625,0,-200,0
4.625192299,448.4355773925781,489.6336975097656,493.36126708984375,0,-200,0
4.628896922,448.4009704589844,489.03717041015625,493.3634338378906,0,-200,0
4.633108707,448.3606262207031,488.4463806152344,493.35943603515625,0,-200,0
4.637026931,448.32073974609375,487.86181640625,493.3486633300781,0,-200,0
4.6410197,448.27679443359375,487.2895812988281,493.3309020996094,0,-200,0
4.645305731,448.2314453125,486.72308349609375,493.306640625,0,-200,0
4.649105355,448.1827392578125,486.1664123535156,493.2896423339844,0,-200,0
4.6530813989999995,448.1255798339844,485.6182556152344,493.2678527832031,0,-200,0
4.657245264,448.0673522949219,485.0809326171875,493.2394714355469,0,-200,0
4.661324198,448.01031494140625,484.54559326171875,493.20489501953125,0,-200,0
4.665208264,447.9600524902344,484.0133056640625,493.1739196777344,0,-200,0
4.669424102,447.9099426269531,483.4876403808594,493.1451110839844,0,-200,0
4.67328905,447.8615417480469,482.9689025878906,493.1241149902344,0,-200,0
4.677271626,447.81256103515625,482.45758056640625,493.11175537109375,0,-200,0
4.681518881,447.7710876464844,481.9483947753906,493.1012268066406,0,-200,0
4.685442397,447.73028564453125,481.4469909667969,493.09014892578125,0,-200,0
4.68942367,447.6872863769531,480.947998046875,493.07305908203125,0,-200,0
4.693592882,447.6488342285156,480.45526123046875,493.061767578125,0,-200,0
4.697503822,447.6109619140625,479.9682922363281,493.05731201171875,0,-200,0
4.701478267,447.57550048828125,479.48321533203125,493.0453186035156,0,-200,0
4.705768095,447.53778076171875,479.0062255859375,493.0335693359375,0,-200,0
4.709720977,447.4974060058594,478.5414123535156,493.0327453613281,0,-200,0
4.713557252,447.4555358886719,478.0812072753906,493.0247802734375,0,-200,0
4.717790283,447.41705322265625,477.62420654296875,493.01385498046875,0,-200,0
4.721698568,447.3763427734375,477.17987060546875,492.9990539550781,0,-200,0
4.72597188,447.3332824707031,476.7453918457031,492.9909973144531,0,-200,0
4.72990664,447.2856140136719,476.31768798828125,492.9773254394531,0,-200,0
4.73374334,447.2415771484375,475.9010009765625,492.9604797363281,0,-200,0
4.737769633,447.1971740722656,475.48291015625,492.9436340332031,0,-200,0
4.741989537,447.1495056152344,475.0762634277344,492.9229736328125,0,-200,0
4.745938407,447.09930419921875,474.68145751953125,492.89971923828125,0,-200,0
4.74987168,447.0481262207031,474.2893371582031,492.8770751953125,0,-200,0
4.754065064,446.9960021972656,473.90618896484375,492.8495788574219,0,-200,0
4.75814352,446.95184326171875,473.5263366699219,492.8350830078125,0,-200,0
4.761965157,446.9096374511719,473.1471252441406,492.817626953125,0,-200,0
4.766272354,446.8687744140625,472.7750549316406,492.7966003417969,0,-200,0
4.770074471,446.82574462890625,472.4109802246094,492.7806396484375,0,-200,0
4.774066494,446.7875671386719,472.0514221191406,492.7733459472656,0,-200,0
4.778282753,446.7496337890625,471.695068359375,492.7615966796875,0,-200,0
4.782177811,446.71978759765625,471.34576416015625,492.755859375,0,-200,0
4.786197787,446.6920471191406,471.00164794921875,492.75238037109375,0,-200,0
4.790372973,446.65789794921875,470.6646423339844,492.7403869628906,0,-200,0
4.794249235,446.62103271484375,470.3448791503906,492.73974609375,0,-200,0
4.798257914,446.5873107910156,470.02313232421875,492.7342834472656,0,-200,0
4.802459883,446.5554504394531,469.70550537109375,492.7221984863281,0,-200,0
4.806535832,446.5234375,469.3986511230469,492.7128601074219,0,-200,0
4.810400229,446.4855651855469,469.1003112792969,492.7000427246094,0,-200,0
4.814484019,446.450439453125,468.81219482421875,492.68914794921875,0,-200,0
4.818401758,446.4100036621094,468.52679443359375,492.66534423828125,0,-200,0
4.822352018,446.3721008300781,468.2541809082031,492.6475830078125,0,-200,0
4.826839356,446.33837890625,467.9849548339844,492.63653564453125,0,-200,0
4.830528503,446.301025390625,467.72235107421875,492.6163635253906,0,-200,0
4.834489369,446.2622985839844,467.471435546875,492.5993347167969,0,-200,0
4.838678194,446.225830078125,467.2281494140625,492.5899353027344,0,-200,0
4.842612078,446.1923522949219,466.9841613769531,492.5803527832031,0,-200,0
4.84667729,446.168701171875,466.7388000488281,492.5736389160156,0,-200,0
4.850857491,446.14532470703125,466.5041198730469,492.56634521484375,0,-200,0
4.854904521,446.11474609375,466.28021240234375,492.5558166503906,0,-200,0
4.858724502,446.0820617675781,466.0630187988281,492.550537109375,0,-200,0
4.86293491,446.0625305175781,465.8485412597656,492.5545654296875,0,-200,0
4.866882347,446.0408935546875,465.63519287109375,492.5490417480469,0,-200,0
4.870816347,446.02020263671875,465.4272155761719,492.533935546875,0,-200,0
4.875049874,445.99847412109375,465.2362365722656,492.5321960449219,0,-200,0
4.878989497,445.97344970703125,465.052978515625,492.53094482421875,0,-200,0
4.882902867,445.9527282714844,464.8667907714844,492.5224304199219,0,-200,0
4.887234467,445.93505859375,464.6874084472656,492.5170593261719,0,-200,0
4.891047991,445.9160461425781,464.5168762207031,492.5029602050781,0,-200,0
4.895055432,445.8945617675781,464.3608703613281,492.4920349121094,0,-200,0
4.899170726,445.8698425292969,464.21746826171875,492.4894714355469,0,-200,0
4.90325429,445.8463439941406,464.07366943359375,492.4767150878906,0,-200,0
4.907184758,445.8271179199219,463.9343566894531,492.468017578125,0,-200,0
4.911350418,445.811767578125,463.79998779296875,492.4573974609375,0,-200,0
4.915185109,445.79364013671875,463.67431640625,492.4460754394531,0,-200,0
4.919183815,445.773193359375,463.5587463378906,492.4355163574219,0,-200,0
4.923401294,445.7573547363281,463.4453125,492.4238586425781,0,-200,0
4.927594459,445.7430725097656,463.33984375,492.4140319824219,0,-200,0
4.931358756,445.7279968261719,463.23968505859375,492.4074401855469,0,-200,0
4.935579923,445.7119445800781,463.14923095703125,492.40252685546875,0,-200,0
4.939425626,445.6977844238281,463.0625,492.3961486816406,0,-200,0
4.943399557,445.6895751953125,462.9802551269531,492.39105224609375,0,-200,0
4.947645561,445.6833190917969,462.9053039550781,492.392578125,0,-200,0
4.95169191,445.6767272949219,462.8346862792969,492.3961181640625,0,-200,0
4.955520484,445.6676940917969,462.7727355957031,492.3941345214844,0,-200,0
4.959760227,445.66339111328125,462.71771240234375,492.3949279785156,0,-200,0
4.963606897,445.6591796875,462.666259765625,492.3974304199219,0,-200,0
4.967634298,445.6572570800781,462.62255859375,492.39703369140625,0,-200,0
4.971817611,445.652099609375,462.5887756347656,492.39727783203125,0,-200,0
4.975705431,445.65008544921875,462.557373046875,492.39068603515625,0,-200,0
4.979731741,445.64593505859375,462.53533935546875,492.3911437988281,0,-200,0
4.983932614,445.64007568359375,462.5204162597656,492.39251708984375,0,-200,0
4.9878386710000004,445.6355285644531,462.5094909667969,492.3887023925781,0,-200,0
4.9917779509999995,445.6372375488281,462.4978942871094,492.3856201171875,0,-200,0
4.995979056,445.63531494140625,462.49151611328125,492.38568115234375,0,-200,0
5.000042948,445.6343078613281,462.4859924316406,492.380126953125,0,-200,0
5.003905241,445.63104248046875,462.48260498046875,492.3800354003906,0,-200,0
5.008185091,445.6280517578125,462.4794921875,492.37811279296875,0,-200,0
5.012011865,445.62939453125,462.4765625,492.3825988769531,0,-200,0
5.015976686,445.6303405761719,462.4818420410156,492.38360595703125,0,-200,0
5.020176708,445.6322937011719,462.48834228515625,492.3895263671875,0,-200,0
5.02413062,445.6332702636719,462.49114990234375,492.38922119140625,0,-200,0
5.028340599,445.6347961425781,462.4927062988281,492.3923034667969,0,-200,0
5.03236837,445.63604736328125,462.494140625,492.3949890136719,0,-200,0
5.036174885,445.63555908203125,462.4961853027344,492.3968811035156,0,-200,0
5.040150989,445.63555908203125,462.4961853027344,492.3968811035156,0,-200,0
5.044354694,445.6361083984375,462.49676513671875,492.3980407714844,0,-200,0
5.048466868,445.63702392578125,462.497802734375,492.39996337890625,0,-200,0
5.052269972,445.6347961425781,462.49993896484375,492.39996337890625,0,-200,0
5.056441683,445.6346435546875,462.4997863769531,492.39996337890625,0,-200,0
5.060384316,445.6346435546875,462.4997863769531,492.39996337890625,0,-200,0
5.064363012,445.63470458984375,462.4997253417969,492.39996337890625,0,-200,0
5.068601667,445.63336181640625,462.5029296875,492.4018859863281,0,-200,0
5.072500447,445.6322937011719,462.5020751953125,492.39996337890625,0,-200,0
5.076477506,445.6334228515625,462.50286865234375,492.4018859863281,0,-200,0
5.080657496,445.633056640625,462.50262451171875,492.4018859863281,0,-200,0
5.084568318,445.6329345703125,462.50274658203125,492.4018859863281,0,-200,0
5.088609634,445.63311767578125,462.5025634765625,492.4018859863281,0,-200,0
5.092740427,445.6329345703125,462.50274658203125,492.4018859863281,0,-200,0
5.096780945,445.633056640625,462.50262451171875,492.4018859863281,0,-200,0
5.100636983,445.633056640625,462.50262451171875,492.4018859863281,0,-200,0
5.104876989,445.6329345703125,462.50274658203125,492.4018859863281,0,-200,0
5.108792593,445.633056640625,462.50262451171875,492.4018859863281,0,-200,0
5.112723289,445.6332092285156,462.5030517578125,492.4018859863281,0,-200,0
5.116945557,445.6329345703125,462.50274658203125,492.4018859863281,0,-200,0
5.120858486,445.6329345703125,462.50274658203125,492.4018859863281,0,-200,0
5.124859758,445.6329345703125,462.5027770996094,492.406005859375,0,-200,0
5.129342418,445.63250732421875,462.5023193359375,492.406005859375,0,-200,0
5.132947662,445.63336181640625,462.50323486328125,492.4018859863281,0,-200,0
5.137100463,445.63336181640625,462.50323486328125,492.4018859863281,0,-200,0
5.141266882,445.63336181640625,462.50323486328125,492.4018859863281,0,-200,0
5.145219943,445.6332092285156,462.5030517578125,492.4018859863281,0,-200,0
5.149086443,445.6327819824219,462.50262451171875,492.406005859375,0,-200,0
5.153245554,445.6329345703125,462.5027770996094,492.406005859375,0,-200,0
5.157135527,445.63336181640625,462.50323486328125,492.4018859863281,0,-200,0
5.16111907,445.63336181640625,462.50323486328125,492.4018859863281,0,-200,0
5.165336398,445.63336181640625,462.50323486328125,492.4018859863281,0,-200,0
5.169273432,445.6329345703125,462.5027770996094,492.406005859375,0,-200,0
5.173214326,445.6329345703125,462.5027770996094,492.406005859375,0,-200,0
5.177429502,445.6330871582031,462.5029296875,492.406005859375,0,-200,0
5.181305485,445.6357421875,462.5011901855469,492.4018859863281,0,-200,0
5.185288001,445.6343688964844,462.4997863769531,492.40411376953125,0,-200,0
5.189631495,445.6343688964844,462.4997863769531,492.40411376953125,0,-200,0
5.193579208,445.6343688964844,462.4997863769531,492.40411376953125,0,-200,0
5.197400355,445.63531494140625,462.50079345703125,492.406005859375,0,-200,0
5.201638816,445.63531494140625,462.50079345703125,492.406005859375,0,-200,0
5.205514962,445.6343688964844,462.4997863769531,492.40411376953125,0,-200,0
5.209596914,445.6343688964844,462.4997863769531,492.40411376953125,0,-200,0
5.213702738,445.6343688964844,462.4997863769531,492.40411376953125,0,-200,0
5.217630715,445.6343688964844,462.4997863769531,492.40411376953125,0,-200,0
5.22161378,445.63482666015625,462.500244140625,492.40411376953125,0,-200,0
5.225822996,445.63482666015625,462.500244140625,492.40411376953125,0,-200,0
5.230032313,445.63482666015625,462.500244140625,492.40411376953125,0,-200,0
5.233713422,445.63482666015625,462.500244140625,492.40411376953125,0,-200,0
5.23789708,445.63482666015625,462.500244140625,492.40411376953125,0,-200,0
5.241983411,445.63482666015625,462.500244140625,492.40411376953125,0,-200,0
5.245789243,445.63482666015625,462.500244140625,492.40411376953125,0,-200,0
5.250113453,445.6350402832031,462.50048828125,492.40411376953125,0,-200,0
5.253952024,445.6348571777344,462.50030517578125,492.40411376953125,0,-200,0
5.257870415,445.6350402832031,462.50048828125,492.40411376953125,0,-200,0
5.262096785,445.63726806640625,462.49835205078125,492.40411376953125,0,-200,0
5.266062621,445.63726806640625,462.49835205078125,492.40411376953125,0,-200,0
5.270029324,445.63726806640625,462.49835205078125,492.40411376953125,0,-200,0
5.274240173,445.63726806640625,462.49835205078125,492.40411376953125,0,-200,0
5.278085399,445.63739013671875,462.49847412109375,492.40411376953125,0,-200,0
5.282053755,445.63726806640625,462.49835205078125,492.40411376953125,0,-200,0
5.286278615,445.63726806640625,462.49835205078125,492.40411376953125,0,-200,0
5.290369515,445.6375427246094,462.4986267089844,492.40411376953125,0,-200,0
5.294192447,445.6365966796875,462.4976501464844,492.40216064453125,0,-200,0
5.298374617,445.6365966796875,462.4976501464844,492.40216064453125,0,-200,0
5.302273847,445.6365966796875,462.4976501464844,492.40216064453125,0,-200,0
5.306263958,445.6365966796875,462.4976501464844,492.40216064453125,0,-200,0
5.310520588,445.6365966796875,462.4976501464844,492.40216064453125,0,-200,0
5.314420479,445.6367492675781,462.497802734375,492.40216064453125,0,-200,0
5.31838755,445.6367492675781,462.497802734375,492.40216064453125,0,-200,0
5.322576477,445.6367492675781,462.497802734375,492.40216064453125,0,-200,0
5.326472292,445.6367492675781,462.497802734375,492.40216064453125,0,-200,0
5.330709141,445.63665771484375,462.4976806640625,492.4031677246094,0,-200,0
5.334701832,445.6379699707031,462.49639892578125,492.4031677246094,0,-200,0
5.338698524,445.6379699707031,462.49639892578125,492.4031677246094,0,-200,0
5.342548312,445.6379699707031,462.49639892578125,492.4031677246094,0,-200,0
5.346814417,445.6385803222656,462.4970397949219,492.4031677246094,0,-200,0
5.3507347880000005,445.6385803222656,462.4970397949219,492.4031677246094,0,-200,0
5.354668262,445.6385803222656,462.4970397949219,492.4031677246094,0,-200,0
5.358842372,445.63800048828125,462.4964294433594,492.4020080566406,0,-200,0
5.362764683,445.6380615234375,462.4964904785156,492.4020080566406,0,-200,0
5.366755392,445.6380615234375,462.4964904785156,492.4020080566406,0,-200,0
5.371058743,445.63800048828125,462.4964294433594,492.4020080566406,0,-200,0
5.374884172,445.6380615234375,462.4964904785156,492.4020080566406,0,-200,0
5.378832523,445.6380615234375,462.4964904785156,492.4020080566406,0,-200,0
5.383035099,445.6380615234375,462.4964904785156,492.4020080566406,0,-200,0
5.387123524,445.6380615234375,462.4964904785156,492.4020080566406,0,-200,0
5.391011534,445.6380615234375,462.4964904785156,492.4020080566406,0,-200,0
5.395168672,445.6382141113281,462.49664306640625,492.4020080566406,0,-200,0
5.399044368,445.63836669921875,462.496826171875,492.4020080566406,0,-200,0
5.403051862,445.63922119140625,462.4959411621094,492.4020080566406,0,-200,0
5.407241004,445.63922119140625,462.4959411621094,492.4020080566406,0,-200,0
5.411209982,445.63922119140625,462.4959411621094,492.4020080566406,0,-200,0
5.415191815,445.63922119140625,462.4959411621094,492.4020080566406,0,-200,0
5.419338359,445.63922119140625,462.4959411621094,492.4020080566406,0,-200,0
5.423246124,445.6395263671875,462.4962463378906,492.4020080566406,0,-200,0
5.427206629,445.63922119140625,462.4959411621094,492.4020080566406,0,-200,0
5.431706022,445.6396789550781,462.49639892578125,492.4020080566406,0,-200,0
5.435492141,445.64190673828125,462.4942626953125,492.4020080566406,0,-200,0
5.439366541,445.6409606933594,462.4932556152344,492.4001159667969,0,-200,0
5.443534761,445.6409606933594,462.4932556152344,492.4001159667969,0,-200,0
5.447438968,445.64111328125,462.493408203125,492.4001159667969,0,-200,0
5.45152697,445.64111328125,462.493408203125,492.4001159667969,0,-200,0
5.455645312,445.6409606933594,462.4932556152344,492.4001159667969,0,-200,0
5.4595461,445.6409606933594,462.4932556152344,492.4016418457031,0,-200,0
5.463538882,445.6409606933594,462.4932556152344,492.4016418457031,0,-200,0
5.467738569,445.6409606933594,462.4932556152344,492.4016418457031,0,-200,0
5.471686297,445.64111328125,462.493408203125,492.4001159667969,0,-200,0
5.47562837,445.6409606933594,462.4932556152344,492.4016418457031,0,-200,0
5.479803407,445.64111328125,462.493408203125,492.4016418457031,0,-200,0
5.48384189,445.6412353515625,462.4935607910156,492.4016418457031,0,-200,0
5.487725598,445.6412353515625,462.4935607910156,492.4016418457031,0,-200,0
5.491995935,445.6432800292969,462.4913330078125,492.4016418457031,0,-200,0
5.49581796,445.6434326171875,462.491455078125,492.4016418457031,0,-200,0
5.4997921309999995,445.6434326171875,462.491455078125,492.4016418457031,0,-200,0
5.504058811,445.6434326171875,462.491455078125,492.4016418457031,0,-200,0
5.507974032,445.6434326171875,462.491455078125,492.4016418457031,0,-200,0
5.511970634,445.6436462402344,462.49169921875,492.4016418457031,0,-200,0
5.516196739,445.6437683105469,462.4918518066406,492.4016418457031,0,-200,0
5.520016606,445.6434020996094,462.491455078125,492.4008483886719,0,-200,0
5.524027116,445.6434020996094,462.491455078125,492.4008483886719,0,-200,0
5.528238839,445.6434020996094,462.491455078125,492.4008483886719,0,-200,0
5.532505741,445.6432800292969,462.4915771484375,492.4008483886719,0,-200,0
5.53613682,445.6430969238281,462.49176025390625,492.4008483886719,0,-200,0
5.540301433,445.6434020996094,462.491455078125,492.4008483886719,0,-200,0
5.544204274,445.6430969238281,462.49176025390625,492.4008483886719,0,-200,0
5.548216538,445.6435546875,462.4916076660156,492.4008483886719,0,-200,0
5.5524421870000005,445.6435852050781,462.49188232421875,492.4008483886719,0,-200,0
5.556329617,445.64337158203125,462.4920349121094,492.4008483886719,0,-200,0
5.560330792,445.64593505859375,462.4895935058594,492.4008483886719,0,-200,0
5.564502576,445.6455383300781,462.48944091796875,492.4034423828125,0,-200,0
5.568446141,445.6453552246094,462.4896240234375,492.4034423828125,0,-200,0
5.572429632,445.64593505859375,462.4895935058594,492.4008483886719,0,-200,0
5.576578459,445.6448669433594,462.4887390136719,492.3989562988281,0,-200,0
5.5806295519999995,445.6455078125,462.4897766113281,492.4034423828125,0,-200,0
5.584473071,445.6459655761719,462.4896240234375,492.4034423828125,0,-200,0
5.588707145,445.64471435546875,462.48895263671875,492.4015197753906,0,-200,0
5.592634197,445.64471435546875,462.48895263671875,492.4015197753906,0,-200,0
5.596581124,445.64501953125,462.4886474609375,492.4015197753906,0,-200,0
5.600762885,445.64471435546875,462.48895263671875,492.4015197753906,0,-200,0
5.604708877,445.6448974609375,462.48876953125,492.4015197753906,0,-200,0
5.608746502,445.64471435546875,462.48895263671875,492.4015197753906,0,-200,0
5.612955554,445.64471435546875,462.48895263671875,492.4015197753906,0,-200,0
5.616783496,445.6451721191406,462.48907470703125,492.4015197753906,0,-200,0
5.620745536,445.6448974609375,462.48876953125,492.4015197753906,0,-200,0
5.624986764,445.6463317871094,462.48797607421875,492.4015197753906,0,-200,0
5.629060001,445.6465148925781,462.4877624511719,492.4015197753906,0,-200,0
5.632855466,445.6465148925781,462.4877624511719,492.4015197753906,0,-200,0
5.637127915,445.6463317871094,462.48797607421875,492.4015197753906,0,-200,0
5.640962109,445.6465148925781,462.4877624511719,492.4015197753906,0,-200,0
5.64504255,445.6453857421875,462.4869689941406,492.39959716796875,0,-200,0
5.649171648,445.6453857421875,462.4869689941406,492.39959716796875,0,-200,0
5.653153093,445.6453857421875,462.4869689941406,492.39959716796875,0,-200,0
5.657074459,445.6453857421875,462.4869689941406,492.39959716796875,0,-200,0
5.661313381,445.6455993652344,462.4871826171875,492.39959716796875,0,-200,0
5.665168948,445.6453857421875,462.4869689941406,492.39959716796875,0,-200,0
5.669144301,445.6455993652344,462.4871826171875,492.39959716796875,0,-200,0
5.673399046,445.64581298828125,462.48699951171875,492.39959716796875,0,-200,0
5.677412795,445.646484375,462.4863586425781,492.39959716796875,0,-200,0
5.681248361,445.646484375,462.4863586425781,492.39959716796875,0,-200,0
5.685438435,445.64666748046875,462.4861755371094,492.39959716796875,0,-200,0
5.689365116,445.646484375,462.4863586425781,492.39959716796875,0,-200,0
5.6933986690000005,445.646484375,462.4863586425781,492.39959716796875,0,-200,0
5.697541944,445.64666748046875,462.4861755371094,492.39959716796875,0,-200,0
5.701485776,445.646484375,462.4863586425781,492.39959716796875,0,-200,0
5.705442355,445.646484375,462.4863586425781,492.39959716796875,0,-200,0
5.709663458,445.646484375,462.4863586425781,492.39959716796875,0,-200,0
5.713615993,445.646484375,462.4863586425781,492.39959716796875,0,-200,0
5.717588706,445.6487121582031,462.4842224121094,492.39959716796875,0,-200,0
5.7217234,445.64898681640625,462.4845275878906,492.39959716796875,0,-200,0
5.725789793,445.6487121582031,462.4842224121094,492.39959716796875,0,-200,0
5.729678909,445.64898681640625,462.4845275878906,492.39959716796875,0,-200,0
5.734180105,445.64898681640625,462.4845275878906,492.39959716796875,0,-200,0
5.7377695410000005,445.64898681640625,462.4845275878906,492.39959716796875,0,-200,0
5.741714173,445.64898681640625,462.4845275878906,492.39959716796875,0,-200,0
5.745937499,445.64874267578125,462.4842834472656,492.40216064453125,0,-200,0
5.749947386,445.64874267578125,462.4842834472656,492.40216064453125,0,-200,0
5.753835122,445.64898681640625,462.4845275878906,492.39959716796875,0,-200,0
5.758082348,445.64898681640625,462.4845275878906,492.39959716796875,0,-200,0
5.761959301,445.6509704589844,462.4820861816406,492.40216064453125,0,-200,0
5.765941427,445.6509704589844,462.4820861816406,492.40216064453125,0,-200,0
5.770124484,445.6509704589844,462.4820861816406,492.40216064453125,0,-200,0
5.77423598,445.6509704589844,462.4820861816406,492.40216064453125,0,-200,0
5.778045107,445.6509704589844,462.4820861816406,492.40216064453125,0,-200,0
5.782226865,445.6509704589844,462.4820861816406,492.40216064453125,0,-200,0
5.78611731,445.6509704589844,462.4820861816406,492.40216064453125,0,-200,0
5.790120412,445.650390625,462.4815368652344,492.4010009765625,0,-200,0
5.794360038,445.650390625,462.4815368652344,492.4010009765625,0,-200,0
5.79826729,445.650390625,462.4815368652344,492.4010009765625,0,-200,0
5.802205301,445.650390625,462.4815368652344,492.4010009765625,0,-200,0
5.8064595820000005,445.650390625,462.4815368652344,492.4010009765625,0,-200,0
5.810319754,445.650390625,462.4815368652344,492.4010009765625,0,-200,0
5.814497637,445.650390625,462.4815368652344,492.4010009765625,0,-200,0
5.818456016,445.650390625,462.4815368652344,492.4010009765625,0,-200,0
5.822464421,445.650390625,462.4815368652344,492.4010009765625,0,-200,0
5.826395976,445.650390625,462.4815368652344,492.4010009765625,0,-200,0
5.830632876,445.650390625,462.4815368652344,492.4010009765625,0,-200,0
5.834824551,445.650390625,462.4815368652344,492.4010009765625,0,-200,0
5.838558424,445.650390625,462.4815368652344,492.4010009765625,0,-200,0
5.842695046,445.650390625,462.4815368652344,492.4010009765625,0,-200,0
5.846636354,445.650390625,462.4815368652344,492.4010009765625,0,-200,0
5.850610044,445.650390625,462.4815368652344,492.4010009765625,0,-200,0
5.854878597,445.650390625,462.4815368652344,492.4010009765625,0,-200,0
5.85870803,445.650390625,462.4815368652344,492.4010009765625,0,-200,0
5.862676946,445.6517028808594,462.48028564453125,492.4010009765625,0,-200,0
5.866884674,445.6517028808594,462.48028564453125,492.4010009765625,0,-200,0
5.870979953,445.6517028808594,462.48028564453125,492.4010009765625,0,-200,0
5.8748636340000004,445.6517028808594,462.48028564453125,492.4010009765625,0,-200,0
5.878831917,445.6519775390625,462.4805603027344,492.4010009765625,0,-200,0
5.88288814,445.6519775390625,462.4805603027344,492.4010009765625,0,-200,0
5.887090666,445.6519775390625,462.4805603027344,492.4010009765625,0,-200,0
5.891118397,445.6519775390625,462.4805603027344,492.4010009765625,0,-200,0
5.895069625,445.6519775390625,462.4805603027344,492.4010009765625,0,-200,0
5.899005867,445.6519775390625,462.4805603027344,492.4010009765625,0,-200,0
5.903228258,445.6519775390625,462.4805603027344,492.4010009765625,0,-200,0
5.9070855,445.6519775390625,462.4805603027344,492.4010009765625,0,-200,0
5.911084041,445.6519775390625,462.4805603027344,492.4010009765625,0,-200,0
5.915329022,445.6519775390625,462.4805603027344,492.4010009765625,0,-200,0
5.919341253,445.6519775390625,462.4805603027344,492.4010009765625,0,-200,0
5.923191109,445.6519775390625,462.4805603027344,492.4010009765625,0,-200,0
5.92739918,445.6519775390625,462.4805603027344,492.4010009765625,0,-200,0
5.931294243,445.6519775390625,462.4805603027344,492.4010009765625,0,-200,0
5.935528438,445.6519775390625,462.4805603027344,492.4010009765625,0,-200,0
5.939562701,445.6519775390625,462.4805603027344,492.4010009765625,0,-200,0
5.94335724,445.6519775390625,462.4805603027344,492.4010009765625,0,-200,0
5.947346504,445.6519775390625,462.4805603027344,492.4010009765625,0,-200,0
5.951577818,445.6519775390625,462.4805603027344,492.4010009765625,0,-200,0
5.95545604,445.65106201171875,462.4795837402344,492.39910888671875,0,-200,0
5.959434407,445.65106201171875,462.4795837402344,492.39910888671875,0,-200,0
5.963610528,445.65106201171875,462.4795837402344,492.39910888671875,0,-200,0
5.967678358,445.65106201171875,462.4795837402344,492.39910888671875,0,-200,0
5.971559128,445.6519775390625,462.4805603027344,492.4010009765625,0,-200,0
5.975811918,445.65106201171875,462.4795837402344,492.39910888671875,0,-200,0
5.97964873,445.65106201171875,462.4795837402344,492.39910888671875,0,-200,0
5.983579949,445.65106201171875,462.4795837402344,492.39910888671875,0,-200,0
5.987828975,445.65106201171875,462.4795837402344,492.39910888671875,0,-200,0
5.99176491,445.65087890625,462.47943115234375,492.400634765625,0,-200,0
5.995766322,445.65087890625,462.47943115234375,492.400634765625,0,-200,0
5.999958839,445.65087890625,462.47943115234375,492.400634765625,0,-200,0
6.003817462,445.65087890625,462.47943115234375,492.400634765625,0,-200,0
6.007789874,445.65106201171875,462.4795837402344,492.39910888671875,0,-200,0
6.012021029,445.65087890625,462.47943115234375,492.400634765625,0,-200,0
6.016124162,445.65087890625,462.47943115234375,492.400634765625,0,-200,0
6.019941608,445.6513366699219,462.4798889160156,492.39910888671875,0,-200,0
6.024158652,445.65087890625,462.47943115234375,492.400634765625,0,-200,0
6.028014904,445.65118408203125,462.479736328125,492.400634765625,0,-200,0
6.032036945,445.6513366699219,462.4798583984375,492.400634765625,0,-200,0
6.03646878,445.6513366699219,462.4798583984375,492.400634765625,0,-200,0
6.04013916,445.65118408203125,462.479736328125,492.400634765625,0,-200,0
6.044099867,445.6513366699219,462.4798583984375,492.400634765625,0,-200,0
6.048326693,445.6513366699219,462.4798583984375,492.400634765625,0,-200,0
6.052219843,445.6513366699219,462.4798583984375,492.400634765625,0,-200,0
6.056237871,445.6513366699219,462.4798583984375,492.400634765625,0,-200,0
6.060403891,445.6513366699219,462.4798583984375,492.400634765625,0,-200,0
6.064435365,445.6513366699219,462.4798583984375,492.400634765625,0,-200,0
6.068311084,445.6513366699219,462.4798583984375,492.400634765625,0,-200,0
6.072507104,445.6513366699219,462.4798583984375,492.400634765625,0,-200,0
6.076432198,445.6513366699219,462.4798583984375,492.400634765625,0,-200,0
6.080439131,445.6513366699219,462.4798583984375,492.400634765625,0,-200,0
6.084572364,445.6513366699219,462.4798583984375,492.400634765625,0,-200,0
6.088511445,445.6513366699219,462.4798583984375,492.400634765625,0,-200,0
6.09253378,445.6513366699219,462.4798583984375,492.400634765625,0,-200,0
6.096750294,445.6513366699219,462.4798583984375,492.400634765625,0,-200,0
6.100598212,445.6513366699219,462.4798583984375,492.400634765625,0,-200,0
6.104570396,445.6513366699219,462.4798583984375,492.400634765625,0,-200,0
6.108790502,445.6513366699219,462.4798583984375,492.400634765625,0,-200,0
6.112821854,445.6513366699219,462.4798583984375,492.400634765625,0,-200,0
6.116744159,445.6513366699219,462.4798583984375,492.400634765625,0,-200,0
6.120914113,445.6513366699219,462.4798583984375,492.400634765625,0,-200,0
6.1247844,445.6513366699219,462.4798583984375,492.400634765625,0,-200,0
6.12875946,445.6513366699219,462.4798583984375,492.400634765625,0,-200,0
6.132936854,445.6513366699219,462.4798583984375,492.400634765625,0,-200,0
6.137203443,445.6513366699219,462.4798583984375,492.400634765625,0,-200,0
6.140861762,445.6513366699219,462.4798583984375,492.400634765625,0,-200,0
6.145110186,445.6513366699219,462.4798583984375,492.400634765625,0,-200,0
6.148961586,445.6513366699219,462.4798583984375,492.400634765625,0,-200,0
6.152970612,445.6513366699219,462.4798583984375,492.400634765625,0,-200,0
6.15722721,445.6513366699219,462.4798583984375,492.400634765625,0,-200,0
6.161220099,445.6513366699219,462.4798583984375,492.400634765625,0,-200,0
6.165055099,445.6513366699219,462.4798583984375,492.400634765625,0,-200,0
6.169245792,445.6513366699219,462.4798583984375,492.400634765625,0,-200,0
6.173178046,445.6513366699219,462.4798583984375,492.400634765625,0,-200,0
6.17719794,445.6513366699219,462.4798583984375,492.400634765625,0,-200,0
6.181357973,445.6513366699219,462.4798583984375,492.400634765625,0,-200,0
6.185274631,445.6513366699219,462.4798583984375,492.400634765625,0,-200,0
6.189256412,445.6513366699219,462.4798583984375,492.400634765625,0,-200,0
6.193467185,445.6513366699219,462.4798583984375,492.400634765625,0,-200,0
6.19740189,445.6513366699219,462.4798583984375,492.400634765625,0,-200,0
6.201350705,445.6513366699219,462.4798583984375,492.400634765625,0,-200,0
6.205518208,445.6513366699219,462.4798583984375,492.400634765625,0,-200,0
6.209579491,445.6513366699219,462.4798583984375,492.400634765625,0,-200,0
6.2134850329999995,445.6513366699219,462.4798583984375,492.400634765625,0,-200,0
6.217713418,445.6513366699219,462.4798583984375,492.400634765625,0,-200,0
6.221592925,445.6513366699219,462.4798583984375,492.400634765625,0,-200,0
6.225510296,445.6513366699219,462.4798583984375,492.400634765625,0,-200,0
6.229733086,445.6513366699219,462.4798583984375,492.400634765625,0,-200,0
6.233671605,445.6513366699219,462.4798583984375,492.400634765625,0,-200,0
6.237922201,445.6513366699219,462.4798583984375,492.400634765625,0,-200,0
6.241937493,445.6513366699219,462.4798583984375,492.400634765625,0,-200,0
6.245746973,445.6513366699219,462.4798583984375,492.400634765625,0,-200,0
6.249710074,445.6513366699219,462.4798583984375,492.400634765625,0,-200,0
6.253949704,445.6513366699219,462.4798583984375,492.400634765625,0,-200,0
6.258035552,445.6513366699219,462.4798583984375,492.400634765625,0,-200,0
6.261885029,445.6513366699219,462.4798583984375,492.400634765625,0,-200,0
6.266050271,445.6513366699219,462.4798583984375,492.400634765625,0,-200,0
6.2698817909999995,445.6513366699219,462.4798583984375,492.400634765625,0,-200,0
6.273935119,445.6513366699219,462.4798583984375,492.400634765625,0,-200,0
6.278216834,445.6513366699219,462.4798583984375,492.400634765625,0,-200,0
6.282082775,445.6513366699219,462.4798583984375,492.400634765625,0,-200,0
6.28602789,445.6513366699219,462.4798583984375,492.400634765625,0,-200,0
6.29022331,445.6513366699219,462.4798583984375,492.400634765625,0,-200,0
6.294132694,445.6513366699219,462.4798583984375,492.400634765625,0,-200,0
6.298157752,445.6513366699219,462.4798583984375,492.400634765625,0,-200,0
6.302325024,445.6513366699219,462.4798583984375,492.400634765625,0,-200,0
6.306358289,445.6513366699219,462.4798583984375,492.400634765625,0,-200,0
6.310208669,445.6513366699219,462.4798583984375,492.400634765625,0,-200,0
6.314430409,445.6513366699219,462.4798583984375,492.400634765625,0,-200,0
6.318386658,445.6513366699219,462.4798583984375,492.400634765625,0,-200,0
6.322307498,445.6512756347656,462.4799499511719,492.400634765625,0,-200,0
6.32647851,445.6513366699219,462.4798583984375,492.400634765625,0,-200,0
6.330430661,445.6513366699219,462.4798583984375,492.400634765625,0,-200,0
6.334409486,445.6512756347656,462.4799499511719,492.400634765625,0,-200,0
6.338929827,445.6513366699219,462.4798583984375,492.400634765625,0,-200,0
6.342557292,445.6513366699219,462.4798583984375,492.400634765625,0,-200,0
6.346526724,445.6513366699219,462.4798583984375,492.400634765625,0,-200,0
6.350672958,445.6513366699219,462.4798583984375,492.400634765625,0,-200,0
6.3547227490000004,445.6513366699219,462.4798583984375,492.400634765625,0,-200,0
6.358657182,445.6513366699219,462.4798583984375,492.400634765625,0,-200,0
6.362806131,445.6512756347656,462.4799499511719,492.400634765625,0,-200,0
6.366712898,445.6513366699219,462.4798583984375,492.400634765625,0,-200,0
6.370681708,445.6513366699219,462.4798583984375,492.400634765625,0,-200,0
6.374929242,445.6512756347656,462.4799499511719,492.400634765625,0,-200,0
6.378868901,445.6513366699219,462.4798583984375,492.400634765625,0,-200,0
6.382774293,445.6512756347656,462.4799499511719,492.400634765625,0,-200,0
6.387040387,445.6513366699219,462.4798583984375,492.400634765625,0,-200,0
6.3908920909999996,445.6513366699219,462.4798583984375,492.400634765625,0,-200,0
6.394944127,445.6512756347656,462.4799499511719,492.400634765625,0,-200,0
6.399147659,445.6512756347656,462.4799499511719,492.400634765625,0,-200,0
6.403180473,445.6512756347656,462.4799499511719,492.400634765625,0,-200,0
6.40700452,445.6512756347656,462.4799499511719,492.400634765625,0,-200,0
6.41118395,445.6513366699219,462.4798583984375,492.400634765625,0,-200,0
6.415109511,445.6512756347656,462.4799499511719,492.400634765625,0,-200,0
6.419127512,445.6512756347656,462.4799499511719,492.400634765625,0,-200,0
6.423278186,445.6512756347656,462.4799499511719,492.400634765625,0,-200,0
6.427189566,445.6512756347656,462.4799499511719,492.400634765625,0,-200,0
6.43119579,445.6513366699219,462.4798583984375,492.400634765625,0,-200,0
6.435387621,445.6512756347656,462.4799499511719,492.400634765625,0,-200,0
6.439515582,445.6512756347656,462.4799499511719,492.400634765625,0,-200,0
6.443272498,445.6512756347656,462.4799499511719,492.400634765625,0,-200,0
6.447415272,445.6512756347656,462.4799499511719,492.400634765625,0,-200,0
6.451554231,445.6512756347656,462.4799499511719,492.400634765625,0,-200,0
6.455359631,445.6512756347656,462.4799499511719,492.400634765625,0,-200,0
6.459627527,445.6512756347656,462.4799499511719,492.400634765625,0,-200,0
6.463473382,445.6512756347656,462.4799499511719,492.400634765625,0,-200,0
6.467443995,445.6512756347656,462.4799499511719,492.400634765625,0,-200,0
6.471675565,445.6512756347656,462.4799499511719,492.400634765625,0,-200,0
6.475588222,445.6512756347656,462.4799499511719,492.400634765625,0,-200,0
6.479600234,445.6512756347656,462.4799499511719,492.400634765625,0,-200,0
6.483765247,445.6512756347656,462.4799499511719,492.400634765625,0,-200,0
6.487683942,445.6512756347656,462.4799499511719,492.400634765625,0,-200,0
6.491672815,445.6512756347656,462.4799499511719,492.400634765625,0,-200,0
6.495869669,445.6512756347656,462.4799499511719,492.400634765625,0,-200,0
6.499935395,445.6512756347656,462.4799499511719,492.400634765625,0,-200,0
6.503767596,445.6512756347656,462.4799499511719,492.400634765625,0,-200,0
6.507767028,445.6512756347656,462.4799499511719,492.400634765625,0,-200,0
6.51182949,445.6512756347656,462.4799499511719,492.400634765625,0,-200,0
6.515869448,445.6512756347656,462.4799499511719,492.400634765625,0,-200,0
6.520094538,445.6512756347656,462.4799499511719,492.400634765625,0,-200,0
6.523997947,445.6512756347656,462.4799499511719,492.400634765625,0,-200,0
6.527935595,445.6512756347656,462.4799499511719,492.400634765625,0,-200,0
6.532165404,445.6512756347656,462.4799499511719,492.400634765625,0,-200,0
6.536066345,445.6512756347656,462.4799499511719,492.400634765625,0,-200,0
6.540271422,445.6512756347656,462.4799499511719,492.400634765625,0,-200,0
6.544240268,445.6512756347656,462.4799499511719,492.400634765625,0,-200,0
6.548293085,445.6512756347656,462.4799499511719,492.400634765625,0,-200,0
6.552121606,445.6512756347656,462.4799499511719,492.400634765625,0,-200,0
6.556373389,445.6512756347656,462.4799499511719,492.400634765625,0,-200,0
6.560277832,445.6512756347656,462.4799499511719,492.400634765625,0,-200,0
6.564227061,445.6512756347656,462.4799499511719,492.400634765625,0,-200,0
6.568393877,445.6512756347656,462.4799499511719,492.400634765625,0,-200,0
6.5723409969999995,445.6512756347656,462.4799499511719,492.400634765625,0,-200,0
6.576326408,445.6512756347656,462.4799499511719,492.400634765625,0,-200,0
6.580584944,445.6512756347656,462.4799499511719,492.400634765625,0,-200,0
6.584435742,445.6512756347656,462.4799499511719,492.400634765625,0,-200,0
6.588406417,445.6512756347656,462.4799499511719,492.400634765625,0,-200,0
6.592628851,445.6512756347656,462.4799499511719,492.400634765625,0,-200,0
6.596662179,445.6512756347656,462.4799499511719,492.400634765625,0,-200,0
6.600563796,445.6512756347656,462.4799499511719,492.400634765625,0,-200,0
6.604748558,445.6512756347656,462.4799499511719,492.400634765625,0,-200,0
6.608585931,445.6512756347656,462.4799499511719,492.400634765625,0,-200,0
6.612581426,445.6512756347656,462.4799499511719,492.400634765625,0,-200,0
6.616786676,445.6512756347656,462.4799499511719,492.400634765625,0,-200,0
6.620784562,445.6512756347656,462.4799499511719,492.400634765625,0,-200,0
6.624715124,445.6512756347656,462.4799499511719,492.400634765625,0,-200,0
6.628915448,445.6512756347656,462.4799499511719,492.400634765625,0,-200,0
6.632795954,445.6512756347656,462.4799499511719,492.400634765625,0,-200,0
6.636780293,445.6512756347656,462.4799499511719,492.400634765625,0,-200,0
6.641308799,445.6512756347656,462.4799499511719,492.400634765625,0,-200,0
6.645075478,445.6512756347656,462.4799499511719,492.400634765625,0,-200,0
6.648894294,445.6512756347656,462.4799499511719,492.400634765625,0,-200,0
6.6531178539999996,445.6512756347656,462.4799499511719,492.400634765625,0,-200,0
6.656998916,445.6512756347656,462.4799499511719,492.400634765625,0,-200,0
6.6610642890000005,445.65106201171875,462.4801330566406,492.400634765625,0,-200,0
6.665208251,445.651123046875,462.47979736328125,492.400634765625,0,-200,0
6.669089325,445.65106201171875,462.4801330566406,492.400634765625,0,-200,0
6.673079067,445.65106201171875,462.4801330566406,492.400634765625,0,-200,0
6.677292413,445.6512756347656,462.4799499511719,492.400634765625,0,-200,0
6.6812421440000005,445.65106201171875,462.4801330566406,492.400634765625,0,-200,0
6.685190622,445.6512756347656,462.4799499511719,492.400634765625,0,-200,0
6.689357462,445.6512756347656,462.4799499511719,492.400634765625,0,-200,0
6.693406357,445.65106201171875,462.4801330566406,492.400634765625,0,-200,0
6.697286506,445.6512756347656,462.4799499511719,492.400634765625,0,-200,0
6.701589458,445.6512756347656,462.4799499511719,492.400634765625,0,-200,0
6.70538808,445.65106201171875,462.4801330566406,492.400634765625,0,-200,0
6.709401176,445.651123046875,462.47979736328125,492.400634765625,0,-200,0
6.71356726,445.65106201171875,462.4801330566406,492.400634765625,0,-200,0
6.717465237,445.65106201171875,462.4801330566406,492.400634765625,0,-200,0
6.721549856,445.6513366699219,462.4798583984375,492.400634765625,0,-200,0
6.725686551,445.65106201171875,462.4801330566406,492.400634765625,0,-200,0
6.729571792,445.6512756347656,462.4799499511719,492.400634765625,0,-200,0
6.733547264,445.6512756347656,462.4799499511719,492.400634765625,0,-200,0
6.737741425,445.65093994140625,462.47998046875,492.400634765625,0,-200,0
6.742103171,445.651123046875,462.47979736328125,492.400634765625,0,-200,0
6.745711313,445.6512756347656,462.4799499511719,492.400634765625,0,-200,0
6.74988678,445.65106201171875,462.4801330566406,492.400634765625,0,-200,0
6.753738486,445.6512756347656,462.4799499511719,492.400634765625,0,-200,0
6.75774291,445.65106201171875,462.4801330566406,492.400634765625,0,-200,0
6.762029956,445.65093994140625,462.47998046875,492.400634765625,0,-200,0
6.765956873,445.6512756347656,462.4799499511719,492.400634765625,0,-200,0
6.769863101,445.65106201171875,462.4801330566406,492.400634765625,0,-200,0
6.774063033,445.65106201171875,462.4801330566406,492.400634765625,0,-200,0
6.77796945,445.651123046875,462.47979736328125,492.400634765625,0,-200,0
6.782013425,445.65093994140625,462.47998046875,492.400634765625,0,-200,0
6.786158117,445.65106201171875,462.4801330566406,492.400634765625,0,-200,0
6.7901895880000005,445.64996337890625,462.4811706542969,492.400634765625,0,-200,0
6.79404841,445.6497802734375,462.4813537597656,492.400634765625,0,-200,0
6.798279491,445.64996337890625,462.4811706542969,492.400634765625,0,-200,0
6.802191604,445.6497802734375,462.4813537597656,492.400634765625,0,-200,0
6.806163067,445.6497802734375,462.4813537597656,492.400634765625,0,-200,0
6.810319329,445.64996337890625,462.4811706542969,492.400634765625,0,-200,0
6.8142988639999995,445.6497802734375,462.4813537597656,492.400634765625,0,-200,0
6.818397621,445.6498107910156,462.48101806640625,492.400634765625,0,-200,0
6.822530127,445.6498107910156,462.48101806640625,492.400634765625,0,-200,0
6.826284856,445.6496276855469,462.4812316894531,492.400634765625,0,-200,0
6.830297874,445.6497802734375,462.4813537597656,492.400634765625,0,-200,0
6.834483204,445.64996337890625,462.4811706542969,492.400634765625,0,-200,0
6.838613652,445.6497802734375,462.4813537597656,492.400634765625,0,-200,0
6.842727313,445.6497802734375,462.4813537597656,492.400634765625,0,-200,0
6.846704697,445.64996337890625,462.4811706542969,492.400634765625,0,-200,0
6.850604267,445.6497802734375,462.4813537597656,492.400634765625,0,-200,0
6.854518501,445.6496276855469,462.4812316894531,492.400634765625,0,-200,0
6.858756025,445.64996337890625,462.4811706542969,492.400634765625,0,-200,0
6.86271918,445.6497802734375,462.4813537597656,492.400634765625,0,-200,0
6.866714868,445.6497802734375,462.4813537597656,492.400634765625,0,-200,0
6.870917242,445.6498107910156,462.48101806640625,492.400634765625,0,-200,0
6.874778789,445.6497802734375,462.4813537597656,492.400634765625,0,-200,0
6.878735495,445.6497802734375,462.4813537597656,492.400634765625,0,-200,0
6.882984404,445.64996337890625,462.4811706542969,492.400634765625,0,-200,0
6.887073057,445.6493225097656,462.4809265136719,492.400634765625,0,-200,0
6.890894424,445.6497802734375,462.4813537597656,492.400634765625,0,-200,0
6.895094109,445.64996337890625,462.4811706542969,492.400634765625,0,-200,0
6.898956355,445.6497802734375,462.4813537597656,492.400634765625,0,-200,0
6.902991088,445.6496276855469,462.4812316894531,492.400634765625,0,-200,0
6.907167848,445.6495361328125,462.4807434082031,492.400634765625,0,-200,0
6.911066955,445.6496276855469,462.4812316894531,492.400634765625,0,-200,0
6.915053693,445.6497802734375,462.4813537597656,492.400634765625,0,-200,0
6.919255754,445.6495361328125,462.4807434082031,492.400634765625,0,-200,0
6.923196653,445.6493225097656,462.4809265136719,492.400634765625,0,-200,0
6.9271434979999995,445.6497802734375,462.4813537597656,492.400634765625,0,-200,0
6.931324511,445.64996337890625,462.4811706542969,492.400634765625,0,-200,0
6.935386917,445.6496276855469,462.4812316894531,492.400634765625,0,-200,0
6.939227228,445.6493225097656,462.4809265136719,492.400634765625,0,-200,0
6.943712762,445.6498107910156,462.48101806640625,492.400634765625,0,-200,0
6.94734425,445.6497802734375,462.4813537597656,492.400634765625,0,-200,0
6.951313625,445.6497802734375,462.4813537597656,492.400634765625,0,-200,0
6.955558808,445.6495361328125,462.4807434082031,492.400634765625,0,-200,0
6.959453363,445.6497802734375,462.4813537597656,492.400634765625,0,-200,0
6.963470752,445.6497802734375,462.4813537597656,492.400634765625,0,-200,0
6.967628808,445.64996337890625,462.4811706542969,492.400634765625,0,-200,0
6.971607133,445.6493225097656,462.4809265136719,492.400634765625,0,-200,0
6.975524857,445.6497802734375,462.4813537597656,492.400634765625,0,-200,0
6.979711513,445.64996337890625,462.4811706542969,492.400634765625,0,-200,0
6.983805012,445.6493225097656,462.4809265136719,492.400634765625,0,-200,0
6.987645415,445.6496276855469,462.4812316894531,492.400634765625,0,-200,0
6.991835264,445.6498107910156,462.48101806640625,492.400634765625,0,-200,0
6.995745671,445.6497802734375,462.4813537597656,492.400634765625,0,-200,0
6.999702991,445.6493225097656,462.4809265136719,492.400634765625,0,-200,0
7.00397136,445.6495361328125,462.4807434082031,492.400634765625,0,-200,0
7.0078749,445.6497802734375,462.4813537597656,492.400634765625,0,-200,0
7.011771694,445.6497802734375,462.4813537597656,492.400634765625,0,-200,0
7.016038942,445.6495361328125,462.4807434082031,492.400634765625,0,-200,0
7.019936974,445.6497802734375,462.4813537597656,492.400634765625,0,-200,0
7.024000818,445.6497802734375,462.4813537597656,492.400634765625,0,-200,0
7.028155737,445.64996337890625,462.4811706542969,492.400634765625,0,-200,0
7.032155738,445.6493225097656,462.4809265136719,492.400634765625,0,-200,0
7.036014772,445.6496276855469,462.4812316894531,492.400634765625,0,-200,0
7.040219274,445.64996337890625,462.4811706542969,492.400634765625,0,-200,0
7.044376431,445.6496276855469,462.4812316894531,492.400634765625,0,-200,0
7.048130973,445.6493225097656,462.4809265136719,492.400634765625,0,-200,0
7.052309323,445.64996337890625,462.4811706542969,492.400634765625,0,-200,0
7.056236292,445.6496276855469,462.4812316894531,492.400634765625,0,-200,0
7.060241357,445.6493225097656,462.4809265136719,492.400634765625,0,-200,0
7.064477745,445.64996337890625,462.4811706542969,492.400634765625,0,-200,0
7.068312837,445.6497802734375,462.4813537597656,492.400634765625,0,-200,0
7.072289066,445.6493225097656,462.4809265136719,492.400634765625,0,-200,0
7.076527912,445.64996337890625,462.4811706542969,492.400634765625,0,-200,0
7.080541273,445.6496276855469,462.4812316894531,492.400634765625,0,-200,0
7.084440414,445.6493225097656,462.4809265136719,492.400634765625,0,-200,0
7.088619822,445.6498107910156,462.48101806640625,492.400634765625,0,-200,0
7.092456698,445.6496276855469,462.4812316894531,492.400634765625,0,-200,0
7.096461595,445.6493225097656,462.4809265136719,492.400634765625,0,-200,0
7.100736887,445.6495361328125,462.4807434082031,492.400634765625,0,-200,0
7.104695927,445.6497802734375,462.4813537597656,492.400634765625,0,-200,0
7.10863129,445.6493225097656,462.4809265136719,492.400634765625,0,-200,0
7.112803554,445.6498107910156,462.48101806640625,492.400634765625,0,-200,0
7.116688249,445.6497802734375,462.4813537597656,492.400634765625,0,-200,0
7.120642551,445.6496276855469,462.4812316894531,492.400634765625,0,-200,0
7.12495292,445.64996337890625,462.4811706542969,492.400634765625,0,-200,0
7.128956566,445.6493225097656,462.4809265136719,492.400634765625,0,-200,0
7.132777047,445.6493225097656,462.4809265136719,492.400634765625,0,-200,0
7.13680562,445.64996337890625,462.4811706542969,492.400634765625,0,-200,0
7.140897811,445.6493225097656,462.4809265136719,492.400634765625,0,-200,0
7.1451936,445.6493225097656,462.4809265136719,492.400634765625,0,-200,0
7.149096859,445.6498107910156,462.48101806640625,492.400634765625,0,-200,0
7.152988757,445.6493225097656,462.4809265136719,492.400634765625,0,-200,0
7.156969392,445.6493225097656,462.4809265136719,492.400634765625,0,-200,0
7.16119546,445.6495361328125,462.4807434082031,492.400634765625,0,-200,0
7.165120033,445.6497802734375,462.4813537597656,492.400634765625,0,-200,0
7.169067545,445.6496276855469,462.4812316894531,492.400634765625,0,-200,0
7.17325319,445.6495361328125,462.4807434082031,492.400634765625,0,-200,0
7.177321991,445.6496276855469,462.4812316894531,492.400634765625,0,-200,0
7.181159013,445.6497802734375,462.4813537597656,492.400634765625,0,-200,0
7.185432936,445.6495361328125,462.4807434082031,492.400634765625,0,-200,0
7.189275673,445.6493225097656,462.4809265136719,492.400634765625,0,-200,0
7.193293983,445.6496276855469,462.4812316894531,492.400634765625,0,-200,0
7.197434655,445.64996337890625,462.4811706542969,492.400634765625,0,-200,0
7.20136943,445.6493225097656,462.4809265136719,492.400634765625,0,-200,0
7.205410514,445.6493225097656,462.4809265136719,492.400634765625,0,-200,0
7.209577415,445.64996337890625,462.4811706542969,492.400634765625,0,-200,0
7.213437071,445.6496276855469,462.4812316894531,492.400634765625,0,-200,0
7.217426575,445.6493225097656,462.4809265136719,492.400634765625,0,-200,0
7.221647717,445.6495361328125,462.4807434082031,492.400634765625,0,-200,0
7.225702513,445.6496276855469,462.4812316894531,492.400634765625,0,-200,0
7.229556973,445.6493225097656,462.4809265136719,492.400634765625,0,-200,0
7.23378698,445.6495361328125,462.4807434082031,492.400634765625,0,-200,0
7.237659039,445.6496276855469,462.4812316894531,492.400634765625,0,-200,0
7.24165284,445.6496276855469,462.4812316894531,492.400634765625,0,-200,0
7.246152956,445.6495361328125,462.4807434082031,492.400634765625,0,-200,0
7.24979562,445.6496276855469,462.4812316894531,492.400634765625,0,-200,0
7.253682795,445.6493225097656,462.4809265136719,492.400634765625,0,-200,0
7.258601942,445.6495361328125,462.4807434082031,492.400634765625,0,-200,0
7.261895091,445.6496276855469,462.4812316894531,492.400634765625,0,-200,0
7.265943831,445.6493225097656,462.4809265136719,492.400634765625,0,-200,0
7.270557376,445.6493225097656,462.4809265136719,492.400634765625,0,-200,0
7.274930758,445.6496276855469,462.4812316894531,492.400634765625,0,-200,0
7.278643933,445.6493225097656,462.4809265136719,492.400634765625,0,-200,0
7.282132155,445.6497802734375,462.4813537597656,492.400634765625,0,-200,0
7.286112202,445.6493225097656,462.4809265136719,492.400634765625,0,-200,0
7.290057093,445.6493225097656,462.4809265136719,492.400634765625,0,-200,0
7.29422938,445.6496276855469,462.4812316894531,492.400634765625,0,-200,0
7.298177238,445.6496276855469,462.4812316894531,492.400634765625,0,-200,0
7.302122694,445.6496276855469,462.4812316894531,492.400634765625,0,-200,0
7.306388838,445.6493225097656,462.4809265136719,492.400634765625,0,-200,0
7.310242786,445.6496276855469,462.4812316894531,492.400634765625,0,-200,0
7.314214692,445.6496276855469,462.4812316894531,492.400634765625,0,-200,0
7.318418214,445.6493225097656,462.4809265136719,492.400634765625,0,-200,0
7.322468069,445.6496276855469,462.4812316894531,492.400634765625,0,-200,0
7.326357164,445.6496276855469,462.4812316894531,492.400634765625,0,-200,0
7.330531343,445.6493225097656,462.4809265136719,492.400634765625,0,-200,0
7.334479601,445.6493225097656,462.4809265136719,492.400634765625,0,-200,0
7.338394413,445.6496276855469,462.4812316894531,492.400634765625,0,-200,0
7.342608574,445.6493225097656,462.4809265136719,492.400634765625,0,-200,0
7.3467881,445.6493225097656,462.4809265136719,492.400634765625,0,-200,0
7.35054829,445.6493225097656,462.4809265136719,492.400634765625,0,-200,0
7.354706328,445.6496276855469,462.4812316894531,492.400634765625,0,-200,0
7.358620386,445.6496276855469,462.4812316894531,492.400634765625,0,-200,0
7.362585496,445.6496276855469,462.4812316894531,492.400634765625,0,-200,0
7.366833915,445.6493225097656,462.4809265136719,492.400634765625,0,-200,0
7.370858443,445.6493225097656,462.4809265136719,492.400634765625,0,-200,0
7.374691158,445.6496276855469,462.4812316894531,492.400634765625,0,-200,0
7.378922861,445.6493225097656,462.4809265136719,492.400634765625,0,-200,0
7.382773028,445.6493225097656,462.4809265136719,492.400634765625,0,-200,0
7.38682712,445.6496276855469,462.4812316894531,492.400634765625,0,-200,0
7.391020529,445.6493225097656,462.4809265136719,492.400634765625,0,-200,0
7.394970534,445.6496276855469,462.4812316894531,492.400634765625,0,-200,0
7.398924464,445.6496276855469,462.4812316894531,492.400634765625,0,-200,0
7.403116104,445.6493225097656,462.4809265136719,492.400634765625,0,-200,0
7.407041469,445.6493225097656,462.4809265136719,492.400634765625,0,-200,0
7.410953972,445.6493225097656,462.4809265136719,492.400634765625,0,-200,0
7.415166363,445.6496276855469,462.4812316894531,492.400634765625,0,-200,0
7.419228608,445.6493225097656,462.4809265136719,492.400634765625,0,-200,0
7.423071055,445.6493225097656,462.4809265136719,492.400634765625,0,-200,0
7.427341949,445.6493225097656,462.4809265136719,492.400634765625,0,-200,0
7.431190426,445.6497802734375,462.4813537597656,492.400634765625,0,-200,0
7.435156247,445.6496276855469,462.4812316894531,492.400634765625,0,-200,0
7.439368677,445.6493225097656,462.4809265136719,492.400634765625,0,-200,0
7.443324599,445.6493225097656,462.4809265136719,492.400634765625,0,-200,0
7.447545383,445.6493225097656,462.4809265136719,492.400634765625,0,-200,0
7.45152526,445.6493225097656,462.4809265136719,492.400634765625,0,-200,0
7.455395451,445.6496276855469,462.4812316894531,492.400634765625,0,-200,0
7.459388806,445.6496276855469,462.4812316894531,492.400634765625,0,-200,0
7.463554794,445.6497802734375,462.4813537597656,492.400634765625,0,-200,0
7.467634585,445.6493225097656,462.4809265136719,492.400634765625,0,-200,0
7.471485816,445.6493225097656,462.4809265136719,492.400634765625,0,-200,0
7.475665884,445.6493225097656,462.4809265136719,492.400634765625,0,-200,0
7.479585237,445.6496276855469,462.4812316894531,492.400634765625,0,-200,0
7.483534688,445.6493225097656,462.4809265136719,492.400634765625,0,-200,0
7.487794882,445.6493225097656,462.4809265136719,492.400634765625,0,-200,0
7.491699189,445.6493225097656,462.4809265136719,492.400634765625,0,-200,0
7.495637163,445.6496276855469,462.4812316894531,492.400634765625,0,-200,0
7.499923749,445.6493225097656,462.4809265136719,492.400634765625,0,-200,0
7.503766245,445.6493225097656,462.4809265136719,492.400634765625,0,-200,0
7.5077928069999995,445.6496276855469,462.4812316894531,492.400634765625,0,-200,0
7.51198237,445.6493225097656,462.4809265136719,492.400634765625,0,-200,0
7.515982337,445.6493225097656,462.4809265136719,492.400634765625,0,-200,0
7.519883791,445.6493225097656,462.4809265136719,492.400634765625,0,-200,0
7.524092804,445.6493225097656,462.4809265136719,492.400634765625,0,-200,0
7.52801899,445.6496276855469,462.4812316894531,492.400634765625,0,-200,0
7.53197023,445.6493225097656,462.4809265136719,492.400634765625,0,-200,0
7.536122171,445.6493225097656,462.4809265136719,492.400634765625,0,-200,0
7.540065592,445.6493225097656,462.4809265136719,492.400634765625,0,-200,0
7.544033441,445.6496276855469,462.4812316894531,492.400634765625,0,-200,0
7.548519677,445.6493225097656,462.4809265136719,492.400634765625,0,-200,0
7.552157184,445.6493225097656,462.4809265136719,492.400634765625,0,-200,0
7.556119124,445.6493225097656,462.4809265136719,492.400634765625,0,-200,0
7.560360252,445.6493225097656,462.4809265136719,492.400634765625,0,-200,0
7.564395205,445.6493225097656,462.4809265136719,492.400634765625,0,-200,0
7.5682987,445.6493225097656,462.4809265136719,492.400634765625,0,-200,0
7.572457215,445.6493225097656,462.4809265136719,492.400634765625,0,-200,0
7.576324753,445.6496276855469,462.4812316894531,492.400634765625,0,-200,0
7.580316333,445.6493225097656,462.4809265136719,492.400634765625,0,-200,0
7.584528626,445.6493225097656,462.4809265136719,492.400634765625,0,-200,0
7.588452752,445.6493225097656,462.4809265136719,492.400634765625,0,-200,0
7.592410882,445.6493225097656,462.4809265136719,492.400634765625,0,-200,0
7.596604274,445.6496276855469,462.4812316894531,492.400634765625,0,-200,0
7.600528461,445.6493225097656,462.4809265136719,492.400634765625,0,-200,0
7.604512238,445.6493225097656,462.4809265136719,492.400634765625,0,-200,0
7.60878406,445.6493225097656,462.4809265136719,492.400634765625,0,-200,0
7.612775074,445.6496276855469,462.4812316894531,492.400634765625,0,-200,0
7.616609401,445.6493225097656,462.4809265136719,492.400634765625,0,-200,0
7.620834653,445.6493225097656,462.4809265136719,492.400634765625,0,-200,0
7.624698009,445.6493225097656,462.4809265136719,492.400634765625,0,-200,0
7.628753436,445.6493225097656,462.4809265136719,492.400634765625,0,-200,0
7.632928564,445.6493225097656,462.4809265136719,492.400634765625,0,-200,0
7.6368232,445.6493225097656,462.4809265136719,492.400634765625,0,-200,0
7.640820514,445.6498107910156,462.48101806640625,492.400634765625,0,-200,0
7.645068804,445.6496276855469,462.4812316894531,492.400634765625,0,-200,0
7.6492005899999995,445.6493225097656,462.4809265136719,492.400634765625,0,-200,0
7.652902491,445.6498107910156,462.48101806640625,492.400634765625,0,-200,0
7.657108267,445.6493225097656,462.4809265136719,492.400634765625,0,-200,0
7.661141379,445.6493225097656,462.4809265136719,492.400634765625,0,-200,0
7.665039229,445.6493225097656,462.4809265136719,492.400634765625,0,-200,0
7.669287463,445.6493225097656,462.4809265136719,492.400634765625,0,-200,0
7.673101841,445.6493225097656,462.4809265136719,492.400634765625,0,-200,0
7.677084286,445.6493225097656,462.4809265136719,492.400634765625,0,-200,0
7.6812646860000005,445.6493225097656,462.4809265136719,492.400634765625,0,-200,0
7.685203151,445.6496276855469,462.4812316894531,492.400634765625,0,-200,0
7.689255484,445.6496276855469,462.4812316894531,492.400634765625,0,-200,0
7.693417604,445.6496276855469,462.4812316894531,492.400634765625,0,-200,0
7.697282785,445.6493225097656,462.4809265136719,492.400634765625,0,-200,0
7.701275376,445.6493225097656,462.4809265136719,492.400634765625,0,-200,0
7.705470046,445.6493225097656,462.4809265136719,492.400634765625,0,-200,0
7.709560186,445.6493225097656,462.4809265136719,492.400634765625,0,-200,0
7.713436155,445.6493225097656,462.4809265136719,492.400634765625,0,-200,0
7.717593101,445.6493225097656,462.4809265136719,492.400634765625,0,-200,0
7.721518595,445.6493225097656,462.4809265136719,492.400634765625,0,-200,0
7.725454243,445.6493225097656,462.4809265136719,492.400634765625,0,-200,0
7.7297123469999995,445.6493225097656,462.4809265136719,492.400634765625,0,-200,0
7.733614395,445.6496276855469,462.4812316894531,492.400634765625,0,-200,0
7.737561013,445.6493225097656,462.4809265136719,492.400634765625,0,-200,0
7.741798695,445.6493225097656,462.4809265136719,492.400634765625,0,-200,0
7.745679771,445.6493225097656,462.4809265136719,492.400634765625,0,-200,0
7.749971636,445.6493225097656,462.4809265136719,492.400634765625,0,-200,0
7.75387943,445.6493225097656,462.4809265136719,492.400634765625,0,-200,0
7.757915375,445.6493225097656,462.4809265136719,492.400634765625,0,-200,0
7.7617634110000004,445.6493225097656,462.4809265136719,492.400634765625,0,-200,0
7.765773552,445.6493225097656,462.4809265136719,492.400634765625,0,-200,0
7.769959422,445.6493225097656,462.4809265136719,492.400634765625,0,-200,0
7.773926772,445.6497802734375,462.4813537597656,492.400634765625,0,-200,0
7.77806279,445.6493225097656,462.4809265136719,492.400634765625,0,-200,0
7.781989453,445.6493225097656,462.4809265136719,492.400634765625,0,-200,0
7.785980268,445.6493225097656,462.4809265136719,492.400634765625,0,-200,0
7.7902304430000004,445.6493225097656,462.4809265136719,492.400634765625,0,-200,0
7.794076329,445.6493225097656,462.4809265136719,492.400634765625,0,-200,0
7.7980561040000005,445.6493225097656,462.4809265136719,492.400634765625,0,-200,0
7.802282757,445.6493225097656,462.4809265136719,492.400634765625,0,-200,0
7.806311329,445.6496276855469,462.4812316894531,492.400634765625,0,-200,0
7.810188113,445.6495361328125,462.4807434082031,492.400634765625,0,-200,0
7.8144007,445.6493225097656,462.4809265136719,492.400634765625,0,-200,0
7.8183982929999996,445.6493225097656,462.4809265136719,492.400634765625,0,-200,0
7.822291607,445.6495361328125,462.4807434082031,492.400634765625,0,-200,0
7.826342845,445.6493225097656,462.4809265136719,492.400634765625,0,-200,0
7.830338877,445.6493225097656,462.4809265136719,492.400634765625,0,-200,0
7.834289709,445.6495361328125,462.4807434082031,492.400634765625,0,-200,0
7.838441358,445.6493225097656,462.4809265136719,492.400634765625,0,-200,0
7.842379724,445.6493225097656,462.4809265136719,492.400634765625,0,-200,0
7.8463469660000005,445.6495361328125,462.4807434082031,492.400634765625,0,-200,0
7.850602417,445.6495361328125,462.4807434082031,492.400634765625,0,-200,0
7.854938579,445.6493225097656,462.4809265136719,492.400634765625,0,-200,0
7.858534691,445.6495361328125,462.4807434082031,492.400634765625,0,-200,0
7.862787613,445.6493225097656,462.4809265136719,492.400634765625,0,-200,0
7.866559468,445.6493225097656,462.4809265136719,492.400634765625,0,-200,0
7.870591838,445.6495361328125,462.4807434082031,492.400634765625,0,-200,0
7.874916702,445.6493225097656,462.4809265136719,492.400634765625,0,-200,0
7.878698653,445.6493225097656,462.4809265136719,492.400634765625,0,-200,0
7.882715413,445.6495361328125,462.4807434082031,492.400634765625,0,-200,0
7.8873257070000005,445.6493225097656,462.4809265136719,492.400634765625,0,-200,0
7.89079482,445.6493225097656,462.4809265136719,492.400634765625,0,-200,0
7.894833032,445.6495361328125,462.4807434082031,492.400634765625,0,-200,0
7.899013815,445.6493225097656,462.4809265136719,492.400634765625,0,-200,0
7.903044469,445.6496276855469,462.4812316894531,492.400634765625,0,-200,0
7.906916865,445.6498107910156,462.48101806640625,492.400634765625,0,-200,0
7.911143557,445.6493225097656,462.4809265136719,492.400634765625,0,-200,0
7.91502859,445.6493225097656,462.4809265136719,492.400634765625,0,-200,0
7.918998791,445.6495361328125,462.4807434082031,492.400634765625,0,-200,0
7.923208424,445.6493225097656,462.4809265136719,492.400634765625,0,-200,0
7.927078916,445.6493225097656,462.4809265136719,492.400634765625,0,-200,0
7.931105681,445.6495361328125,462.4807434082031,492.400634765625,0,-200,0
7.935360478,445.6493225097656,462.4809265136719,492.400634765625,0,-200,0
7.938820503,445.6495361328125,462.4807434082031,492.400634765625,0,-200,0
