time,feedback_position_x,feedback_position_y,feedback_position_z,setpoint_speed_z,setpoint_speed_y,setpoint_speed_z
0.003867285,466.83447265625,556.345703125,497.4798889160156,0,0.8117506467537265,0
0.008083103,466.84649658203125,556.3237915039063,497.49871826171875,0,-11.567879998924237,0
0.01206427,466.8516845703125,556.3140258789063,497.5097351074219,0,0.6948943429688956,0
0.016247635,466.850341796875,556.312744140625,497.51300048828125,0,-19.36374552681769,0
0.020152973,466.8483581542969,556.3286743164063,497.52349853515625,0,-6.425574997547789,0
0.023766133,466.8415222167969,556.3379516601563,497.5223388671875,0,-20.195641137405733,0
0.028000063,466.8359680175781,556.3443603515625,497.52203369140625,0,-27.255515061971156,0
0.032071075,466.8294372558594,556.3505859375,497.5144958496094,0,-16.293207871279765,0
0.035898054,466.82025146484375,556.3580932617188,497.5055236816406,0,-33.771874556449646,0
0.040104903,466.81097412109375,556.3665161132813,497.50201416015625,0,-21.18067597147651,0
0.044054029,466.8059387207031,556.37060546875,497.49322509765625,0,-25.592768443199766,0
0.047993327,466.8045349121094,556.3721313476563,497.4909362792969,0,-37.27932202804399,0
0.05222497,466.80450439453125,556.3717651367188,497.4897766113281,0,-24.931884428749157,0
0.056184789,466.8041687011719,556.371826171875,497.4909362792969,0,-44.17656391782984,0
0.060134111,466.8042297363281,556.3717651367188,497.4909362792969,0,-35.427809492133655,0
0.06432434,466.8067321777344,556.3701171875,497.49444580078125,0,-43.3279359474925,0
0.068292929,466.8065490722656,556.370361328125,497.4979248046875,0,-39.44642624673361,0
0.072266432,466.80938720703125,556.3682861328125,497.50640869140625,0,-44.738240180421954,0
0.076670375,466.8093566894531,556.3681030273438,497.50750732421875,0,-52.24097090047941,0
0.080632624,466.8099670410156,556.36572265625,497.51129150390625,0,-53.92051419070279,0
0.084521683,466.8121643066406,556.3607177734375,497.5156555175781,0,-65.43077855525536,0
0.088600992,466.8130187988281,556.3563842773438,497.5107116699219,0,-59.561560160247645,0
0.092745583,466.8138427734375,556.3487548828125,497.5029296875,0,-57.758994740822494,0
0.096785033,466.81658935546875,556.34326171875,497.5036315917969,0,-60.46672624032521,0
0.100970532,466.81878662109375,556.3383178710938,497.49267578125,0,-62.479403973731465,0
0.104853911,466.8240661621094,556.3316650390625,497.4857482910156,0,-63.674217578710014,0
0.108775995,466.82794189453125,556.3275146484375,497.4792785644531,0,-76.88946911554069,0
0.112991856,466.83056640625,556.3274536132813,497.47442626953125,0,-78.02781074468683,0
0.116967736,466.8301696777344,556.3280639648438,497.4740905761719,0,-86.93035241818191,0
0.120911391,466.8304443359375,556.328369140625,497.4708557128906,0,-74.35248259624026,0
0.125115004,466.8305358886719,556.3284912109375,497.4688415527344,0,-92.38924320765886,0
0.129102122,466.8302001953125,556.3280639648438,497.4706726074219,0,-87.86224388658826,0
0.133014231,466.8294372558594,556.3271484375,497.4720458984375,0,-92.24321213021553,0
0.13718675,466.83197021484375,556.3226928710938,497.480224609375,0,-84.34931511920072,0
0.141162166,466.8343811035156,556.3157958984375,497.4836730957031,0,-84.76420655068743,0
0.145070788,466.83770751953125,556.3078002929688,497.48858642578125,0,-88.98145872030915,0
0.149330629,466.8419494628906,556.2955322265625,497.4935302734375,0,-103.08550545279027,0
0.15324948,466.84576416015625,556.2827758789063,497.4955749511719,0,-102.365805663804,0
0.157230612,466.8509521484375,556.2662353515625,497.49432373046875,0,-111.24009931556496,0
0.161410826,466.8536682128906,556.2510375976563,497.49517822265625,0,-100.34664220187419,0
0.165316594,466.8563232421875,556.2335815429688,497.494384765625,0,-106.18643846874728,0
0.169275017,466.8564453125,556.2174682617188,497.491943359375,0,-110.50012355404563,0
0.173503576,466.855712890625,556.2025146484375,497.4910583496094,0,-110.63834392199858,0
0.177606107,466.8551025390625,556.1844482421875,497.4898681640625,0,-126.08313125282389,0
0.181480855,466.853515625,556.1642456054688,497.4892883300781,0,-126.30937832218825,0
0.185582042,466.8535461425781,556.1436767578125,497.4886474609375,0,-129.28684282852447,0
0.189512328,466.8520202636719,556.119140625,497.4864807128906,0,-121.70226205319024,0
0.193491135,466.847900390625,556.0947875976563,497.4800109863281,0,-134.40150467738346,0
0.197737657,466.84503173828125,556.0674438476563,497.4823303222656,0,-126.56715526771305,0
0.201738983,466.8430480957031,556.0369873046875,497.4804992675781,0,-126.55965168917685,0
0.205581729,466.8379211425781,556.0048828125,497.4775085449219,0,-143.4752138664657,0
0.209784274,466.83544921875,555.9705200195313,497.4797668457031,0,-132.47513825822213,0
0.213998899,466.83050537109375,555.928955078125,497.47882080078125,0,-139.902930613274,0
0.217684152,466.8294982910156,555.8865966796875,497.48046875,0,-140.47459233547863,0
0.22191082,466.82977294921875,555.8397216796875,497.48626708984375,0,-138.73185631603025,0
0.22595732,466.8331604003906,555.784912109375,497.4916687011719,0,-143.90557298646175,0
0.22977077,466.83489990234375,555.7279663085938,497.49578857421875,0,-153.12062722842475,0
0.234043856,466.84002685546875,555.6658325195313,497.50164794921875,0,-156.30980011685008,0
0.23791066,466.8429260253906,555.5996704101563,497.5072326660156,0,-161.54679376501332,0
0.24185225,466.8470458984375,555.5303955078125,497.51226806640625,0,-155.13955815727758,0
0.246083903,466.8501892089844,555.456298828125,497.5171203613281,0,-156.75104070664094,0
0.25001513,466.8522033691406,555.3761596679688,497.51873779296875,0,-168.80993171537673,0
0.254032103,466.8525695800781,555.2952880859375,497.51959228515625,0,-176.01545514320208,0
0.258172664,466.8526306152344,555.2095336914063,497.5184020996094,0,-172.3404788630159,0
0.262097427,466.8534851074219,555.1204223632813,497.5175476074219,0,-169.07984774991567,0
0.266028774,466.8531188964844,555.0235595703125,497.513427734375,0,-179.63957134381144,0
0.270283884,466.8523864746094,554.9251098632813,497.5160827636719,0,-170.94033910373716,0
0.27439612,466.8533020019531,554.816650390625,497.5196228027344,0,-175.02737953576528,0
0.278177393,466.8526916503906,554.7035522460938,497.5144958496094,0,-193.73192381431986,0
0.28236843,466.8521728515625,554.584716796875,497.51556396484375,0,-190.96391278583724,0
0.286379714,466.85272216796875,554.45703125,497.5189514160156,0,-199.38125967444503,0
0.290220083,466.84820556640625,554.3236694335938,497.5187683105469,0,-189.94046472351832,0
0.294522731,466.846923828125,554.18359375,497.51904296875,0,-202.4451083544809,0
0.298407648,466.8474426269531,554.0380859375,497.5216064453125,0,-193.77762327281584,0
0.302367316,466.8424987792969,553.8856201171875,497.5238037109375,0,-203.71010390489593,0
0.306537141,466.8412780761719,553.720458984375,497.5199890136719,0,-190.35262496999786,0
0.310486368,466.8434143066406,553.54638671875,497.52508544921875,0,-195.83989323641188,0
0.314700007,466.84564208984375,553.3616333007813,497.5350341796875,0,-208.22844074457535,0
0.318705628,466.84515380859375,553.1694946289063,497.53887939453125,0,-209.69008884693574,0
0.32271429,466.845703125,552.968994140625,497.5344543457031,0,-201.27879138381175,0
0.326544982,466.8496398925781,552.757568359375,497.5368957519531,0,-203.67512310396677,0
0.330538757,466.854736328125,552.5335693359375,497.5406799316406,0,-202.90787108497545,0
0.334735442,466.85333251953125,552.302001953125,497.5391540527344,0,-208.70735489840524,0
0.338625055,466.85760498046875,552.0579833984375,497.5409240722656,0,-206.80931136167268,0
0.342883248,466.86090087890625,551.8096313476563,497.54058837890625,0,-205.15615860737893,0
0.346803583,466.8571472167969,551.5509643554688,497.5316162109375,0,-208.6293887705109,0
0.350739583,466.851806640625,551.287353515625,497.5328063964844,0,-197.86766928340197,0
0.354983453,466.8489074707031,551.0139770507813,497.54705810546875,0,-198.6663845830272,0
0.358873948,466.84130859375,550.7255249023438,497.5401611328125,0,-194.15369215991808,0
0.362821084,466.83599853515625,550.4324951171875,497.5375671386719,0,-193.6004923753651,0
0.367054205,466.8291320800781,550.1292114257813,497.543212890625,0,-201.80776362153068,0
0.371117027,466.82427978515625,549.8125,497.5431213378906,0,-194.7882785740382,0
0.374928796,466.82391357421875,549.4853515625,497.5426940917969,0,-197.58019493947197,0
0.379059261,466.8213195800781,549.1492309570313,497.54608154296875,0,-196.1977175964375,0
0.383020287,466.8110046386719,548.8096923828125,497.5438232421875,0,-200.66889579771467,0
0.386944055,466.8019714355469,548.460205078125,497.5355529785156,0,-204.92997978705398,0
0.391332935,466.7987365722656,548.098876953125,497.5251770019531,0,-197.5360033186254,0
0.395172838,466.796142578125,547.7294311523438,497.5185546875,0,-194.46985427896888,0
0.399146516,466.7939453125,547.349365234375,497.5150146484375,0,-197.43402510913108,0
0.403291524,466.7901611328125,546.9617309570313,497.51312255859375,0,-191.39028222204288,0
0.407268459,466.7856140136719,546.57080078125,497.5152587890625,0,-202.34666160544913,0
0.411160512,466.7832946777344,546.1692504882813,497.52105712890625,0,-199.12643482479913,0
0.415673467,466.7835693359375,545.7551879882813,497.5213623046875,0,-192.43929381271965,0
0.419471421,466.78826904296875,545.3360595703125,497.5250549316406,0,-200.8262950997982,0
0.423268534,466.7865295410156,544.9055786132813,497.5261535644531,0,-201.85845255030227,0
0.427497127,466.7869567871094,544.4717407226563,497.5343933105469,0,-209.78817488573938,0
0.43139557,466.7824401855469,544.0261840820313,497.5321960449219,0,-201.3895709581722,0
0.435338748,466.77508544921875,543.5745849609375,497.5306396484375,0,-199.99235251855958,0
0.439612472,466.76922607421875,543.1124267578125,497.52972412109375,0,-204.1555394842032,0
0.44351044,466.760498046875,542.6455078125,497.5279846191406,0,-196.3349723628477,0
0.447487898,466.7551574707031,542.1629638671875,497.5242919921875,0,-190.97794750983388,0
0.451644039,466.74871826171875,541.6718139648438,497.5289306640625,0,-203.46777513357625,0
0.455570325,466.7416076660156,541.1671142578125,497.5326843261719,0,-206.2461885342579,0
0.459546973,466.73834228515625,540.6517333984375,497.5399169921875,0,-200.07651922824587,0
0.463787099,466.7326354980469,540.1256103515625,497.53955078125,0,-209.95834214682304,0
0.467824977,466.7254333496094,539.5858154296875,497.5389099121094,0,-197.8248300131635,0
0.471654858,466.7207946777344,539.0352783203125,497.53375244140625,0,-200.8657819818173,0
0.475986919,466.7099609375,538.4759521484375,497.5377197265625,0,-192.04381717912187,0
0.479783524,466.6953125,537.9044189453125,497.5304260253906,0,-194.63945533753068,0
0.483737325,466.68475341796875,537.3226928710938,497.5271911621094,0,-190.0419509591292,0
0.487955545,466.6811218261719,536.7237548828125,497.5207214355469,0,-199.15962374516243,0
0.491880637,466.6764831542969,536.11181640625,497.5138244628906,0,-204.9603291499937,0
0.495884544,466.6691589355469,535.4915161132813,497.5121154785156,0,-192.21342768720965,0
0.500052758,466.6578369140625,534.8631591796875,497.5187683105469,0,-206.94373724140272,0
0.503961641,466.6506042480469,534.2135620117188,497.51849365234375,0,-205.4634030990216,0
0.507882815,466.6479797363281,533.5556030273438,497.51544189453125,0,-196.606817553793,0
0.512150782,466.6405029296875,532.89306640625,497.50799560546875,0,-191.14281472696388,0
0.516474279,466.6251220703125,532.2203979492188,497.4947814941406,0,-202.23592448448483,0
0.520079844,466.6129455566406,531.5388793945313,497.4830322265625,0,-202.6164562416575,0
0.524281968,466.6018371582031,530.8392333984375,497.47998046875,0,-197.1461969416135,0
0.528182211,466.592041015625,530.1265258789063,497.47821044921875,0,-191.9391104489275,0
0.532109366,466.5848693847656,529.4036865234375,497.4804992675781,0,-191.3389339149482,0
0.536389861,466.57427978515625,528.673828125,497.4806823730469,0,-198.50569495448224,0
0.540303401,466.562255859375,527.9283447265625,497.4778137207031,0,-204.21602081715673,0
0.544264925,466.54998779296875,527.1765747070313,497.482177734375,0,-199.8768802235377,0
0.54841886,466.52935791015625,526.4175415039063,497.4777526855469,0,-205.8907745830555,0
0.5523617,466.5126647949219,525.6441650390625,497.4700927734375,0,-204.51681076277532,0
0.556349523,466.49493408203125,524.869873046875,497.4662780761719,0,-194.89080420993494,0
0.560702485,466.4666748046875,524.0906982421875,497.4551086425781,0,-194.35391993170091,0
0.5645796,466.4430236816406,523.30810546875,497.4510803222656,0,-201.95873034728464,0
0.568424056,466.42315673828125,522.51171875,497.4429931640625,0,-202.61948971653283,0
0.572673118,466.40936279296875,521.71240234375,497.43817138671875,0,-191.905702755636,0
0.576626251,466.39129638671875,520.9107666015625,497.4228515625,0,-204.13677575752902,0
0.580512367,466.3775939941406,520.1049194335938,497.41473388671875,0,-207.00081299290744,0
0.584763852,466.3686828613281,519.2928466796875,497.4173278808594,0,-209.38113392965366,0
0.58868136,466.3578796386719,518.4798583984375,497.4123229980469,0,-206.75339379394416,0
0.592626783,466.3447265625,517.6741333007813,497.4099426269531,0,-198.26349313821945,0
0.59688281,466.3307800292969,516.8619384765625,497.3979797363281,0,-207.90570013277141,0
0.600800678,466.3180847167969,516.0584716796875,497.385498046875,0,-202.2362664397223,0
0.604719579,466.2978515625,515.2540283203125,497.36810302734375,0,-195.64325688218292,0
0.608912296,466.27392578125,514.4459228515625,497.3620300292969,0,-192.81539294422575,0
0.612964025,466.2554626464844,513.643798828125,497.3710021972656,0,-198.0037082922524,0
0.617081765,466.2362976074219,512.830810546875,497.3647766113281,0,-194.60144439433944,0
0.621008896,466.2257385253906,512.0128784179688,497.3553466796875,0,-193.16285362546495,0
0.624962436,466.2112121582031,511.19696044921875,497.35015869140625,0,-195.0962696308344,0
0.628880651,466.18841552734375,510.3785400390625,497.3465881347656,0,-193.3068758952659,0
0.633119679,466.165771484375,509.5653991699219,497.34185791015625,0,-203.46669948892938,0
0.637073388,466.14306640625,508.7515563964844,497.3276062011719,0,-201.7129597720887,0
0.6409768,466.1179504394531,507.94415283203125,497.3267822265625,0,-209.04118243552173,0
0.645222887,466.0964050292969,507.1287841796875,497.3218078613281,0,-202.46200975795642,0
0.649147358,466.07861328125,506.31268310546875,497.32232666015625,0,-198.83694393422687,0
0.653077283,466.0633239746094,505.5000305175781,497.31781005859375,0,-201.5238497202073,0
0.657394843,466.04241943359375,504.6943359375,497.3118591308594,0,-190.63185824755587,0
0.661371532,466.02947998046875,503.89068603515625,497.31231689453125,0,-209.776670096416,0
0.665277394,466.0135498046875,503.0811462402344,497.3066711425781,0,-205.7287615374077,0
0.669400606,466.0050964355469,502.27337646484375,497.3151550292969,0,-199.49708747526603,0
0.673328359,465.99847412109375,501.464599609375,497.3214111328125,0,-200.21130789431913,0
0.677349092,465.9873352050781,500.6549377441406,497.3114013671875,0,-209.5846628719973,0
0.681537081,465.98095703125,499.84735107421875,497.3001708984375,0,-200.14818671936183,0
0.685463925,465.9666442871094,499.0381774902344,497.2819519042969,0,-209.15407060320396,0
0.689437035,465.9498596191406,498.23431396484375,497.2713623046875,0,-192.86788138012457,0
0.693546559,465.9280090332031,497.4322509765625,497.2650146484375,0,-207.17477168780547,0
0.697577507,465.9031677246094,496.62835693359375,497.25213623046875,0,-199.41540821093568,0
0.701477521,465.8843994140625,495.82086181640625,497.23382568359375,0,-209.5600699407081,0
0.705727786,465.8656005859375,495.0100402832031,497.2241516113281,0,-190.75016886715298,0
0.709755079,465.8518371582031,494.19256591796875,497.2259216308594,0,-192.57016783708679,0
0.713567911,465.8321838378906,493.3760070800781,497.22314453125,0,-198.59487426320473,0
0.71805389,465.8144836425781,492.5619812011719,497.22021484375,0,-191.9189353516339,0
0.721761539,465.7950439453125,491.7503356933594,497.2235107421875,0,-209.32505335345044,0
0.725667475,465.7752380371094,490.92938232421875,497.226806640625,0,-208.5151258938509,0
0.729905177,465.76287841796875,490.1092834472656,497.22967529296875,0,-197.40171817447674,0
0.733810632,465.74835205078125,489.29107666015625,497.2327880859375,0,-205.80157430492847,0
0.737819136,465.73138427734375,488.4750061035156,497.2312316894531,0,-199.47118003139533,0
0.741982455,465.7128601074219,487.6596984863281,497.2250061035156,0,-197.60789712991036,0
0.745927,465.6932373046875,486.8461608886719,497.2164306640625,0,-197.12052663288864,0
0.749832952,465.6797180175781,486.0328063964844,497.21160888671875,0,-201.66142019890248,0
0.754098784,465.6614990234375,485.21697998046875,497.20428466796875,0,-194.20148393627852,0
0.75817907,465.64898681640625,484.40289306640625,497.2035827636719,0,-198.74504529949994,0
0.761976591,465.638671875,483.59063720703125,497.19171142578125,0,-203.8869921584924,0
0.766149741,465.6233215332031,482.7783508300781,497.17547607421875,0,-196.31030165855807,0
0.770168807,465.6101379394531,481.9678039550781,497.1622619628906,0,-192.89492790917004,0
0.774050342,465.5938720703125,481.1618957519531,497.1580810546875,0,-195.800828429776,0
0.778334216,465.580322265625,480.3538513183594,497.1539306640625,0,-193.97726906050352,0
0.78224026,465.5665588378906,479.5478515625,497.14849853515625,0,-191.96019832612353,0
0.786173004,465.54229736328125,478.7451477050781,497.1305236816406,0,-193.26346008981247,0
0.790349602,465.51373291015625,477.94598388671875,497.1177062988281,0,-203.06417573012243,0
0.794315242,465.4869384765625,477.1490478515625,497.11236572265625,0,-193.52152272816917,0
0.798284774,465.4631652832031,476.3447265625,497.1048583984375,0,-190.44475425450872,0
0.802494637,465.4459533691406,475.54132080078125,497.1029357910156,0,-194.55559019796056,0
0.806528348,465.42852783203125,474.73699951171875,497.1044921875,0,-198.68603755745008,0
0.810340732,465.415283203125,473.9320068359375,497.1035461425781,0,-200.47316788956914,0
0.814540709,465.3996887207031,473.1343688964844,497.1050720214844,0,-203.02131767643078,0
0.818752055,465.3812255859375,472.3403625488281,497.1035461425781,0,-205.9250099159294,0
0.822431076,465.37176513671875,471.5462341308594,497.11279296875,0,-202.61896529680263,0
0.826699212,465.3629150390625,470.7467956542969,497.11529541015625,0,-194.09038428392967,0
0.830631826,465.35272216796875,469.95166015625,497.1110534667969,0,-193.68919225858815,0
0.834649545,465.3462829589844,469.1592712402344,497.1103820800781,0,-194.9153931678243,0
0.838806412,465.335205078125,468.3642578125,497.1130065917969,0,-207.5683132306992,0
0.842706907,465.3248291015625,467.56939697265625,497.1164855957031,0,-193.86879577369308,0
0.846642197,465.3136291503906,466.7789611816406,497.11431884765625,0,-209.7325221534496,0
0.850861793,465.2950134277344,465.9849548339844,497.0980529785156,0,-206.73453823458124,0
0.854988416,465.2762451171875,465.1902160644531,497.08013916015625,0,-200.99637940347316,0
0.858792151,465.26544189453125,464.3926696777344,497.06817626953125,0,-202.52421972679036,0
0.862948032,465.2456359863281,463.59063720703125,497.0511779785156,0,-195.9620446075674,0
0.866876665,465.2256164550781,462.79364013671875,497.04388427734375,0,-191.19031675333144,0
0.87083792,465.203857421875,461.9988708496094,497.0314025878906,0,-203.76992627250195,0
0.875054491,465.1827087402344,461.20159912109375,497.01507568359375,0,-204.87290316312794,0
0.878992505,465.1596984863281,460.4065246582031,497.01031494140625,0,-203.6767276377613,0
0.882948962,465.14080810546875,459.6027526855469,497.0076904296875,0,-193.89551180310565,0
0.88713463,465.1282653808594,458.78997802734375,497.0089111328125,0,-195.90188717730348,0
0.891082705,465.1147766113281,457.98199462890625,497.0099182128906,0,-202.03577877214562,0
0.894997873,465.09906005859375,457.1697692871094,497.0102844238281,0,-201.07281090047053,0
0.899323179,465.0877380371094,456.36151123046875,497.026123046875,0,-191.77568059650378,0
0.903331972,465.07330322265625,455.55426025390625,497.031982421875,0,-201.95031906026364,0
0.907134453,465.0569763183594,454.7403869628906,497.0262451171875,0,-206.22392930068253,0
0.911327107,465.0465087890625,453.93450927734375,497.03472900390625,0,-202.9357422903842,0
0.915254146,465.03253173828125,453.1240234375,497.03338623046875,0,-199.53751194317456,0
0.919454942,465.0147705078125,452.3095397949219,497.0233154296875,0,-202.98226761588248,0
0.923483517,464.9992370605469,451.50048828125,497.01483154296875,0,-202.6964416000124,0
0.927410192,464.9836120605469,450.69091796875,497.00274658203125,0,-203.69624705338015,0
0.931320126,464.9650573730469,449.8833312988281,496.9930114746094,0,-202.71235261254532,0
0.935502902,464.94757080078125,449.0808410644531,496.9895935058594,0,-194.92218687775605,0
0.939588786,464.9275207519531,448.27642822265625,496.97784423828125,0,-203.23968379258707,0
0.943397259,464.9082336425781,447.4723205566406,496.9565734863281,0,-205.44857406298408,0
0.947646989,464.88897705078125,446.6756591796875,496.9394226074219,0,-209.53086280065295,0
0.951677158,464.8680725097656,445.87286376953125,496.93212890625,0,-193.65357411821324,0
0.955511968,464.85455322265625,445.06048583984375,496.9316711425781,0,-195.6717152963657,0
0.959560317,464.8424987792969,444.249267578125,496.9280090332031,0,-203.21877345197547,0
0.963668011,464.8224182128906,443.4459228515625,496.91778564453125,0,-201.40840072048184,0
0.967599011,464.8048095703125,442.64373779296875,496.9189758300781,0,-198.3719387705832,0
0.971829295,464.7895202636719,441.83026123046875,496.92486572265625,0,-203.30613091756547,0
0.975761371,464.7753601074219,441.0141906738281,496.92034912109375,0,-199.3011416506306,0
0.979754359,464.76318359375,440.1971740722656,496.91644287109375,0,-191.0514238194226,0
0.98392542,464.75115966796875,439.3838195800781,496.9213562011719,0,-196.8242988007181,0
0.987794927,464.7334289550781,438.5648498535156,496.9213562011719,0,-194.57132008449847,0
0.991769538,464.7216491699219,437.7415771484375,496.9209289550781,0,-190.86053927219675,0
0.996005001,464.7086181640625,436.9296875,496.9231262207031,0,-203.65441923493938,0
1.000109782,464.6918029785156,436.1154479980469,496.9176940917969,0,-197.5533434023363,0
1.00392232,464.67559814453125,435.3047790527344,496.91851806640625,0,-198.65223229497118,0
1.008080391,464.6605224609375,434.4925537109375,496.91961669921875,0,-205.8576610929578,0
1.012023529,464.642578125,433.6799011230469,496.901611328125,0,-199.24681215967644,0
1.015964647,464.62994384765625,432.8736572265625,496.8870849609375,0,-194.40271342601721,0
1.020470163,464.6103515625,432.0739440917969,496.8807373046875,0,-190.5886823584129,0
1.02418837,464.5906982421875,431.2787780761719,496.88104248046875,0,-208.295584179171,0
1.028111776,464.57061767578125,430.4837646484375,496.8736877441406,0,-196.67420969054072,0
1.032290536,464.5577697753906,429.6844482421875,496.8612976074219,0,-209.28501851148238,0
1.036201146,464.54376220703125,428.88623046875,496.8471374511719,0,-197.05621074336335,0
1.040203494,464.5313720703125,428.0859680175781,496.8406066894531,0,-195.6832243737049,0
1.044509947,464.5160217285156,427.2884826660156,496.8340148925781,0,-204.8242824817561,0
1.048450446,464.498779296875,426.49139404296875,496.8302917480469,0,-192.40030458251152,0
1.052279499,464.4869689941406,425.6975402832031,496.8332824707031,0,-199.66602319332998,0
1.056461925,464.4650573730469,424.9005126953125,496.82427978515625,0,-209.04252065302495,0
1.060470954,464.44586181640625,424.1065979003906,496.81634521484375,0,-209.67256759424635,0
1.064361372,464.42694091796875,423.3113098144531,496.8166198730469,0,-192.48567794917756,0
1.068622566,464.4111633300781,422.509033203125,496.8180847167969,0,-194.5823746697112,0
1.072509235,464.3995361328125,421.70001220703125,496.8172912597656,0,-192.79873782716936,0
1.076466791,464.387939453125,420.89471435546875,496.82196044921875,0,-193.36659963653662,0
1.080752328,464.36962890625,420.0947570800781,496.82147216796875,0,-199.4988553132507,0
1.0846373599999999,464.34912109375,419.29522705078125,496.8218994140625,0,-191.25486493083054,0
1.088556328,464.3329772949219,418.4904479980469,496.82330322265625,0,-191.04500510661148,0
1.092803095,464.3200378417969,417.679931640625,496.8204345703125,0,-196.70101837194974,0
1.096852531,464.3091735839844,416.8680725097656,496.81134033203125,0,-194.978097151209,0
1.100747451,464.2957763671875,416.0639953613281,496.8106384277344,0,-198.87717954093205,0
1.104886742,464.2772521972656,415.2594909667969,496.8027648925781,0,-199.43144311647495,0
1.108828836,464.2604064941406,414.4555969238281,496.792724609375,0,-197.37399796383042,0
1.11274393,464.2444763183594,413.65692138671875,496.77947998046875,0,-208.36839854635153,0
1.116971289,464.2250671386719,412.8617858886719,496.76617431640625,0,-190.17244374640842,0
1.1211497559999999,464.2038269042969,412.06964111328125,496.7613525390625,0,-198.37851802414235,0
1.124905173,464.1900939941406,411.27593994140625,496.7625732421875,0,-197.03149650122904,0
1.129077498,464.1706237792969,410.48052978515625,496.74774169921875,0,-191.7192225231272,0
1.133000243,464.1566467285156,409.6914978027344,496.7372741699219,0,-203.82238572311226,0
1.136923171,464.1435852050781,408.90252685546875,496.7349853515625,0,-199.45617462344308,0
1.141234947,464.1325378417969,408.10931396484375,496.7307434082031,0,-191.1666498090362,0
1.14524532,464.1195983886719,407.3160400390625,496.730712890625,0,-199.42020267163227,0
1.149154913,464.1063232421875,406.5260009765625,496.7386474609375,0,-190.23077217429847,0
1.153272257,464.0936584472656,405.7358703613281,496.7380676269531,0,-206.84114240000346,0
1.157198971,464.07745361328125,404.93963623046875,496.7334289550781,0,-206.13766805760525,0
1.161171024,464.06396484375,404.1527404785156,496.7360534667969,0,-200.76047657265983,0
1.165385262,464.0484619140625,403.3591003417969,496.7361145019531,0,-205.67458249761745,0
1.169320391,464.0274963378906,402.5660095214844,496.7264099121094,0,-198.862752899986,0
1.173250155,464.0156555175781,401.7735290527344,496.7248229980469,0,-191.71772094298566,0
1.1774593979999999,464.00250244140625,400.9759216308594,496.7214050292969,0,-197.9114443601688,0
1.181435652,463.9900207519531,400.17706298828125,496.7122497558594,0,-205.68658314189256,0
1.185338993,463.976806640625,399.3765869140625,496.710693359375,0,-195.149788809596,0
1.189577744,463.9619445800781,398.5797119140625,496.71209716796875,0,-195.4732149849769,0
1.193579851,463.9420166015625,397.78509521484375,496.70037841796875,0,-199.11130313887375,0
1.197459426,463.9239501953125,396.9885559082031,496.69659423828125,0,-201.55882981032312,0
1.201698436,463.9114685058594,396.1895446777344,496.6982116699219,0,-199.39761613028816,0
1.205603144,463.89886474609375,395.3841247558594,496.6964111328125,0,-205.39471658467858,0
1.209516774,463.88006591796875,394.5809631347656,496.68157958984375,0,-196.74635596159865,0
1.213757091,463.85882568359375,393.78790283203125,496.6716613769531,0,-201.09113474185958,0
1.217660084,463.8360290527344,392.994140625,496.6689147949219,0,-206.4072486703625,0
1.2218815140000001,463.811279296875,392.19769287109375,496.66259765625,0,-196.6612828235946,0
1.225873316,463.79522705078125,391.3930969238281,496.6606140136719,0,-201.44880748721462,0
1.229784171,463.7850341796875,390.58807373046875,496.66021728515625,0,-200.68694016050856,0
1.233793228,463.7701110839844,389.7850341796875,496.6531066894531,0,-204.53966110076584,0
1.237945875,463.7530212402344,388.98150634765625,496.6421813964844,0,-196.81457195416797,0
1.242022318,463.74371337890625,388.1783142089844,496.6380615234375,0,-192.9950335683695,0
1.245841253,463.7294921875,387.36639404296875,496.63671875,0,-200.24402875155047,0
1.250001718,463.71734619140625,386.55682373046875,496.6361083984375,0,-193.53738668331405,0
1.25395827,463.7075500488281,385.75286865234375,496.6359558105469,0,-202.9223424929152,0
1.257887643,463.6918640136719,384.9507141113281,496.62884521484375,0,-198.49881214247068,0
1.262192775,463.67572021484375,384.1457214355469,496.62738037109375,0,-197.00232941582294,0
1.2660698799999999,463.6647644042969,383.3367004394531,496.6276550292969,0,-204.16075152244605,0
1.270027522,463.6524658203125,382.5301818847656,496.6280517578125,0,-208.76745629924451,0
1.274226048,463.63360595703125,381.7272644042969,496.61724853515625,0,-191.5474538731967,0
1.2781277549999999,463.6123352050781,380.9264221191406,496.60955810546875,0,-198.9112577018341,0
1.282144583,463.5975341796875,380.1243896484375,496.6123352050781,0,-194.12252329212404,0
1.286364847,463.5797119140625,379.3226013183594,496.6098327636719,0,-195.2124785900563,0
1.290399425,463.5578308105469,378.5172119140625,496.59857177734375,0,-198.7441685682778,0
1.294222175,463.54241943359375,377.72161865234375,496.59454345703125,0,-191.96696359612972,0
1.2984023630000001,463.529052734375,376.91717529296875,496.59136962890625,0,-190.4544053077347,0
1.302386014,463.51312255859375,376.1142272949219,496.58782958984375,0,-195.913679891308,0
1.30630169,463.4969177246094,375.31170654296875,496.5837097167969,0,-192.78017145782536,0
1.310553317,463.4832458496094,374.51123046875,496.58306884765625,0,-197.5689189504614,0
1.314457844,463.46875,373.7106628417969,496.5781555175781,0,-207.24392951840858,0
1.318493813,463.4471130371094,372.9111022949219,496.5647888183594,0,-192.40393327636394,0
1.3228851480000001,463.43121337890625,372.1222839355469,496.56781005859375,0,-206.39277723202298,0
1.32656252,463.4148864746094,371.3279113769531,496.56488037109375,0,-200.6328977304749,0
1.330483158,463.3963928222656,370.52947998046875,496.5574951171875,0,-205.48675251983872,0
1.334717795,463.3848876953125,369.7336730957031,496.5564270019531,0,-205.14279942185976,0
1.338842739,463.3726806640625,368.942626953125,496.54705810546875,0,-206.44366457884038,0
1.34266356,463.354248046875,368.1536560058594,496.53509521484375,0,-192.73305658324568,0
1.346816681,463.33746337890625,367.3637390136719,496.5271301269531,0,-198.5775411454956,0
1.350760343,463.3256530761719,366.5736389160156,496.5348205566406,0,-195.7663149595815,0
1.3546782560000001,463.3157958984375,365.77923583984375,496.538818359375,0,-195.96146536091408,0
1.358909937,463.2993469238281,364.9831237792969,496.5319519042969,0,-190.02416395467122,0
1.362878886,463.2860107421875,364.1923828125,496.53375244140625,0,-208.04898831085708,0
1.366812784,463.27410888671875,363.3985595703125,496.53936767578125,0,-205.7730051524876,0
1.371014183,463.25445556640625,362.600341796875,496.5352783203125,0,-208.6366384707386,0
1.374943794,463.2370300292969,361.7994689941406,496.5289611816406,0,-195.6937727687896,0
1.378827335,463.2183532714844,361.00048828125,496.5250549316406,0,-193.41890881329456,0
1.382862501,463.1972351074219,360.20086669921875,496.5142517089844,0,-207.45405387436813,0
1.386860834,463.17535400390625,359.3972473144531,496.5033264160156,0,-204.61687528004742,0
1.390687552,463.15850830078125,358.59722900390625,496.4983215332031,0,-195.9761456358755,0
1.3948690080000001,463.14642333984375,357.7894592285156,496.498291015625,0,-198.37732047502087,0
1.398814982,463.13397216796875,356.97869873046875,496.4940185546875,0,-197.34855327703843,0
1.402826198,463.1212158203125,356.16827392578125,496.4858703613281,0,-205.21672435132982,0
1.406990464,463.109375,355.3627624511719,496.4840087890625,0,-203.46429540974194,0
1.410982364,463.0972595214844,354.5549011230469,496.4859924316406,0,-200.06578980834857,0
1.414926644,463.08258056640625,353.742919921875,496.48468017578125,0,-195.2205769480455,0
1.41914287,463.07354736328125,352.93524169921875,496.4796142578125,0,-204.84589683795883,0
1.423467853,463.05810546875,352.1345520019531,496.4708251953125,0,-194.8107205130823,0
1.427131702,463.0392150878906,351.33624267578125,496.4651794433594,0,-204.81997076889002,0
1.431345647,463.0219421386719,350.5332336425781,496.4676818847656,0,-193.81679442660948,0
1.43540542,463.0057067871094,349.7268981933594,496.4689025878906,0,-194.21142328983464,0
1.439341134,462.9855041503906,348.9231262207031,496.46282958984375,0,-204.61312237301377,0
1.443557337,462.9639892578125,348.12603759765625,496.45648193359375,0,-197.4613817266677,0
1.447532749,462.9461669921875,347.31982421875,496.45098876953125,0,-193.36503546483596,0
1.451451592,462.9330139160156,346.511474609375,496.4440612792969,0,-193.64854048619497,0
1.45569855,462.916748046875,345.7077941894531,496.43731689453125,0,-200.01195958894084,0
1.459612408,462.89324951171875,344.9062194824219,496.4298400878906,0,-195.65893714658154,0
1.463532646,462.8735046386719,344.11102294921875,496.4316101074219,0,-204.07088922031912,0
1.467800937,462.8559265136719,343.3067932128906,496.4268493652344,0,-196.2351934961059,0
1.471715697,462.8419494628906,342.501220703125,496.4182434082031,0,-207.64870962542528,0
1.47564611,462.8263854980469,341.6978759765625,496.41558837890625,0,-204.95781375232815,0
1.479884174,462.81134033203125,340.90179443359375,496.4156799316406,0,-190.1615185029048,0
1.483957297,462.7951354980469,340.101318359375,496.4117736816406,0,-197.73528607295694,0
1.487790038,462.7847595214844,339.2989501953125,496.4102478027344,0,-201.5752775119596,0
1.491952868,462.7747497558594,338.49615478515625,496.403564453125,0,-199.31362374112973,0
1.495885219,462.76177978515625,337.7000427246094,496.40350341796875,0,-197.42444962075018,0
1.499819143,462.7483215332031,336.9062805175781,496.4032287597656,0,-204.12066654132195,0
1.50414569,462.7322998046875,336.1051025390625,496.4041748046875,0,-194.34922138123724,0
1.507994887,462.71978759765625,335.30511474609375,496.4010925292969,0,-191.01843693066718,0
1.511953662,462.7077331542969,334.5068054199219,496.39605712890625,0,-206.16129367015867,0
1.5161345179999999,462.6927795410156,333.7097473144531,496.3916931152344,0,-209.4598876800268,0
1.5200611149999999,462.6734313964844,332.91424560546875,496.38934326171875,0,-193.42206092852155,0
1.524291104,462.65423583984375,332.1187438964844,496.38812255859375,0,-194.70023846627134,0
1.528383737,462.6374206542969,331.3257141113281,496.3858642578125,0,-197.79645246511012,0
1.53232526,462.6168518066406,330.5309143066406,496.37799072265625,0,-191.49987344708455,0
1.5361322450000001,462.5997619628906,329.73046875,496.37017822265625,0,-190.70079934921952,0
1.540348931,462.5860290527344,328.9306945800781,496.3680419921875,0,-198.14609429442513,0
1.5443181240000001,462.573974609375,328.12823486328125,496.3689270019531,0,-201.2367276996081,0
1.54821857,462.5562438964844,327.3249816894531,496.3677673339844,0,-201.77014643872744,0
1.552482209,462.5386047363281,326.5245056152344,496.35791015625,0,-204.8317630965126,0
1.556369388,462.52239990234375,325.7317199707031,496.35504150390625,0,-200.24437769309424,0
1.560335685,462.5072326660156,324.9328308105469,496.34625244140625,0,-194.2632591239883,0
1.564572188,462.4906005859375,324.127197265625,496.3363037109375,0,-209.30416842009132,0
1.568480482,462.4759216308594,323.3320617675781,496.3265686035156,0,-198.21629517383727,0
1.572416877,462.4556579589844,322.5432434082031,496.32330322265625,0,-196.54514019232866,0
1.576666966,462.43682861328125,321.7493591308594,496.32720947265625,0,-207.83072174666003,0
1.58071389,462.423583984375,320.953857421875,496.32843017578125,0,-202.9987401017607,0
1.5845686730000001,462.4125061035156,320.1571960449219,496.32171630859375,0,-197.15690552099383,0
1.5885508480000001,462.40081787109375,319.3633728027344,496.3247375488281,0,-206.13939630440854,0
1.592651628,462.3873596191406,318.5689697265625,496.3298645019531,0,-196.28353301249396,0
1.596604017,462.3693542480469,317.7695007324219,496.324951171875,0,-198.86503699410844,0
1.600881285,462.35650634765625,316.9703674316406,496.3214416503906,0,-190.25889336900318,0
1.6048197320000002,462.3420715332031,316.17364501953125,496.3189697265625,0,-192.15849515008077,0
1.6087571760000001,462.3243713378906,315.3747253417969,496.31121826171875,0,-201.63119079055403,0
1.6130224499999999,462.3066711425781,314.576416015625,496.30999755859375,0,-196.9287908828387,0
1.616855299,462.288818359375,313.77508544921875,496.3067626953125,0,-198.18499214286294,0
1.620787658,462.27606201171875,312.97015380859375,496.3074645996094,0,-192.00459154549506,0
1.625307896,462.2603759765625,312.15997314453125,496.3031005859375,0,-204.84645027123534,0
1.629125591,462.2469787597656,311.3514709472656,496.2975769042969,0,-191.30350404306435,0
1.632953398,462.228759765625,310.54681396484375,496.2869873046875,0,-191.79923853787648,0
1.637154158,462.2121887207031,309.7439270019531,496.287353515625,0,-201.4211712325639,0
1.641091582,462.1932678222656,308.94207763671875,496.2872009277344,0,-208.96345671121946,0
1.645045959,462.17706298828125,308.1427001953125,496.27740478515625,0,-204.5469327859729,0
1.649248274,462.1639404296875,307.3453674316406,496.2704772949219,0,-196.6215171803933,0
1.653162428,462.1502990722656,306.5486755371094,496.265869140625,0,-200.5242072548339,0
1.657111885,462.1356201171875,305.7484436035156,496.2634582519531,0,-207.46491404322592,0
1.6612939789999999,462.1174011230469,304.9560546875,496.260498046875,0,-191.71671880815052,0
1.665298355,462.1002502441406,304.17010498046875,496.2607421875,0,-194.19803042900415,0
1.669209862,462.08233642578125,303.3817138671875,496.25994873046875,0,-190.65198968777867,0
1.673455454,462.0682678222656,302.5869445800781,496.2587890625,0,-205.3731562067732,0
1.677483308,462.05670166015625,301.7948303222656,496.2574462890625,0,-193.2552305564969,0
1.681313797,462.03802490234375,301.0052795410156,496.2488098144531,0,-204.45600364366254,0
1.685551775,462.0213928222656,300.2151794433594,496.245361328125,0,-198.9630800486734,0
1.6894667669999999,462.0061340332031,299.4146423339844,496.2423095703125,0,-200.04630911287018,0
1.69337798,461.9918212890625,298.61474609375,496.23822021484375,0,-197.97795248963666,0
1.697730204,461.97479248046875,297.81817626953125,496.2341003417969,0,-191.7081004200344,0
1.70153439,461.9560546875,297.0267639160156,496.23089599609375,0,-199.6951508034007,0
1.705543091,461.940185546875,296.2278137207031,496.2245178222656,0,-200.70694059913217,0
1.70973131,461.9264831542969,295.42718505859375,496.2213134765625,0,-191.91387793360246,0
1.7136651760000001,461.9119567871094,294.624755859375,496.2165832519531,0,-199.717379509757,0
1.717582164,461.8981628417969,293.8228759765625,496.2188415527344,0,-196.79560944118225,0
1.721805523,461.88543701171875,293.02227783203125,496.22076416015625,0,-201.88391901410526,0
1.726107556,461.8720397949219,292.22198486328125,496.2181396484375,0,-207.9525442207854,0
1.729720986,461.8592529296875,291.4258117675781,496.2137756347656,0,-192.66614614815984,0
1.7338970580000002,461.8431091308594,290.62628173828125,496.21551513671875,0,-192.32649953531893,0
1.737966328,461.8310852050781,289.8312072753906,496.2158508300781,0,-200.63295074035855,0
1.741765482,461.8153991699219,289.0406799316406,496.2165222167969,0,-204.43289853082533,0
1.746073591,461.7969970703125,288.2496643066406,496.2103271484375,0,-208.46869004683154,0
1.749918395,461.77667236328125,287.4593505859375,496.20458984375,0,-206.38071930636417,0
1.7538952330000002,461.7590637207031,286.6639404296875,496.19793701171875,0,-205.82490193748148,0
1.758072898,461.7461853027344,285.86602783203125,496.1946716308594,0,-207.1230183344766,0
1.762006878,461.730224609375,285.0704650878906,496.19036865234375,0,-200.95804079337714,0
1.766007092,461.7088317871094,284.2752990722656,496.1849670410156,0,-203.2250345269037,0
1.770213015,461.692626953125,283.48333740234375,496.181640625,0,-208.9516519845897,0
1.774262579,461.6766052246094,282.6896667480469,496.17596435546875,0,-205.0846942623343,0
1.778061181,461.66241455078125,281.88983154296875,496.1694030761719,0,-208.0442218513925,0
1.782276305,461.6481628417969,281.08941650390625,496.1664733886719,0,-204.22877179291143,0
1.786250684,461.6305236816406,280.2863464355469,496.16668701171875,0,-197.4047221849921,0
1.7901640589999999,461.6142578125,279.4793395996094,496.1690673828125,0,-194.9102444799525,0
1.7943989820000001,461.6005859375,278.66552734375,496.1661682128906,0,-195.55278260133753,0
1.79829748,461.5863037109375,277.85101318359375,496.1625671386719,0,-197.4083922150296,0
1.8023566,461.5697937011719,277.03564453125,496.16064453125,0,-199.63039270385755,0
1.806485766,461.55535888671875,276.2216491699219,496.15667724609375,0,-203.81248908105283,0
1.8104199859999999,461.538330078125,275.4037780761719,496.1495666503906,0,-198.2059414902794,0
1.81436917,461.5210266113281,274.5834655761719,496.1434631347656,0,-197.25705498905953,0
1.818571452,461.504638671875,273.7631530761719,496.145263671875,0,-199.45616523658106,0
1.8227130310000002,461.48828125,272.9454040527344,496.14605712890625,0,-196.92847039890057,0
1.826737719,461.4755554199219,272.1304931640625,496.14520263671875,0,-206.65690534339817,0
1.8307130790000001,461.45623779296875,271.318359375,496.1391906738281,0,-192.44386976629514,0
1.834581267,461.4385986328125,270.5084228515625,496.1399230957031,0,-209.46179159208754,0
1.8385260620000001,461.42315673828125,269.6993103027344,496.1396789550781,0,-191.0702056972524,0
1.8427851880000001,461.4062194824219,268.8887939453125,496.1375732421875,0,-196.54274486822888,0
1.846748737,461.3937683105469,268.0857238769531,496.1373596191406,0,-208.49707183132057,0
1.850695917,461.3751220703125,267.2825012207031,496.13140869140625,0,-202.98599736232592,0
1.854869394,461.3570251464844,266.4786376953125,496.1220397949219,0,-202.78155802961598,0
1.858797659,461.3426818847656,265.677001953125,496.11572265625,0,-198.29210393122267,0
1.862718386,461.327392578125,264.87847900390625,496.1148376464844,0,-207.5106653305123,0
1.86702313,461.310302734375,264.0829772949219,496.1109619140625,0,-204.7136398129384,0
1.8710364240000001,461.29327392578125,263.2881774902344,496.1097106933594,0,-195.62303830805308,0
1.874851067,461.2738037109375,262.4878234863281,496.1026611328125,0,-192.93358112811705,0
1.879025198,461.2593688964844,261.6852111816406,496.0992736816406,0,-195.73928260353026,0
1.882978267,461.24493408203125,260.8861389160156,496.0960693359375,0,-200.8762962789547,0
1.886958254,461.22442626953125,260.0877685546875,496.09197998046875,0,-192.8511916712299,0
1.8911854479999999,461.208740234375,259.28570556640625,496.0941162109375,0,-191.95558573624345,0
1.895091693,461.193603515625,258.4742126464844,496.0903015136719,0,-208.39298286395467,0
1.89903238,461.1795959472656,257.6685791015625,496.0904846191406,0,-199.98010676520704,0
1.903237067,461.16595458984375,256.864990234375,496.0882263183594,0,-209.56824846827172,0
1.907296755,461.1490173339844,256.0643005371094,496.0818176269531,0,-202.1714971369356,0
1.911130609,461.1322937011719,255.25621032714844,496.0758972167969,0,-207.8146916827414,0
1.9153682939999999,461.11846923828125,254.45037841796875,496.0755310058594,0,-197.27284474118323,0
1.919397316,461.1034851074219,253.6503448486328,496.0732421875,0,-205.5905234734408,0
1.923248077,461.0846862792969,252.85366821289063,496.0711669921875,0,-195.0149588146411,0
1.927794029,461.07086181640625,252.05462646484375,496.0732116699219,0,-191.16110270530322,0
1.931406497,461.0545959472656,251.25,496.0705261230469,0,-206.70864174197027,0
1.935295628,461.0401306152344,250.4469757080078,496.06512451171875,0,-194.78143047380343,0
1.939553938,461.0296936035156,249.64617919921875,496.0631103515625,0,-209.910064051611,0
1.943475094,461.01568603515625,248.843505859375,496.0650634765625,0,-198.46577277962015,0
1.947452714,461.000732421875,248.0369873046875,496.0609130859375,0,-200.79337005979346,0
1.951659491,460.985595703125,247.23350524902344,496.0584716796875,0,-195.7573358163785,0
1.955568373,460.96783447265625,246.4324951171875,496.0572204589844,0,-197.94513776574,0
1.959492784,460.94677734375,245.6308135986328,496.0525207519531,0,-208.86682575068858,0
1.9637203840000002,460.9311218261719,244.83551025390625,496.0523376464844,0,-206.4079561655345,0
1.967794931,460.9131774902344,244.03277587890625,496.04638671875,0,-207.4843597238225,0
1.971656561,460.893798828125,243.2259521484375,496.0418701171875,0,-203.84866342210773,0
1.975820898,460.8761291503906,242.4178466796875,496.0426025390625,0,-204.76726934437843,0
1.979758379,460.8568115234375,241.6136474609375,496.0370178222656,0,-204.57972516493209,0
1.983697453,460.84112548828125,240.80868530273438,496.0337219238281,0,-207.59199606704212,0
1.9880064750000002,460.824951171875,239.9988250732422,496.0270690917969,0,-209.32494565718375,0
1.9919232679999999,460.80914306640625,239.18882751464844,496.0245666503906,0,-204.759469049595,0
1.995838198,460.79388427734375,238.38267517089844,496.02386474609375,0,-208.57262116008556,0
2.000010227,460.7789611816406,237.57640075683594,496.02349853515625,0,-192.79965770604986,0
2.003935796,460.76495361328125,236.76834106445313,496.0228271484375,0,-194.9152928312007,0
2.007982275,460.7486267089844,235.95486450195313,496.0202941894531,0,-206.17478078244,0
2.012137974,460.73382568359375,235.14161682128906,496.0240783691406,0,-195.19515752058214,0
2.016178203,460.7171325683594,234.3263702392578,496.0182189941406,0,-196.24136260248386,0
2.019992939,460.70391845703125,233.5113067626953,496.0157775878906,0,-202.0160447657655,0
2.02420633,460.6874084472656,232.69078063964844,496.00823974609375,0,-190.44434662212896,0
2.028404399,460.6704406738281,231.8706817626953,496.005859375,0,-202.86514869196935,0
2.03212867,460.6513366699219,231.05128479003906,496.00030517578125,0,-202.93902967765752,0
2.036349564,460.6338195800781,230.23329162597656,495.99957275390625,0,-207.10673397086273,0
2.040247928,460.6163024902344,229.41708374023438,495.992919921875,0,-209.82724594499535,0
2.044228634,460.5987243652344,228.60205078125,495.9886474609375,0,-194.23125350109376,0
2.048421315,460.58453369140625,227.78872680664063,495.9841613769531,0,-205.71715219673933,0
2.05236036,460.56671142578125,226.98138427734375,495.9806213378906,0,-193.13155305838328,0
2.056280716,460.5455322265625,226.1763153076172,495.9812316894531,0,-207.16681529749633,0
2.060518596,460.5323181152344,225.3708038330078,495.9871520996094,0,-194.2191390766351,0
2.0645451,460.5208740234375,224.5607452392578,495.98992919921875,0,-200.97289687489152,0
2.068439642,460.5058898925781,223.75450134277344,495.9896545410156,0,-191.7789269613978,0
2.072589031,460.48785400390625,222.95388793945313,495.9895935058594,0,-200.69879138876252,0
2.076630449,460.4703369140625,222.1530303955078,495.98663330078125,0,-202.04480059396093,0
2.0804637,460.45562744140625,221.34756469726563,495.9813537597656,0,-201.78270618361816,0
2.084722738,460.442626953125,220.54298400878906,495.97802734375,0,-202.70463906414537,0
2.088688871,460.42742919921875,219.7411651611328,495.9756164550781,0,-190.8548381971585,0
2.092578208,460.4090881347656,218.9392547607422,495.9688415527344,0,-201.12929341767398,0
2.096877388,460.3891296386719,218.13609313964844,495.964111328125,0,-196.02952541719466,0
2.100738477,460.3703308105469,217.3337860107422,495.9626159667969,0,-202.12941972433717,0
2.104667025,460.35430908203125,216.531982421875,495.9616394042969,0,-208.50662858377407,0
2.108966295,460.3368835449219,215.72744750976563,495.955078125,0,-207.25233046900533,0
2.112918186,460.32568359375,214.9228973388672,495.9577941894531,0,-203.17929853345512,0
2.116781322,460.307373046875,214.11988830566406,495.95416259765625,0,-202.73548250202546,0
2.120962489,460.2894287109375,213.31654357910156,495.94927978515625,0,-192.64025909493793,0
2.124904509,460.2772521972656,212.51646423339844,495.950439453125,0,-197.8454890456333,0
2.129117326,460.2619323730469,211.71437072753906,495.9485778808594,0,-203.3661050100613,0
2.133142609,460.2469787597656,210.91490173339844,495.94512939453125,0,-190.1441756646924,0
2.137027612,460.232177734375,210.11126708984375,495.9422912597656,0,-204.8371770987819,0
2.140981315,460.2164611816406,209.3096160888672,495.94256591796875,0,-209.83823328308245,0
2.145166661,460.1952209472656,208.50656127929688,495.9356994628906,0,-202.476871888799,0
2.14912223,460.18206787109375,207.7093048095703,495.939697265625,0,-192.70347240074025,0
2.15306599,460.1641845703125,206.90304565429688,495.9362487792969,0,-195.23641662581457,0
2.157294947,460.1493225097656,206.0987091064453,495.93548583984375,0,-209.26448668384373,0
2.161318276,460.1317443847656,205.29685974121094,495.9336853027344,0,-197.65686251883375,0
2.165162707,460.10931396484375,204.49661254882813,495.9259338378906,0,-205.66062309280971,0
2.169403456,460.09686279296875,203.69393920898438,495.9235534667969,0,-206.36208510748997,0
2.173327714,460.0828552246094,202.88821411132813,495.9193420410156,0,-200.00459372084325,0
2.177239062,460.06829833984375,202.08119201660156,495.9189758300781,0,-208.13149098886868,0
2.181562343,460.0525207519531,201.27764892578125,495.9221496582031,0,-191.09399131822937,0
2.185391014,460.03582763671875,200.47267150878906,495.9209289550781,0,-193.62361796029984,0
2.1894078009999998,460.0205993652344,199.6662139892578,495.9227294921875,0,-200.39144388251347,0
2.193566685,460.0013732910156,198.86068725585938,495.9155578613281,0,-193.10177025947758,0
2.197525842,459.9924621582031,198.0591278076172,495.91607666015625,0,-191.99259663011665,0
2.201431251,459.9750671386719,197.2523193359375,495.9129333496094,0,-194.84487841685763,0
2.205663228,459.9613037109375,196.4395294189453,495.911376953125,0,-194.7780127883947,0
2.209774199,459.9476318359375,195.63150024414063,495.9097900390625,0,-208.16125941411596,0
2.213561131,459.9308166503906,194.823974609375,495.9045104980469,0,-200.33966191447274,0
2.217580209,459.91180419921875,194.02023315429688,495.9041748046875,0,-191.78098505208794,0
2.221678916,459.8934326171875,193.2146759033203,495.9043273925781,0,-202.23795052169757,0
2.225629663,459.8771667480469,192.41209411621094,495.9033508300781,0,-200.36015495400343,0
2.230129854,459.858642578125,191.61529541015625,495.89825439453125,0,-199.1290160018578,0
2.233807906,459.83917236328125,190.82635498046875,495.8941955566406,0,-195.62469725630723,0
2.237767096,459.8252258300781,190.02883911132813,495.8938903808594,0,-193.02967874574398,0
2.241919101,459.8079528808594,189.2283935546875,495.8879699707031,0,-200.65988254229313,0
2.245868532,459.7943420410156,188.43251037597656,495.888671875,0,-199.41811653659082,0
2.249848393,459.77471923828125,187.64471435546875,495.88458251953125,0,-195.18908161325228,0
2.254095205,459.7588195800781,186.85169982910156,495.8813781738281,0,-196.27618590772948,0
2.25809068,459.7458190917969,186.0580291748047,495.88446044921875,0,-203.30596977805317,0
2.261921908,459.72869873046875,185.26571655273438,495.88079833984375,0,-201.59689001005637,0
2.26612293,459.7115173339844,184.4754180908203,495.8782958984375,0,-207.65539319771167,0
2.270104869,459.6954650878906,183.68296813964844,495.878173828125,0,-190.75528669487426,0
2.27404504,459.68121337890625,182.8876190185547,495.872802734375,0,-208.03032431079382,0
2.278239644,459.6647644042969,182.09542846679688,495.873291015625,0,-197.47013169544476,0
2.282161587,459.6490478515625,181.302978515625,495.8716735839844,0,-202.65668433232926,0
2.286213497,459.6335144042969,180.50698852539063,495.8679504394531,0,-209.92887108457535,0
2.290372314,459.61968994140625,179.71009826660156,495.86956787109375,0,-208.24013928321966,0
2.294280089,459.602294921875,178.9102783203125,495.8644104003906,0,-204.33172377480489,0
2.298193929,459.58880615234375,178.11546325683594,495.86541748046875,0,-207.32229988071484,0
2.302437938,459.5733337402344,177.31781005859375,495.8663635253906,0,-199.7154140811548,0
2.306443239,459.55645751953125,176.51556396484375,495.86163330078125,0,-205.8510054200367,0
2.310381064,459.543212890625,175.71463012695313,495.8596496582031,0,-209.09262101945976,0
2.314530597,459.52685546875,174.91246032714844,495.8597106933594,0,-194.5967473397978,0
2.318453814,459.5082702636719,174.1134796142578,495.8570251464844,0,-201.6849283130785,0
2.322387251,459.493896484375,173.31301879882813,495.8591003417969,0,-196.58776137122084,0
2.326640417,459.47906494140625,172.5007781982422,495.856689453125,0,-209.11349429281432,0
2.330838397,459.45989990234375,171.69090270996094,495.8562316894531,0,-190.16492710774412,0
2.334483088,459.44500732421875,170.88160705566406,495.8562927246094,0,-202.2663232444779,0
2.338728262,459.4281005859375,170.0645294189453,495.8507995605469,0,-204.35647821121157,0
2.342641769,459.4156494140625,169.24761962890625,495.85125732421875,0,-206.08587234061875,0
2.346579681,459.3988037109375,168.43154907226563,495.8455810546875,0,-201.36328386702547,0
2.350915869,459.3832092285156,167.6138916015625,495.84356689453125,0,-197.8417541956202,0
2.354902023,459.3692321777344,166.79879760742188,495.84857177734375,0,-207.0615037389579,0
2.358729108,459.3479919433594,165.9840545654297,495.8450927734375,0,-199.13618713702402,0
2.362873452,459.33306884765625,165.17196655273438,495.84478759765625,0,-196.07623889304952,0
2.366824797,459.32086181640625,164.35842895507813,495.8484802246094,0,-192.5769086977242,0
2.370899355,459.30126953125,163.5411834716797,495.8396301269531,0,-204.19878132520566,0
2.375032807,459.28668212890625,162.72669982910156,495.83740234375,0,-190.70015327848603,0
2.378942612,459.2713317871094,161.9168701171875,495.8367004394531,0,-195.63946014437462,0
2.382887885,459.2519226074219,161.1074981689453,495.828857421875,0,-202.08305116195947,0
2.38674619,459.2345886230469,160.29885864257813,495.8293762207031,0,-199.0899821447274,0
2.390761982,459.2214050292969,159.4906005859375,495.8324279785156,0,-201.64563234238202,0
2.394691411,459.2023620605469,158.6852569580078,495.8282470703125,0,-190.974058890685,0
2.398921963,459.1859436035156,157.8861083984375,495.8292541503906,0,-207.14158451653654,0
2.402953013,459.1670227050781,157.08697509765625,495.8287353515625,0,-193.95014834327895,0
2.406816017,459.1498718261719,156.28196716308594,495.8245849609375,0,-7.077677595896532,0
2.411076678,459.1351013183594,155.48361206054688,495.8228454589844,0,2.5780131225528296,0
2.41499881,459.1150817871094,154.6873016357422,495.8194580078125,0,4.406526940584782,0
2.418939917,459.0973815917969,153.88864135742188,495.8160095214844,0,12.982467443254532,0
2.4231971740000002,459.087646484375,153.09413146972656,495.81890869140625,0,20.19726962378487,0
2.427152895,459.07147216796875,152.2982940673828,495.8147888183594,0,5.323770469194596,0
2.431374982,459.05523681640625,151.49900817871094,495.81024169921875,0,15.66811249241922,0
2.435395234,459.0421447753906,150.7211456298828,495.80731201171875,0,20.92007617171562,0
2.439397136,459.0235595703125,149.99046325683594,495.7955627441406,0,28.165240643503076,0
2.443348734,458.9984436035156,149.31201171875,495.77752685546875,0,32.12675918608379,0
2.4476082789999998,458.9810791015625,148.6800537109375,495.77044677734375,0,18.811894505351876,0
2.451698835,458.96697998046875,148.1150360107422,495.7564697265625,0,22.840774779930026,0
2.455548693,458.9497375488281,147.64920043945313,495.7428283691406,0,27.390076583041782,0
2.459491141,458.9319763183594,147.26315307617188,495.7334899902344,0,33.02519853938915,0
2.463581189,458.9222106933594,146.92559814453125,495.7359619140625,0,43.52531455180504,0
2.467553184,458.91943359375,146.64395141601563,495.73956298828125,0,41.47706254944036,0
2.471859589,458.92236328125,146.44309997558594,495.744140625,0,39.715972922102566,0
2.475821312,458.91961669921875,146.3130340576172,495.75054931640625,0,39.45847937958375,0
2.47969155,458.9035339355469,146.23202514648438,495.76214599609375,0,44.55026670783287,0
2.483869972,458.9036865234375,146.22093200683594,495.7720642089844,0,53.79625918712314,0
2.487798026,458.938720703125,146.30014038085938,495.8032531738281,0,48.208303541556646,0
2.49176949,458.94903564453125,146.411376953125,495.8138122558594,0,63.23549931388083,0
2.496002274,458.94818115234375,146.51800537109375,495.8204040527344,0,57.52146026043533,0
2.500026112,458.9647521972656,146.63095092773438,495.8476257324219,0,56.91287063791931,0
2.503870224,458.9672546386719,146.75526428222656,495.846435546875,0,61.33234694671703,0
2.508057272,458.9626159667969,146.88619995117188,495.8383483886719,0,59.11512759626365,0
2.512031616,458.9620056152344,147.02572631835938,495.8343811035156,0,79.89656628307894,0
2.51595074,458.9616394042969,147.1677703857422,495.826904296875,0,81.11815218256166,0
2.5201671169999997,458.9602966308594,147.3148956298828,495.820068359375,0,85.20491564210008,0
2.524110552,458.9629821777344,147.4730224609375,495.8198547363281,0,83.46077992073619,0
2.528053117,458.9638671875,147.64080810546875,495.81646728515625,0,90.32260993837201,0
2.532514831,458.962890625,147.81150817871094,495.8120422363281,0,79.23737483460064,0
2.536225207,458.9673767089844,147.98143005371094,495.81060791015625,0,86.8218823991344,0
2.54013973,458.9682922363281,148.15707397460938,495.8054504394531,0,94.9508832808651,0
2.544384401,458.9689636230469,148.35752868652344,495.8062438964844,0,99.02883797670557,0
2.5483887530000002,458.9682312011719,148.5857391357422,495.81671142578125,0,90.81005769204049,0
2.552303906,458.965087890625,148.8268585205078,495.8265686035156,0,95.79458440845326,0
2.556462482,458.9660339355469,149.08201599121094,495.83880615234375,0,97.41389803253003,0
2.560477308,458.9643249511719,149.34515380859375,495.84686279296875,0,111.02062102594181,0
2.564313805,458.96258544921875,149.6239776611328,495.8495788574219,0,111.74698346087783,0
2.568562762,458.9612731933594,149.91859436035156,495.84844970703125,0,112.54428532467301,0
2.572523253,458.95538330078125,150.2313232421875,495.84210205078125,0,105.15008580450083,0
2.576429854,458.949462890625,150.5621795654297,495.8338623046875,0,115.14584480257435,0
2.580793272,458.9449462890625,150.8999786376953,495.8272705078125,0,108.57623599943675,0
2.584562493,458.9418029785156,151.2466583251953,495.8194885253906,0,125.25562562072503,0
2.588507832,458.94049072265625,151.60824584960938,495.8074035644531,0,115.85397776382027,0
2.5928141609999997,458.9398193359375,151.9785919189453,495.7965393066406,0,125.61638268569594,0
2.596828052,458.9371337890625,152.356201171875,495.7912292480469,0,123.6889544669792,0
2.600679226,458.93731689453125,152.73631286621094,495.786376953125,0,136.1294643448026,0
2.604820795,458.93609619140625,153.12258911132813,495.7802734375,0,135.3306420602155,0
2.608810408,458.9344482421875,153.51773071289063,495.77685546875,0,140.05523204030555,0
2.612758131,458.93182373046875,153.9215545654297,495.7740173339844,0,139.58197360764666,0
2.616969448,458.9271240234375,154.3341827392578,495.77215576171875,0,138.47103085464158,0
2.620893021,458.923095703125,154.7564239501953,495.7767639160156,0,152.1492256824392,0
2.624767092,458.91595458984375,155.1931915283203,495.7831115722656,0,144.12488850055544,0
2.629026815,458.9097900390625,155.64247131347656,495.79046630859375,0,151.17461172493546,0
2.633199006,458.9039306640625,156.10372924804688,495.79901123046875,0,147.14262447124398,0
2.636922704,458.89605712890625,156.57687377929688,495.8042907714844,0,146.00467750667897,0
2.641152179,458.8916015625,157.06175231933594,495.8122863769531,0,148.9440260582924,0
2.6451752649999998,458.8836669921875,157.56051635742188,495.8136291503906,0,149.5113090372408,0
2.648995158,458.8765563964844,158.0726776123047,495.813720703125,0,164.35383112572018,0
2.6532625420000002,458.868896484375,158.60157775878906,495.8135986328125,0,163.1913382073213,0
2.657186544,458.8642272949219,159.13975524902344,495.8096008300781,0,167.65883616426663,0
2.66111796,458.8581237792969,159.6845703125,495.80078125,0,178.0777701833476,0
2.665416691,458.8524169921875,160.23648071289063,495.7912292480469,0,172.64003143381717,0
2.669256712,458.8472900390625,160.802001953125,495.78118896484375,0,175.9889204425265,0
2.673258986,458.8368225097656,161.37498474121094,495.76849365234375,0,180.3231490444534,0
2.677423033,458.8322448730469,161.9558868408203,495.76043701171875,0,183.61196274345482,0
2.68135165,458.8240051269531,162.5389404296875,495.7470703125,0,179.13660681223104,0
2.68527412,458.8158264160156,163.13336181640625,495.7370300292969,0,189.44648353079168,0
2.689525037,458.8110046386719,163.73789978027344,495.7351379394531,0,189.3408934808541,0
2.6936249549999998,458.8009338378906,164.35293579101563,495.7350769042969,0,183.31483125465843,0
2.697460491,458.7920227050781,164.9813232421875,495.74053955078125,0,187.94793576172967,0
2.7016315239999997,458.77984619140625,165.62147521972656,495.7433776855469,0,190.86026512809264,0
2.705513521,458.7713928222656,166.27101135253906,495.7550354003906,0,202.32964833343763,0
2.7094887229999998,458.75982666015625,166.93690490722656,495.7629089355469,0,206.09254741432417,0
2.713787453,458.7499084472656,167.6127166748047,495.77056884765625,0,206.15669385442868,0
2.717664616,458.7373962402344,168.29644775390625,495.7752990722656,0,193.14405556992068,0
2.721587661,458.7291564941406,168.996337890625,495.77960205078125,0,204.53162287029306,0
2.725592357,458.7173156738281,169.70758056640625,495.7812805175781,0,200.67480432871528,0
2.7297284939999997,458.7016906738281,170.43016052246094,495.7749328613281,0,191.891221607594,0
2.7339076650000003,458.6903991699219,171.16604614257813,495.7680969238281,0,196.50290133562675,0
2.737955558,458.6810302734375,171.9119873046875,495.76263427734375,0,193.34587127564106,0
2.741960725,458.6661682128906,172.66831970214844,495.7531433105469,0,192.56963946517095,0
2.745790795,458.6523742675781,173.42840576171875,495.74200439453125,0,207.81754191511666,0
2.750003863,458.6397399902344,174.19805908203125,495.7363586425781,0,204.07873827221974,0
2.753960316,458.625244140625,174.97813415527344,495.72686767578125,0,194.28076495031954,0
2.757862465,458.60986328125,175.76678466796875,495.7169494628906,0,205.701429512877,0
2.762095801,458.597900390625,176.5528106689453,495.71380615234375,0,207.79294376090996,0
2.766027207,458.58319091796875,177.3419647216797,495.7095947265625,0,204.84419993026697,0
2.770016559,458.5669860839844,178.1341552734375,495.7111511230469,0,203.50767414454415,0
2.774246667,458.5522155761719,178.93695068359375,495.71551513671875,0,194.00515405048387,0
2.778127362,458.53564453125,179.7379150390625,495.7168273925781,0,190.7940259099527,0
2.782064907,458.5199279785156,180.5393524169922,495.7220153808594,0,205.47785784090678,0
2.786288118,458.505126953125,181.34791564941406,495.7332458496094,0,208.27308496237924,0
2.790316694,458.4855041503906,182.15704345703125,495.7364807128906,0,201.71817998107173,0
2.794272999,458.4701232910156,182.9698028564453,495.74017333984375,0,196.13880058251956,0
2.798390705,458.4551086425781,183.78468322753906,495.7455139160156,0,200.77281218300251,0
2.802314625,458.43670654296875,184.59197998046875,495.74365234375,0,190.42335922000396,0
2.8062201079999998,458.4226379394531,185.3999481201172,495.7435302734375,0,203.66326337780586,0
2.810494291,458.4085693359375,186.21095275878906,495.74072265625,0,191.46271143525237,0
2.814455603,458.38818359375,187.02542114257813,495.7325439453125,0,199.89083577322535,0
2.818387597,458.37371826171875,187.83921813964844,495.7271423339844,0,190.97573329221137,0
2.8225815990000003,458.3567199707031,188.6529083251953,495.7209777832031,0,201.9977079163041,0
2.8265132,458.3393859863281,189.46591186523438,495.7114562988281,0,202.28090658295943,0
2.830427504,458.32464599609375,190.281982421875,495.7052001953125,0,198.72600857843534,0
2.834979601,458.3081970214844,191.10043334960938,495.6976318359375,0,190.29403840327598,0
2.838778161,458.2901306152344,191.91607666015625,495.6888427734375,0,205.57113743745472,0
2.842571152,458.2739562988281,192.72833251953125,495.6899108886719,0,191.86142594710512,0
2.846558785,458.2571105957031,193.53457641601563,495.690185546875,0,209.53650174700456,0
2.850715215,458.2391052246094,194.3392333984375,495.6887512207031,0,192.45716486762402,0
2.85477499,458.2249755859375,195.14752197265625,495.69366455078125,0,203.51886905878072,0
2.858900184,458.2078857421875,195.9508819580078,495.6964111328125,0,200.4873028076705,0
2.86278049,458.192626953125,196.75289916992188,495.7022705078125,0,206.8666024420478,0
2.866746229,458.17926025390625,197.55303955078125,495.7077941894531,0,191.38894501566622,0
2.870948528,458.16009521484375,198.35586547851563,495.7091369628906,0,191.51493638527882,0
2.874918262,458.1458435058594,199.162841796875,495.71197509765625,0,198.7346708530187,0
2.878841492,458.1264343261719,199.9633026123047,495.7057800292969,0,198.54154137350167,0
2.883083311,458.1114501953125,200.76333618164063,495.70648193359375,0,197.0830115357915,0
2.887097796,458.1016540527344,201.56712341308594,495.7096862792969,0,201.01936260875135,0
2.890933158,458.0811462402344,202.3711395263672,495.70062255859375,0,197.59203463070162,0
2.895203315,458.0689697265625,203.1782989501953,495.69610595703125,0,193.74914721230923,0
2.899101131,458.0511474609375,203.9849853515625,495.6920166015625,0,207.75521072606517,0
2.903021002,458.03131103515625,204.78997802734375,495.6839294433594,0,207.9021343041767,0
2.907279102,458.0187072753906,205.60000610351563,495.6822204589844,0,192.59923602739232,0
2.911136276,457.9992980957031,206.40850830078125,495.6716003417969,0,207.1593785133935,0
2.915194375,457.98468017578125,207.21170043945313,495.6677551269531,0,199.92770971068867,0
2.91933637,457.9710693359375,208.01641845703125,495.6654052734375,0,208.07086839392724,0
2.923281854,457.9521484375,208.8240966796875,495.65966796875,0,207.78194034712288,0
2.927205813,457.9359436035156,209.63609313964844,495.6645812988281,0,207.82422902000414,0
2.931449588,457.91558837890625,210.438720703125,495.66064453125,0,192.25570338280667,0
2.935771427,457.9026184082031,211.2420654296875,495.66156005859375,0,204.46793021671485,0
2.939451933,457.8869934082031,212.04843139648438,495.66217041015625,0,207.98672220544316,0
2.943534076,457.8689270019531,212.8573455810547,495.6565246582031,0,209.45997833000237,0
2.947481235,457.8553771972656,213.66665649414063,495.66046142578125,0,207.14454061459924,0
2.951408705,457.8339538574219,214.47665405273438,495.6574401855469,0,205.18531068571747,0
2.955705581,457.8187561035156,215.28797912597656,495.6596374511719,0,193.65000204872246,0
2.959582136,457.8021545410156,216.10025024414063,495.6600646972656,0,192.2619049966447,0
2.963534297,457.7840576171875,216.9187774658203,495.65814208984375,0,207.00949836114717,0
2.967729211,457.76922607421875,217.74154663085938,495.6584167480469,0,202.8004815504689,0
2.971658986,457.751220703125,218.5644989013672,495.65277099609375,0,194.4631971190932,0
2.975582588,457.7394714355469,219.38992309570313,495.65325927734375,0,198.44575903545223,0
2.979858332,457.7210693359375,220.2154541015625,495.649169921875,0,197.5798667824397,0
2.983892484,457.7048034667969,221.04800415039063,495.64508056640625,0,206.40524532308146,0
2.987677594,457.6875,221.88011169433594,495.6396789550781,0,192.93172406293013,0
2.9919003809999998,457.66656494140625,222.70724487304688,495.6329040527344,0,200.89190321126617,0
2.995885814,457.65350341796875,223.53286743164063,495.6366271972656,0,208.60435453498673,0
2.999805567,457.6327209472656,224.35308837890625,495.62896728515625,0,193.04170159932934,0
3.00405616,457.6184387207031,225.17332458496094,495.6255798339844,0,193.49880345210292,0
3.007944172,457.60076904296875,225.99734497070313,495.6219482421875,0,209.01329167656272,0
3.011908376,457.582763671875,226.81796264648438,495.623046875,0,207.68172736071713,0
3.016150887,457.5662536621094,227.63555908203125,495.6239318847656,0,207.57867417025483,0
3.020036437,457.54974365234375,228.44003295898438,495.62506103515625,0,197.06463858011412,0
3.024023263,457.5372009277344,229.2470245361328,495.6285400390625,0,197.78542552681037,0
3.028208278,457.51739501953125,230.06027221679688,495.6261291503906,0,191.79021465874675,0
3.03225919,457.503173828125,230.86976623535156,495.6268310546875,0,190.49823103081926,0
3.036368278,457.4864501953125,231.67469787597656,495.6234130859375,0,197.61509652119406,0
3.040318997,457.4741516113281,232.4829864501953,495.62506103515625,0,202.53868681997776,0
3.044319967,457.4558410644531,233.2948760986328,495.61993408203125,0,204.20121691917367,0
3.048137548,457.4410095214844,234.11410522460938,495.6178283691406,0,207.65651851273034,0
3.052427265,457.42401123046875,234.92893981933594,495.6172790527344,0,202.77534428556825,0
3.056391428,457.4040832519531,235.7400665283203,495.6117248535156,0,193.7202247229846,0
3.060320465,457.388427734375,236.55345153808594,495.6108703613281,0,209.47075289731953,0
3.064462995,457.37139892578125,237.36361694335938,495.60528564453125,0,203.08165670661054,0
3.068417839,457.355712890625,238.17369079589844,495.6019592285156,0,204.2129137403405,0
3.072348495,457.3361511230469,238.98597717285156,495.5963439941406,0,206.91808196134602,0
3.076640712,457.32305908203125,239.8013916015625,495.5928955078125,0,208.13061116066064,0
3.080701668,457.3031005859375,240.61434936523438,495.5863037109375,0,197.2390662538025,0
3.084490153,457.28656005859375,241.42745971679688,495.5843200683594,0,190.66141901589282,0
3.088484055,457.26953125,242.2403564453125,495.58251953125,0,206.9410516931979,0
3.092623323,457.25421142578125,243.05026245117188,495.5828552246094,0,199.59435287888667,0
3.096605762,457.23675537109375,243.86526489257813,495.5792541503906,0,195.76465271132716,0
3.100845026,457.2201232910156,244.6790771484375,495.57452392578125,0,197.96094393394523,0
3.104714759,457.206787109375,245.4893035888672,495.57403564453125,0,195.6607389432481,0
3.10869409,457.1920166015625,246.29908752441406,495.5712890625,0,198.28813613261207,0
3.112877703,457.1786804199219,247.11819458007813,495.5738525390625,0,200.7172559556863,0
3.116858997,457.15985107421875,247.93873596191406,495.5732421875,0,209.5888511334969,0
3.120792204,457.1424865722656,248.76162719726563,495.57293701171875,0,204.57308989903635,0
3.125002114,457.1247863769531,249.5806884765625,495.5692443847656,0,205.40084598254802,0
3.129032702,457.10955810546875,250.396728515625,495.56573486328125,0,208.7944834440544,0
3.132850487,457.0932312011719,251.21450805664063,495.5654296875,0,205.87462421821968,0
3.137348553,457.0779113769531,252.0348358154297,495.5643005371094,0,190.52785517452298,0
3.141053354,457.05810546875,252.85279846191406,495.5609436035156,0,193.3262280287821,0
3.144948642,457.0387268066406,253.669677734375,495.5598449707031,0,205.94571240216976,0
3.149257133,457.0191345214844,254.4830780029297,495.5530700683594,0,201.6544320513392,0
3.153107593,457.0061950683594,255.29786682128906,495.550537109375,0,197.33743083745404,0
3.157127738,456.988525390625,256.1135559082031,495.54193115234375,0,191.64307279838965,0
3.161266452,456.9723815917969,256.93359375,495.53912353515625,0,200.80103662696422,0
3.165224879,456.9532775878906,257.7489318847656,495.5377502441406,0,202.01539980542825,0
3.169152397,456.9399108886719,258.5618591308594,495.5382080078125,0,201.2383847231951,0
3.173392604,456.92266845703125,259.37451171875,495.53460693359375,0,193.2471153082007,0
3.177484057,456.9124755859375,260.1883850097656,495.53753662109375,0,201.66652606753934,0
3.181288114,456.8957824707031,261.00146484375,495.5321960449219,0,200.90622637682094,0
3.185460519,456.8827819824219,261.8109436035156,495.5316162109375,0,191.5144820232204,0
3.189389117,456.8665466308594,262.6244201660156,495.5274963378906,0,202.2619009566972,0
3.193335384,456.8514709472656,263.4427490234375,495.5269775390625,0,194.68929439913634,0
3.197643165,456.83392333984375,264.2573547363281,495.5249938964844,0,203.57229359184527,0
3.201533557,456.8193664550781,265.06964111328125,495.5285949707031,0,196.72917109586234,0
3.2054448,456.8009338378906,265.8738708496094,495.5288391113281,0,206.6763193272319,0
3.209660401,456.78424072265625,266.6890869140625,495.5265808105469,0,196.1516514098785,0
3.2135977159999998,456.76385498046875,267.4975891113281,495.5177001953125,0,207.19415018404683,0
3.217587871,456.748291015625,268.3047790527344,495.51251220703125,0,192.98163245546243,0
3.221795379,456.7322082519531,269.10992431640625,495.5069274902344,0,208.710365959256,0
3.225838413,456.716064453125,269.9174499511719,495.5032958984375,0,206.8879744156832,0
3.229647001,456.6932373046875,270.72698974609375,495.49945068359375,0,202.34476509143366,0
3.233901441,456.6778564453125,271.5350341796875,495.5004577636719,0,190.1033498094497,0
3.23804184,456.6612548828125,272.3394775390625,495.4938049316406,0,196.50596480811598,0
3.241756134,456.647705078125,273.143310546875,495.4877624511719,0,193.1101759208898,0
3.245969069,456.63104248046875,273.94775390625,495.4808349609375,0,195.52507038539292,0
3.249864358,456.6147766113281,274.753662109375,495.4793701171875,0,209.17806950425538,0
3.253833627,456.59765625,275.5608825683594,495.4771728515625,0,208.48168727055867,0
3.258082525,456.5828552246094,276.3778991699219,495.4792785644531,0,202.9112682068329,0
3.261941647,456.566162109375,277.18609619140625,495.4745788574219,0,199.39651235322825,0
3.265918156,456.55181884765625,277.9961242675781,495.47509765625,0,206.8373406177511,0
3.270135867,456.5354919433594,278.8082275390625,495.4718322753906,0,190.57294905580278,0
3.274200821,456.5216369628906,279.6199951171875,495.4719543457031,0,195.3585981088986,0
3.278089865,456.5072021484375,280.4298095703125,495.4717712402344,0,206.8940087831178,0
3.282244737,456.4923095703125,281.2395324707031,495.4726257324219,0,190.23819596913702,0
3.286166023,456.47491455078125,282.05718994140625,495.4743957519531,0,206.98323112841442,0
3.290080801,456.4524841308594,282.8731384277344,495.4640197753906,0,206.89507370843032,0
3.294361033,456.4408874511719,283.6872253417969,495.4588928222656,0,201.41140776332597,0
3.298308411,456.4232177734375,284.5013122558594,495.45635986328125,0,207.60030976268087,0
3.302247613,456.40679931640625,285.315673828125,495.4557189941406,0,191.49039954172355,0
3.30644188,456.38446044921875,286.1316223144531,495.45318603515625,0,193.08515329523559,0
3.310349207,456.366943359375,286.9397888183594,495.4481201171875,0,209.00349789515593,0
3.31429606,456.35284423828125,287.7496032714844,495.44482421875,0,198.77112082636177,0
3.3186711190000002,456.3376159667969,288.55706787109375,495.4384460449219,0,196.28695181881076,0
3.322594007,456.32305908203125,289.366943359375,495.43096923828125,0,191.95258673157042,0
3.326421164,456.30535888671875,290.1820068359375,495.4256591796875,0,200.47320982744858,0
3.330589634,456.2894287109375,290.9989318847656,495.4214782714844,0,197.17050994256874,0
3.334544624,456.2713623046875,291.8126525878906,495.424072265625,0,204.9593662951902,0
3.338484187,456.25689697265625,292.6250305175781,495.4254455566406,0,194.0905076418648,0
3.342771652,456.2434387207031,293.4360656738281,495.4250183105469,0,195.41637583491163,0
3.346676528,456.2273254394531,294.25115966796875,495.42523193359375,0,190.1253676831065,0
3.350597837,456.2119140625,295.061279296875,495.42266845703125,0,193.37773650870244,0
3.354811752,456.19622802734375,295.87493896484375,495.4229736328125,0,195.26019266981757,0
3.358791831,456.1781921386719,296.6848449707031,495.4178466796875,0,204.08908104058625,0
3.36270617,456.1597595214844,297.4964294433594,495.4162902832031,0,197.996693210475,0
3.366936465,456.14306640625,298.30743408203125,495.4177551269531,0,198.91508074828695,0
3.370957308,456.125244140625,299.1131896972656,495.4085693359375,0,199.45408781012222,0
3.374798128,456.1102600097656,299.9165954589844,495.40087890625,0,190.33863195416055,0
3.379050043,456.0943603515625,300.7170715332031,495.3927001953125,0,195.28436050752626,0
3.382914613,456.0771484375,301.5180969238281,495.390380859375,0,203.9752771974325,0
3.386813072,456.0611572265625,302.31805419921875,495.3904113769531,0,205.10912920967695,0
3.391101451,456.0456848144531,303.11529541015625,495.385498046875,0,196.96368981151,0
3.395035224,456.03326416015625,303.90838623046875,495.3807373046875,0,208.46239784084523,0
3.399039071,456.01849365234375,304.7054443359375,495.3750305175781,0,200.61121685102557,0
3.40321578,456.0043029785156,305.50543212890625,495.3746032714844,0,191.2253923332534,0
3.407134793,455.9878234863281,306.3025207519531,495.373291015625,0,202.60483326145376,0
3.411049022,455.9703674316406,307.09844970703125,495.3737487792969,0,202.25395812005462,0
3.415321805,455.9554748535156,307.8954162597656,495.370849609375,0,200.97552341432316,0
3.419377273,455.9410705566406,308.692138671875,495.3648986816406,0,195.134962150136,0
3.423302457,455.9258117675781,309.4940185546875,495.36224365234375,0,190.09454126992964,0
3.427423273,455.9058837890625,310.3003845214844,495.3623046875,0,196.04148501061218,0
3.431320412,455.88812255859375,311.10888671875,495.3598327636719,0,199.9025068084631,0
3.435261281,455.8699645996094,311.91455078125,495.3600158691406,0,196.507500104949,0
3.439794414,455.85394287109375,312.71978759765625,495.35797119140625,0,193.3789483372738,0
3.44346274,455.8368835449219,313.52947998046875,495.3502197265625,0,205.83694997297448,0
3.44740754,455.8206787109375,314.3404846191406,495.3453674316406,0,193.14565698629568,0
3.451580904,455.808349609375,315.14776611328125,495.3432312011719,0,204.4671566735282,0
3.455522965,455.7935791015625,315.95526123046875,495.34027099609375,0,199.88522438489392,0
3.459471237,455.78106689453125,316.765625,495.3427734375,0,194.12464066054153,0
3.463730769,455.7631530761719,317.57293701171875,495.3394775390625,0,201.15686859485467,0
3.46777838,455.7459716796875,318.37628173828125,495.3367919921875,0,200.25479761992955,0
3.471570301,455.7303771972656,319.181396484375,495.3345031738281,0,198.05107540107775,0
3.475570951,455.7145690917969,319.9837341308594,495.322021484375,0,191.42231445577153,0
3.479758496,455.698486328125,320.78387451171875,495.3088684082031,0,199.20689831882822,0
3.483676519,455.6825866699219,321.58221435546875,495.3053894042969,0,207.19358902683942,0
3.487923759,455.6639404296875,322.3839111328125,495.3087463378906,0,198.48195521980864,0
3.491812188,455.64703369140625,323.1881103515625,495.3082275390625,0,195.69119322977744,0
3.495767601,455.6320495605469,323.9883728027344,495.2967529296875,0,206.13501521718732,0
3.500010697,455.61932373046875,324.7837219238281,495.2930908203125,0,199.5821351319761,0
3.503910098,455.6044616699219,325.5834045410156,495.2933044433594,0,191.06560250288786,0
3.507820692,455.5879821777344,326.38525390625,495.2973327636719,0,202.30347825783778,0
3.5120770329999997,455.5732727050781,327.1916198730469,495.29888916015625,0,200.26229430107415,0
3.516110878,455.5569763183594,327.998291015625,495.2945556640625,0,207.20062838106392,0
3.520005446,455.53955078125,328.8020935058594,495.291748046875,0,203.53323961187547,0
3.524193926,455.5278015136719,329.6093444824219,495.2935485839844,0,204.16995319987106,0
3.528196473,455.51171875,330.4154357910156,495.28363037109375,0,193.89493541143997,0
3.532036326,455.4918212890625,331.2248229980469,495.2812194824219,0,209.89007117531168,0
3.5362913000000002,455.4730224609375,332.03369140625,495.276123046875,0,205.2078380806695,0
3.540462177,455.4584045410156,332.83819580078125,495.2695617675781,0,203.23356845143806,0
3.544213945,455.4421081542969,333.6468811035156,495.259033203125,0,194.31006402157203,0
3.5483443709999998,455.4242858886719,334.4564514160156,495.25634765625,0,194.64459055115293,0
3.552288571,455.40838623046875,335.2681579589844,495.25714111328125,0,207.83547266822688,0
3.556218553,455.3908996582031,336.0773010253906,495.2552185058594,0,202.54587032785741,0
3.56055199,455.37384033203125,336.8908386230469,495.25054931640625,0,192.06450150650005,0
3.564492755,455.35345458984375,337.7053527832031,495.2421875,0,197.4514405819663,0
3.568341811,455.3394775390625,338.5225830078125,495.2369079589844,0,190.1155840798119,0
3.572532469,455.3254089355469,339.3384094238281,495.2335205078125,0,204.03501412046722,0
3.5764459090000003,455.31109619140625,340.1527404785156,495.2330017089844,0,204.53461485625874,0
3.580461496,455.29608154296875,340.9665832519531,495.23565673828125,0,196.0542352943446,0
3.5846856689999997,455.28448486328125,341.7815856933594,495.240234375,0,196.53254256816425,0
3.588577956,455.27166748046875,342.5950622558594,495.2396240234375,0,209.4392622438836,0
3.5925371740000003,455.25469970703125,343.4075012207031,495.2336120605469,0,202.90502031651036,0
3.596742695,455.23883056640625,344.2248229980469,495.22698974609375,0,192.2992323926479,0
3.600721049,455.22222900390625,345.0423583984375,495.2283935546875,0,202.21722021483825,0
3.604597663,455.2070617675781,345.8512878417969,495.22845458984375,0,192.2284022841132,0
3.608871385,455.19287109375,346.65350341796875,495.2244873046875,0,207.57690126228988,0
3.61298809,455.1773376464844,347.4607849121094,495.2193603515625,0,200.39845391472807,0
3.616753175,455.1545715332031,348.2715759277344,495.2060852050781,0,196.32484817689783,0
3.621016246,455.135986328125,349.08551025390625,495.1974792480469,0,200.11431027536642,0
3.624885388,455.11669921875,349.8926086425781,495.1927795410156,0,197.085617315359,0
3.62881503,455.101318359375,350.69439697265625,495.1903381347656,0,201.43745387703797,0
3.633034668,455.0873107910156,351.4979553222656,495.1872863769531,0,191.92972995753715,0
3.636976711,455.0705261230469,352.30560302734375,495.176513671875,0,193.22837985732386,0
3.641208654,455.0522766113281,353.1141357421875,495.16925048828125,0,193.758964548062,0
3.6451599740000002,455.0408020019531,353.9208984375,495.1719970703125,0,204.0289323794081,0
3.649039652,455.0264587402344,354.726318359375,495.175048828125,0,192.43614940718552,0
3.653011535,455.00958251953125,355.5370788574219,495.1729431152344,0,195.44367543982275,0
3.657265158,454.9926452636719,356.3486633300781,495.16619873046875,0,192.5028638442609,0
3.6613141430000002,454.9794006347656,357.15472412109375,495.167724609375,0,205.63644499065464,0
3.665155276,454.9635314941406,357.9599914550781,495.1719970703125,0,194.72898883698207,0
3.66933636,454.94818115234375,358.7607421875,495.170654296875,0,206.5392787888936,0
3.673251091,454.9302062988281,359.5643615722656,495.1660461425781,0,207.71492459414014,0
3.6771961539999998,454.9109191894531,360.36822509765625,495.1601867675781,0,193.85442549709714,0
3.681485406,454.89739990234375,361.1723327636719,495.1559143066406,0,199.5388671086407,0
3.685371894,454.88134765625,361.969482421875,495.14654541015625,0,204.13650309635776,0
3.689319956,454.8642272949219,362.76495361328125,495.1375732421875,0,190.39315494338518,0
3.693507574,454.8478698730469,363.5658874511719,495.1376037597656,0,201.82589664150646,0
3.697544285,454.8336181640625,364.363525390625,495.1361083984375,0,206.42424494214023,0
3.701427495,454.8155822753906,365.1609191894531,495.13067626953125,0,201.27335607672882,0
3.7056640549999997,454.79998779296875,365.9608459472656,495.1214599609375,0,203.09180129110592,0
3.70969202,454.7824401855469,366.76776123046875,495.1108093261719,0,197.65617003911586,0
3.713565788,454.76751708984375,367.57025146484375,495.1091003417969,0,208.2114760773633,0
3.717511611,454.7532958984375,368.36822509765625,495.10882568359375,0,205.4218276995801,0
3.721688184,454.74627685546875,369.1701965332031,495.1080627441406,0,201.1725003459683,0
3.725581793,454.7303466796875,369.97430419921875,495.1007385253906,0,197.1499485799574,0
3.729830624,454.7122497558594,370.781005859375,495.094970703125,0,195.41387483801483,0
3.733734168,454.69830322265625,371.5936279296875,495.0958557128906,0,202.1494564830208,0
3.737722159,454.68084716796875,372.4029846191406,495.0940246582031,0,208.51521162347277,0
3.742157497,454.6642761230469,373.2146301269531,495.0940246582031,0,208.06056642572375,0
3.745870187,454.6473388671875,374.02947998046875,495.08953857421875,0,196.6914326645182,0
3.749776954,454.63134765625,374.8487854003906,495.0877685546875,0,198.04803221963354,0
3.754025854,454.6121826171875,375.6647644042969,495.0821228027344,0,206.92052633031656,0
3.758042333,454.5964050292969,376.4755554199219,495.07781982421875,0,200.5037391634589,0
3.76191832,454.5791931152344,377.2891845703125,495.0723571777344,0,191.11081538125111,0
3.766089327,454.5616149902344,378.1107177734375,495.0674743652344,0,194.35322050996723,0
3.770030998,454.54583740234375,378.926513671875,495.0600891113281,0,200.19474809057604,0
3.773942146,454.5294494628906,379.74072265625,495.0587463378906,0,190.2469409868669,0
3.778206925,454.5147705078125,380.55712890625,495.0568542480469,0,194.2555587000006,0
3.782166183,454.4989318847656,381.37481689453125,495.05224609375,0,208.89970042154067,0
3.786117077,454.4810485839844,382.1921081542969,495.04266357421875,0,198.90638027144738,0
3.790255926,454.46368408203125,383.0115966796875,495.038330078125,0,193.25970327947653,0
3.794246725,454.4500732421875,383.823486328125,495.0334167480469,0,209.78773238645053,0
3.798155844,454.4350891113281,384.6319580078125,495.02899169921875,0,202.53621176793328,0
3.8025281829999997,454.421142578125,385.44189453125,495.03179931640625,0,203.6490508984207,0
3.806475415,454.4057312011719,386.248291015625,495.0358581542969,0,197.91294139247515,0
3.810285565,454.3901062011719,387.0529479980469,495.03594970703125,0,191.60027237728178,0
3.814464109,454.3768615722656,387.8562927246094,495.0264587402344,0,195.564950042048,0
3.818371231,454.36083984375,388.6634216308594,495.0169372558594,0,202.61747816394302,0
3.82237636,454.34503173828125,389.46905517578125,495.02130126953125,0,206.75595864185706,0
3.82659815,454.32470703125,390.27752685546875,495.0208435058594,0,203.72575060115335,0
3.830522529,454.3035888671875,391.0845031738281,495.0106201171875,0,202.9510608959483,0
3.834469285,454.28692626953125,391.8890686035156,495.00189208984375,0,209.68504907958774,0
3.838663875,454.27435302734375,392.6944580078125,494.999755859375,0,199.6691054467334,0
3.842873061,454.2559814453125,393.4932556152344,494.9907531738281,0,209.95641355229574,0
3.846564089,454.2412109375,394.3022155761719,494.99072265625,0,197.32590008009134,0
3.850821624,454.22552490234375,395.1109619140625,494.9876403808594,0,200.79623394765133,0
3.854835021,454.2115173339844,395.9134216308594,494.98297119140625,0,207.15129540697646,0
3.858671953,454.1968078613281,396.71954345703125,494.9761657714844,0,202.49126122383856,0
3.862921734,454.1817626953125,397.5316467285156,494.9740905761719,0,209.72546277935666,0
3.866830792,454.1652526855469,398.3438720703125,494.9668273925781,0,191.23283869573345,0
3.870770855,454.1478271484375,399.15740966796875,494.9547424316406,0,191.2319402297706,0
3.874948066,454.13140869140625,399.976806640625,494.9516906738281,0,203.8189495348523,0
3.878893154,454.1175537109375,400.79534912109375,494.9543151855469,0,202.92895323650419,0
3.882903846,454.09893798828125,401.6108093261719,494.95074462890625,0,192.0436295048017,0
3.887059195,454.0801696777344,402.4290771484375,494.9454650878906,0,195.22353806235685,0
3.890982667,454.064697265625,403.24853515625,494.94281005859375,0,209.4869433706365,0
3.894916027,454.0488586425781,404.0645446777344,494.930908203125,0,207.272246745764,0
3.899159641,454.0368957519531,404.8846435546875,494.9280700683594,0,202.21158369823831,0
3.903250451,454.022216796875,405.7060852050781,494.9303894042969,0,207.46403235898387,0
3.907164307,454.0047607421875,406.5249328613281,494.931640625,0,192.22764868377482,0
3.911275823,453.9859313964844,407.3426513671875,494.93328857421875,0,208.4439044001361,0
3.915183331,453.9700622558594,408.1610107421875,494.93603515625,0,207.86492576269785,0
3.919107082,453.95562744140625,408.970947265625,494.92578125,0,206.90593961114206,0
3.92342309,453.9347229003906,409.7846984863281,494.914794921875,0,191.5976000981893,0
3.927336136,453.9184265136719,410.6024169921875,494.9147033691406,0,207.09185062506947,0
3.931255614,453.8994140625,411.4168395996094,494.911865234375,0,194.57963535517084,0
3.9354476529999998,453.88189697265625,412.222900390625,494.9012451171875,0,190.44870319339202,0
3.939397547,453.8671569824219,413.03448486328125,494.8914794921875,0,202.9941684882195,0
3.943577138,453.8515625,413.8475036621094,494.8869934082031,0,191.96001927940716,0
3.947591207,453.83575439453125,414.6567077636719,494.8807067871094,0,199.94277272197957,0
3.951623962,453.81988525390625,415.47052001953125,494.8760070800781,0,209.79759280754422,0
3.955425644,453.80474853515625,416.2835388183594,494.874267578125,0,199.4626383547813,0
3.959651499,453.7955322265625,417.0946044921875,494.8650207519531,0,194.3122244599682,0
3.963642199,453.7817687988281,417.9078369140625,494.8612060546875,0,208.7666975740218,0
3.967544028,453.7677917480469,418.7238464355469,494.86053466796875,0,202.96362382555793,0
3.97178511,453.753662109375,419.53875732421875,494.8558044433594,0,191.4642001820173,0
3.975665234,453.73583984375,420.3525085449219,494.8531799316406,0,201.9704593968047,0
3.979652529,453.7212829589844,421.1694030761719,494.856201171875,0,201.7058740269385,0
3.98389265,453.7018737792969,421.9825134277344,494.85675048828125,0,204.95142654221618,0
3.987778229,453.6795959472656,422.7932434082031,494.8503723144531,0,194.7049666500685,0
3.991792045,453.6618957519531,423.6015930175781,494.8434143066406,0,197.32370449400912,0
3.995957825,453.645263671875,424.41229248046875,494.8331604003906,0,199.29273432367862,0
3.999967959,453.62469482421875,425.2232666015625,494.820068359375,0,199.51327629775832,0
4.00384808,453.60614013671875,426.0293273925781,494.8200378417969,0,207.9311738494199,0
4.008025284,453.5907897949219,426.8349304199219,494.8288269042969,0,191.7058391033946,0
4.01196745,453.5742492675781,427.64007568359375,494.8232421875,0,190.15052316174967,0
4.015882609,453.554931640625,428.4466552734375,494.80828857421875,0,205.75417041791522,0
4.0201181,453.5450744628906,429.2532958984375,494.8067321777344,0,190.10123694245902,0
4.024142897,453.53643798828125,430.0539855957031,494.807861328125,0,204.4031986848167,0
4.028029768,453.5218505859375,430.86224365234375,494.80755615234375,0,195.8405493302761,0
4.032193336,453.5085144042969,431.6692199707031,494.8028564453125,0,205.73227313701676,0
4.03615367,453.49310302734375,432.47845458984375,494.80096435546875,0,194.3898590493015,0
4.040078307,453.4784240722656,433.2821044921875,494.7961120605469,0,198.66067019953633,0
4.044585392,453.4649658203125,434.0896911621094,494.79510498046875,0,208.397552452983,0
4.048385932,453.4501037597656,434.8920593261719,494.78857421875,0,196.0402943699984,0
4.052222051,453.431640625,435.6935729980469,494.7804870605469,0,191.06366407107345,0
4.056396104,453.41619873046875,436.4983215332031,494.7770690917969,0,196.3872385605013,0
4.060325719,453.39703369140625,437.30108642578125,494.76922607421875,0,206.52790552448798,0
4.06432441,453.376220703125,438.1048889160156,494.75946044921875,0,206.64882648712535,0
4.068535466,453.35888671875,438.9091796875,494.75494384765625,0,196.79173733260168,0
4.072450774,453.3406066894531,439.7140197753906,494.7461242675781,0,199.40738330534145,0
4.076463851,453.3202819824219,440.51666259765625,494.7374267578125,0,205.03256787287003,0
4.080584782,453.3015441894531,441.3239440917969,494.73797607421875,0,208.76686667766077,0
4.084567885,453.2821044921875,442.1259460449219,494.73394775390625,0,206.41003901697363,0
4.088503066,453.2666320800781,442.9250793457031,494.7271728515625,0,190.00677301833156,0
4.092725903,453.2555847167969,443.7286071777344,494.7205505371094,0,198.7909798796184,0
4.096850218,453.24749755859375,444.52862548828125,494.71722412109375,0,190.57142920996202,0
4.10059105,453.2335205078125,445.3277893066406,494.7176208496094,0,209.83957766330454,0
4.104828894,453.2196960449219,446.13287353515625,494.7254638671875,0,202.41750505888135,0
4.108768958,453.2012023925781,446.9401550292969,494.7201232910156,0,205.4044537596849,0
4.112685045,453.184326171875,447.7513427734375,494.70941162109375,0,192.09575781831617,0
4.11691168,453.17559814453125,448.55682373046875,494.70330810546875,0,192.72560923203497,0
4.120849944,453.1649475097656,449.3623352050781,494.7041015625,0,200.58206918829669,0
4.124826059,453.14739990234375,450.1717834472656,494.7006530761719,0,192.36395639996323,0
4.128988329,453.1366882324219,450.9804382324219,494.6968078613281,0,205.84226030652334,0
4.132911828,453.1210021972656,451.7903137207031,494.6915588378906,0,197.27816637570584,0
4.136845454,453.1022033691406,452.60498046875,494.6939392089844,0,206.67048397539116,0
4.141146259,453.0858154296875,453.41729736328125,494.68865966796875,0,203.66009601752177,0
4.14540498,453.0627136230469,454.2344665527344,494.682861328125,0,207.07899016111676,0
4.149016005,453.0396423339844,455.045654296875,494.6717529296875,0,201.0250159545602,0
4.153172502,453.02276611328125,455.8592529296875,494.6685791015625,0,200.75178678877305,0
4.157084576,453.00616455078125,456.66229248046875,494.6629638671875,0,207.15739580533395,0
4.160989788,452.9880676269531,457.46435546875,494.650634765625,0,190.30920170254316,0
4.165344901,452.9757080078125,458.269287109375,494.643310546875,0,192.61432891620177,0
4.169234168,452.95513916015625,459.0751953125,494.63726806640625,0,208.2765269000755,0
4.173173932,452.9390869140625,459.88104248046875,494.63494873046875,0,192.14465078254278,0
4.177388925,452.9227294921875,460.6835632324219,494.630859375,0,203.70166856927526,0
4.181390155,452.906982421875,461.4908447265625,494.6224670410156,0,195.9056062953523,0
4.185278645,452.8936767578125,462.2948303222656,494.6083984375,0,204.74328152542918,0
4.189490499,452.8796081542969,463.1057434082031,494.59832763671875,0,193.2229480635444,0
4.193541726,452.8698425292969,463.90679931640625,494.59649658203125,0,190.87730137800543,0
4.197383286,452.85675048828125,464.7126770019531,494.6066589355469,0,207.5236550855726,0
4.201559757,452.84503173828125,465.5232849121094,494.61199951171875,0,198.8606682785581,0
4.205538146,452.8332214355469,466.32977294921875,494.6076354980469,0,201.7027908719174,0
4.209443132,452.8216247558594,467.14154052734375,494.60845947265625,0,206.23555356767832,0
4.213689776,452.80743408203125,467.95269775390625,494.61309814453125,0,198.97668728734388,0
4.217592764,452.7852478027344,468.760986328125,494.607421875,0,198.9873140980326,0
4.221544862,452.761962890625,469.574951171875,494.60504150390625,0,192.39592595645894,0
4.225812178,452.7398986816406,470.3862609863281,494.6001892089844,0,200.90130257944415,0
4.229768155,452.71954345703125,471.1898498535156,494.5892028808594,0,209.12412940613035,0
4.233603092,452.7049255371094,471.9918518066406,494.58526611328125,0,209.11565999903166,0
4.237871634,452.6897277832031,472.7919921875,494.57867431640625,0,190.5227533356956,0
4.241911781,452.6697692871094,473.5921630859375,494.565185546875,0,203.03242868249666,0
4.245994675,452.65130615234375,474.4007568359375,494.5565185546875,0,209.98102372988686,0
4.24995747,452.63238525390625,475.2039794921875,494.54620361328125,0,209.09992702976606,0
4.253876516,452.61627197265625,476.0060729980469,494.5370788574219,0,197.57566075499523,0
4.257817172,452.60595703125,476.8037414550781,494.52557373046875,0,199.8000141162064,0
4.262032733,452.5929260253906,477.607421875,494.5203857421875,0,191.53303052697436,0
4.266038947,452.58026123046875,478.4090881347656,494.5173645019531,0,206.5932625590835,0
4.269953526,452.5701599121094,479.2119140625,494.5174865722656,0,205.84830800389446,0
4.274150587,452.5586853027344,480.0163269042969,494.5133056640625,0,199.74619188919573,0
4.278051251,452.5393371582031,480.8355407714844,494.50323486328125,0,197.222319665519,0
4.281992428,452.5210266113281,481.65185546875,494.4953918457031,0,206.21676009808985,0
4.286385813,452.50531005859375,482.46405029296875,494.50140380859375,0,200.20926068203016,0
4.290304848,452.4909973144531,483.2775573730469,494.51177978515625,0,202.13227891558006,0
4.294159551,452.4751281738281,484.0903625488281,494.50518798828125,0,193.4738516874956,0
4.298301652,452.4550476074219,484.9106750488281,494.4971618652344,0,201.0577183454516,0
4.302258647,452.43756103515625,485.7249450683594,494.49945068359375,0,204.50190538275075,0
4.306244374,452.4217834472656,486.5366516113281,494.5025634765625,0,195.66703259427385,0
4.310484822,452.40435791015625,487.3533935546875,494.4952697753906,0,200.83423424902628,0
4.314409409,452.38519287109375,488.170166015625,494.4856872558594,0,192.70813914141252,0
4.318288112,452.36297607421875,488.9872131347656,494.4827880859375,0,204.30051088060546,0
4.322508667,452.34539794921875,489.7965393066406,494.4763488769531,0,209.166732350123,0
4.326489274,452.3287353515625,490.60552978515625,494.46832275390625,0,205.16322107721598,0
4.330401718,452.31231689453125,491.413330078125,494.45501708984375,0,209.34927477967614,0
4.334654273,452.2974548339844,492.2214050292969,494.44921875,0,191.68026479573672,0
4.338688262,452.2853698730469,493.02642822265625,494.4440612792969,0,206.9542835592645,0
4.34250426,452.2698974609375,493.8329772949219,494.4383544921875,0,198.6592425579069,0
4.346974246,452.2570495605469,494.6352233886719,494.4253845214844,0,207.6223399261586,0
4.350713691,452.2431335449219,495.4386291503906,494.4192810058594,0,201.38677026056286,0
4.354598079,452.227783203125,496.2448425292969,494.4187927246094,0,195.5781977979214,0
4.358834977,452.2123107910156,497.0504455566406,494.4110412597656,0,199.13473260808237,0
4.362760369,452.1928405761719,497.8569641113281,494.3963623046875,0,198.9655378195494,0
4.366764743,452.1733093261719,498.6705017089844,494.3868713378906,0,197.5681251262463,0
4.371000777,452.153076171875,499.4896240234375,494.3827819824219,0,191.88919406135213,0
4.374825405,452.1355895996094,500.3026123046875,494.3852233886719,0,200.6178449698389,0
4.378775236,452.120361328125,501.11187744140625,494.3926086425781,0,209.0870042272978,0
4.383036473,452.1083984375,501.9209899902344,494.3895568847656,0,200.61257917589603,0
4.387098036,452.0974426269531,502.72857666015625,494.38519287109375,0,200.29332271216344,0
4.390730617,452.0829772949219,503.5430908203125,494.3868408203125,0,190.46706002857218,0
4.3947702490000005,452.06353759765625,504.3602600097656,494.3912353515625,0,193.04320386434296,0
4.398710827,452.0464782714844,505.1718444824219,494.3886413574219,0,208.870958319966,0
4.402645548,452.03338623046875,505.9775695800781,494.3875427246094,0,201.82292008524846,0
4.406970714,452.0198059082031,506.787109375,494.3905029296875,0,204.06793452431975,0
4.410880746,452.0004577636719,507.59173583984375,494.37664794921875,0,195.86449850139155,0
4.414831457,451.9861145019531,508.39935302734375,494.37261962890625,0,202.06134180858945,0
4.419041187,451.9640197753906,509.2037353515625,494.3586120605469,0,208.709967243312,0
4.422998451,451.9468688964844,510.0012512207031,494.3458251953125,0,207.42006994997632,0
4.427016654,451.9305725097656,510.80615234375,494.3349609375,0,196.71538781987783,0
4.431214844,451.91094970703125,511.60968017578125,494.3165588378906,0,190.7182111553035,0
4.43530885,451.8959045410156,512.4078369140625,494.3127136230469,0,203.90919301368447,0
4.439169622,451.8852844238281,513.2047119140625,494.3099060058594,0,196.66164531119784,0
4.443442688,451.8684997558594,514.001708984375,494.2968444824219,0,194.0634686790134,0
4.447678951,451.85333251953125,514.8070068359375,494.28509521484375,0,195.0924315413773,0
4.451390119,451.83209228515625,515.61474609375,494.2677001953125,0,195.4676435830618,0
4.4557164799999995,451.8118591308594,516.4251708984375,494.2648620605469,0,202.9597738999999,0
4.459505904,451.798828125,517.231201171875,494.2737121582031,0,196.7185401712008,0
4.463472644,451.7866516113281,518.0357666015625,494.2798156738281,0,197.33582424380037,0
4.467748617,451.7728576660156,518.8488159179688,494.2823791503906,0,193.26874521759422,0
4.471638858,451.7565002441406,519.6574096679688,494.2793273925781,0,201.30535260397986,0
4.475527502,451.7436828613281,520.4635009765625,494.2877502441406,0,209.71620269035364,0
4.479801549,451.7326965332031,521.2649536132813,494.2945556640625,0,205.1043777126874,0
4.483834226,451.71343994140625,522.0704345703125,494.29022216796875,0,203.62272322844183,0
4.487693602,451.69622802734375,522.876708984375,494.28857421875,0,191.29762912144452,0
4.491886291,451.6775207519531,523.6755981445313,494.2857360839844,0,201.51507173905182,0
4.4958227,451.6606750488281,524.472900390625,494.28179931640625,0,196.01292520496662,0
4.499747196,451.6432189941406,525.2698974609375,494.266845703125,0,195.47797381275444,0
4.503955594,451.61883544921875,526.0665283203125,494.24932861328125,0,191.11519994162762,0
4.507946095,451.5991516113281,526.8648071289063,494.2355651855469,0,192.61688683403744,0
4.5118713679999995,451.5819091796875,527.6578979492188,494.2175598144531,0,205.89240111886633,0
4.516051628,451.5699157714844,528.4525756835938,494.1981506347656,0,192.66559783890614,0
4.519988296,451.5555725097656,529.2489624023438,494.19097900390625,0,206.83874314032786,0
4.523921921,451.53753662109375,530.048583984375,494.18701171875,0,198.51797770319527,0
4.528235794,451.5226135253906,530.8543090820313,494.1847229003906,0,194.90964701395595,0
4.532202101,451.5039367675781,531.6500854492188,494.17523193359375,0,209.04654155026182,0
4.536056378,451.496337890625,532.4484252929688,494.1709899902344,0,193.83186413795454,0
4.540228783,451.4891357421875,533.2476806640625,494.1773376464844,0,192.36251583979282,0
4.544199478,451.4751281738281,534.04052734375,494.1795654296875,0,206.19514117118723,0
4.548403943,451.4649353027344,534.838134765625,494.1918640136719,0,204.77233406941286,0
4.552404173,451.443603515625,535.6384887695313,494.1803283691406,0,193.15016018968834,0
4.556302332,451.4209289550781,536.4409790039063,494.1744689941406,0,206.95772053638393,0
4.560310673,451.39544677734375,537.2448120117188,494.1737365722656,0,192.20098701217046,0
4.564438319,451.37628173828125,538.0380249023438,494.1707763671875,0,198.91421128757344,0
4.568407872,451.3620910644531,538.8294067382813,494.1649475097656,0,195.1497985858757,0
4.572332483,451.3443603515625,539.6212768554688,494.15899658203125,0,191.42586995872412,0
4.576566758,451.3312072753906,540.4187622070313,494.1544494628906,0,196.79568844065506,0
4.580604006,451.31280517578125,541.216796875,494.148193359375,0,199.81286829518362,0
4.584455441,451.3013610839844,542.0150756835938,494.14837646484375,0,202.08300700362017,0
4.588683986,451.289794921875,542.8081665039063,494.1448059082031,0,200.05430150032475,0
4.592588138,451.2693786621094,543.6110229492188,494.1291809082031,0,206.3132118219343,0
4.5965159159999995,451.2533264160156,544.415283203125,494.1201477050781,0,193.60057752228002,0
4.60078563,451.2358703613281,545.2151489257813,494.11376953125,0,194.02513448280376,0
4.604670851,451.22637939453125,546.0120849609375,494.1174621582031,0,194.73203072303042,0
4.608692867,451.2099304199219,546.80419921875,494.1043701171875,0,205.26352212725354,0
4.612847476,451.1913757324219,547.600341796875,494.0888366699219,0,196.69871043215886,0
4.616762618,451.17083740234375,548.4009399414063,494.0758361816406,0,206.0049742940979,0
4.62072651,451.1522521972656,549.1934814453125,494.0627746582031,0,209.94703831953512,0
4.624965666,451.1339111328125,549.98779296875,494.06158447265625,0,207.52621091983494,0
4.629029398,451.1133117675781,550.7815551757813,494.0509948730469,0,192.02726809139273,0
4.632830449,451.0949401855469,551.5784912109375,494.0419006347656,0,200.20672813615528,0
4.637076018,451.078369140625,552.374755859375,494.03680419921875,0,197.25263050264786,0
4.640956659,451.0639953613281,553.1718139648438,494.041259765625,0,199.08914832751086,0
4.644896658,451.0497741699219,553.9650268554688,494.0473937988281,0,202.34188074603202,0
4.649416191,451.03289794921875,554.7586059570313,494.0462646484375,0,207.0818199971862,0
4.653093703,451.01708984375,555.5623168945313,494.0534362792969,0,201.24573285268764,0
4.657027133,450.995849609375,556.3697509765625,494.0531311035156,0,209.42649803482277,0
4.661142014,450.9779052734375,557.173583984375,494.0528869628906,0,-9.450549957275106,0
4.665254869,450.9659729003906,557.977783203125,494.05352783203125,0,-4.3067550758876685,0
4.66923878,450.95263671875,558.7782592773438,494.04425048828125,0,3.1823653840606765,0
4.673453353,450.9361572265625,559.5828857421875,494.0343017578125,0,-7.165521687966269,0
4.677467282,450.9227294921875,560.3839111328125,494.0256042480469,0,-10.996119595855008,0
4.681223536,450.9083557128906,561.1818237304688,494.0165710449219,0,-7.1194455991159735,0
4.685402571,450.8924560546875,561.9824829101563,493.9961242675781,0,-19.562536055360447,0
4.6893739199999995,450.87457275390625,562.7833251953125,493.9805908203125,0,-11.097130057083303,0
4.693302008,450.876953125,563.5443725585938,493.9934387207031,0,-28.15581329385963,0
4.697561942,450.9120178222656,564.2431640625,494.0591735839844,0,-26.46046138654433,0
4.701463308,450.9542236328125,564.873046875,494.1369323730469,0,-27.546616049178542,0
4.705406368,450.9997253417969,565.439697265625,494.21588134765625,0,-27.525353333238492,0
4.709683045,451.03790283203125,565.9290771484375,494.2996520996094,0,-24.749327242434646,0
4.713551314,451.07183837890625,566.32470703125,494.3756408691406,0,-27.339894600332848,0
4.717497559,451.09173583984375,566.6484985351563,494.3968200683594,0,-28.81078033038349,0
4.721730686,451.05255126953125,566.9425048828125,494.3548583984375,0,-49.914832358494124,0
4.725774367,450.9688720703125,567.1878662109375,494.2869873046875,0,-39.81704322793912,0
4.729585267,450.8822326660156,567.352294921875,494.2373046875,0,-52.717659730672594,0
4.7338087699999996,450.8214111328125,567.4444580078125,494.167236328125,0,-39.49986632190256,0
4.737748296,450.74908447265625,567.4444580078125,494.0419006347656,0,-49.50387744355502,0
4.741674841,450.707275390625,567.3906860351563,493.98797607421875,0,-46.26552427959575,0
4.745904168,450.7267150878906,567.2841186523438,493.9922790527344,0,-50.65407703839846,0
4.75019034,450.7532043457031,567.1424560546875,493.94671630859375,0,-54.49826760133349,0
4.753818628,450.7716064453125,567.0226440429688,493.9210205078125,0,-56.75269684758353,0
4.757995583,450.77874755859375,566.9069213867188,493.93548583984375,0,-60.780148888722884,0
4.761917069,450.7954406738281,566.7759399414063,493.9632263183594,0,-73.72562821083588,0
4.765866656,450.8287048339844,566.6258544921875,493.9870910644531,0,-69.5218856269697,0
4.770153178,450.8569641113281,566.4696655273438,494.0032653808594,0,-79.7779729838022,0
4.774179681,450.87213134765625,566.3171997070313,494.0291442871094,0,-79.44262035671377,0
4.7779982,450.88555908203125,566.1613159179688,494.06439208984375,0,-72.77839567484209,0
4.78216807,450.88800048828125,566.0006713867188,494.0839538574219,0,-81.00974504325387,0
4.78610369,450.8861999511719,565.83251953125,494.0938720703125,0,-90.95790936778954,0
4.790095368,450.870849609375,565.6619262695313,494.0906677246094,0,-94.35031146258046,0
4.794383668,450.8546142578125,565.4813842773438,494.08489990234375,0,-86.11612700642002,0
4.798215969,450.8399963378906,565.2828369140625,494.0611877441406,0,-100.65643738568725,0
4.802160483,450.8281555175781,565.0623779296875,494.03857421875,0,-84.3371774883025,0
4.806359791,450.8217468261719,564.8287963867188,494.0267639160156,0,-89.69389729568982,0
4.810343638,450.8113098144531,564.58154296875,494.0113525390625,0,-96.87495601540445,0
4.814283174,450.7936706542969,564.3297729492188,493.9859313964844,0,-97.21675453855916,0
4.818483449,450.7803649902344,564.0701293945313,493.9713439941406,0,-105.773741747119,0
4.822518558,450.77197265625,563.786865234375,493.96221923828125,0,-115.14148728801689,0
4.826365367,450.7646179199219,563.49072265625,493.9613342285156,0,-102.12696217986785,0
4.830600302,450.7574157714844,563.1860961914063,493.9660339355469,0,-103.24715945792437,0
4.834603622,450.7502746582031,562.8651733398438,493.9718017578125,0,-118.54765995222571,0
4.838433664,450.74591064453125,562.5328369140625,493.99530029296875,0,-118.42023233363474,0
4.842684785,450.7498474121094,562.1890258789063,494.01629638671875,0,-117.8525174084154,0
4.846569409,450.764404296875,561.8275146484375,494.0391845703125,0,-115.62044728365306,0
4.850840837,450.7772521972656,561.455810546875,494.064453125,0,-122.5093307089848,0
4.854864542,450.79510498046875,561.0722045898438,494.0815734863281,0,-123.87017465686532,0
4.858703118,450.8134765625,560.6798095703125,494.0924987792969,0,-126.69382213503138,0
4.862633462,450.8207092285156,560.2847290039063,494.1007080078125,0,-141.00104786544017,0
4.866866381,450.82110595703125,559.8793334960938,494.09930419921875,0,-139.1956588845619,0
4.870963587,450.820068359375,559.4684448242188,494.0958557128906,0,-142.08520377946328,0
4.874752949,450.80364990234375,559.05517578125,494.0780029296875,0,-135.82182771479506,0
4.878946336,450.7864990234375,558.6383056640625,494.0662536621094,0,-137.09809390326006,0
4.882882184,450.76654052734375,558.2108154296875,494.06048583984375,0,-156.1620820137514,0
4.8868088069999995,450.7451171875,557.7727661132813,494.0506896972656,0,-141.0593343262443,0
4.891107175,450.731689453125,557.32763671875,494.0429992675781,0,-151.68787588923624,0
4.894987813,450.7234802246094,556.8651733398438,494.0350036621094,0,-146.22801784742137,0
4.8989491990000005,450.7135009765625,556.3881225585938,494.03875732421875,0,-164.40496628234044,0
4.903182773,450.7040100097656,555.902099609375,494.0404968261719,0,-166.38903041076043,0
4.907143821,450.6960144042969,555.4055786132813,494.0398864746094,0,-164.1097814235562,0
4.911088069,450.6861267089844,554.8984985351563,494.0404968261719,0,-166.97649676762504,0
4.9153033189999995,450.6799621582031,554.37158203125,494.0435791015625,0,-161.25234672278788,0
4.919331167,450.67327880859375,553.8348388671875,494.0397644042969,0,-172.1029542980571,0
4.923123407,450.6669616699219,553.2894287109375,494.04022216796875,0,-183.48790988920803,0
4.927339447,450.65447998046875,552.7295532226563,494.04229736328125,0,-177.93923183207886,0
4.931287929,450.6528625488281,552.1480712890625,494.0484924316406,0,-182.89417806485832,0
4.935230093,450.65838623046875,551.5574951171875,494.0632019042969,0,-190.4074060657045,0
4.939536221,450.6620788574219,550.954833984375,494.0640563964844,0,-191.85740792891636,0
4.943368285,450.6642761230469,550.34033203125,494.0714416503906,0,-185.66636155775538,0
4.947356453,450.66778564453125,549.7150268554688,494.09161376953125,0,-188.57809495907173,0
4.95181057,450.6700134277344,549.07861328125,494.09771728515625,0,-195.97069857199486,0
4.95550367,450.6681213378906,548.4329833984375,494.0869140625,0,-194.93222620033185,0
4.959401507,450.66033935546875,547.7861938476563,494.0821838378906,0,-194.34779110477842,0
4.963652771,450.647705078125,547.1257934570313,494.08404541015625,0,-193.61737226587954,0
4.967660498,450.63006591796875,546.4492797851563,494.078125,0,-206.39577035711508,0
4.971521961,450.61334228515625,545.7617797851563,494.0753479003906,0,-207.09177590285378,0
4.9755325280000005,450.5970458984375,545.0582885742188,494.0582580566406,0,-202.6932103706785,0
4.9796829559999995,450.5744323730469,544.3536376953125,494.041259765625,0,-203.69820793563497,0
4.983592079,450.55352783203125,543.6351318359375,494.0269470214844,0,-204.9041586111253,0
4.98778806,450.5307312011719,542.8995971679688,494.0079345703125,0,-207.66094245091318,0
4.991789956,450.5113830566406,542.1602172851563,494.0005798339844,0,-204.3650670845524,0
4.995747765,450.48468017578125,541.408447265625,493.98699951171875,0,-202.94255360167972,0
4.999924122,450.4693298339844,540.64404296875,493.9750061035156,0,-201.43332694374988,0
5.003825147,450.460693359375,539.866943359375,493.9766540527344,0,-208.32460121660372,0
5.00779041,450.44580078125,539.07958984375,493.97125244140625,0,-198.89232698910243,0
5.012068071,450.4293212890625,538.2927856445313,493.9727783203125,0,-206.55318051471315,0
5.016070708,450.41534423828125,537.4891967773438,493.97723388671875,0,-191.1101303573946,0
5.019910138,450.4082946777344,536.6776123046875,493.9869079589844,0,-202.53293605512138,0
5.024115871,450.3977966308594,535.8646240234375,493.9851379394531,0,-207.50740932727842,0
5.028036162,450.38421630859375,535.0470581054688,493.98028564453125,0,-203.2562698861468,0
5.032065122,450.3738708496094,534.2241821289063,493.9919128417969,0,-201.7833907928481,0
5.036231851,450.3625183105469,533.3966674804688,493.994873046875,0,-200.87799725524565,0
5.0401479,450.3548583984375,532.5686645507813,493.9922790527344,0,-200.73247169204367,0
5.044200017,450.3370361328125,531.7406616210938,493.97540283203125,0,-198.36822212436877,0
5.048284438,450.3176574707031,530.9174194335938,493.9767150878906,0,-201.4287142995114,0
5.052476719,450.2935791015625,530.09716796875,493.969482421875,0,-206.50735540776694,0
5.056193803,450.2677917480469,529.2755737304688,493.9505920410156,0,-192.17366020283427,0
5.06039443,450.2394714355469,528.4656372070313,493.9268798828125,0,-192.2918904908739,0
5.064453281,450.2137451171875,527.64794921875,493.89788818359375,0,-205.0443303815635,0
5.068273967,450.19146728515625,526.8275756835938,493.8888854980469,0,-194.87444169379663,0
5.072534113,450.17022705078125,526.0057373046875,493.8813781738281,0,-198.94942525670888,0
5.076442801,450.145751953125,525.1929321289063,493.86602783203125,0,-203.1701856611887,0
5.080370116,450.1201477050781,524.3821411132813,493.84893798828125,0,-206.27026153244944,0
5.084590258,450.0975646972656,523.5724487304688,493.8433837890625,0,-197.5218940578041,0
5.088498393,450.079833984375,522.7603149414063,493.84210205078125,0,-194.6845254293373,0
5.092528761,450.06396484375,521.9470825195313,493.84033203125,0,-207.12100140003105,0
5.096708749,450.0533752441406,521.1331787109375,493.8460693359375,0,-197.186621149744,0
5.100658818,450.04266357421875,520.3172607421875,493.852783203125,0,-199.47893065726967,0
5.104553905,450.03265380859375,519.5048828125,493.8623046875,0,-199.10646441561144,0
5.108796332,450.017578125,518.692138671875,493.86370849609375,0,-208.54640774907725,0
5.112884896,450.0076599121094,517.8817138671875,493.8742370605469,0,-191.93794159068358,0
5.11668272,450.00140380859375,517.0660400390625,493.883056640625,0,-193.34492161686157,0
5.120903197,449.9886779785156,516.2512817382813,493.8705749511719,0,-201.83599594537398,0
5.124826645,449.9782409667969,515.4395751953125,493.8647155761719,0,-206.84989626283254,0
5.128821251,449.96441650390625,514.6244506835938,493.86297607421875,0,-198.2303289179946,0
5.133044986,449.94805908203125,513.81201171875,493.85443115234375,0,-198.86125638828244,0
5.136938682,449.9280700683594,513.002685546875,493.83184814453125,0,-209.77456236649428,0
5.140914528,449.9063415527344,512.19873046875,493.8145751953125,0,-205.9351227922976,0
5.145052632,449.8829345703125,511.3944396972656,493.7945861816406,0,-194.4118255057213,0
5.14900053,449.8622741699219,510.59149169921875,493.7841796875,0,-195.18370646166545,0
5.153201218,449.8440856933594,509.7851257324219,493.78118896484375,0,-204.68822047921824,0
5.157216369,449.8236999511719,508.9755554199219,493.7711181640625,0,-194.12170155929783,0
5.161263672,449.8087463378906,508.1728820800781,493.7663879394531,0,-190.90881198561766,0
5.165052614,449.7846374511719,507.3735656738281,493.7593688964844,0,-207.75753135432817,0
5.169254505,449.7665100097656,506.5600891113281,493.7551574707031,0,-199.7149591209341,0
5.173232546,449.7587890625,505.74798583984375,493.7651672363281,0,-190.9629731835021,0
5.177149318,449.7445983886719,504.93408203125,493.7579040527344,0,-209.86072387724712,0
5.181396826,449.72802734375,504.1273193359375,493.7605895996094,0,-206.99661795182675,0
5.185261983,449.71063232421875,503.3103942871094,493.7596435546875,0,-207.09860836388276,0
5.189253225,449.6956787109375,502.4986267089844,493.7569580078125,0,-205.560202246922,0
5.193505525,449.6790466308594,501.6903991699219,493.75396728515625,0,-202.45446249401482,0
5.197423495,449.66259765625,500.8768310546875,493.7494812011719,0,-190.2242960584136,0
5.201343442,449.6515197753906,500.06610107421875,493.7521667480469,0,-191.96070533368018,0
5.205576471,449.63897705078125,499.2515563964844,493.7452087402344,0,-191.61624169528693,0
5.209633397,449.6291809082031,498.43475341796875,493.7447814941406,0,-191.20093517670912,0
5.213592121,449.6198425292969,497.6229248046875,493.7541809082031,0,-191.6627568698718,0
5.217678432,449.60565185546875,496.8099060058594,493.7532958984375,0,-205.40497710268625,0
5.221599756,449.5948181152344,496.00213623046875,493.7401428222656,0,-193.8350510620861,0
5.225511833,449.57080078125,495.19586181640625,493.7169494628906,0,-192.0591869609629,0
5.229787457,449.54876708984375,494.3863220214844,493.69927978515625,0,-202.41847520751824,0
5.233827212,449.53204345703125,493.5814514160156,493.697021484375,0,-206.27986276353258,0
5.23766126,449.5066833496094,492.77484130859375,493.6737976074219,0,-192.97078604872576,0
5.241841371,449.4774475097656,491.9786376953125,493.6513977050781,0,-190.38757085463328,0
5.245748648,449.4466552734375,491.1860046386719,493.6402587890625,0,-199.53341597701555,0
5.24974582,449.4205322265625,490.3903503417969,493.6264953613281,0,-209.8051595770446,0
5.254234425,449.3984375,489.59393310546875,493.6220703125,0,-197.86432608886568,0
5.258026769,449.3847961425781,488.7895812988281,493.6156005859375,0,-192.11290235530447,0
5.26184477,449.3785400390625,487.9859619140625,493.62158203125,0,-193.04376643613062,0
5.266025189,449.3746032714844,487.18243408203125,493.63824462890625,0,-197.9772810955017,0
5.269961323,449.3648986816406,486.38470458984375,493.6430969238281,0,-204.21554033269865,0
5.273924403,449.3572692871094,485.592529296875,493.6513366699219,0,-194.32918547573843,0
5.278158004,449.3471374511719,484.79534912109375,493.66455078125,0,-196.4528099666167,0
5.282101265,449.3379821777344,483.9962158203125,493.676025390625,0,-207.8053777255041,0
5.28602283,449.331298828125,483.1996154785156,493.6728210449219,0,-200.73615134433354,0
5.290203704,449.31414794921875,482.4015808105469,493.6557922363281,0,-208.50174804606274,0
5.294218506,449.2991943359375,481.6026306152344,493.64959716796875,0,-192.63557625355313,0
5.298116306,449.28607177734375,480.79998779296875,493.65679931640625,0,-202.5680560646833,0
5.302327996,449.2658996582031,479.9989013671875,493.6415100097656,0,-202.48466723763545,0
5.306375799,449.2427062988281,479.2055358886719,493.6156311035156,0,-201.1441892107955,0
5.310215221,449.2224426269531,478.40521240234375,493.59375,0,-193.39904524532838,0
5.3144639080000005,449.20208740234375,477.60211181640625,493.5774230957031,0,-201.14272875909612,0
5.318454446,449.1863708496094,476.79705810546875,493.567138671875,0,-203.43881774259881,0
5.322298661,449.1708068847656,475.9935607910156,493.5518798828125,0,-200.84737455934172,0
5.326542291,449.1540832519531,475.1935119628906,493.5428466796875,0,-194.07387644023962,0
5.330443578,449.1390686035156,474.39306640625,493.5444641113281,0,-193.15124380257282,0
5.334463724,449.11968994140625,473.5874938964844,493.54193115234375,0,-191.26367775979327,0
5.338723878,449.1036071777344,472.7873840332031,493.5410461425781,0,-192.7267292895907,0
5.342550458,449.0858459472656,471.9852600097656,493.541748046875,0,-196.99574959775396,0
5.346462698,449.0712890625,471.1759033203125,493.5515441894531,0,-191.01893870181232,0
5.35075674,449.060791015625,470.36322021484375,493.56304931640625,0,-201.04577847534492,0
5.355037201,449.0442810058594,469.548583984375,493.5620422363281,0,-202.98069674556177,0
5.35864995,449.02728271484375,468.7384033203125,493.55206298828125,0,-206.1152881287529,0
5.362826263,449.01531982421875,467.93048095703125,493.55621337890625,0,-193.084679115312,0
5.366741394,449.0018615722656,467.1197509765625,493.5550231933594,0,-197.5915371729443,0
5.370710201,448.9881896972656,466.3147277832031,493.5490417480469,0,-204.6854748572904,0
5.374970392,448.96929931640625,465.51654052734375,493.53375244140625,0,-190.3673069445782,0
5.37886665,448.9468688964844,464.724853515625,493.5215759277344,0,-195.413839456405,0
5.382806324,448.92974853515625,463.9327087402344,493.5157165527344,0,-198.60896167892125,0
5.387019479,448.9163513183594,463.1322326660156,493.5130920410156,0,-193.1881065083017,0
5.391023972,448.9060974121094,462.332763671875,493.50396728515625,0,-193.06100538903587,0
5.394861969,448.8899841308594,461.5414123535156,493.4924011230469,0,-195.61885133442675,0
5.39906424,448.873291015625,460.7521057128906,493.48016357421875,0,-202.2314348725862,0
5.403055021,448.85540771484375,459.964599609375,493.4770202636719,0,-195.40409193950245,0
5.406932081,448.8359680175781,459.1743469238281,493.4697265625,0,-204.15177949989464,0
5.411110676,448.8152160644531,458.3824157714844,493.4638366699219,0,-201.66099970340147,0
5.415092503,448.7976379394531,457.591552734375,493.4609069824219,0,-205.0717499951566,0
5.41908787,448.77886962890625,456.7929382324219,493.448974609375,0,-206.57653389292076,0
5.423398835,448.7588195800781,456.0005187988281,493.4451599121094,0,-199.02055906529887,0
5.427232375,448.7414245605469,455.2034912109375,493.44158935546875,0,-193.47162036601918,0
5.431119897,448.72491455078125,454.403564453125,493.4385070800781,0,-190.9588338229202,0
5.435449424,448.7134094238281,453.60406494140625,493.44012451171875,0,-203.78008270117746,0
5.439343996,448.70098876953125,452.8058776855469,493.4432373046875,0,-194.52352746746823,0
5.443264134,448.6897888183594,452.0043029785156,493.4482421875,0,-193.5418952539824,0
5.447535903,448.6832580566406,451.19842529296875,493.4558410644531,0,-203.48855197636004,0
5.451596154,448.677001953125,450.3943176269531,493.4568176269531,0,-208.1870224719545,0
5.455667288,448.66375732421875,449.59063720703125,493.4578857421875,0,-207.83222525209345,0
5.459584162,448.65142822265625,448.789306640625,493.46044921875,0,-196.1395958596711,0
5.463506128,448.6365051269531,447.9886169433594,493.45458984375,0,-197.82866115591213,0
5.467461946,448.6200866699219,447.184326171875,493.43817138671875,0,-194.10585277341107,0
5.471713345,448.6033020019531,446.38299560546875,493.4256896972656,0,-204.16768710954943,0
5.475681063,448.58197021484375,445.5844421386719,493.4155578613281,0,-198.768121034104,0
5.479597518,448.55999755859375,444.7814636230469,493.4082336425781,0,-190.52723051329625,0
5.483784998,448.5450134277344,443.9826354980469,493.40374755859375,0,-205.03467628115857,0
5.48773309,448.5247802734375,443.17669677734375,493.38165283203125,0,-190.29649416234884,0
5.491662778,448.50433349609375,442.3702392578125,493.35784912109375,0,-191.04639995872986,0
5.49594788,448.48724365234375,441.5677185058594,493.3507385253906,0,-206.8357193569559,0
5.4999427579999995,448.4713439941406,440.75848388671875,493.3458557128906,0,-191.1397364201439,0
5.503768908,448.45452880859375,439.9507141113281,493.3437194824219,0,-203.8834649208762,0
5.508029807,448.434814453125,439.15460205078125,493.3387756347656,0,-202.92535496964103,0
5.511892662,448.4170227050781,438.35882568359375,493.3371887207031,0,-208.93364559052418,0
5.515873502,448.3988952636719,437.5561828613281,493.3403625488281,0,-201.44517486454538,0
5.520134359,448.3865661621094,436.75335693359375,493.3472900390625,0,-197.72751814701195,0
5.524006042,448.371337890625,435.9493408203125,493.343994140625,0,-196.7871379738419,0
5.527944872,448.3554992675781,435.1501159667969,493.3460998535156,0,-199.04595747070462,0
5.5321421619999995,448.35003662109375,434.34747314453125,493.3548889160156,0,-195.97894757947978,0
5.536127217,448.3407287597656,433.5417785644531,493.3565979003906,0,-206.41032614325422,0
5.540044017,448.3328857421875,432.7372741699219,493.3541259765625,0,-193.12152343638763,0
5.544276543,448.3222961425781,431.9373474121094,493.3540954589844,0,-207.30353139485157,0
5.548309219,448.3033447265625,431.1382141113281,493.348388671875,0,-195.7583428464093,0
5.552147415,448.28704833984375,430.3406066894531,493.3429260253906,0,-205.96245360402858,0
5.556596088,448.2696533203125,429.5392150878906,493.3393859863281,0,-202.13684097871956,0
5.560379135,448.2492980957031,428.7307434082031,493.3160705566406,0,-193.97683213512857,0
5.564229024,448.22528076171875,427.9317626953125,493.30035400390625,0,-202.8580916622156,0
5.568445646,448.2020568847656,427.1393127441406,493.295654296875,0,-209.35862920549224,0
5.572385175,448.1777648925781,426.339111328125,493.288330078125,0,-199.76778142276942,0
5.576393939,448.15875244140625,425.53265380859375,493.2790832519531,0,-195.29846173973408,0
5.580562546,448.1462707519531,424.7275390625,493.27178955078125,0,-205.13074757277224,0
5.584474159,448.13189697265625,423.91436767578125,493.25592041015625,0,-193.77550427088818,0
5.588378208,448.1169128417969,423.1072082519531,493.2468566894531,0,-208.69619086568994,0
5.592759122,448.1064453125,422.298583984375,493.24822998046875,0,-192.47435713329546,0
5.596753691,448.0899353027344,421.4870910644531,493.2508239746094,0,-204.2585648952126,0
5.6005446370000005,448.0809631347656,420.67620849609375,493.2508544921875,0,-197.5327289550917,0
5.604538333,448.07183837890625,419.86663818359375,493.2541198730469,0,-200.62193695916824,0
5.608727508,448.056884765625,419.05621337890625,493.2515869140625,0,-195.49082470254478,0
5.612610197,448.0446472167969,418.2418212890625,493.2552185058594,0,-198.05517855138376,0
5.616886287,448.0341796875,417.43035888671875,493.2581787109375,0,-192.6429214621533,0
5.620819189,448.0184631347656,416.6165771484375,493.2515869140625,0,-201.7625691112829,0
5.62473585,448.00146484375,415.8141174316406,493.24578857421875,0,-200.78892482932025,0
5.628919121,447.9848937988281,415.0127868652344,493.2510986328125,0,-197.45907389433108,0
5.6327933980000005,447.96533203125,414.201171875,493.2447204589844,0,-195.09375678776195,0
5.636849831,447.9456481933594,413.3935546875,493.2342834472656,0,-209.50546420066112,0
5.641061713,447.93048095703125,412.59136962890625,493.22186279296875,0,-193.85751912224592,0
5.645050974,447.9107360839844,411.7864685058594,493.2152404785156,0,-195.77726549168418,0
5.648921985,447.8876647949219,410.9838562011719,493.21002197265625,0,-198.67119978204803,0
5.653106083,447.87109375,410.1847839355469,493.2038879394531,0,-197.5199132871166,0
5.657355114,447.8514099121094,409.3905029296875,493.190185546875,0,-201.4095494400522,0
5.661040061,447.8277893066406,408.5983581542969,493.1770324707031,0,-202.85187373485107,0
5.665229236,447.814208984375,407.80255126953125,493.1808776855469,0,-194.23975717760314,0
5.669147828,447.7991027832031,406.9956970214844,493.17791748046875,0,-200.6729394134523,0
5.67309498,447.7887268066406,406.1907653808594,493.17431640625,0,-196.6866578292937,0
5.677389143,447.77490234375,405.39324951171875,493.1677551269531,0,-207.7058814864837,0
5.681261108,447.7598571777344,404.5991516113281,493.1604919433594,0,-209.06520971876336,0
5.685184048,447.74664306640625,403.8003234863281,493.156005859375,0,-200.449262222609,0
5.689428305,447.7347717285156,402.9979553222656,493.1593933105469,0,-201.14372178935977,0
5.693467334,447.7240295410156,402.1941223144531,493.16046142578125,0,-204.06850773823518,0
5.69747865,447.70855712890625,401.3913269042969,493.1555480957031,0,-194.3860669643905,0
5.701521097,447.69476318359375,400.5914611816406,493.15740966796875,0,-209.61656682442737,0
5.705448207,447.6795959472656,399.79071044921875,493.15771484375,0,-191.81549431029254,0
5.709378461,447.6615905761719,398.9853210449219,493.15386962890625,0,-205.3192046360819,0
5.713655018,447.6460266113281,398.1831970214844,493.15277099609375,0,-200.25646468326755,0
5.717600496,447.6299133300781,397.3797302246094,493.1495666503906,0,-205.9208354227607,0
5.72154723,447.6103515625,396.5753173828125,493.1441345214844,0,-191.8126510309857,0
5.725722923,447.593017578125,395.77093505859375,493.1398010253906,0,-208.61591456851085,0
5.729643212,447.5734558105469,394.96295166015625,493.1363830566406,0,-198.3374326369923,0
5.733563777,447.5567932128906,394.1544494628906,493.12786865234375,0,-195.12514605477452,0
5.7378912920000005,447.53985595703125,393.3433532714844,493.1162414550781,0,-201.64041614326143,0
5.741903418,447.52154541015625,392.5393371582031,493.1106262207031,0,-202.70826970115658,0
5.745684407,447.502685546875,391.7271423339844,493.1020812988281,0,-208.6396363123599,0
5.749889144,447.4873962402344,390.9150085449219,493.0986022949219,0,-195.76974653981407,0
5.753826837,447.4743957519531,390.1018371582031,493.0919494628906,0,-207.14932148066967,0
5.75800954,447.4613037109375,389.2862548828125,493.0824279785156,0,-202.60715319594271,0
5.7620450739999995,447.451416015625,388.47271728515625,493.0807800292969,0,-209.61156349058044,0
5.765929196,447.4367370605469,387.66473388671875,493.0816955566406,0,-204.87722129442886,0
5.76987489,447.421630859375,386.8540954589844,493.0795593261719,0,-202.29793292503675,0
5.7740763,447.40692138671875,386.0444030761719,493.07763671875,0,-196.56504362893384,0
5.778059051,447.3921813964844,385.2347412109375,493.0734558105469,0,-193.22925292542124,0
5.782003796,447.3812255859375,384.4297790527344,493.0709533691406,0,-197.452448428846,0
5.786210865,447.36065673828125,383.62396240234375,493.05975341796875,0,-196.7816197785784,0
5.7902434,447.337890625,382.8154602050781,493.0582275390625,0,-197.65829409701266,0
5.794107358,447.3222351074219,382.002685546875,493.0632629394531,0,-208.84709328534993,0
5.798328774,447.3065490722656,381.1882629394531,493.05426025390625,0,-201.32630563800572,0
5.802308447,447.2862548828125,380.37957763671875,493.0468444824219,0,-208.76938532814447,0
5.806155533,447.26690673828125,379.5681457519531,493.0416564941406,0,-208.0070368875764,0
5.810394395,447.2447509765625,378.7624816894531,493.0400390625,0,-203.74041395849503,0
5.814307246,447.22113037109375,377.953857421875,493.0294494628906,0,-193.20972861265903,0
5.818320827,447.20355224609375,377.1452331542969,493.0191345214844,0,-199.49269855920178,0
5.822503725,447.1888427734375,376.3374938964844,493.0142822265625,0,-205.33010414473756,0
5.826416364,447.1716003417969,375.52581787109375,493.00579833984375,0,-201.23739173213664,0
5.830315136,447.1593933105469,374.71429443359375,493.0069580078125,0,-194.98642547008814,0
5.83458922,447.14678955078125,373.90032958984375,493.0072021484375,0,-200.0555988830516,0
5.838682221,447.1388854980469,373.0807800292969,493.00390625,0,-201.98227306035545,0
5.842495787,447.1306457519531,372.2660827636719,493.0010986328125,0,-191.02407165320216,0
5.8466663709999995,447.1215515136719,371.4557189941406,493.0064392089844,0,-200.17367251079187,0
5.850591887,447.10589599609375,370.6472473144531,493.0087890625,0,-208.75555331848796,0
5.854526872,447.08453369140625,369.8349304199219,492.9986877441406,0,-197.93649984161394,0
5.859023422,447.0688171386719,369.02642822265625,492.9934387207031,0,-196.68204029913548,0
5.862752116,447.0561218261719,368.2224426269531,492.99163818359375,0,-209.97919648829077,0
5.866675395,447.03179931640625,367.4154052734375,492.9851989746094,0,-203.9562638815535,0
5.870874812,447.0104675292969,366.6027526855469,492.98199462890625,0,-196.4175251926884,0
5.874795185,446.9913635253906,365.7992858886719,492.9798583984375,0,-203.28045540255172,0
5.878778826,446.97222900390625,364.99725341796875,492.9687805175781,0,-205.66280413085804,0
5.882995337,446.9508361816406,364.18829345703125,492.9515075683594,0,-202.50349600384388,0
5.887040606,446.9380798339844,363.38287353515625,492.9490966796875,0,-199.36603644528384,0
5.89086985,446.92620849609375,362.5797119140625,492.9471435546875,0,-200.2071255650498,0
5.895044255,446.9096984863281,361.77264404296875,492.940673828125,0,-198.98247103625695,0
5.8990250379999996,446.8949279785156,360.9627685546875,492.9398193359375,0,-195.21795312743103,0
5.902947285,446.8847961425781,360.15606689453125,492.93865966796875,0,-206.08238947715202,0
5.907183734,446.8689270019531,359.3548583984375,492.9360656738281,0,-190.08607935615692,0
5.911093821,446.84991455078125,358.5493469238281,492.9294738769531,0,-200.4262737792696,0
5.915036142,446.8343505859375,357.7418212890625,492.9346008300781,0,-197.1359818640827,0
5.919291706,446.82208251953125,356.93060302734375,492.93133544921875,0,-196.6736722070036,0
5.923193939,446.80615234375,356.117919921875,492.9191589355469,0,-196.7097793502906,0
5.927112198,446.7869873046875,355.3111877441406,492.9172668457031,0,-206.347982300244,0
5.931354173,446.7708435058594,354.5046081542969,492.9168395996094,0,-207.46048629155084,0
5.935400809,446.7533264160156,353.6957092285156,492.9139404296875,0,-196.65988121840815,0
5.939288514,446.73614501953125,352.8871154785156,492.90875244140625,0,-195.2463900001081,0
5.943468849,446.7200622558594,352.0815124511719,492.9031066894531,0,-205.77179499281618,0
5.9473914919999995,446.70623779296875,351.28253173828125,492.9052429199219,0,-190.3474413385802,0
5.951299647,446.6852722167969,350.4814147949219,492.8981018066406,0,-193.40724000168908,0
5.955553532,446.6661682128906,349.6784362792969,492.89727783203125,0,-199.77329974466383,0
5.959731506,446.6539306640625,348.8791809082031,492.8973083496094,0,-201.38528096402936,0
5.963482743,446.63653564453125,348.078369140625,492.8877868652344,0,-199.85496711561973,0
5.967644842,446.6190185546875,347.2794494628906,492.877197265625,0,-205.25311420760957,0
5.971639408,446.6011962890625,346.4809265136719,492.8759460449219,0,-201.88637329010135,0
5.975497899,446.58782958984375,345.67840576171875,492.8768310546875,0,-195.21396733270817,0
5.979819578,446.5748596191406,344.8714599609375,492.8710632324219,0,-192.62213909563224,0
5.983832748,446.56134033203125,344.0742492675781,492.8642578125,0,-192.57387137570413,0
5.987617619,446.544677734375,343.2763366699219,492.8539733886719,0,-203.64736575636488,0
5.991901616,446.5294494628906,342.47772216796875,492.8450622558594,0,-191.39160686664442,0
5.995757294,446.5146484375,341.6749572753906,492.8368225097656,0,-193.76743304313368,0
5.99975433,446.49871826171875,340.8761291503906,492.8305358886719,0,-191.1584889264472,0
6.003995698,446.48406982421875,340.07427978515625,492.83270263671875,0,-199.59994876360275,0
6.007861908,446.46966552734375,339.2732849121094,492.8336181640625,0,-201.32148125734108,0
6.011818955,446.45623779296875,338.4723815917969,492.8283386230469,0,-206.37086728080905,0
6.015980312,446.4419250488281,337.6769714355469,492.8287353515625,0,-208.37859146978343,0
6.019987449,446.4243469238281,336.8837890625,492.8314208984375,0,-208.611158080743,0
6.02391209,446.40557861328125,336.09600830078125,492.8316955566406,0,-205.8077831955402,0
6.028110374,446.3864440917969,335.3104248046875,492.82574462890625,0,-207.98836392563578,0
6.032167614,446.3685607910156,334.5162658691406,492.8183898925781,0,-205.8144146482158,0
6.036028934,446.35711669921875,333.7237548828125,492.82244873046875,0,-203.34735427436573,0
6.040235915,446.3430480957031,332.93267822265625,492.8196105957031,0,-206.106776009737,0
6.044182494,446.3214111328125,332.14202880859375,492.8123779296875,0,-207.84571455464325,0
6.048076678,446.30426025390625,331.3480529785156,492.8121643066406,0,-195.92760002319466,0
6.052313363,446.2933654785156,330.546142578125,492.812744140625,0,-205.59659596497275,0
6.056238316,446.282470703125,329.7423400878906,492.80615234375,0,-199.52939283428864,0
6.060459996,446.2664489746094,328.9354553222656,492.79730224609375,0,-200.08811569782787,0
6.064468069,446.249267578125,328.12872314453125,492.7981872558594,0,-205.6637601239204,0
6.068323883,446.2328796386719,327.3121032714844,492.7913818359375,0,-192.6716335122845,0
6.072266402,446.2201843261719,326.4967956542969,492.7872619628906,0,-201.85511257165467,0
6.076576522,446.2013854980469,325.6778564453125,492.77447509765625,0,-200.26821337854338,0
6.080593698,446.1822509765625,324.8627014160156,492.7660217285156,0,-197.57336296845384,0
6.084425746,446.1642761230469,324.0439453125,492.76519775390625,0,-201.0600096670372,0
6.088578072,446.1454772949219,323.2195129394531,492.763427734375,0,-200.70682696782038,0
6.092517704,446.1297302246094,322.39678955078125,492.7605895996094,0,-202.57497951184203,0
6.096473051,446.1155090332031,321.5766906738281,492.7567443847656,0,-204.27364749609748,0
6.100782551,446.1002502441406,320.759765625,492.7491149902344,0,-194.48861987992484,0
6.10465569,446.0814208984375,319.9437255859375,492.7424621582031,0,-201.91535600218447,0
6.108572396,446.0665588378906,319.13067626953125,492.7418212890625,0,-194.08460415594234,0
6.112786019,446.0507507324219,318.32159423828125,492.74560546875,0,-192.08070732295576,0
6.11673309,446.03375244140625,317.5143127441406,492.7455749511719,0,-197.6225288166386,0
6.120730338,446.0191345214844,316.70758056640625,492.7445373535156,0,-198.88392905940495,0
6.124936583,446.0038146972656,315.9010925292969,492.7409973144531,0,-195.65335722657235,0
6.12893507,445.9888000488281,315.1006774902344,492.7435302734375,0,-198.9184285743973,0
6.132765573,445.9711608886719,314.3023986816406,492.7392272949219,0,-194.9562652288919,0
6.136958457,445.9496765136719,313.4988708496094,492.72998046875,0,-204.41032693253405,0
6.140948274,445.9347839355469,312.69757080078125,492.7257995605469,0,-201.57522386509078,0
6.1448138,445.9171447753906,311.8957214355469,492.71478271484375,0,-202.1551279759351,0
6.149092351,445.8994140625,311.1015319824219,492.7059631347656,0,-197.21543959987335,0
6.153000212,445.8741455078125,310.30596923828125,492.6981506347656,0,-195.35450304107582,0
6.156965366,445.8578186035156,309.5085144042969,492.69342041015625,0,-196.45799112512134,0
6.161438065,445.8456726074219,308.7095642089844,492.6917724609375,0,-204.74201907121994,0
6.165144025,445.8301086425781,307.91278076171875,492.6891784667969,0,-200.67995205874885,0
6.169031931,445.8153076171875,307.11785888671875,492.6865539550781,0,-201.82251704388145,0
6.173257888,445.8027648925781,306.32269287109375,492.684326171875,0,-205.1665178647753,0
6.177358032,445.79119873046875,305.5245056152344,492.6875915527344,0,-205.0161413099476,0
6.181304085,445.7763977050781,304.72674560546875,492.69012451171875,0,-191.37586844388963,0
6.185403785,445.759033203125,303.92913818359375,492.68585205078125,0,-202.56074745572022,0
6.189300282,445.745361328125,303.13671875,492.68328857421875,0,-191.1810076278928,0
6.193237822,445.7286376953125,302.341064453125,492.6746826171875,0,-204.60168150144196,0
6.197505568,445.7122802734375,301.5419006347656,492.6732177734375,0,-202.81466258795942,0
6.20143,445.6986083984375,300.740966796875,492.6745300292969,0,-206.8106560058803,0
6.205391754,445.6842346191406,299.9372253417969,492.6749572753906,0,-207.48539826120358,0
6.209585733,445.6702575683594,299.1351318359375,492.6733703613281,0,-197.6679339827295,0
6.213497382,445.6531982421875,298.3328857421875,492.66558837890625,0,-190.51468303782374,0
6.217442003,445.6361083984375,297.5351867675781,492.6600036621094,0,-208.34824125159287,0
6.221773664,445.6196594238281,296.7317810058594,492.65020751953125,0,-208.04490499483032,0
6.225771891,445.60418701171875,295.9281311035156,492.6449890136719,0,-199.62144449227918,0
6.229541599,445.5850830078125,295.1257019042969,492.6407470703125,0,-194.96415021327041,0
6.233538349,445.56951904296875,294.3203430175781,492.6350402832031,0,-207.24485963719167,0
6.237706097,445.5484619140625,293.5194396972656,492.6325988769531,0,-200.9927650044865,0
6.241619287,445.5332336425781,292.7146301269531,492.6311340332031,0,-197.90819408688665,0
6.245914191,445.51837158203125,291.90228271484375,492.6275634765625,0,-205.23000511526024,0
6.249787013,445.5043029785156,291.0931091308594,492.6284484863281,0,-199.6459481293742,0
6.253750568,445.4852600097656,290.2884521484375,492.6251525878906,0,-196.21949990833605,0
6.257922794,445.46697998046875,289.4861755371094,492.62371826171875,0,-200.6185001554277,0
6.262131522,445.4480285644531,288.6800537109375,492.61785888671875,0,-204.53567567095098,0
6.265898574,445.4328918457031,287.86737060546875,492.6152038574219,0,-204.38296281534835,0
6.270046081,445.4188537597656,287.0556335449219,492.6119384765625,0,-192.28620671062453,0
6.274106368,445.40216064453125,286.2513427734375,492.60919189453125,0,-207.83703376884225,0
6.277936536,445.38323974609375,285.4433898925781,492.6064147949219,0,-197.07359734515586,0
6.282173114,445.36724853515625,284.6290588378906,492.6038513183594,0,-205.60195563660105,0
6.286134761,445.3537902832031,283.8176574707031,492.5993347167969,0,-204.67355633475665,0
6.290023288,445.3398132324219,283.0126953125,492.59228515625,0,-190.35763895960417,0
6.29426016,445.3219909667969,282.2090759277344,492.5885009765625,0,-190.58297339167154,0
6.298158828,445.30535888671875,281.402099609375,492.5888366699219,0,-208.92664695413453,0
6.302160636,445.28955078125,280.5970153808594,492.5890808105469,0,-209.64443922993223,0
6.306360264,445.27264404296875,279.7878112792969,492.58294677734375,0,-207.14251128958807,0
6.31025124,445.2603759765625,278.9828796386719,492.5791931152344,0,-192.1686776585852,0
6.314221072,445.2431945800781,278.1767883300781,492.57513427734375,0,-200.77719487833164,0
6.318446388,445.22625732421875,277.3703918457031,492.5704040527344,0,-198.35582988857456,0
6.322512398,445.2101135253906,276.56878662109375,492.57208251953125,0,-196.87007640037885,0
6.326344587,445.1915588378906,275.7622985839844,492.5695495605469,0,-200.84345535412,0
6.330489069,445.1768798828125,274.95892333984375,492.57232666015625,0,-201.61947341558675,0
6.334456742,445.16033935546875,274.1545715332031,492.5691223144531,0,-199.37005008386524,0
6.338389345,445.13970947265625,273.3548583984375,492.56207275390625,0,-197.42490478945268,0
6.342703978,445.1202697753906,272.5461120605469,492.5521240234375,0,-204.42849888004264,0
6.34658987,445.1044616699219,271.7379455566406,492.5495300292969,0,-195.0062149449936,0
6.350543418,445.08758544921875,270.9310607910156,492.54461669921875,0,-202.52112784744932,0
6.35472031,445.06829833984375,270.12908935546875,492.54071044921875,0,-193.23053003572844,0
6.358612317,445.04681396484375,269.3313293457031,492.5343017578125,0,-190.6134028323404,0
6.362576603,445.0298156738281,268.52398681640625,492.5316162109375,0,-204.59674287152203,0
6.36688838,445.0203552246094,267.7178039550781,492.5338439941406,0,-203.92847430695423,0
6.370945169,445.00579833984375,266.916748046875,492.5313720703125,0,-198.83891109934973,0
6.374714385,444.9898986816406,266.11749267578125,492.52825927734375,0,-208.59318181462538,0
6.378904637,444.9743347167969,265.3153076171875,492.52630615234375,0,-195.6380965477402,0
6.382881704,444.95806884765625,264.5119323730469,492.5247802734375,0,-209.9785856354756,0
6.386787301,444.9418640136719,263.7088928222656,492.51995849609375,0,-201.21200145647836,0
6.391106804,444.9269104003906,262.9126892089844,492.5129699707031,0,-200.79490064967362,0
6.395006965,444.91082763671875,262.1139221191406,492.5082702636719,0,-192.5362461244701,0
6.398834001,444.8929748535156,261.3160095214844,492.5059509277344,0,-193.8761845342399,0
6.403067138,444.8806457519531,260.5148010253906,492.50494384765625,0,-201.53678130148597,0
6.40697705,444.86529541015625,259.7156677246094,492.504638671875,0,-199.233117169138,0
6.410923502,444.850830078125,258.9116516113281,492.5039978027344,0,-205.0239257227719,0
6.415105371,444.8346862792969,258.10711669921875,492.5011901855469,0,-191.80129888761775,0
6.419155176,444.8196716308594,257.30877685546875,492.4990234375,0,-204.32199532760836,0
6.423050713,444.8049011230469,256.5080261230469,492.50189208984375,0,-194.33756404592452,0
6.427356187,444.7882080078125,255.70571899414063,492.49957275390625,0,-196.98835738664357,0
6.43121814,444.7689208984375,254.90602111816406,492.4975891113281,0,-206.79806928724125,0
6.435158362,444.74774169921875,254.10433959960938,492.49041748046875,0,-201.4472305144853,0
6.439408978,444.728759765625,253.30287170410156,492.4830322265625,0,-190.48561138172553,0
6.443358231,444.7165222167969,252.50196838378906,492.4778747558594,0,-209.38085550702542,0
6.44734326,444.6956787109375,251.69920349121094,492.47039794921875,0,-190.13999343316456,0
6.451478456,444.67578125,250.89707946777344,492.4678955078125,0,-195.79117726120703,0
6.455472011,444.6602478027344,250.09759521484375,492.4698791503906,0,-199.17816467388585,0
6.4593453,444.64434814453125,249.2969207763672,492.46722412109375,0,-201.53181213854043,0
6.463876314,444.6294250488281,248.49746704101563,492.46600341796875,0,-195.5658310388855,0
6.467663834,444.615234375,247.69969177246094,492.4666442871094,0,-192.34004489239865,0
6.471478629,444.59649658203125,246.89952087402344,492.458740234375,0,-191.3323117740062,0
6.475478443,444.5826110839844,246.099365234375,492.4538879394531,0,-199.3505841394304,0
6.4796106479999995,444.5691833496094,245.30130004882813,492.45184326171875,0,-206.75884033780784,0
6.483533273,444.5504455566406,244.50437927246094,492.44622802734375,0,-191.75091289128673,0
6.487825584,444.5336608886719,243.7074432373047,492.4440612792969,0,-193.94338627792757,0
6.491723144,444.5174865722656,242.91036987304688,492.4446105957031,0,-207.31830244898032,0
6.49569754,444.5022888183594,242.11358642578125,492.4421691894531,0,-193.00736620156482,0
6.499869905,444.48834228515625,241.3223876953125,492.4386901855469,0,-199.09710722170962,0
6.503843656,444.46929931640625,240.53170776367188,492.4363708496094,0,-193.62932056089386,0
6.507791983,444.4550476074219,239.737060546875,492.43499755859375,0,-206.34091544706934,0
6.511974468,444.4384460449219,238.9398193359375,492.43096923828125,0,-191.5745941879941,0
6.515991229,444.42431640625,238.15213012695313,492.4311218261719,0,-197.3651279818796,0
6.5198567050000005,444.40673828125,237.36143493652344,492.4247741699219,0,-190.96519032417083,0
6.524123947,444.3932800292969,236.57009887695313,492.4258117675781,0,-203.423722524901,0
6.528016066,444.37628173828125,235.78392028808594,492.4251403808594,0,-197.96619878645353,0
6.531928922,444.3592834472656,234.99526977539063,492.4191589355469,0,-198.9748847276661,0
6.536166834,444.3434143066406,234.2051544189453,492.4168395996094,0,-207.63877048551237,0
6.540096853,444.32940673828125,233.4145050048828,492.418701171875,0,-203.37954760064972,0
6.544122409,444.3134460449219,232.62506103515625,492.4173278808594,0,-203.01529694968747,0
6.548274206,444.29400634765625,231.83612060546875,492.41033935546875,0,-201.59921870810416,0
6.552182624,444.28082275390625,231.04400634765625,492.40765380859375,0,-207.1059009857767,0
6.556121142,444.2636413574219,230.25047302246094,492.40380859375,0,-192.26664352079905,0
6.560429665,444.2481994628906,229.45364379882813,492.4009094238281,0,-198.22037080331125,0
6.564689292,444.23272705078125,228.66229248046875,492.4016418457031,0,-204.26453104648064,0
6.568293037,444.2165222167969,227.86988830566406,492.4017639160156,0,-197.8956963092097,0
6.572418914,444.1988830566406,227.0719757080078,492.4000244140625,0,-200.76421790056546,0
6.5763664429999995,444.18231201171875,226.27340698242188,492.3946533203125,0,-199.52018189303803,0
6.580326591,444.1675720214844,225.4737548828125,492.393310546875,0,-193.68517534564833,0
6.584563664,444.1512451171875,224.66806030273438,492.38525390625,0,-207.1731188774147,0
6.58850236,444.13623046875,223.86317443847656,492.38385009765625,0,-201.0147014429124,0
6.592440969,444.1205139160156,223.06077575683594,492.3836364746094,0,-209.76763984754498,0
6.596649071,444.0994567871094,222.2547149658203,492.3755798339844,0,-199.3603183610058,0
6.600562713,444.0813293457031,221.4518585205078,492.3752136230469,0,-202.48004960981797,0
6.604499617,444.0651550292969,220.6490936279297,492.37176513671875,0,-191.23575830748212,0
6.608805634,444.0497741699219,219.84523010253906,492.36907958984375,0,-202.1962747047046,0
6.612804585,444.0339050292969,219.0402069091797,492.3653869628906,0,-207.20532482336992,0
6.6166173520000005,444.01739501953125,218.23817443847656,492.3650817871094,0,-196.7788593972081,0
6.620847653,443.9982604980469,217.4344482421875,492.35821533203125,0,-206.6934046130598,0
6.624814202,443.9867858886719,216.6293182373047,492.356689453125,0,-195.01958832346722,0
6.628741564,443.9693908691406,215.8209228515625,492.3567810058594,0,-200.66347843829269,0
6.632946631,443.952880859375,215.0199432373047,492.35821533203125,0,-203.24372974357294,0
6.636857817,443.9329528808594,214.2200164794922,492.3562316894531,0,-203.43322267210857,0
6.640833043,443.9169616699219,213.41635131835938,492.3551330566406,0,-190.06019804425136,0
6.645068444,443.90203857421875,212.6116943359375,492.3536071777344,0,-203.7486086639098,0
6.64897949,443.88555908203125,211.80545043945313,492.3517150878906,0,-208.0816968710418,0
6.65288583,443.86981201171875,210.9992218017578,492.34942626953125,0,-201.18469706677644,0
6.657135384,443.85302734375,210.19142150878906,492.3476867675781,0,-208.3157800553873,0
6.661151049,443.8387145996094,209.38772583007813,492.3476867675781,0,-207.38389366036765,0
6.66536063,443.8207092285156,208.5786590576172,492.3420104980469,0,-191.8174547506018,0
6.66926261,443.8077087402344,207.7740936279297,492.34271240234375,0,-198.15056947273425,0
6.673130659,443.79425048828125,206.97103881835938,492.33819580078125,0,-209.24353536395162,0
6.6771004309999995,443.7773132324219,206.16397094726563,492.33489990234375,0,-203.1658465048754,0
6.681336704,443.7610778808594,205.35874938964844,492.3356628417969,0,-209.02399102706104,0
6.685330844,443.7442626953125,204.55274963378906,492.3324890136719,0,-196.35543880438473,0
6.689249434,443.7280578613281,203.74392700195313,492.33062744140625,0,-191.61297082976736,0
6.693419386,443.7107849121094,202.93455505371094,492.3278503417969,0,-202.49643127424577,0
6.69736747,443.6955261230469,202.1246795654297,492.32562255859375,0,-207.037732105393,0
6.701251716,443.6744079589844,201.31687927246094,492.31890869140625,0,-208.26298234083268,0
6.7055890940000005,443.6554870605469,200.5137939453125,492.3153076171875,0,-192.39080141798078,0
6.709604418,443.6385192871094,199.7061004638672,492.312744140625,0,-205.0079491534627,0
6.713403074,443.62152099609375,198.89439392089844,492.31298828125,0,-209.02674975004894,0
6.717613385,443.6046447753906,198.08644104003906,492.3117370605469,0,-196.66184164363602,0
6.721478005,443.58197021484375,197.2770538330078,492.3060607910156,0,-202.56032647470894,0
6.725530879,443.56866455078125,196.4658660888672,492.3048400878906,0,-209.76975082867023,0
6.72975499,443.55096435546875,195.65284729003906,492.2994079589844,0,-193.34124741608682,0
6.733649357,443.53546142578125,194.8418731689453,492.2965087890625,0,-205.65956287994325,0
6.737612418,443.52044677734375,194.03485107421875,492.29559326171875,0,-196.90562989808458,0
6.741810381,443.50396728515625,193.22471618652344,492.2972106933594,0,-194.1295046356059,0
6.745799365,443.484130859375,192.41427612304688,492.2941589355469,0,-200.21965131429576,0
6.749800787,443.46661376953125,191.60292053222656,492.2918701171875,0,-202.0234393688474,0
6.753915877,443.45166015625,190.7949676513672,492.2930908203125,0,-203.481276531327,0
6.757934607,443.4341125488281,189.97862243652344,492.2873229980469,0,-205.74550912881685,0
6.761783558,443.4190673828125,189.1651611328125,492.2874755859375,0,-209.86969543857353,0
6.766241203,443.4044189453125,188.35714721679688,492.2878723144531,0,-192.92221918043876,0
6.769955216,443.3815612792969,187.55210876464844,492.2767639160156,0,-203.25921246551883,0
6.773877894,443.3692626953125,186.74612426757813,492.27569580078125,0,-207.5040387934142,0
6.778102917,443.3513488769531,185.9386749267578,492.2727966308594,0,-193.32286514842187,0
6.782021475,443.3332214355469,185.13107299804688,492.26702880859375,0,-191.79307943647757,0
6.7860255689999995,443.31817626953125,184.32870483398438,492.27239990234375,0,-206.83283319559217,0
6.790225061,443.2987365722656,183.5238494873047,492.2688293457031,0,-208.32303042010219,0
6.794162978,443.2830505371094,182.71536254882813,492.27044677734375,0,-203.02123601750876,0
6.798048902,443.2676086425781,181.90557861328125,492.2691955566406,0,-207.62624358876164,0
6.80229693,443.253662109375,181.10260009765625,492.2696838378906,0,-203.76977159409543,0
6.806381656,443.2366027832031,180.2972869873047,492.2720642089844,0,-202.57809843962684,0
6.810216912,443.2181701660156,179.48997497558594,492.2682800292969,0,-200.03187799220012,0
6.814377203,443.20501708984375,178.68833923339844,492.2686767578125,0,-208.40578079946522,0
6.818316576,443.185791015625,177.880859375,492.2658996582031,0,-197.9803033436916,0
6.822317565,443.17132568359375,177.0694580078125,492.263916015625,0,-200.6303995482716,0
6.826279984,443.15667724609375,176.26199340820313,492.26190185546875,0,-193.81338429723604,0
6.830318997,443.1363525390625,175.45481872558594,492.2563171386719,0,-206.2058996219904,0
6.834456182,443.1212158203125,174.6409149169922,492.2565612792969,0,-194.17104947727302,0
6.83852369,443.106689453125,173.8278045654297,492.254638671875,0,-193.02144338705492,0
6.842453749,443.0880126953125,173.01220703125,492.247314453125,0,-205.1657336676773,0
6.846454562,443.0733642578125,172.205078125,492.2499694824219,0,-201.42357164065254,0
6.850713998,443.0547180175781,171.39573669433594,492.2449035644531,0,-196.21633326007503,0
6.854757109,443.0352478027344,170.59193420410156,492.24212646484375,0,-199.46677409434147,0
6.858511557,443.0182800292969,169.7998504638672,492.23529052734375,0,-190.50971059232052,0
6.862518988,442.99884033203125,169.02279663085938,492.2265319824219,0,-198.7468457341394,0
6.8666762630000004,442.9793701171875,168.27084350585938,492.2203369140625,0,-195.4769640308785,0
6.870662312,442.95404052734375,167.55445861816406,492.2071533203125,0,-206.6695924522818,0
6.874857329,442.93231201171875,166.8660430908203,492.19903564453125,0,-199.55045395711346,0
6.878811729,442.9142150878906,166.21798706054688,492.1959533691406,0,-192.33569399979805,0
6.882777553,442.8975830078125,165.60939025878906,492.19354248046875,0,-193.36987044521973,0
6.886879407,442.8785705566406,165.05128479003906,492.1827697753906,0,-205.41346072060801,0
6.890894637,442.86456298828125,164.55178833007813,492.1781005859375,0,-196.1094040077732,0
6.894791275,442.85400390625,164.11199951171875,492.17919921875,0,-201.5231681541991,0
6.899035539,442.8408203125,163.73056030273438,492.1744384765625,0,-195.32065493558252,0
6.903132009,442.8292541503906,163.41395568847656,492.17437744140625,0,-190.28529047655908,0
6.906911246,442.8221435546875,163.152099609375,492.1761474609375,0,-194.26036600966648,0
6.911121708,442.812744140625,162.9422149658203,492.17376708984375,0,-201.80250513426452,0
6.91503665,442.8096008300781,162.77703857421875,492.17376708984375,0,-201.11843300811992,0
6.9190063760000005,442.80914306640625,162.6519012451172,492.1800231933594,0,-205.19768754464712,0
6.923301921,442.8064880371094,162.5593719482422,492.18231201171875,0,-206.67054358909326,0
6.927214521,442.80865478515625,162.49465942382813,492.1851806640625,0,-196.61028582297587,0
6.931127999,442.8088684082031,162.4534912109375,492.18572998046875,0,-205.35746395723208,0
6.935337822,442.8075256347656,162.4298858642578,492.1858825683594,0,-204.9123902981014,0
6.939320289,442.8023376464844,162.42340087890625,492.1865539550781,0,-207.30006376893084,0
6.943245998,442.800537109375,162.42274475097656,492.1888122558594,0,-191.1178124243154,0
6.947445701,442.8030700683594,162.42367553710938,492.1900329589844,0,-190.62359913458204,0
6.9514889669999995,442.8138122558594,162.43243408203125,492.1955261230469,0,-195.7280143063713,0
6.955307219,442.8146057128906,162.43922424316406,492.1938171386719,0,-198.30539198510115,0
6.959516718,442.8186950683594,162.44046020507813,492.19873046875,0,-206.2092652152702,0
6.9637164689999995,442.8213195800781,162.4418487548828,492.201904296875,0,-196.75270051453407,0
6.967406329,442.8231506347656,162.44334411621094,492.2035827636719,0,-209.52279924847704,0
6.971617467,442.8236083984375,162.44326782226563,492.2043151855469,0,-207.21004074836324,0
6.975553288,442.82366943359375,162.44271850585938,492.2050476074219,0,-197.69729320811516,0
6.979492243,442.8253479003906,162.44290161132813,492.2068176269531,0,-199.07223507497156,0
6.983765944,442.8251647949219,162.44308471679688,492.2068176269531,0,-200.3530011599151,0
6.987620909,442.82525634765625,162.44313049316406,492.2068176269531,0,-204.4722839169365,0
6.991585659,442.8245849609375,162.442626953125,492.2083435058594,0,-205.09523050700918,0
6.9958417619999995,442.82568359375,162.44345092773438,492.2097473144531,0,-206.4137930649075,0
6.9998657170000005,442.8258056640625,162.4430694580078,492.2097473144531,0,-203.83342741010475,0
7.003746827,442.82550048828125,162.44395446777344,492.2097473144531,0,-207.7072256705106,0
7.007882924,442.8262634277344,162.4446563720703,492.2108154296875,0,-190.28441039788348,0
7.011839524,442.8260498046875,162.44607543945313,492.20928955078125,0,-206.22109520692104,0
7.015770496,442.8259582519531,162.4462890625,492.20928955078125,0,-194.3201942925576,0
7.019994627,442.82666015625,162.44863891601563,492.2099304199219,0,-207.81529662070432,0
7.023963025,442.8265075683594,162.44912719726563,492.2099304199219,0,-190.37555475849265,0
7.027879611,442.82672119140625,162.44961547851563,492.20806884765625,0,-205.4160826135003,0
7.03207971,442.82672119140625,162.44961547851563,492.20806884765625,0,-190.55183928425737,0
7.03603231,442.8269958496094,162.4492950439453,492.207275390625,0,-206.30693830903104,0
7.039945672,442.82672119140625,162.44961547851563,492.20806884765625,0,-192.58402598184009,0
7.044307609,442.8267517089844,162.44947814941406,492.20806884765625,0,-209.92815453752127,0
7.04821975,442.82684326171875,162.44924926757813,492.20806884765625,0,-209.36146094135998,0
7.052091766,442.82672119140625,162.44961547851563,492.20806884765625,0,-200.44120222993303,0
7.0562774600000004,442.82672119140625,162.44850158691406,492.2099304199219,0,-193.85592895040273,0
7.0602197,442.8279113769531,162.44674682617188,492.2099304199219,0,-204.91273134366085,0
7.064422341,442.8272705078125,162.4469451904297,492.2099304199219,0,-196.65303432844803,0
7.068384555,442.82666015625,162.44822692871094,492.210693359375,0,-209.50337627027298,0
7.072299097,442.82708740234375,162.44862365722656,492.210693359375,0,-200.82757860826507,0
7.076277391,442.8265686035156,162.44845581054688,492.210693359375,0,-195.68486188878083,0
7.080454614,442.8267517089844,162.44920349121094,492.210693359375,0,-202.8001301445779,0
7.084439939,442.82672119140625,162.4496307373047,492.210693359375,0,-205.91418141725703,0
7.088331882,442.826416015625,162.4493408203125,492.2099304199219,0,-205.01802926973733,0
7.092595985,442.8266906738281,162.4501495361328,492.2099304199219,0,-201.70647617867766,0
7.096655948,442.82708740234375,162.45071411132813,492.20806884765625,0,-195.76950583457966,0
7.10042901,442.8258056640625,162.4498291015625,492.2066345214844,0,-193.01038592630647,0
7.104717982,442.8258056640625,162.4498291015625,492.2066345214844,0,-194.7210908926998,0
7.108578065,442.82598876953125,162.4501495361328,492.20513916015625,0,-192.10654657751067,0
7.11253905,442.8258056640625,162.4498291015625,492.2066345214844,0,-195.7786754102308,0
7.116793006,442.8257141113281,162.45004272460938,492.2066345214844,0,-190.102545237491,0
7.120725374,442.8257141113281,162.45004272460938,492.2066345214844,0,-190.8185788709525,0
7.124713886,442.8260803222656,162.44898986816406,492.2066345214844,0,-204.4160937780623,0
7.128896505,442.82598876953125,162.44935607910156,492.20849609375,0,-201.06795646939872,0
7.132828589,442.82568359375,162.44908142089844,492.20849609375,0,-206.440770597943,0
7.136744266,442.8257751464844,162.4488525390625,492.20849609375,0,-205.8799762649453,0
7.140960482,442.825927734375,162.4491729736328,492.20928955078125,0,-199.21975235308426,0
7.145045399,442.82562255859375,162.4488067626953,492.20928955078125,0,-191.5529496764772,0
7.148859358,442.82598876953125,162.44894409179688,492.20928955078125,0,-200.44880509336838,0
7.153053931,442.8255310058594,162.4490203857422,492.20928955078125,0,-196.13310379026564,0
7.156968437,442.82598876953125,162.44894409179688,492.20928955078125,0,-204.07483343734404,0
7.16093369,442.825927734375,162.4491729736328,492.20928955078125,0,-190.06298450227825,0
7.165426488,442.8257751464844,162.45005798339844,492.20849609375,0,-194.4412257765154,0
7.169097536,442.8258361816406,162.4498291015625,492.20849609375,0,-203.86484342153312,0
7.173054012,442.8260192871094,162.45033264160156,492.2066345214844,0,-198.3157810707286,0
7.177254728,442.8260192871094,162.4499053955078,492.2073669433594,0,-197.97688421154908,0
7.181165678,442.826171875,162.44996643066406,492.2066345214844,0,-208.6748877451977,0
7.185151583,442.8260803222656,162.4501953125,492.2066345214844,0,-200.06207822201705,0
7.189347798,442.826171875,162.44996643066406,492.2066345214844,0,-206.33270073405708,0
7.193434298,442.8260498046875,162.44920349121094,492.20849609375,0,-202.42331310195328,0
7.197256451,442.8264465332031,162.44911193847656,492.20849609375,0,-202.06041828391042,0
7.201413674,442.8255310058594,162.44876098632813,492.20745849609375,0,-201.234024251249,0
7.205422177,442.82635498046875,162.44932556152344,492.20849609375,0,-198.1761367336216,0
7.209296437,442.82598876953125,162.44894409179688,492.20928955078125,0,-200.57085685280663,0
7.213614342,442.82537841796875,162.44871520996094,492.208251953125,0,-194.12082998257304,0
7.217513759,442.82537841796875,162.44871520996094,492.208251953125,0,-194.70037875304615,0
7.221421222,442.82537841796875,162.44871520996094,492.208251953125,0,-208.61636285056667,0
7.225702084,442.82537841796875,162.44871520996094,492.208251953125,0,-202.99066052457036,0
7.229527184,442.82537841796875,162.44871520996094,492.208251953125,0,-190.30393895009175,0
7.233552942,442.82537841796875,162.44871520996094,492.208251953125,0,-191.0205147739442,0
7.237771271,442.8255310058594,162.44876098632813,492.20745849609375,0,-195.10500715759693,0
7.241792605,442.8255310058594,162.44876098632813,492.20745849609375,0,-199.09196224503285,0
7.245619327,442.825927734375,162.44891357421875,492.20745849609375,0,-195.77485004044286,0
7.249618279,442.825927734375,162.44891357421875,492.20745849609375,0,-200.0944070155903,0
7.253814721,442.82562255859375,162.44976806640625,492.20745849609375,0,-202.18228918647898,0
7.2577014349999995,442.82562255859375,162.44976806640625,492.20745849609375,0,-204.70012766679065,0
7.261928461,442.82562255859375,162.44976806640625,492.20745849609375,0,-203.32104111236495,0
7.266112882,442.825927734375,162.44891357421875,492.20745849609375,0,-197.77700061522438,0
7.269795162,442.825927734375,162.44985961914063,492.20745849609375,0,-200.87001199303901,0
7.27403765,442.8249816894531,162.44952392578125,492.2067565917969,0,-208.07911041782458,0
7.277956045,442.825927734375,162.44985961914063,492.20745849609375,0,-190.66248167427761,0
7.281873058,442.82513427734375,162.4495849609375,492.20751953125,0,-207.05382622853028,0
7.286147576,442.82513427734375,162.4495849609375,492.20751953125,0,-202.86923666880514,0
7.290143581,442.825439453125,162.44873046875,492.20751953125,0,-204.1733992757903,0
7.294044344,442.8248291015625,162.4485321044922,492.2068176269531,0,-204.90962051464564,0
7.298211545,442.8248291015625,162.4485321044922,492.2068176269531,0,-206.22104601728296,0
7.302128687,442.8248291015625,162.4485321044922,492.2068176269531,0,-203.4170098134953,0
7.306135332,442.8255310058594,162.4487762451172,492.2068176269531,0,-190.60422884812743,0
7.310305164,442.8249816894531,162.4485626220703,492.2060546875,0,-198.86626270054128,0
7.3142596730000005,442.82568359375,162.44882202148438,492.2060546875,0,-190.45072667768542,0
7.318267395,442.82568359375,162.44882202148438,492.2060546875,0,-202.93913130641238,0
7.322387491,442.82568359375,162.44882202148438,492.2060546875,0,-195.98667188692374,0
7.3263684,442.8253479003906,162.44967651367188,492.2060546875,0,-192.30138860834586,0
7.330252704,442.8253479003906,162.44967651367188,492.2060546875,0,-205.04592209147435,0
7.3346142,442.8253479003906,162.44967651367188,492.2060546875,0,-197.01597582703462,0
7.338614112,442.8253479003906,162.44967651367188,492.2060546875,0,-196.35819179038933,0
7.3423748589999995,442.8255615234375,162.44973754882813,492.2060546875,0,-197.89157743276473,0
7.346659964,442.8253479003906,162.44967651367188,492.2060546875,0,-207.50059133929793,0
7.350501003,442.82586669921875,162.4488983154297,492.2060546875,0,-209.52459821250102,0
7.354457274,442.8254089355469,162.44969177246094,492.2068176269531,0,-195.86367595131873,0
7.3587597989999995,442.82562255859375,162.44976806640625,492.2068176269531,0,-209.83391300285308,0
7.362621633,442.82440185546875,162.44834899902344,492.2050476074219,0,-192.89666043704315,0
7.366839354,442.82440185546875,162.44834899902344,492.2050476074219,0,-199.1145198253795,0
7.370807119,442.82440185546875,162.44834899902344,492.2050476074219,0,-206.67441147641205,0
7.37476942,442.82440185546875,162.44834899902344,492.2050476074219,0,-201.30842897986653,0
7.37867583,442.82440185546875,162.44834899902344,492.2050476074219,0,-203.4385688459265,0
7.382910281,442.82440185546875,162.44834899902344,492.2050476074219,0,-209.88253235028006,0
7.386986665,442.82440185546875,162.44834899902344,492.2050476074219,0,-201.41253086122444,0
7.39078032,442.8246765136719,162.44847106933594,492.2050476074219,0,-209.06150126144524,0
7.395059505,442.82452392578125,162.44935607910156,492.2043151855469,0,-201.03354983496845,0
7.398950167,442.82452392578125,162.44935607910156,492.2043151855469,0,-200.27614791670194,0
7.402787279,442.82452392578125,162.44935607910156,492.2043151855469,0,-197.67209699311292,0
7.4070587549999996,442.82452392578125,162.44935607910156,492.2043151855469,0,-194.05547579637877,0
7.41102876,442.8243713378906,162.4492950439453,492.2050476074219,0,-207.66954733576938,0
7.414960571,442.8247985839844,162.449462890625,492.2043151855469,0,-191.00909896313127,0
7.419188233,442.82452392578125,162.44935607910156,492.2043151855469,0,-201.6430736578726,0
7.423160814,442.824951171875,162.4485626220703,492.2050476074219,0,-205.56252598187183,0
7.427077606,442.8246765136719,162.44940185546875,492.2050476074219,0,-207.1556280963284,0
7.43128244,442.824951171875,162.4485626220703,492.2050476074219,0,-201.04028431179532,0
7.435377094,442.824951171875,162.4485626220703,492.2050476074219,0,-196.2387989581543,0
7.439224643,442.824951171875,162.4485626220703,492.2050476074219,0,-207.39238549665862,0
7.443368992,442.8247375488281,162.44850158691406,492.2043762207031,0,-199.07422118214012,0
7.4473582050000005,442.8243713378906,162.44834899902344,492.2043762207031,0,-204.73428895493288,0
7.451232979,442.8243713378906,162.44834899902344,492.2043762207031,0,-208.06235084988737,0
7.455493144,442.8247375488281,162.44850158691406,492.2043762207031,0,-199.07254171717116,0
7.459404252,442.8243713378906,162.44834899902344,492.2043762207031,0,-190.93706602853274,0
7.4633399449999995,442.824462890625,162.44932556152344,492.2043762207031,0,-201.24916615770374,0
7.467760784,442.824462890625,162.44932556152344,492.2043762207031,0,-193.7284147158974,0
7.47145624,442.824462890625,162.44932556152344,492.2043762207031,0,-190.47170444934895,0
7.475444178,442.824462890625,162.44932556152344,492.2043762207031,0,-190.51976268806175,0
7.479682071,442.824462890625,162.44932556152344,492.2043762207031,0,-191.86530034570075,0
7.483714658,442.824462890625,162.44932556152344,492.2043762207031,0,-203.32341768487652,0
7.487549322,442.824462890625,162.44932556152344,492.2043762207031,0,-193.49545509618287,0
7.491536866,442.8249206542969,162.4495086669922,492.2043762207031,0,-206.86841233464045,0
7.495710625,442.8247375488281,162.44850158691406,492.2043762207031,0,-201.35473593243248,0
7.499604439,442.82525634765625,162.4486541748047,492.2043762207031,0,-191.1794271109295,0
7.503862404,442.82525634765625,162.4486541748047,492.2043762207031,0,-195.04869272048978,0
7.507906399,442.82525634765625,162.4486541748047,492.2043762207031,0,-200.96760725010316,0
7.511740184,442.82525634765625,162.4486541748047,492.2043762207031,0,-203.3226152456145,0
7.515951025,442.82525634765625,162.4486541748047,492.2043762207031,0,-193.6681270638555,0
7.519881431,442.82525634765625,162.4486541748047,492.2043762207031,0,-205.77396301230047,0
7.523808545,442.8255310058594,162.4487762451172,492.2043762207031,0,-193.6374795900837,0
7.528086405,442.8231201171875,162.44789123535156,492.201904296875,0,-190.8751175895177,0
7.532085298,442.82330322265625,162.44793701171875,492.201904296875,0,-201.06139147203504,0
7.535948233,442.822998046875,162.44879150390625,492.201904296875,0,-202.56446019840615,0
7.540130625,442.8230895996094,162.44883728027344,492.201904296875,0,-209.06901110180286,0
7.544067787,442.8230895996094,162.44883728027344,492.201904296875,0,-203.19420778935273,0
7.5480737399999995,442.8230895996094,162.44883728027344,492.201904296875,0,-191.4198305588739,0
7.55223674,442.8230895996094,162.44883728027344,492.201904296875,0,-206.03083548616212,0
7.556183057,442.8230895996094,162.44883728027344,492.201904296875,0,-193.27607033953885,0
7.56013809,442.8230895996094,162.44883728027344,492.201904296875,0,-197.67462722109693,0
7.564318008,442.823974609375,162.4481964111328,492.201904296875,0,-196.5811404978366,0
7.568511792,442.82342529296875,162.44798278808594,492.201904296875,0,-200.90843750375387,0
7.572194698,442.823974609375,162.4481964111328,492.201904296875,0,-206.62814939622143,0
7.5764475959999995,442.823974609375,162.4481964111328,492.201904296875,0,-198.39743573538271,0
7.580490814,442.823974609375,162.4481964111328,492.201904296875,0,-203.61697645511228,0
7.584305356,442.823974609375,162.4481964111328,492.201904296875,0,-209.08768667089043,0
7.588545649,442.823974609375,162.4481964111328,492.201904296875,0,-198.99143018363634,0
7.592494339,442.823974609375,162.4481964111328,492.201904296875,0,-200.43415062684238,0
7.596411567,442.823974609375,162.4481964111328,492.201904296875,0,-195.8239535753453,0
7.600623076,442.823974609375,162.4481964111328,492.201904296875,0,-206.945465091079,0
7.604546829,442.823974609375,162.4481964111328,492.201904296875,0,-203.4708751756216,0
7.608553577,442.82427978515625,162.4483184814453,492.201904296875,0,-207.59081583229187,0
7.612773066,442.823974609375,162.44915771484375,492.201904296875,0,-203.6850876886722,0
7.616673031,442.82366943359375,162.4490509033203,492.201904296875,0,-202.39115414798783,0
7.620571333,442.823974609375,162.44915771484375,492.201904296875,0,-204.40471187865643,0
7.624826754,442.8240966796875,162.4482421875,492.201904296875,0,-200.9529562458139,0
7.628896477,442.82427978515625,162.4483184814453,492.201904296875,0,-204.65618835490227,0
7.63274981,442.823974609375,162.44915771484375,492.201904296875,0,-198.02479838052187,0
7.6369123850000005,442.823974609375,162.44915771484375,492.201904296875,0,-198.6425860967561,0
7.640860732,442.82427978515625,162.4483184814453,492.201904296875,0,-192.60498222901498,0
7.644767051,442.82427978515625,162.4483184814453,492.201904296875,0,-198.70539027073204,0
7.64907333,442.82427978515625,162.4483184814453,492.201904296875,0,-196.58557846867805,0
7.652932545,442.8245849609375,162.44842529296875,492.201904296875,0,-196.69302414080292,0
7.656884406,442.82427978515625,162.4483184814453,492.201904296875,0,-206.7812600297985,0
7.661106795,442.8233642578125,162.44796752929688,492.20086669921875,0,-200.97974437257432,0
7.665017837,442.8236389160156,162.44808959960938,492.20086669921875,0,-208.34241300414908,0
7.669234607,442.8236389160156,162.44808959960938,492.20086669921875,0,-190.22246404928796,0
7.673199437,442.8236389160156,162.44808959960938,492.20086669921875,0,-206.6263595118276,0
7.677264566,442.8236389160156,162.44808959960938,492.20086669921875,0,-208.15766269918853,0
7.6811907,442.8236389160156,162.44808959960938,492.20086669921875,0,-194.4783230466031,0
7.685267539,442.8236389160156,162.44808959960938,492.20086669921875,0,-205.30193976938605,0
7.689265479,442.8233642578125,162.4489288330078,492.20086669921875,0,-200.84169228280635,0
7.693145873,442.8233642578125,162.4489288330078,492.20086669921875,0,-193.9881965385927,0
7.697511589,442.8238525390625,162.44815063476563,492.20086669921875,0,-206.16429608819908,0
7.701333713,442.8236389160156,162.44808959960938,492.20086669921875,0,-207.93370959992495,0
7.705267815,442.8242492675781,162.44830322265625,492.20086669921875,0,-197.48694108176053,0
7.7095268489999995,442.8242492675781,162.44830322265625,492.20086669921875,0,-203.7535472308756,0
7.713399519,442.8242492675781,162.44830322265625,492.20086669921875,0,-208.1817833937368,0
7.7174279630000004,442.8242492675781,162.44830322265625,492.20086669921875,0,-198.55584573379804,0
7.721608433,442.8242492675781,162.44830322265625,492.20086669921875,0,-191.19774929915062,0
7.725645108,442.8242492675781,162.44830322265625,492.20086669921875,0,-202.26036313282026,0
7.729514127,442.8242492675781,162.44830322265625,492.20086669921875,0,-206.25181415133903,0
7.733675528,442.8242492675781,162.44830322265625,492.20086669921875,0,-204.10477097094983,0
7.737624473,442.8242492675781,162.44830322265625,492.20086669921875,0,-201.21359137931228,0
7.741555599,442.8242492675781,162.44830322265625,492.20086669921875,0,-201.21401531203082,0
7.745796217,442.8242492675781,162.44830322265625,492.20086669921875,0,-195.09840405799264,0
7.749772639,442.8242492675781,162.44830322265625,492.20086669921875,0,-209.90925092186387,0
7.75366769,442.8242492675781,162.44830322265625,492.20086669921875,0,-199.3692710605437,0
7.757875456,442.8239440917969,162.44915771484375,492.20086669921875,0,-208.7247569494096,0
7.76180234,442.8239440917969,162.44915771484375,492.20086669921875,0,-209.08160428227373,0
7.765725554,442.8239440917969,162.44915771484375,492.20086669921875,0,-203.8091671169157,0
7.770228913,442.8242492675781,162.44830322265625,492.20086669921875,0,-207.1960673429591,0
7.774026675,442.8242492675781,162.44830322265625,492.20086669921875,0,-207.1617687638105,0
7.777867372,442.8243408203125,162.44833374023438,492.20086669921875,0,-194.46067454212402,0
7.782061776,442.8242492675781,162.44830322265625,492.20086669921875,0,-202.16758608702588,0
7.785967466,442.8245544433594,162.4484100341797,492.20086669921875,0,-195.1289845876831,0
7.789978759,442.8242492675781,162.44830322265625,492.20086669921875,0,-208.31995003141606,0
7.794195287,442.8242492675781,162.44830322265625,492.20086669921875,0,-205.2308078188857,0
7.79810809,442.8243408203125,162.44833374023438,492.20086669921875,0,-207.28775376483705,0
7.80211793,442.8233337402344,162.4479522705078,492.199462890625,0,-207.5459912230359,0
7.806239854,442.8230285644531,162.44786071777344,492.199462890625,0,-207.99110335325662,0
7.810234316,442.8233337402344,162.4479522705078,492.199462890625,0,-192.0486350994773,0
7.8141234189999995,442.8233337402344,162.4479522705078,492.199462890625,0,-207.94305256584434,0
7.818371191,442.8233337402344,162.4479522705078,492.199462890625,0,-202.84359456433,0
7.822438669,442.8233337402344,162.4479522705078,492.199462890625,0,-195.9583626422083,0
7.826239556,442.8231201171875,162.44789123535156,492.199462890625,0,-205.77112746004872,0
7.830492918,442.822998046875,162.4488067626953,492.199462890625,0,-202.91331600460427,0
7.834338411,442.8233337402344,162.4479522705078,492.199462890625,0,-203.28364081092573,0
7.838327201,442.8233337402344,162.4479522705078,492.199462890625,0,-191.75871214084773,0
7.842543294,442.8233337402344,162.4479522705078,492.199462890625,0,-194.76838662558475,0
7.846477712,442.8233642578125,162.44789123535156,492.199462890625,0,-206.72843404724875,0
7.850474395,442.8233642578125,162.44789123535156,492.199462890625,0,-205.319490550269,0
7.85461987,442.8233337402344,162.4479522705078,492.199462890625,0,-192.44878210498365,0
7.858585352,442.8233642578125,162.44789123535156,492.199462890625,0,-201.15000140272178,0
7.862524707,442.8233642578125,162.44789123535156,492.199462890625,0,-194.1421904885693,0
7.866767511,442.8233337402344,162.4479522705078,492.199462890625,0,-202.84836564100698,0
7.871117297,442.8233642578125,162.44789123535156,492.199462890625,0,-203.35402355712134,0
7.874611723,442.8233337402344,162.4479522705078,492.199462890625,0,-193.69822015202357,0
7.8788532799999995,442.8233642578125,162.44789123535156,492.199462890625,0,-205.41955817745423,0
7.882782205,442.8233642578125,162.44789123535156,492.199462890625,0,-205.4841252387393,0
7.886761913,442.8233337402344,162.4479522705078,492.199462890625,0,-203.25054641283185,0
7.891025042,442.8233642578125,162.44789123535156,492.199462890625,0,-205.77027746056172,0
7.894854686,442.8233642578125,162.44789123535156,492.199462890625,0,-200.36042993844336,0
7.89883314,442.8233642578125,162.44789123535156,492.199462890625,0,-205.59895034626433,0
7.903109692,442.8233642578125,162.44789123535156,492.199462890625,0,-190.12020300169326,0
7.906956216,442.8233642578125,162.44789123535156,492.199462890625,0,-204.97516083249357,0
7.910967708,442.8233642578125,162.44789123535156,492.199462890625,0,-203.59356989970615,0
7.915114836,442.8233642578125,162.44789123535156,492.199462890625,0,-205.87188602781984,0
7.919279757,442.8233947753906,162.44773864746094,492.199462890625,0,-192.09627941194324,0
7.923026447,442.8235168457031,162.4479522705078,492.199462890625,0,-197.6136572750213,0
7.927325537,442.8233642578125,162.44789123535156,492.199462890625,0,-208.3311453208298,0
7.931210464,442.8233642578125,162.44789123535156,492.199462890625,0,-207.28842040119412,0
7.935125214,442.8235168457031,162.4479522705078,492.199462890625,0,-194.8946743641419,0
7.939334681,442.8235168457031,162.4479522705078,492.199462890625,0,-203.14269186780226,0
7.943378818,442.8235168457031,162.4479522705078,492.199462890625,0,-199.67079825800315,0
7.9472198370000005,442.8235778808594,162.44781494140625,492.199462890625,0,-191.3810825124126,0
7.951431576,442.8233642578125,162.44789123535156,492.199462890625,0,-207.92200668069697,0
7.9553286629999995,442.8235168457031,162.4479522705078,492.199462890625,0,-204.46864571510608,0
7.959342168,442.8233642578125,162.44789123535156,492.199462890625,0,-202.74291162645426,0
7.963525516,442.8233642578125,162.44789123535156,492.199462890625,0,-207.99214921239047,0
7.967585077,442.8235168457031,162.4479522705078,492.199462890625,0,-190.5074970749962,0
7.971728615,442.8233947753906,162.44773864746094,492.199462890625,0,-209.09078544128565,0
7.975602058,442.8233642578125,162.44789123535156,492.199462890625,0,-207.23964283376333,0
7.979555158,442.8233642578125,162.44789123535156,492.199462890625,0,-202.39096453065184,0
7.983487169,442.82366943359375,162.44784545898438,492.199462890625,0,-203.15404336750822,0
7.987748785,442.8233642578125,162.44789123535156,492.199462890625,0,-208.81074906629803,0
7.991759123,442.8235778808594,162.44781494140625,492.199462890625,0,-204.68898735516726,0
7.99559642,442.8233947753906,162.44773864746094,492.199462890625,0,-195.7670680190283,0
7.999810105,442.8236389160156,162.44798278808594,492.199462890625,0,-195.11333945771273,0
8.003756145,442.8233947753906,162.44773864746094,492.199462890625,0,-200.86624592959157,0
8.007668522,442.82366943359375,162.44784545898438,492.199462890625,0,-206.92530511283098,0
8.012001299,442.8233642578125,162.44789123535156,492.199462890625,0,-205.07542663468652,0
8.015962804,442.82366943359375,162.44784545898438,492.199462890625,0,-201.84469081901946,0
8.019805817,442.8235778808594,162.44781494140625,492.199462890625,0,-202.61922739556204,0
8.024008511,442.8235778808594,162.44781494140625,492.199462890625,0,-199.5046995111763,0
8.027894375,442.82366943359375,162.44784545898438,492.199462890625,0,-207.26891048934903,0
8.031919064,442.82366943359375,162.44784545898438,492.199462890625,0,-193.589425837105,0
8.036100939,442.8235778808594,162.44781494140625,492.199462890625,0,-196.61630826496432,0
8.040035153,442.82366943359375,162.44784545898438,492.199462890625,0,-194.13986760295592,0
8.044018729,442.8233947753906,162.44773864746094,492.199462890625,0,-203.96178072626807,0
8.048162856,442.82366943359375,162.44784545898438,492.199462890625,0,-200.7303938752923,0
8.052146665,442.82366943359375,162.44784545898438,492.199462890625,0,-205.99607673353924,0
8.056002008,442.8235778808594,162.44781494140625,492.199462890625,0,-200.97234178838892,0
8.060313071,442.82366943359375,162.44784545898438,492.199462890625,0,-203.07066116400543,0
8.064363486,442.82366943359375,162.44784545898438,492.199462890625,0,-194.82332940250066,0
8.06816504,442.8235778808594,162.44781494140625,492.199462890625,0,-208.42316158459388,0
8.072622288,442.82366943359375,162.44784545898438,492.199462890625,0,-206.2908358669352,0
8.076352542,442.82366943359375,162.44784545898438,492.199462890625,0,-194.78698725211302,0
8.08025741,442.82354736328125,162.4477996826172,492.2001953125,0,-193.0744677999889,0
8.084483459,442.8235778808594,162.44781494140625,492.199462890625,0,-195.62374001645804,0
8.08840913,442.82354736328125,162.4477996826172,492.2001953125,0,-203.47731071346436,0
8.092407265,442.82366943359375,162.44784545898438,492.199462890625,0,-199.93250317394768,0
8.096577877,442.82366943359375,162.44784545898438,492.199462890625,0,-207.90230977527574,0
8.100511886,442.8233337402344,162.4477081298828,492.200927734375,0,-199.74836926776803,0
8.104436201,442.82366943359375,162.44784545898438,492.199462890625,0,-195.73456898659677,0
8.108683935,442.82354736328125,162.4477996826172,492.2001953125,0,-190.53151178809276,0
8.112775206,442.82342529296875,162.44775390625,492.2001953125,0,-205.74034628095552,0
8.116547147,442.823486328125,162.44793701171875,492.2001953125,0,-193.26541205407062,0
8.120566432,442.82366943359375,162.44784545898438,492.199462890625,0,-195.6407535322562,0
8.124706675,442.82366943359375,162.44784545898438,492.199462890625,0,-205.14035126789506,0
8.128602093,442.8230895996094,162.44761657714844,492.19873046875,0,-203.96284526433254,0
8.132931652,442.82293701171875,162.44757080078125,492.1994934082031,0,-199.14071756650674,0
8.136792309,442.8227844238281,162.447509765625,492.20025634765625,0,-191.56569247255837,0
8.140793852,442.82354736328125,162.4477996826172,492.2001953125,0,-191.8988620485614,0
8.144961299,442.8228759765625,162.44772338867188,492.1994934082031,0,-206.0275898014636,0
8.148887463,442.8230895996094,162.44761657714844,492.19873046875,0,-208.5051169518179,0
8.152875851,442.82293701171875,162.44757080078125,492.1994934082031,0,-199.40273195937425,0
8.157040349,442.82342529296875,162.44775390625,492.200927734375,0,-203.3210967159361,0
8.161121118,442.82354736328125,162.4477996826172,492.2001953125,0,-192.28892723001357,0
8.164943815,442.82354736328125,162.4477996826172,492.2001953125,0,-197.32053275171927,0
8.169128717,442.82293701171875,162.44757080078125,492.1994934082031,0,-209.95678663141436,0
8.17333299,442.82354736328125,162.4477996826172,492.2001953125,0,-207.52571965280714,0
8.177020969,442.82342529296875,162.44775390625,492.200927734375,0,-197.35033519024762,0
8.181338626,442.82354736328125,162.4477996826172,492.2001953125,0,-198.5004743946259,0
8.185168097,442.82354736328125,162.4477996826172,492.2001953125,0,-200.73031040498714,0
8.189136805,442.8230895996094,162.44761657714844,492.19873046875,0,-195.34447852386126,0
8.193385891,442.82293701171875,162.44757080078125,492.1994934082031,0,-196.55090499778288,0
8.197265765,442.8227844238281,162.447509765625,492.20025634765625,0,-195.7169085357521,0
8.201261036,442.8228454589844,162.44752502441406,492.1994934082031,0,-206.18206273556524,0
8.205477051999999,442.82293701171875,162.44757080078125,492.1994934082031,0,-193.77154062328026,0
8.209500374,442.8227844238281,162.447509765625,492.20025634765625,0,-207.4539621310843,0
8.213364761,442.8227844238281,162.447509765625,492.20025634765625,0,-196.2656747861285,0
8.217544404,442.82293701171875,162.44757080078125,492.1994934082031,0,-196.0801301996138,0
8.221495428,442.8227844238281,162.447509765625,492.20025634765625,0,-197.67336582881887,0
8.22541382,442.82293701171875,162.44757080078125,492.1994934082031,0,-205.84254837573215,0
8.229648856,442.82293701171875,162.44757080078125,492.1994934082031,0,-200.15040906243618,0
8.233609144,442.8227844238281,162.447509765625,492.20025634765625,0,-197.09283154203032,0
8.237545851,442.82293701171875,162.44757080078125,492.1994934082031,0,-205.0279538133816,0
8.241730793,442.8227844238281,162.447509765625,492.20025634765625,0,-201.58502948287784,0
8.245690933,442.8227844238281,162.447509765625,492.20025634765625,0,-192.7764337495348,0
8.249588213,442.82293701171875,162.44757080078125,492.1994934082031,0,-200.37862070698773,0
8.253909317,442.8227844238281,162.447509765625,492.20025634765625,0,-208.03039928255862,0
8.257883455,442.8227844238281,162.447509765625,492.20025634765625,0,-209.02287941296746,0
8.261754895,442.8229675292969,162.4475860595703,492.19873046875,0,-190.72224135404542,0
8.265992977,442.8228454589844,162.44752502441406,492.1994934082031,0,-196.18990908229193,0
8.269835865,442.8227844238281,162.447509765625,492.20025634765625,0,-202.44372503112362,0
8.274066549,442.8228454589844,162.44752502441406,492.1994934082031,0,-191.62545310823995,0
8.278023246,442.8227844238281,162.447509765625,492.20025634765625,0,-194.06099660194994,0
8.281963526,442.8227844238281,162.447509765625,492.20025634765625,0,-208.47166350198466,0
8.285909885,442.8227844238281,162.447509765625,492.20025634765625,0,-190.15179570261736,0
8.290092924,442.82293701171875,162.44757080078125,492.1994934082031,0,-190.94151412378446,0
8.294107109,442.82293701171875,162.44757080078125,492.1994934082031,0,-197.34848326217713,0
8.297971567,442.82293701171875,162.44757080078125,492.1994934082031,0,-190.45723466415734,0
8.302232548,442.8228454589844,162.44752502441406,492.1994934082031,0,-198.69802550443325,0
8.306301776,442.82269287109375,162.44747924804688,492.20025634765625,0,-204.88446689617336,0
8.310098804999999,442.8227844238281,162.447509765625,492.20025634765625,0,-198.22165042891126,0
8.31432436,442.8227844238281,162.447509765625,492.20025634765625,0,-201.59993978584305,0
8.318215803,442.82293701171875,162.44757080078125,492.1994934082031,0,-207.42149631740656,0
8.322186062,442.82293701171875,162.44757080078125,492.1994934082031,0,-203.34881038315703,0
8.326418645,442.8227844238281,162.447509765625,492.20025634765625,0,-205.61129498026747,0
8.330335287,442.82293701171875,162.44757080078125,492.1994934082031,0,-209.95761662405195,0
8.334358748,442.8228454589844,162.44752502441406,492.1994934082031,0,-200.6294281761564,0
8.338469721,442.8227844238281,162.447509765625,492.20025634765625,0,-202.45342947286258,0
8.342423248,442.82269287109375,162.44747924804688,492.20025634765625,0,-200.3022444738105,0
8.346370782,442.8228454589844,162.44752502441406,492.1994934082031,0,-199.65944464541408,0
8.350702694,442.8227844238281,162.447509765625,492.20025634765625,0,-197.0994967027767,0
8.354709461,442.82269287109375,162.44747924804688,492.20025634765625,0,-201.9352774836182,0
8.358482439,442.82293701171875,162.44757080078125,492.1994934082031,0,-201.05676377280875,0
8.362719287000001,442.8228454589844,162.44752502441406,492.1994934082031,0,-200.88063195872908,0
8.366637893,442.8226318359375,162.4474639892578,492.1994934082031,0,-209.8281488923812,0
8.370527995,442.82293701171875,162.44757080078125,492.1994934082031,0,-203.47912755817399,0
8.375068842,442.8228454589844,162.44752502441406,492.1994934082031,0,-192.38345072086145,0
8.378723711,442.82293701171875,162.44757080078125,492.1994934082031,0,-198.79059613497157,0
8.382706547,442.82293701171875,162.44757080078125,492.1994934082031,0,-203.27676189862396,0
8.386895428,442.8230895996094,162.44761657714844,492.19873046875,0,-194.33774252279727,0
8.390864836,442.82269287109375,162.44747924804688,492.20025634765625,0,-198.05808883980893,0
8.39483907,442.8227844238281,162.447509765625,492.20025634765625,0,-196.56076040832482,0
8.399053327,442.8227844238281,162.447509765625,492.20025634765625,0,-200.58114552445699,0
8.402975018,442.8227844238281,162.447509765625,492.20025634765625,0,-207.84678899694552,0
8.406807282,442.82269287109375,162.44747924804688,492.20025634765625,0,-193.4703253013642,0
8.410990803,442.82269287109375,162.44747924804688,492.20025634765625,0,-201.31091956470405,0
8.414955987,442.82269287109375,162.44747924804688,492.20025634765625,0,-194.40842330647675,0
8.418867348,442.82293701171875,162.44757080078125,492.1994934082031,0,-203.7214023432369,0
8.423100895,442.82293701171875,162.44757080078125,492.1994934082031,0,-201.5460317027495,0
8.427026257,442.8224792480469,162.44740295410156,492.20025634765625,0,-209.62171342369788,0
8.431053341,442.82293701171875,162.44757080078125,492.1994934082031,0,-200.72514425791485,0
8.435338567,442.82293701171875,162.44757080078125,492.1994934082031,0,-201.16887249987022,0
8.439188703,442.82269287109375,162.44747924804688,492.20025634765625,0,-190.33368795401256,0
8.443147952,442.82269287109375,162.44747924804688,492.20025634765625,0,-208.4245981542691,0
8.447400707,442.82269287109375,162.44747924804688,492.20025634765625,0,-208.6043222602773,0
8.451423117,442.82293701171875,162.44757080078125,492.1994934082031,0,-191.3994090202092,0
8.455370166,442.8228454589844,162.44752502441406,492.1994934082031,0,-196.23046517473782,0
8.459452742,442.8224792480469,162.44740295410156,492.20025634765625,0,-208.62815640037678,0
8.463421498,442.8227844238281,162.447509765625,492.20025634765625,0,-206.3066979141691,0
8.467368829,442.8224792480469,162.44740295410156,492.20025634765625,0,-207.40343533006376,0
8.471569407,442.82269287109375,162.44747924804688,492.20025634765625,0,-193.35276848244,0
8.475880103,442.82293701171875,162.44757080078125,492.1994934082031,0,-206.95440417154083,0
8.479460463,442.82269287109375,162.44747924804688,492.20025634765625,0,-200.23042152469134,0
8.483667055,442.82269287109375,162.44747924804688,492.20025634765625,0,-204.65837609588868,0
8.487693664,442.82269287109375,162.44747924804688,492.20025634765625,0,-190.23112696426145,0
8.491527086,442.8228454589844,162.44752502441406,492.1994934082031,0,-200.52436740025843,0
8.49586505,442.8228454589844,162.44752502441406,492.1994934082031,0,-193.0064757421265,0
8.499805564,442.82293701171875,162.44757080078125,492.1994934082031,0,-200.1667676654081,0
8.503674701,442.8228454589844,162.44752502441406,492.1994934082031,0,-207.27373826017035,0
8.507874614,442.8226318359375,162.4474639892578,492.1994934082031,0,-204.1205018165971,0
8.511783726,442.8227844238281,162.447509765625,492.20025634765625,0,-190.77100384959792,0
8.515778674,442.8224792480469,162.44740295410156,492.20025634765625,0,-198.29276726451994,0
8.519953709,442.82269287109375,162.44747924804688,492.20025634765625,0,-206.6629751320957,0
8.523906086,442.82269287109375,162.44747924804688,492.20025634765625,0,-202.05348310762835,0
8.527830741,442.8227844238281,162.447509765625,492.20025634765625,0,-205.02159827435017,0
8.532031211,442.8224792480469,162.44740295410156,492.20025634765625,0,-201.357706671083,0
8.536007056999999,442.82269287109375,162.44747924804688,492.20025634765625,0,-207.51288523000133,0
8.539907115,442.8224792480469,162.44740295410156,492.20025634765625,0,-208.7852555668642,0
8.544185552,442.8227844238281,162.447509765625,492.20025634765625,0,-204.44929555420597,0
8.54820522,442.8228454589844,162.44752502441406,492.1994934082031,0,-206.57004250131826,0
8.552022386,442.8226318359375,162.4474639892578,492.1994934082031,0,-204.71458938926034,0
8.556243183,442.8227844238281,162.447509765625,492.20025634765625,0,-194.41684619393646,0
8.560209107,442.8226318359375,162.4474639892578,492.1994934082031,0,-199.652505522386,0
8.564139867,442.8224792480469,162.44740295410156,492.20025634765625,0,-208.82117371241284,0
8.56834571,442.82269287109375,162.44747924804688,492.20025634765625,0,-193.8952087182649,0
8.572260725,442.8224792480469,162.44740295410156,492.20025634765625,0,-205.3155766142557,0
8.576482207,442.8227844238281,162.447509765625,492.20025634765625,0,-201.550104845948,0
8.580447125,442.8227844238281,162.447509765625,492.20025634765625,0,-199.929388530021,0
8.584333213,442.8224792480469,162.44740295410156,492.20025634765625,0,-208.9081897470937,0
8.588306704,442.8224792480469,162.44740295410156,492.20025634765625,0,-201.0958511981852,0
8.59252542,442.8224792480469,162.44740295410156,492.20025634765625,0,-195.9560865823397,0
8.596633527,442.8227844238281,162.447509765625,492.20025634765625,0,-199.66741161399557,0
8.600415166,442.8226318359375,162.4474639892578,492.1994934082031,0,-200.9653673540563,0
8.60463616,442.8228454589844,162.44752502441406,492.1994934082031,0,-203.9730096745992,0
8.608549542,442.82269287109375,162.44747924804688,492.20025634765625,0,-191.4930099662391,0
8.612477338,442.8226318359375,162.4474639892578,492.1994934082031,0,-199.6407945117419,0
8.616814304,442.8226318359375,162.4474639892578,492.1994934082031,0,-203.88346901462705,0
8.62062735,442.8226318359375,162.4474639892578,492.1994934082031,0,-195.7826960584542,0
8.624611712,442.82293701171875,162.44757080078125,492.1994934082031,0,-200.35231326384203,0
8.6288108,442.8224792480469,162.44740295410156,492.20025634765625,0,-190.92696082504798,0
8.632740973,442.8224792480469,162.44740295410156,492.20025634765625,0,-199.76907763982683,0
8.636733964,442.8226318359375,162.4474639892578,492.1994934082031,0,-206.3493095894157,0
8.640923046,442.8226318359375,162.4474639892578,492.1994934082031,0,-207.96085980100943,0
8.645047528,442.8228454589844,162.44752502441406,492.1994934082031,0,-196.4723635374493,0
8.648822399,442.82269287109375,162.44747924804688,492.20025634765625,0,-195.3870194741794,0
8.652990549,442.8224792480469,162.44740295410156,492.20025634765625,0,-193.5490868506196,0
8.656969862,442.8224792480469,162.44740295410156,492.20025634765625,0,-192.65096759430483,0
8.660888029,442.8226318359375,162.4474639892578,492.1994934082031,0,-205.92543389054987,0
8.665128763,442.8226318359375,162.4474639892578,492.1994934082031,0,-199.3576588027077,0
8.669045167,442.8224792480469,162.44740295410156,492.20025634765625,0,-198.35533679270816,0
8.672993833,442.8224792480469,162.44740295410156,492.20025634765625,0,-197.53067512973504,0
8.677495337,442.8226318359375,162.4474639892578,492.1994934082031,0,-198.93061646428143,0
8.68112073,442.8224792480469,162.44740295410156,492.20025634765625,0,-194.44683336299286,0
8.685091558,442.8224792480469,162.44740295410156,492.20025634765625,0,-202.09062259235867,0
8.689319141,442.8224792480469,162.44740295410156,492.20025634765625,0,-206.7550743788758,0
8.693341118,442.8226318359375,162.4474639892578,492.1994934082031,0,-209.22931643171685,0
8.697233538,442.8226318359375,162.4474639892578,492.1994934082031,0,-190.2757115748434,0
8.701365193,442.8226318359375,162.4474639892578,492.1994934082031,0,-192.5708211744051,0
8.705298867,442.8226318359375,162.4474639892578,492.1994934082031,0,-205.11497017693077,0
8.709276764,442.82269287109375,162.44747924804688,492.20025634765625,0,-192.41476864014922,0
8.713486808,442.8227844238281,162.447509765625,492.19873046875,0,-198.775806590601,0
8.71749689,442.8226318359375,162.4474639892578,492.1994934082031,0,-200.96299912000882,0
8.721371246,442.8224792480469,162.44740295410156,492.20025634765625,0,-201.48573090546464,0
8.7255927,442.8224792480469,162.44740295410156,492.20025634765625,0,-207.2133511529608,0
8.729596052,442.8224792480469,162.44740295410156,492.20025634765625,0,-191.37262662043054,0
8.733457512,442.8226318359375,162.4474639892578,492.1994934082031,0,-208.5498835514855,0
8.73778994,442.8228454589844,162.44752502441406,492.1994934082031,0,-200.4323333438706,0
8.741720594,442.8224792480469,162.44740295410156,492.20025634765625,0,-208.23976855052808,0
8.745596575,442.8224792480469,162.44740295410156,492.20025634765625,0,-192.08237318291077,0
8.749603133,442.8226318359375,162.4474639892578,492.1994934082031,0,-201.48618380367256,0
8.753727211,442.8226318359375,162.4474639892578,492.1994934082031,0,-198.60106308346943,0
8.757732477,442.8226318359375,162.4474639892578,492.1994934082031,0,-205.27242837814384,0
8.761884296,442.8224792480469,162.44740295410156,492.20025634765625,0,-207.3914429565399,0
8.765844964,442.8224792480469,162.44740295410156,492.20025634765625,0,-194.3582776242316,0
8.769795392,442.8224792480469,162.44740295410156,492.20025634765625,0,-208.89277379628345,0
8.773964577,442.8226318359375,162.4474639892578,492.1994934082031,0,-198.55906502419634,0
8.778150525000001,442.8226318359375,162.4474639892578,492.1994934082031,0,-209.41632774782443,0
8.781845737,442.8226318359375,162.4474639892578,492.1994934082031,0,-203.80252919831878,0
8.786091471,442.8224792480469,162.44740295410156,492.20025634765625,0,-195.25153719844178,0
8.790131314,442.8226318359375,162.4474639892578,492.1994934082031,0,-195.13101656749018,0
8.793960724,442.8224792480469,162.44740295410156,492.20025634765625,0,-205.52092856416266,0
8.798200415,442.8226318359375,162.4474639892578,492.1994934082031,0,-201.7921885871498,0
8.802083382,442.8226318359375,162.4474639892578,492.1994934082031,0,-200.503003266488,0
8.806049838,442.8226318359375,162.4474639892578,492.1994934082031,0,-194.9246166932127,0
8.810294768,442.8226318359375,162.4474639892578,492.1994934082031,0,-190.37537465153002,0
8.814204108,442.8226318359375,162.4474639892578,492.1994934082031,0,-196.77662997951634,0
8.81819217,442.82244873046875,162.4473876953125,492.1994934082031,0,-198.9973378252784,0
8.822332324,442.8226318359375,162.4474639892578,492.1994934082031,0,-203.9222437395709,0
8.826299561,442.8224792480469,162.44740295410156,492.20025634765625,0,-209.25060544475696,0
8.830234742,442.8224792480469,162.44740295410156,492.20025634765625,0,-194.08057856525187,0
8.834512453,442.8224792480469,162.44740295410156,492.20025634765625,0,-201.18182064912628,0
8.838555384,442.8224792480469,162.44740295410156,492.20025634765625,0,-205.11665336563965,0
8.842324034,442.8224792480469,162.44740295410156,492.20025634765625,0,-201.92243085878857,0
8.846558326,442.8224792480469,162.44740295410156,492.20025634765625,0,-199.55314175879033,0
8.850491636,442.8226318359375,162.4474639892578,492.1994934082031,0,-195.5332474668242,0
8.854451343000001,442.8226318359375,162.4474639892578,492.1994934082031,0,-199.979660282512,0
8.858735583,442.8228454589844,162.44752502441406,492.1994934082031,0,-201.27226743008504,0
8.862560989,442.8228454589844,162.44752502441406,492.1994934082031,0,-205.2424085814999,0
8.86654605,442.8226318359375,162.4474639892578,492.1994934082031,0,-199.8695822942315,0
8.870779042,442.8226318359375,162.4474639892578,492.1994934082031,0,-191.71245584020522,0
8.874719714,442.8226318359375,162.4474639892578,492.1994934082031,0,-202.97294740581796,0
8.878611579,442.8226318359375,162.4474639892578,492.1994934082031,0,-205.42712674541374,0
8.882851982,442.8226318359375,162.4474639892578,492.1994934082031,0,-205.47445983969723,0
8.88691375,442.8224792480469,162.44740295410156,492.20025634765625,0,-196.15000915945552,0
8.890764772,442.8224792480469,162.44740295410156,492.20025634765625,0,-201.11478264515102,0
8.894921955000001,442.8224792480469,162.44740295410156,492.20025634765625,0,-195.0414574862457,0
8.898895542,442.8224792480469,162.44740295410156,492.20025634765625,0,-191.8328671841911,0
8.902803552,442.8226318359375,162.4474639892578,492.1994934082031,0,-200.43058820572293,0
8.907079771,442.82244873046875,162.4473876953125,492.1994934082031,0,-194.081044856277,0
8.910979694,442.8226318359375,162.4474639892578,492.1994934082031,0,-190.21158194853922,0
8.914921099,442.8226318359375,162.4474639892578,492.1994934082031,0,-209.136638038558,0
8.919174019,442.8224792480469,162.44740295410156,492.20025634765625,0,-207.7261466217167,0
8.923050617,442.8224792480469,162.44740295410156,492.20025634765625,0,-198.48923641553822,0
8.926995242,442.8224792480469,162.44740295410156,492.20025634765625,0,-195.7631494587154,0
8.931240475,442.8224792480469,162.44740295410156,492.20025634765625,0,-191.64659131708578,0
8.93527287,442.8226318359375,162.4474639892578,492.1994934082031,0,-195.20028836046285,0
8.939302689,442.8226318359375,162.4474639892578,492.1994934082031,0,-194.2866954929466,0
8.943311103,442.8226318359375,162.4474639892578,492.1994934082031,0,-202.76028470765746,0
8.947279371,442.82244873046875,162.4473876953125,492.1994934082031,0,-198.46001338759396,0
8.951255628,442.8222961425781,162.44732666015625,492.20025634765625,0,-205.41154382143756,0
8.955414336,442.8224792480469,162.44740295410156,492.20025634765625,0,-207.9007057026148,0
8.959422708,442.8224792480469,162.44740295410156,492.20025634765625,0,-201.08304919409736,0
8.963301035,442.8226318359375,162.4474639892578,492.1994934082031,0,-194.28734835959384,0
8.967554646,442.8226318359375,162.4474639892578,492.1994934082031,0,-190.22381029186926,0
8.971463576,442.8226318359375,162.4474639892578,492.1994934082031,0,-205.3384191613887,0
8.975371566,442.8226318359375,162.4474639892578,492.1994934082031,0,-204.99069737261433,0
8.97993887,442.8224792480469,162.44740295410156,492.20025634765625,0,-199.88513583548203,0
8.983659847,442.82244873046875,162.4473876953125,492.1994934082031,0,-201.41326778789934,0
8.987557593,442.8226318359375,162.4474639892578,492.1994934082031,0,-198.7557978543393,0
8.991726486,442.82269287109375,162.44747924804688,492.20025634765625,0,-204.0391188823173,0
8.995647518,442.8224792480469,162.44740295410156,492.20025634765625,0,-203.88859058644695,0
8.99963249,442.8226318359375,162.4474639892578,492.1994934082031,0,-191.35351596216822,0
9.003828045,442.8226318359375,162.4474639892578,492.1994934082031,0,-192.0602056543355,0
9.007780393,442.8224792480469,162.44740295410156,492.20025634765625,0,-202.50592041872014,0
9.011703102,442.8224792480469,162.44740295410156,492.20025634765625,0,-194.73500252776253,0
9.015893033,442.8226318359375,162.4474639892578,492.1994934082031,0,-190.52111460141768,0
9.019870592,442.8224792480469,162.44740295410156,492.20025634765625,0,-196.0174432140201,0
9.023804377,442.8226318359375,162.4474639892578,492.1994934082031,0,-198.09109142937552,0
9.02800864,442.8224792480469,162.44740295410156,492.20025634765625,0,-205.32646082215084,0
9.032057968,442.8222961425781,162.44732666015625,492.20025634765625,0,-208.54512286706026,0
9.035886237,442.8224792480469,162.44740295410156,492.20025634765625,0,-207.93219032089235,0
9.040139791,442.8226318359375,162.4474639892578,492.1994934082031,0,-207.5966651876461,0
9.044047052,442.8224792480469,162.44740295410156,492.20025634765625,0,-204.0576320616279,0
9.047986474,442.8224792480469,162.44740295410156,492.20025634765625,0,-195.9598628523741,0
9.052212646,442.82244873046875,162.4473876953125,492.1994934082031,0,-205.05548872587542,0
9.056098534,442.8226318359375,162.4474639892578,492.1994934082031,0,-195.9026062123745,0
9.060133333,442.8224792480469,162.44740295410156,492.20025634765625,0,-209.1211945415641,0
9.064301735,442.8222961425781,162.44732666015625,492.20025634765625,0,-205.72170538760525,0
9.068232531,442.8224792480469,162.44740295410156,492.20025634765625,0,-194.33821424973962,0
9.072200751,442.8226318359375,162.4474639892578,492.1994934082031,0,-198.4836561773535,0
9.076385847,442.8226318359375,162.4474639892578,492.1994934082031,0,-193.4536799323758,0
9.080735941,442.8227844238281,162.447509765625,492.19873046875,0,-191.76252478018043,0
9.084265492,442.8226318359375,162.4474639892578,492.1994934082031,0,-207.05504625996093,0
9.08848636,442.8222961425781,162.44732666015625,492.20025634765625,0,-192.4235982055323,0
9.092420525,442.8224792480469,162.44740295410156,492.20025634765625,0,-201.98359781739848,0
9.096342706,442.8224792480469,162.44740295410156,492.20025634765625,0,-196.53110426608063,0
9.100580384,442.8222961425781,162.44732666015625,492.20025634765625,0,-193.03687815039626,0
9.104519062,442.8224792480469,162.44740295410156,492.20025634765625,0,-208.21122065443163,0
9.108530771,442.8226318359375,162.4474639892578,492.1994934082031,0,-193.66517885391684,0
9.112667219,442.82257080078125,162.4474334716797,492.19873046875,0,-194.3678102856719,0
9.11659367,442.82232666015625,162.4473419189453,492.1994934082031,0,-199.45910424943955,0
9.12052373,442.8224792480469,162.44740295410156,492.20025634765625,0,-201.9177423318757,0
9.124766919,442.8224792480469,162.44740295410156,492.20025634765625,0,-206.26693088240512,0
9.128911201,442.8222961425781,162.44732666015625,492.20025634765625,0,-190.39549137252015,0
9.132666504,442.8224792480469,162.44740295410156,492.20025634765625,0,-204.65941752288654,0
9.136859098,442.8226318359375,162.4474639892578,492.1994934082031,0,-196.06708299564065,0
9.140836346,442.82244873046875,162.4473876953125,492.1994934082031,0,-196.8352092213565,0
9.144768519,442.8224792480469,162.44740295410156,492.20025634765625,0,-203.2879196489418,0
