time,feedback_position_x,feedback_position_y,feedback_position_z,setpoint_speed_z,setpoint_speed_y,setpoint_speed_z
0.004239146,466.8299865722656,556.3560180664063,497.4930419921875,0,-200,0
0.008094421,466.8299865722656,556.3560180664063,497.4930419921875,0,-200,0
0.012623841,466.8302001953125,556.3558349609375,497.4930419921875,0,-200,0
0.016630265,466.8299865722656,556.3560180664063,497.4930419921875,0,-200,0
0.020346724,466.8302001953125,556.3558349609375,497.4930419921875,0,-200,0
0.024298865,466.83026123046875,556.3557739257813,497.4930419921875,0,-200,0
0.028686449,466.8287353515625,556.3544921875,497.49090576171875,0,-200,0
0.032565744,466.8437194824219,556.3267822265625,497.4906005859375,0,-200,0
0.036384125,466.8920593261719,556.2646484375,497.53094482421875,0,-200,0
0.040967275,466.9512023925781,556.13818359375,497.594482421875,0,-200,0
0.044823142,467.0151062011719,555.9526977539063,497.6629333496094,0,-200,0
0.048849169,467.081298828125,555.7083740234375,497.7367248535156,0,-200,0
0.053095347,467.14794921875,555.3843994140625,497.8250427246094,0,-200,0
0.056983479,467.2020263671875,554.9689331054688,497.90411376953125,0,-200,0
0.060887545,467.21075439453125,554.4989624023438,497.9114990234375,0,-200,0
0.065118422,467.1541442871094,554.0170288085938,497.8461608886719,0,-200,0
0.069033806,467.0624694824219,553.48388671875,497.76434326171875,0,-200,0
0.073046869,466.9820251464844,552.8606567382813,497.7054138183594,0,-200,0
0.077324202,466.91241455078125,552.1642456054688,497.6258239746094,0,-200,0
0.08115505,466.8352355957031,551.4281005859375,497.5129699707031,0,-200,0
0.085065978,466.7764587402344,550.6610107421875,497.45343017578125,0,-200,0
0.089331852,466.7522277832031,549.836181640625,497.4517517089844,0,-200,0
0.093221579,466.7544860839844,548.9866333007813,497.4519348144531,0,-200,0
0.097186672,466.7492370605469,548.1439208984375,497.4282531738281,0,-200,0
0.10153402,466.745849609375,547.3177490234375,497.42645263671875,0,-200,0
0.105354169,466.7439880371094,546.4935913085938,497.4472961425781,0,-200,0
0.109285245,466.753173828125,545.6636962890625,497.4787902832031,0,-200,0
0.113785809,466.7611083984375,544.8424072265625,497.50848388671875,0,-200,0
0.1173925,466.7518005371094,544.0298461914063,497.5259094238281,0,-200,0
0.121383366,466.744873046875,543.21923828125,497.555908203125,0,-200,0
0.125649031,466.7320251464844,542.412353515625,497.57781982421875,0,-200,0
0.129557227,466.7103271484375,541.6104736328125,497.5810241699219,0,-200,0
0.133502601,466.6791076660156,540.8094482421875,497.5710144042969,0,-200,0
0.137682907,466.6439208984375,540.0103149414063,497.5614318847656,0,-200,0
0.141568237,466.61322021484375,539.2042236328125,497.52923583984375,0,-200,0
0.145565006,466.58721923828125,538.3965454101563,497.4925231933594,0,-200,0
0.149806023,466.564697265625,537.5911254882813,497.4603576660156,0,-200,0
0.153756145,466.54339599609375,536.7811889648438,497.43096923828125,0,-200,0
0.157651475,466.5243225097656,535.9719848632813,497.4018249511719,0,-200,0
0.16192539,466.49981689453125,535.165283203125,497.3753967285156,0,-200,0
0.165740553,466.4721374511719,534.359375,497.36761474609375,0,-200,0
0.169777656,466.4454345703125,533.5528564453125,497.3573303222656,0,-200,0
0.174160714,466.421142578125,532.74853515625,497.3474426269531,0,-200,0
0.177928939,466.3984375,531.9430541992188,497.3430480957031,0,-200,0
0.181824713,466.38568115234375,531.130859375,497.3497314453125,0,-200,0
0.18618496,466.37701416015625,530.31640625,497.3705139160156,0,-200,0
0.189994699,466.37396240234375,529.4985961914063,497.391845703125,0,-200,0
0.193983394,466.37396240234375,528.6795043945313,497.40625,0,-200,0
0.198181288,466.3755187988281,527.8544921875,497.4151916503906,0,-200,0
0.202108852,466.3717956542969,527.032958984375,497.425537109375,0,-200,0
0.206027882,466.3613586425781,526.2155151367188,497.4236755371094,0,-200,0
0.210307537,466.34991455078125,525.4014282226563,497.42352294921875,0,-200,0
0.214415991,466.3331298828125,524.5917358398438,497.421630859375,0,-200,0
0.218162585,466.3073425292969,523.78662109375,497.4103088378906,0,-200,0
0.222443765,466.279296875,522.9862670898438,497.39349365234375,0,-200,0
0.22630279,466.2490539550781,522.1858520507813,497.3821105957031,0,-200,0
0.230249818,466.21990966796875,521.3829956054688,497.36663818359375,0,-200,0
0.234557709,466.1950378417969,520.5751953125,497.3432312011719,0,-200,0
0.238330434,466.1761474609375,519.771484375,497.33074951171875,0,-200,0
0.242324441,466.1552429199219,518.962890625,497.3204650878906,0,-200,0
0.246530113,466.1358337402344,518.1605224609375,497.317626953125,0,-200,0
0.250495979,466.1164855957031,517.3524169921875,497.3115234375,0,-200,0
0.254428935,466.0960388183594,516.54443359375,497.29083251953125,0,-200,0
0.258672888,466.0777587890625,515.73828125,497.2770690917969,0,-200,0
0.262523079,466.0523376464844,514.9306030273438,497.26580810546875,0,-200,0
0.266551997,466.0346374511719,514.1258544921875,497.27484130859375,0,-200,0
0.270994735,466.02142333984375,513.3145141601563,497.2694396972656,0,-200,0
0.274766442,466.0101623535156,512.4998168945313,497.2645568847656,0,-200,0
0.278599705,466.0041198730469,511.6824951171875,497.26885986328125,0,-200,0
0.282885599,465.9958190917969,510.8630676269531,497.2735595703125,0,-200,0
0.286734374,465.98577880859375,510.050048828125,497.2777404785156,0,-200,0
0.290748078,465.97174072265625,509.23406982421875,497.2798767089844,0,-200,0
0.29499584,465.95611572265625,508.4227294921875,497.2867431640625,0,-200,0
0.298887744,465.9410705566406,507.6142578125,497.2870178222656,0,-200,0
0.302804819,465.9251708984375,506.8041076660156,497.28277587890625,0,-200,0
0.307064525,465.9100341796875,505.9977722167969,497.2879333496094,0,-200,0
0.31095294,465.8905334472656,505.1886901855469,497.2823181152344,0,-200,0
0.315208817,465.8656921386719,504.3887939453125,497.2773742675781,0,-200,0
0.319242804,465.83648681640625,503.5885009765625,497.2550964355469,0,-200,0
0.323054885,465.81256103515625,502.78466796875,497.2430114746094,0,-200,0
0.327006543,465.7940979003906,501.9803161621094,497.2451477050781,0,-200,0
0.331287513,465.77362060546875,501.1731872558594,497.2317199707031,0,-200,0
0.335144029,465.7582702636719,500.3663330078125,497.21087646484375,0,-200,0
0.33909022,465.7388610839844,499.561279296875,497.1903381347656,0,-200,0
0.343296043,465.72100830078125,498.7506103515625,497.1737365722656,0,-200,0
0.347271952,465.7046813964844,497.9400634765625,497.1690673828125,0,-200,0
0.351200216,465.68560791015625,497.130859375,497.16070556640625,0,-200,0
0.355494094,465.6734619140625,496.320068359375,497.15423583984375,0,-200,0
0.359293782,465.662353515625,495.5069580078125,497.1490783691406,0,-200,0
0.363285372,465.65545654296875,494.69403076171875,497.15234375,0,-200,0
0.367641937,465.6462097167969,493.8780517578125,497.1572570800781,0,-200,0
0.371490413,465.6374206542969,493.0650634765625,497.16375732421875,0,-200,0
0.37549521,465.6258544921875,492.2550964355469,497.1741027832031,0,-200,0
0.379583384,465.6111145019531,491.4451904296875,497.1817932128906,0,-200,0
0.383480317,465.5965576171875,490.63787841796875,497.18524169921875,0,-200,0
0.387496877,465.5819396972656,489.8327331542969,497.1914367675781,0,-200,0
0.391716848,465.5643615722656,489.02496337890625,497.1954345703125,0,-200,0
0.395705539,465.5464172363281,488.2154235839844,497.19110107421875,0,-200,0
0.39958061,465.525146484375,487.4112243652344,497.1746520996094,0,-200,0
0.403823659,465.50067138671875,486.61065673828125,497.16009521484375,0,-200,0
0.407662843,465.4763488769531,485.8060607910156,497.1463317871094,0,-200,0
0.41170754,465.454345703125,485.0005798339844,497.1343994140625,0,-200,0
0.416296802,465.43695068359375,484.19293212890625,497.1195373535156,0,-200,0
0.419844115,465.41986083984375,483.38519287109375,497.09814453125,0,-200,0
0.423746122,465.400634765625,482.579345703125,497.0752868652344,0,-200,0
0.428060103,465.3824768066406,481.77880859375,497.06842041015625,0,-200,0
0.431887436,465.3636474609375,480.97247314453125,497.06878662109375,0,-200,0
0.43591084,465.3541564941406,480.1614074707031,497.0663146972656,0,-200,0
0.440096944,465.3425598144531,479.3524475097656,497.0632019042969,0,-200,0
0.444025833,465.32720947265625,478.5419616699219,497.0590515136719,0,-200,0
0.447978471,465.310302734375,477.73583984375,497.063232421875,0,-200,0
0.452215306,465.2953186035156,476.9275207519531,497.0656433105469,0,-200,0
0.456113738,465.2771911621094,476.1202697753906,497.06640625,0,-200,0
0.460062888,465.2640380859375,475.31121826171875,497.07025146484375,0,-200,0
0.464364675,465.25115966796875,474.4982604980469,497.074462890625,0,-200,0
0.468252702,465.2391662597656,473.68505859375,497.07257080078125,0,-200,0
0.472162777,465.2229309082031,472.8771057128906,497.06146240234375,0,-200,0
0.476448822,465.20440673828125,472.07183837890625,497.0633544921875,0,-200,0
0.480338412,465.1922302246094,471.2635498046875,497.0650939941406,0,-200,0
0.48425389,465.1728210449219,470.4565734863281,497.057373046875,0,-200,0
0.488482303,465.15643310546875,469.6539611816406,497.0475158691406,0,-200,0
0.492433716,465.1416320800781,468.8517150878906,497.0451354980469,0,-200,0
0.49636922,465.1198425292969,468.0430908203125,497.0377502441406,0,-200,0
0.500569844,465.1053466796875,467.2385559082031,497.03729248046875,0,-200,0
0.504457436,465.0860290527344,466.4341125488281,497.0216979980469,0,-200,0
0.508439849,465.0633544921875,465.6285705566406,497.00006103515625,0,-200,0
0.512831328,465.049560546875,464.8253173828125,496.9861145019531,0,-200,0
0.516894607,465.03338623046875,464.0166015625,496.9753112792969,0,-200,0
0.520534011,465.0194396972656,463.2017822265625,496.96759033203125,0,-200,0
0.52482584,465.00640869140625,462.392822265625,496.96417236328125,0,-200,0
0.52864636,464.9883117675781,461.58282470703125,496.9472961425781,0,-200,0
0.532656079,464.9742431640625,460.77587890625,496.94586181640625,0,-200,0
0.536903103,464.9571533203125,459.9704284667969,496.9461975097656,0,-200,0
0.540825231,464.9428405761719,459.15985107421875,496.9478454589844,0,-200,0
0.544734435,464.9298095703125,458.350830078125,496.9518127441406,0,-200,0
0.548987322,464.9179992675781,457.5420837402344,496.956298828125,0,-200,0
0.552879126,464.9039001464844,456.73443603515625,496.96197509765625,0,-200,0
0.556900714,464.8915710449219,455.9286193847656,496.97369384765625,0,-200,0
0.561197008,464.87249755859375,455.1231994628906,496.97216796875,0,-200,0
0.565081621,464.8572082519531,454.3194274902344,496.9742431640625,0,-200,0
0.568929146,464.84307861328125,453.5158996582031,496.9804992675781,0,-200,0
0.573201274,464.8214111328125,452.7077941894531,496.9642333984375,0,-200,0
0.577072604,464.7997131347656,451.90521240234375,496.94537353515625,0,-200,0
0.581029481,464.77825927734375,451.1051330566406,496.93438720703125,0,-200,0
0.585211173,464.7574768066406,450.2968444824219,496.9202575683594,0,-200,0
0.58919304,464.7442932128906,449.4861755371094,496.91607666015625,0,-200,0
0.593099718,464.724853515625,448.6815490722656,496.90191650390625,0,-200,0
0.597412174,464.7042236328125,447.87701416015625,496.8793640136719,0,-200,0
0.601229743,464.6836853027344,447.0778503417969,496.86358642578125,0,-200,0
0.605213973,464.6636962890625,446.2742919921875,496.85443115234375,0,-200,0
0.609558456,464.6484680175781,445.4647216796875,496.8554382324219,0,-200,0
0.61339401,464.6390380859375,444.6545104980469,496.8546447753906,0,-200,0
0.617554027,464.6280517578125,443.8458557128906,496.85107421875,0,-200,0
0.621557117,464.6162109375,443.041259765625,496.8562927246094,0,-200,0
0.625397937,464.6018371582031,442.2356262207031,496.8633728027344,0,-200,0
0.629421474,464.58880615234375,441.4283752441406,496.86810302734375,0,-200,0
0.63362857,464.5774841308594,440.6191101074219,496.8699951171875,0,-200,0
0.637603609,464.5653991699219,439.8105163574219,496.8726501464844,0,-200,0
0.641481601,464.5499572753906,439.0010070800781,496.8710021972656,0,-200,0
0.645741647,464.5321044921875,438.18896484375,496.86883544921875,0,-200,0
0.649681063,464.51422119140625,437.38751220703125,496.86932373046875,0,-200,0
0.653616556,464.4956970214844,436.5843811035156,496.85797119140625,0,-200,0
0.65803913,464.4759826660156,435.7780456542969,496.8529052734375,0,-200,0
0.661753218,464.4604797363281,434.9729919433594,496.8515319824219,0,-200,0
0.665664664,464.44110107421875,434.164794921875,496.8387451171875,0,-200,0
0.670031271,464.4247131347656,433.3616943359375,496.8249206542969,0,-200,0
0.67382184,464.40667724609375,432.5559387207031,496.8096923828125,0,-200,0
0.677877821,464.39129638671875,431.7540283203125,496.8087158203125,0,-200,0
0.682006519,464.3741455078125,430.95184326171875,496.8067932128906,0,-200,0
0.685955368,464.3595275878906,430.1443176269531,496.79656982421875,0,-200,0
0.689881272,464.3446350097656,429.33795166015625,496.7830505371094,0,-200,0
0.69411411,464.33349609375,428.5290222167969,496.7760009765625,0,-200,0
0.698058634,464.32080078125,427.7200012207031,496.7685241699219,0,-200,0
0.70201357,464.30682373046875,426.9112548828125,496.7654113769531,0,-200,0
0.706299542,464.2914123535156,426.1075134277344,496.7697448730469,0,-200,0
0.710152343,464.2725830078125,425.3017883300781,496.7683410644531,0,-200,0
0.714091866,464.2538757324219,424.49639892578125,496.7626953125,0,-200,0
0.718561107,464.2363586425781,423.6941223144531,496.7640380859375,0,-200,0
0.722164654,464.2186584472656,422.8897399902344,496.7647705078125,0,-200,0
0.726188955,464.2015075683594,422.080810546875,496.7604064941406,0,-200,0
0.730393385,464.1873779296875,421.2776184082031,496.76177978515625,0,-200,0
0.734443958,464.1717834472656,420.4736328125,496.7636413574219,0,-200,0
0.73830016,464.1495361328125,419.6748046875,496.7586669921875,0,-200,0
0.74248639,464.13330078125,418.8738708496094,496.7579345703125,0,-200,0
0.746371038,464.1144714355469,418.0710754394531,496.7535400390625,0,-200,0
0.750359744,464.0997009277344,417.2646179199219,496.74212646484375,0,-200,0
0.754829495,464.0879821777344,416.458984375,496.7399597167969,0,-200,0
0.75856084,464.0736389160156,415.65155029296875,496.7320861816406,0,-200,0
0.762439301,464.0555114746094,414.8438720703125,496.7193603515625,0,-200,0
0.766701947,464.0461120605469,414.0388488769531,496.7105712890625,0,-200,0
0.770579768,464.03057861328125,413.2330627441406,496.7023010253906,0,-200,0
0.774636431,464.0118408203125,412.422607421875,496.6939697265625,0,-200,0
0.778827901,464.00091552734375,411.62115478515625,496.6983642578125,0,-200,0
0.782713874,463.9840393066406,410.8111572265625,496.6894836425781,0,-200,0
0.786627803,463.9643249511719,410.0032043457031,496.67779541015625,0,-200,0
0.790922278,463.9504699707031,409.2026672363281,496.6727600097656,0,-200,0
0.794805461,463.9367980957031,408.3996887207031,496.6696472167969,0,-200,0
0.798757679,463.9169616699219,407.5903015136719,496.664306640625,0,-200,0
0.803088907,463.90350341796875,406.78631591796875,496.6755676269531,0,-200,0
0.806901899,463.8908386230469,405.98291015625,496.6747131347656,0,-200,0
0.810849939,463.8736267089844,405.17529296875,496.6673583984375,0,-200,0
0.815133964,463.8594665527344,404.3748474121094,496.6714172363281,0,-200,0
0.819221187,463.845947265625,403.5716552734375,496.67425537109375,0,-200,0
0.822923871,463.82574462890625,402.7679748535156,496.6658935546875,0,-200,0
0.827086311,463.8106994628906,401.9654541015625,496.6588134765625,0,-200,0
0.831081597,463.7996520996094,401.1600036621094,496.6558532714844,0,-200,0
0.834977742,463.78436279296875,400.35308837890625,496.64776611328125,0,-200,0
0.839274916,463.76837158203125,399.54302978515625,496.6430969238281,0,-200,0
0.843088387,463.7539367675781,398.7419128417969,496.6396789550781,0,-200,0
0.847075908,463.7342834472656,397.9407653808594,496.6281433105469,0,-200,0
0.851422183,463.7154846191406,397.1387023925781,496.6208801269531,0,-200,0
0.85530103,463.7030944824219,396.3372802734375,496.628662109375,0,-200,0
0.859327016,463.6876525878906,395.5269775390625,496.62213134765625,0,-200,0
0.863438131,463.6714782714844,394.7197570800781,496.6055908203125,0,-200,0
0.867315799,463.65533447265625,393.9169921875,496.5986328125,0,-200,0
0.871364553,463.63482666015625,393.11639404296875,496.597900390625,0,-200,0
0.875533061,463.6134033203125,392.3135681152344,496.59942626953125,0,-200,0
0.879507137,463.5950622558594,391.5107727050781,496.5982666015625,0,-200,0
0.88339138,463.5831604003906,390.7063903808594,496.5973815917969,0,-200,0
0.887638677,463.5682067871094,389.9035949707031,496.58758544921875,0,-200,0
0.891549453,463.5503845214844,389.09930419921875,496.5791015625,0,-200,0
0.895545104,463.53375244140625,388.2969970703125,496.5729675292969,0,-200,0
0.899915229,463.5201110839844,387.48883056640625,496.56988525390625,0,-200,0
0.903657093,463.50579833984375,386.6796569824219,496.56964111328125,0,-200,0
0.907567011,463.4949035644531,385.8741455078125,496.5637512207031,0,-200,0
0.911861838,463.4839782714844,385.070556640625,496.5624694824219,0,-200,0
0.915712707,463.4689025878906,384.26629638671875,496.5578308105469,0,-200,0
0.919696313,463.4523010253906,383.462890625,496.5584411621094,0,-200,0
0.923934575,463.44207763671875,382.6553649902344,496.5552673339844,0,-200,0
0.927908632,463.4261779785156,381.8504333496094,496.5485534667969,0,-200,0
0.931815686,463.4094543457031,381.0458984375,496.54168701171875,0,-200,0
0.93604753,463.39453125,380.2442626953125,496.54168701171875,0,-200,0
0.939966113,463.37542724609375,379.4397277832031,496.5377502441406,0,-200,0
0.943996863,463.35540771484375,378.63812255859375,496.5332946777344,0,-200,0
0.948243828,463.3393859863281,377.8323059082031,496.5264587402344,0,-200,0
0.952061709,463.3230285644531,377.0296936035156,496.52203369140625,0,-200,0
0.955993348,463.30511474609375,376.2279052734375,496.519287109375,0,-200,0
0.960283346,463.28924560546875,375.4226379394531,496.51788330078125,0,-200,0
0.964070015,463.2759704589844,374.61712646484375,496.51531982421875,0,-200,0
0.968109665,463.2604064941406,373.8126220703125,496.5080871582031,0,-200,0
0.972322746,463.2439880371094,373.00579833984375,496.4993591308594,0,-200,0
0.976290629,463.22491455078125,372.2122497558594,496.50384521484375,0,-200,0
0.980216041,463.20745849609375,371.4095764160156,496.499267578125,0,-200,0
0.984433343,463.1923828125,370.6014709472656,496.4934387207031,0,-200,0
0.98829408,463.18084716796875,369.79461669921875,496.4881591796875,0,-200,0
0.992278056,463.1671447753906,368.9903259277344,496.48095703125,0,-200,0
0.99663506,463.1480712890625,368.189697265625,496.4681701660156,0,-200,0
1.000491807,463.1307067871094,367.3910217285156,496.46221923828125,0,-200,0
1.004356626,463.1164245605469,366.5846252441406,496.4660339355469,0,-200,0
1.008606142,463.1024169921875,365.77545166015625,496.46600341796875,0,-200,0
1.012476013,463.0858154296875,364.9728698730469,496.45782470703125,0,-200,0
1.016494569,463.06988525390625,364.1742858886719,496.4609069824219,0,-200,0
1.020933048,463.05352783203125,363.3716735839844,496.462646484375,0,-200,0
1.024689305,463.0343017578125,362.5660400390625,496.45635986328125,0,-200,0
1.028638598,463.0191345214844,361.7607116699219,496.4541320800781,0,-200,0
1.032836296,463.0015869140625,360.95703125,496.4504699707031,0,-200,0
1.036681678,462.9839172363281,360.1552734375,496.4449462890625,0,-200,0
1.040667162,462.96612548828125,359.3534240722656,496.440673828125,0,-200,0
1.045014897,462.95184326171875,358.5478210449219,496.4384765625,0,-200,0
1.048910525,462.9393615722656,357.741455078125,496.438232421875,0,-200,0
1.052725115,462.9254150390625,356.9352111816406,496.4326477050781,0,-200,0
1.057029878,462.91107177734375,356.1300964355469,496.42181396484375,0,-200,0
1.060903073,462.8988952636719,355.3273620605469,496.4227600097656,0,-200,0
1.064842134,462.8792419433594,354.52301025390625,496.416748046875,0,-200,0
1.069060692,462.86419677734375,353.7165222167969,496.4118957519531,0,-200,0
1.073032212,462.85174560546875,352.9140930175781,496.4053649902344,0,-200,0
1.076957853,462.8352966308594,352.1099548339844,496.39453125,0,-200,0
1.081259129,462.819580078125,351.30706787109375,496.38995361328125,0,-200,0
1.085041991,462.8057861328125,350.5013732910156,496.3944396972656,0,-200,0
1.089052524,462.78924560546875,349.6999206542969,496.3976135253906,0,-200,0
1.093365186,462.7720642089844,348.8978576660156,496.3930969238281,0,-200,0
1.097232759,462.7490539550781,348.1003723144531,496.384033203125,0,-200,0
1.101171219,462.73394775390625,347.30120849609375,496.38116455078125,0,-200,0
1.105372785,462.72222900390625,346.4968566894531,496.3786315917969,0,-200,0
1.109246846,462.70294189453125,345.6910095214844,496.3691101074219,0,-200,0
1.113266126,462.6830139160156,344.8894958496094,496.3684997558594,0,-200,0
1.11747123,462.6651916503906,344.0915832519531,496.3722229003906,0,-200,0
1.121641408,462.6455993652344,343.2909240722656,496.36279296875,0,-200,0
1.125330757,462.63079833984375,342.4841613769531,496.3589782714844,0,-200,0
1.129584489,462.6164855957031,341.6805419921875,496.3584289550781,0,-200,0
1.133539138,462.60137939453125,340.876953125,496.357421875,0,-200,0
1.137461685,462.58538818359375,340.072021484375,496.3507995605469,0,-200,0
1.141878307,462.5708312988281,339.2640380859375,496.34490966796875,0,-200,0
1.14558469,462.55902099609375,338.45672607421875,496.33709716796875,0,-200,0
1.149475457,462.5464782714844,337.6529235839844,496.3357238769531,0,-200,0
1.153871161,462.52947998046875,336.8512268066406,496.3307800292969,0,-200,0
1.157645335,462.51300048828125,336.0472717285156,496.3287353515625,0,-200,0
1.161647477,462.49951171875,335.2454528808594,496.3268127441406,0,-200,0
1.165835755,462.4873046875,334.4384460449219,496.3196105957031,0,-200,0
1.169805928,462.4721984863281,333.6334228515625,496.3143310546875,0,-200,0
1.173724486,462.4551696777344,332.8316955566406,496.3126525878906,0,-200,0
1.178014202,462.4364929199219,332.03350830078125,496.3184814453125,0,-200,0
1.181882528,462.4184265136719,331.23504638671875,496.31475830078125,0,-200,0
1.185835733,462.4012756347656,330.4312438964844,496.3066711425781,0,-200,0
1.190163812,462.3882141113281,329.6302490234375,496.3025207519531,0,-200,0
1.194022505,462.3757629394531,328.8277587890625,496.3063049316406,0,-200,0
1.1979338880000001,462.3586730957031,328.0233154296875,496.30548095703125,0,-200,0
1.202195633,462.338134765625,327.2177429199219,496.296875,0,-200,0
1.206049012,462.3232421875,326.41748046875,496.2936096191406,0,-200,0
1.210014354,462.3045959472656,325.6192321777344,496.2869873046875,0,-200,0
1.214241424,462.2866516113281,324.8148193359375,496.2760925292969,0,-200,0
1.218214577,462.27032470703125,324.00958251953125,496.26446533203125,0,-200,0
1.22232953,462.2569885253906,323.203857421875,496.26031494140625,0,-200,0
1.226352712,462.2371826171875,322.40216064453125,496.2590026855469,0,-200,0
1.230205815,462.2218322753906,321.6042175292969,496.2628173828125,0,-200,0
1.234211966,462.2052001953125,320.8018493652344,496.2539978027344,0,-200,0
1.238642627,462.1938781738281,319.995849609375,496.25225830078125,0,-200,0
1.242401922,462.1806335449219,319.1945495605469,496.2535400390625,0,-200,0
1.246261404,462.1636047363281,318.39349365234375,496.2512512207031,0,-200,0
1.250504133,462.1459045410156,317.5896301269531,496.2478942871094,0,-200,0
1.254419955,462.13348388671875,316.7857360839844,496.24627685546875,0,-200,0
1.2584216,462.11920166015625,315.98309326171875,496.24261474609375,0,-200,0
1.26265502,462.102783203125,315.1811828613281,496.24188232421875,0,-200,0
1.266552505,462.0849914550781,314.3819580078125,496.2373352050781,0,-200,0
1.270462577,462.0703430175781,313.5820007324219,496.2409362792969,0,-200,0
1.27478907,462.05816650390625,312.77593994140625,496.2406311035156,0,-200,0
1.27857242,462.04302978515625,311.9711608886719,496.2343444824219,0,-200,0
1.282641474,462.02716064453125,311.16400146484375,496.2255554199219,0,-200,0
1.286926977,462.01007080078125,310.3631286621094,496.22222900390625,0,-200,0
1.290758661,461.9953918457031,309.5632019042969,496.2266845703125,0,-200,0
1.2947024950000001,461.9786376953125,308.7593688964844,496.22186279296875,0,-200,0
1.298948179,461.9602355957031,307.955078125,496.210205078125,0,-200,0
1.302839606,461.94677734375,307.153564453125,496.2036437988281,0,-200,0
1.306759867,461.93109130859375,306.35174560546875,496.1988525390625,0,-200,0
1.31098918,461.9148254394531,305.5484313964844,496.1950378417969,0,-200,0
1.314967167,461.8942565917969,304.74664306640625,496.19024658203125,0,-200,0
1.318887428,461.8752746582031,303.9479064941406,496.18951416015625,0,-200,0
1.323430524,461.85797119140625,303.1465148925781,496.1856384277344,0,-200,0
1.326968108,461.8461608886719,302.3423767089844,496.1856384277344,0,-200,0
1.330975466,461.8299255371094,301.5372619628906,496.1772766113281,0,-200,0
1.335284278,461.8106994628906,300.7391052246094,496.171875,0,-200,0
1.339147359,461.79620361328125,299.94085693359375,496.1714782714844,0,-200,0
1.343099883,461.7818603515625,299.13836669921875,496.16925048828125,0,-200,0
1.347303636,461.765625,298.334716796875,496.166748046875,0,-200,0
1.35116396,461.74969482421875,297.5331726074219,496.16644287109375,0,-200,0
1.355142167,461.73590087890625,296.7342834472656,496.1640625,0,-200,0
1.359382468,461.722412109375,295.929931640625,496.1641540527344,0,-200,0
1.363354186,461.70721435546875,295.12213134765625,496.160888671875,0,-200,0
1.367229775,461.6926574707031,294.31536865234375,496.1581115722656,0,-200,0
1.371478674,461.67889404296875,293.5172424316406,496.1595764160156,0,-200,0
1.3753645190000001,461.6614685058594,292.7156066894531,496.15618896484375,0,-200,0
1.379363369,461.6457214355469,291.91510009765625,496.1487731933594,0,-200,0
1.383727871,461.6305847167969,291.10687255859375,496.14520263671875,0,-200,0
1.387502212,461.6182556152344,290.30548095703125,496.1431884765625,0,-200,0
1.391444846,461.6036376953125,289.5039367675781,496.1455078125,0,-200,0
1.395699136,461.58453369140625,288.7026672363281,496.1388854980469,0,-200,0
1.399571747,461.5660705566406,287.9006652832031,496.13043212890625,0,-200,0
1.4035947819999999,461.5497131347656,287.1006164550781,496.12384033203125,0,-200,0
1.407881173,461.53387451171875,286.2978515625,496.1201171875,0,-200,0
1.411707203,461.517333984375,285.49407958984375,496.121826171875,0,-200,0
1.415629019,461.49951171875,284.6883544921875,496.1139221191406,0,-200,0
1.4199011750000001,461.4819030761719,283.8896789550781,496.1104431152344,0,-200,0
1.424023179,461.4658203125,283.09063720703125,496.10455322265625,0,-200,0
1.427870253,461.4501037597656,282.2893981933594,496.1011047363281,0,-200,0
1.432069073,461.4355773925781,281.48651123046875,496.09881591796875,0,-200,0
1.43588141,461.4183654785156,280.6869201660156,496.0985412597656,0,-200,0
1.439834876,461.3990783691406,279.8861083984375,496.0975646972656,0,-200,0
1.444114056,461.38360595703125,279.0830993652344,496.0970153808594,0,-200,0
1.4479427519999999,461.36968994140625,278.27752685546875,496.0922546386719,0,-200,0
1.451946105,461.35430908203125,277.47528076171875,496.0901794433594,0,-200,0
1.456138903,461.33984375,276.6724548339844,496.08441162109375,0,-200,0
1.460098705,461.3211669921875,275.8710632324219,496.0760192871094,0,-200,0
1.464041401,461.3077392578125,275.0713195800781,496.0721130371094,0,-200,0
1.4682654,461.2950134277344,274.2687683105469,496.07403564453125,0,-200,0
1.472130075,461.279296875,273.4654235839844,496.0738525390625,0,-200,0
1.476152524,461.263916015625,272.66412353515625,496.0766296386719,0,-200,0
1.480472442,461.2478332519531,271.8645324707031,496.0740661621094,0,-200,0
1.484332357,461.2341613769531,271.0628356933594,496.0733337402344,0,-200,0
1.488233396,461.2192687988281,270.2586975097656,496.0740966796875,0,-200,0
1.492438334,461.2007141113281,269.4548645019531,496.07012939453125,0,-200,0
1.496333942,461.18487548828125,268.6532287597656,496.0655822753906,0,-200,0
1.500342373,461.1690979003906,267.8522644042969,496.0633239746094,0,-200,0
1.5046096759999998,461.1523132324219,267.0513916015625,496.0588073730469,0,-200,0
1.508465698,461.13433837890625,266.24871826171875,496.0516052246094,0,-200,0
1.512469819,461.11993408203125,265.4458312988281,496.0493469238281,0,-200,0
1.5166752529999998,461.10369873046875,264.64306640625,496.0452575683594,0,-200,0
1.520520989,461.0852355957031,263.844970703125,496.0442810058594,0,-200,0
1.524833938,461.0674743652344,263.0444030761719,496.0389709472656,0,-200,0
1.528876951,461.05206298828125,262.2388000488281,496.0344543457031,0,-200,0
1.532658467,461.0382080078125,261.4364929199219,496.02874755859375,0,-200,0
1.5365854639999998,461.0187072753906,260.6362609863281,496.0224304199219,0,-200,0
1.540881263,461.0029602050781,259.8393859863281,496.0289001464844,0,-200,0
1.544724389,460.98516845703125,259.0350341796875,496.0242614746094,0,-200,0
1.548687621,460.97186279296875,258.2314758300781,496.02056884765625,0,-200,0
1.5529184200000001,460.9559020996094,257.43170166015625,496.0157775878906,0,-200,0
1.556895503,460.939697265625,256.633056640625,496.0126647949219,0,-200,0
1.560813012,460.9268493652344,255.83169555664063,496.0087585449219,0,-200,0
1.565109871,460.91070556640625,255.0244598388672,496.0044860839844,0,-200,0
1.568900975,460.8968811035156,254.2231903076172,496.0067138671875,0,-200,0
1.572896286,460.8798828125,253.4202880859375,496.0056457519531,0,-200,0
1.577231413,460.86468505859375,252.6189727783203,496.0066223144531,0,-200,0
1.5810700359999998,460.8506774902344,251.81719970703125,496.0029296875,0,-200,0
1.585013838,460.8337097167969,251.0138702392578,495.9994812011719,0,-200,0
1.589214355,460.8216552734375,250.21275329589844,495.9991149902344,0,-200,0
1.5930746409999998,460.80755615234375,249.41110229492188,495.99847412109375,0,-200,0
1.597094019,460.7933349609375,248.60885620117188,495.9909362792969,0,-200,0
1.601340171,460.77532958984375,247.8074951171875,495.9872131347656,0,-200,0
1.605290542,460.75958251953125,247.005126953125,495.9871520996094,0,-200,0
1.609160223,460.7425537109375,246.19927978515625,495.9850769042969,0,-200,0
1.613412872,460.72900390625,245.3993377685547,495.9862365722656,0,-200,0
1.617368602,460.7098388671875,244.6049346923828,495.9794921875,0,-200,0
1.621313571,460.6894226074219,243.8042755126953,495.97662353515625,0,-200,0
1.6258832829999998,460.6741638183594,243.0018310546875,495.9749755859375,0,-200,0
1.629437298,460.6565246582031,242.19944763183594,495.97314453125,0,-200,0
1.633340274,460.6364440917969,241.40081787109375,495.9694519042969,0,-200,0
1.637612456,460.62213134765625,240.60076904296875,495.96795654296875,0,-200,0
1.641481134,460.6033020019531,239.79530334472656,495.95892333984375,0,-200,0
1.645464476,460.5887451171875,238.99044799804688,495.953369140625,0,-200,0
1.649637333,460.57305908203125,238.19009399414063,495.9530029296875,0,-200,0
1.6536175279999998,460.55828857421875,237.39053344726563,495.9519958496094,0,-200,0
1.657539938,460.542236328125,236.58592224121094,495.9496154785156,0,-200,0
1.661826305,460.52838134765625,235.7835693359375,495.95074462890625,0,-200,0
1.6656593,460.5108337402344,234.98219299316406,495.94439697265625,0,-200,0
1.669640143,460.4966735839844,234.18035888671875,495.9393005371094,0,-200,0
1.673995232,460.48016357421875,233.3779296875,495.9355773925781,0,-200,0
1.677806265,460.4660339355469,232.57676696777344,495.9349060058594,0,-200,0
1.681758879,460.44940185546875,231.7710723876953,495.93463134765625,0,-200,0
1.6860523490000001,460.4343566894531,230.96896362304688,495.9321594238281,0,-200,0
1.689845981,460.4181213378906,230.16688537597656,495.9317626953125,0,-200,0
1.6938653970000002,460.400634765625,229.3680877685547,495.9239501953125,0,-200,0
1.698078938,460.3844909667969,228.56723022460938,495.92205810546875,0,-200,0
1.702078805,460.37164306640625,227.7664031982422,495.92095947265625,0,-200,0
1.705960922,460.35498046875,226.9637451171875,495.91839599609375,0,-200,0
1.710159656,460.33697509765625,226.16700744628906,495.9206848144531,0,-200,0
1.714048706,460.3249206542969,225.36834716796875,495.9252624511719,0,-200,0
1.7180764320000002,460.3076171875,224.56277465820313,495.9208068847656,0,-200,0
1.722455692,460.29254150390625,223.7599334716797,495.9183044433594,0,-200,0
1.726453179,460.2760314941406,222.9624786376953,495.91778564453125,0,-200,0
1.730140645,460.2578125,222.16310119628906,495.9141845703125,0,-200,0
1.7343605659999999,460.24151611328125,221.35983276367188,495.9081726074219,0,-200,0
1.738259591,460.227783203125,220.55943298339844,495.9042053222656,0,-200,0
1.742258615,460.20953369140625,219.75694274902344,495.8959655761719,0,-200,0
1.746507168,460.1933288574219,218.9538116455078,495.8971252441406,0,-200,0
1.750394629,460.1755676269531,218.1483612060547,495.8958435058594,0,-200,0
1.7543097429999999,460.16082763671875,217.34817504882813,495.89617919921875,0,-200,0
1.758579358,460.142822265625,216.5465087890625,495.8909606933594,0,-200,0
1.76244958,460.127197265625,215.74380493164063,495.88714599609375,0,-200,0
1.766493783,460.115234375,214.94284057617188,495.89093017578125,0,-200,0
1.770777545,460.0975341796875,214.13978576660156,495.887939453125,0,-200,0
1.774629357,460.0804748535156,213.3386688232422,495.8859558105469,0,-200,0
1.778510265,460.0659484863281,212.53717041015625,495.8863220214844,0,-200,0
1.782818496,460.0502014160156,211.7345428466797,495.88140869140625,0,-200,0
1.786770213,460.03289794921875,210.9291534423828,495.8763427734375,0,-200,0
1.790648875,460.0185241699219,210.126708984375,495.8772277832031,0,-200,0
1.794911089,459.9999694824219,209.32293701171875,495.87103271484375,0,-200,0
1.7988251659999999,459.98126220703125,208.52708435058594,495.86871337890625,0,-200,0
1.802745101,459.9671936035156,207.7291259765625,495.8673095703125,0,-200,0
1.8070973160000001,459.9480285644531,206.9278106689453,495.8598937988281,0,-200,0
1.8108397090000001,459.93499755859375,206.12503051757813,495.863037109375,0,-200,0
1.814858129,459.9170837402344,205.32749938964844,495.8612976074219,0,-200,0
1.8191787719999999,459.9000549316406,204.5267333984375,495.85540771484375,0,-200,0
1.8229584349999999,459.8875732421875,203.72372436523438,495.85601806640625,0,-200,0
1.827115712,459.8714904785156,202.92230224609375,495.8514404296875,0,-200,0
1.830835864,459.8578186035156,202.11984252929688,495.8538818359375,0,-200,0
1.8346203700000001,459.84075927734375,201.31851196289063,495.8573303222656,0,-200,0
1.838705762,459.8254699707031,200.5179901123047,495.85369873046875,0,-200,0
1.8429260219999999,459.8066101074219,199.71490478515625,495.85064697265625,0,-200,0
1.846904619,459.7939453125,198.9160614013672,495.8500671386719,0,-200,0
1.8507965419999999,459.7782287597656,198.11231994628906,495.84881591796875,0,-200,0
1.855086923,459.7619934082031,197.30926513671875,495.84197998046875,0,-200,0
1.858964617,459.75079345703125,196.50741577148438,495.8415832519531,0,-200,0
1.8629891299999999,459.7320251464844,195.70343017578125,495.8378601074219,0,-200,0
1.867367317,459.7166748046875,194.90138244628906,495.8392028808594,0,-200,0
1.871167422,459.6985778808594,194.09962463378906,495.83660888671875,0,-200,0
1.8751152260000001,459.6802673339844,193.2979736328125,495.8349914550781,0,-200,0
1.8794523189999999,459.666748046875,192.49713134765625,495.8341369628906,0,-200,0
1.883397221,459.6496276855469,191.69493103027344,495.83221435546875,0,-200,0
1.8874899379999999,459.632080078125,190.8966064453125,495.8307189941406,0,-200,0
1.891767142,459.61572265625,190.09413146972656,495.8226623535156,0,-200,0
1.895557038,459.6006164550781,189.29217529296875,495.82354736328125,0,-200,0
1.8994694970000001,459.58270263671875,188.49111938476563,495.8169860839844,0,-200,0
1.9037632310000001,459.5641784667969,187.6918182373047,495.8102111816406,0,-200,0
1.907623136,459.5509948730469,186.89370727539063,495.813232421875,0,-200,0
1.911585289,459.53045654296875,186.0910186767578,495.807373046875,0,-200,0
1.915936801,459.5140075683594,185.28948974609375,495.8081359863281,0,-200,0
1.919757831,459.5006408691406,184.4871368408203,495.81103515625,0,-200,0
1.923673533,459.4826354980469,183.6829071044922,495.8033752441406,0,-200,0
1.928214417,459.46893310546875,182.88035583496094,495.8043518066406,0,-200,0
1.931775861,459.45428466796875,182.08050537109375,495.8073425292969,0,-200,0
1.935801798,459.4360046386719,181.27662658691406,495.8000793457031,0,-200,0
1.940036184,459.4228820800781,180.4757843017578,495.8019714355469,0,-200,0
1.944037096,459.40673828125,179.6726837158203,495.8028869628906,0,-200,0
1.947941325,459.3908996582031,178.87074279785156,495.79998779296875,0,-200,0
1.952119865,459.3752746582031,178.0678253173828,495.7966613769531,0,-200,0
1.955970358,459.3581848144531,177.2637939453125,495.79248046875,0,-200,0
1.9599855910000001,459.3443298339844,176.46200561523438,495.7917175292969,0,-200,0
1.964317473,459.3289794921875,175.6581268310547,495.7888488769531,0,-200,0
1.968173006,459.3132019042969,174.8555145263672,495.7888488769531,0,-200,0
1.972034133,459.2973937988281,174.06243896484375,495.79052734375,0,-200,0
1.976290671,459.2780456542969,173.2614288330078,495.7844543457031,0,-200,0
1.980170939,459.2615051269531,172.45895385742188,495.78179931640625,0,-200,0
1.98418998,459.2485046386719,171.6582489013672,495.7850341796875,0,-200,0
1.9884179469999999,459.23040771484375,170.8590850830078,495.7815856933594,0,-200,0
1.992297296,459.2163391113281,170.0588836669922,495.781005859375,0,-200,0
1.996321165,459.2021484375,169.2560577392578,495.7783508300781,0,-200,0
2.00050862,459.1859130859375,168.4524688720703,495.77764892578125,0,-200,0
2.004371866,459.1734619140625,167.65118408203125,495.78155517578125,0,-200,0
2.008401326,459.1564636230469,166.84918212890625,495.7806701660156,0,-200,0
2.012669693,459.13916015625,166.04953002929688,495.7771911621094,0,-200,0
2.016519214,459.1260681152344,165.24981689453125,495.7827453613281,0,-200,0
2.020415165,459.1068420410156,164.4463348388672,495.7755126953125,0,-200,0
2.024755146,459.0924987792969,163.64109802246094,495.7728576660156,0,-200,0
2.028835343,459.0774230957031,162.8355255126953,495.7703552246094,0,-200,0
2.032566617,459.0580749511719,162.0328369140625,495.7643737792969,0,-200,0
2.036764599,459.0409851074219,161.2311553955078,495.76031494140625,0,-200,0
2.040741133,459.028564453125,160.4310302734375,495.76470947265625,0,-200,0
2.044654276,459.00750732421875,159.62879943847656,495.7570495605469,0,-200,0
2.048927636,458.993896484375,158.82586669921875,495.758544921875,0,-200,0
2.052749014,458.9774169921875,158.02655029296875,495.7599182128906,0,-200,0
2.056755848,458.9554748535156,157.22686767578125,495.7535095214844,0,-200,0
2.061091253,458.9424743652344,156.42294311523438,495.75433349609375,0,-200,0
2.064936866,458.9255065917969,155.6214141845703,495.7524719238281,0,200,0
2.068879321,458.9062194824219,154.82017517089844,495.7494201660156,0,200,0
2.073140203,458.89324951171875,154.02432250976563,495.7508544921875,0,200,0
2.076985924,458.8814697265625,153.2227783203125,495.7521057128906,0,200,0
2.080988818,458.861572265625,152.42108154296875,495.7458801269531,0,200,0
2.085161451,458.84930419921875,151.6173553466797,495.7452392578125,0,200,0
2.089140326,458.8347473144531,150.81564331054688,495.7422790527344,0,200,0
2.093007892,458.81201171875,150.03237915039063,495.7313537597656,0,200,0
2.097262494,458.7975769042969,149.32382202148438,495.7201232910156,0,200,0
2.101195554,458.7774963378906,148.7273712158203,495.6949462890625,0,200,0
2.105132501,458.7496032714844,148.25634765625,495.6652526855469,0,200,0
2.109502056,458.721923828125,147.92770385742188,495.6407470703125,0,200,0
2.113273328,458.7003173828125,147.7603759765625,495.6204528808594,0,200,0
2.117193109,458.6866149902344,147.7552947998047,495.6033630371094,0,200,0
2.121471638,458.69873046875,147.87228393554688,495.63031005859375,0,200,0
2.125336478,458.7080078125,148.06332397460938,495.644775390625,0,200,0
2.129588734,458.7196350097656,148.38340759277344,495.6739196777344,0,200,0
2.133517227,458.7398986816406,148.8671875,495.7152404785156,0,200,0
2.13746265,458.74761962890625,149.4469451904297,495.7345275878906,0,200,0
2.1414205219999998,458.7634582519531,150.1103973388672,495.76055908203125,0,200,0
2.145677908,458.77203369140625,150.87783813476563,495.77880859375,0,200,0
2.149538178,458.7748107910156,151.7283935546875,495.78704833984375,0,200,0
2.153513496,458.7732849121094,152.59835815429688,495.7873840332031,0,200,0
2.157875153,458.77191162109375,153.4465789794922,495.78948974609375,0,200,0
2.161671125,458.7660217285156,154.28720092773438,495.7919616699219,0,200,0
2.165643686,458.751953125,155.12486267089844,495.78265380859375,0,200,0
2.169894159,458.7277526855469,155.96498107910156,495.7590637207031,0,200,0
2.173689484,458.70001220703125,156.7981719970703,495.7337341308594,0,200,0
2.17766973,458.6797180175781,157.6219024658203,495.71533203125,0,200,0
2.181934144,458.6689147949219,158.4217071533203,495.70172119140625,0,200,0
2.185979446,458.6572265625,159.21266174316406,495.6939697265625,0,200,0
2.189839332,458.65020751953125,159.99305725097656,495.6923828125,0,200,0
2.194038645,458.6432800292969,160.76194763183594,495.6895751953125,0,200,0
2.197910795,458.6366882324219,161.53787231445313,495.6914978027344,0,200,0
2.201895374,458.6249694824219,162.32989501953125,495.70416259765625,0,200,0
2.206208065,458.6063232421875,163.1366424560547,495.7197265625,0,200,0
2.210089226,458.58477783203125,163.94949340820313,495.7340393066406,0,200,0
2.213960204,458.5647277832031,164.76629638671875,495.7540588378906,0,200,0
2.218230273,458.5479736328125,165.57876586914063,495.7688293457031,0,200,0
2.222084083,458.53167724609375,166.38880920410156,495.7715148925781,0,200,0
2.226106265,458.5166931152344,167.20619201660156,495.7789611816406,0,200,0
2.2305376,458.4969482421875,168.02880859375,495.77850341796875,0,200,0
2.234204098,458.4717102050781,168.85916137695313,495.76702880859375,0,200,0
2.238110684,458.4494323730469,169.69570922851563,495.74786376953125,0,200,0
2.242418626,458.4256591796875,170.52978515625,495.725830078125,0,200,0
2.24628805,458.40325927734375,171.34893798828125,495.6989440917969,0,200,0
2.250334169,458.38653564453125,172.16310119628906,495.68023681640625,0,200,0
2.254629529,458.3717041015625,172.9763946533203,495.6624755859375,0,200,0
2.258440173,458.35406494140625,173.78396606445313,495.64630126953125,0,200,0
2.262340788,458.3465881347656,174.58416748046875,495.63861083984375,0,200,0
2.266626586,458.3408203125,175.38502502441406,495.6337890625,0,200,0
2.270585818,458.3271179199219,176.17868041992188,495.63153076171875,0,200,0
2.2744540779999998,458.3150329589844,176.97288513183594,495.6349792480469,0,200,0
2.278655634,458.3015441894531,177.76754760742188,495.64404296875,0,200,0
2.282628408,458.2834167480469,178.5652313232422,495.65447998046875,0,200,0
2.2865514129999998,458.2665710449219,179.3723907470703,495.6734924316406,0,200,0
2.290932517,458.24481201171875,180.18359375,495.6895751953125,0,200,0
2.294671165,458.2187194824219,180.99911499023438,495.7001647949219,0,200,0
2.298651899,458.1986083984375,181.81845092773438,495.7168884277344,0,200,0
2.303012082,458.17962646484375,182.63670349121094,495.7250061035156,0,200,0
2.3068371819999998,458.1563720703125,183.45465087890625,495.7213439941406,0,200,0
2.310801488,458.14080810546875,184.276611328125,495.7181091308594,0,200,0
2.315013136,458.1235046386719,185.0986328125,495.70758056640625,0,200,0
2.318950106,458.10125732421875,185.91848754882813,495.6844787597656,0,200,0
2.322893884,458.0860900878906,186.73802185058594,495.6708679199219,0,200,0
2.32708614,458.07122802734375,187.54986572265625,495.6493835449219,0,200,0
2.331278488,458.05426025390625,188.35513305664063,495.6282043457031,0,200,0
2.334868389,458.042724609375,189.16334533691406,495.61468505859375,0,200,0
2.3391274810000002,458.0266418457031,189.96646118164063,495.59698486328125,0,200,0
2.34303251,458.0159606933594,190.7679443359375,495.5841369628906,0,200,0
2.347030678,458.004638671875,191.5768585205078,495.5827331542969,0,200,0
2.351402082,457.9889831542969,192.38131713867188,495.5791931152344,0,200,0
2.3551542,457.9764404296875,193.18392944335938,495.5917663574219,0,200,0
2.359072522,457.962646484375,193.98594665527344,495.6119384765625,0,200,0
2.363306826,457.9408264160156,194.7933349609375,495.6284484863281,0,200,0
2.367215863,457.91937255859375,195.60443115234375,495.64678955078125,0,200,0
2.371275281,457.8977966308594,196.4158935546875,495.66375732421875,0,200,0
2.375479229,457.8747863769531,197.23092651367188,495.6750793457031,0,200,0
2.379353703,457.8570251464844,198.04812622070313,495.68536376953125,0,200,0
2.383280019,457.8347473144531,198.86651611328125,495.6804504394531,0,200,0
2.387539844,457.81890869140625,199.68711853027344,495.67486572265625,0,200,0
2.391432519,457.80181884765625,200.5020751953125,495.6600036621094,0,200,0
2.395389963,457.7879943847656,201.3119659423828,495.64520263671875,0,200,0
2.399723189,457.77386474609375,202.12071228027344,495.6281433105469,0,200,0
2.403541394,457.7598876953125,202.92897033691406,495.61175537109375,0,200,0
2.407472126,457.7430114746094,203.7406768798828,495.5927734375,0,200,0
2.41177462,457.7300720214844,204.54885864257813,495.584228515625,0,200,0
2.41555974,457.7164306640625,205.3556365966797,495.56866455078125,0,200,0
2.419545254,457.705078125,206.1676025390625,495.5655212402344,0,200,0
2.423804234,457.6892395019531,206.97653198242188,495.5597839355469,0,200,0
2.427770578,457.6746520996094,207.7854766845703,495.5606689453125,0,200,0
2.431640204,457.6565246582031,208.59913635253906,495.56402587890625,0,200,0
2.435936286,457.6361389160156,209.4085693359375,495.5698547363281,0,200,0
2.439787661,457.62066650390625,210.21438598632813,495.5870361328125,0,200,0
2.443792256,457.59564208984375,211.0216522216797,495.5989685058594,0,200,0
2.448119682,457.57672119140625,211.83592224121094,495.6131591796875,0,200,0
2.451959042,457.5583190917969,212.65257263183594,495.62176513671875,0,200,0
2.455832324,457.53924560546875,213.4646453857422,495.6217346191406,0,200,0
2.460118306,457.5305480957031,214.2757110595703,495.62908935546875,0,200,0
2.463974799,457.5133056640625,215.0838165283203,495.6260681152344,0,200,0
2.468003158,457.4989929199219,215.89547729492188,495.62109375,0,200,0
2.472229953,457.4842224121094,216.70632934570313,495.61334228515625,0,200,0
2.47611028,457.4671936035156,217.51617431640625,495.5955505371094,0,200,0
2.4800810269999998,457.45196533203125,218.32684326171875,495.5814208984375,0,200,0
2.484291789,457.4352111816406,219.1346435546875,495.56298828125,0,200,0
2.488182238,457.4225769042969,219.9449462890625,495.5497131347656,0,200,0
2.492192994,457.40753173828125,220.759521484375,495.5399475097656,0,200,0
2.496475464,457.3900451660156,221.56912231445313,495.53076171875,0,200,0
2.5003028609999998,457.3739929199219,222.38160705566406,495.5279235839844,0,200,0
2.504232232,457.3514709472656,223.19175720214844,495.5228271484375,0,200,0
2.508506807,457.3350524902344,224.0051727294922,495.5285339355469,0,200,0
2.512388468,457.31341552734375,224.81686401367188,495.5325622558594,0,200,0
2.5163351819999997,457.2980651855469,225.63192749023438,495.540283203125,0,200,0
2.520527633,457.2786865234375,226.4462127685547,495.546875,0,200,0
2.524536159,457.2635498046875,227.25421142578125,495.5602722167969,0,200,0
2.528446901,457.250244140625,228.06053161621094,495.5727844238281,0,200,0
2.532947946,457.2348937988281,228.86581420898438,495.5813293457031,0,200,0
2.53654704,457.2219543457031,229.67617797851563,495.58856201171875,0,200,0
2.540534244,457.2067565917969,230.48208618164063,495.5856628417969,0,200,0
2.544941777,457.1919860839844,231.291015625,495.57928466796875,0,200,0
2.548709181,457.17724609375,232.09832763671875,495.5705871582031,0,200,0
2.552597968,457.1617126464844,232.9102020263672,495.55902099609375,0,200,0
2.55665013,457.1454162597656,233.723388671875,495.5454406738281,0,200,0
2.560746602,457.1280822753906,234.53439331054688,495.5287170410156,0,200,0
2.564810677,457.1122741699219,235.34901428222656,495.521240234375,0,200,0
2.568972538,457.09234619140625,236.15774536132813,495.5097961425781,0,200,0
2.572942458,457.0763244628906,236.9716339111328,495.5044860839844,0,200,0
2.576788975,457.0572814941406,237.7816162109375,495.4961853027344,0,200,0
2.581055814,457.0382995605469,238.59732055664063,495.49237060546875,0,200,0
2.5849490619999997,457.02191162109375,239.4150390625,495.49395751953125,0,200,0
2.588946784,457.00537109375,240.23126220703125,495.49981689453125,0,200,0
2.593303713,456.99041748046875,241.04380798339844,495.5047607421875,0,200,0
2.597061993,456.9734802246094,241.8518524169922,495.51361083984375,0,200,0
2.601002991,456.957275390625,242.6605224609375,495.5232849121094,0,200,0
2.605235627,456.9410400390625,243.46913146972656,495.5284118652344,0,200,0
2.609124184,456.927490234375,244.27847290039063,495.53497314453125,0,200,0
2.613169126,456.9122619628906,245.0827178955078,495.5285339355469,0,200,0
2.61730152,456.9018249511719,245.885498046875,495.5299987792969,0,200,0
2.621268873,456.8839111328125,246.68978881835938,495.52191162109375,0,200,0
2.6252123210000002,456.869384765625,247.5001220703125,495.51873779296875,0,200,0
2.629496154,456.8511962890625,248.3112335205078,495.5088195800781,0,200,0
2.633538386,456.8363037109375,249.1232452392578,495.50274658203125,0,200,0
2.63731844,456.81915283203125,249.93482971191406,495.49139404296875,0,200,0
2.6416365969999998,456.8000183105469,250.7467041015625,495.475830078125,0,200,0
2.645468612,456.7825012207031,251.56173706054688,495.46929931640625,0,200,0
2.649449576,456.7637023925781,252.3761749267578,495.4631652832031,0,200,0
2.65371572,456.746337890625,253.1954345703125,495.4595947265625,0,200,0
2.657482383,456.7283020019531,254.00808715820313,495.45849609375,0,200,0
2.6614721230000002,456.70806884765625,254.82070922851563,495.4531555175781,0,200,0
2.665727669,456.6922912597656,255.6347198486328,495.4542236328125,0,200,0
2.669740578,456.6767578125,256.4460754394531,495.4570617675781,0,200,0
2.6736099060000003,456.6604919433594,257.2581787109375,495.463134765625,0,200,0
2.677816412,456.6464538574219,258.0675354003906,495.4708557128906,0,200,0
2.681648089,456.6299133300781,258.87213134765625,495.4750671386719,0,200,0
2.685692617,456.6140441894531,259.6776428222656,495.4763488769531,0,200,0
2.69004266,456.5993347167969,260.4833068847656,495.4779357910156,0,200,0
2.693910304,456.58685302734375,261.2896728515625,495.4779357910156,0,200,0
2.697764823,456.57354736328125,262.0968017578125,495.4718017578125,0,200,0
2.702010114,456.5573425292969,262.9063720703125,495.4630432128906,0,200,0
2.705851503,456.5440979003906,263.7170715332031,495.459228515625,0,200,0
2.7098848,456.5276184082031,264.5242919921875,495.451416015625,0,200,0
2.714165719,456.5138244628906,265.3365478515625,495.4496154785156,0,200,0
2.718057998,456.49432373046875,266.1514587402344,495.4417724609375,0,200,0
2.7219465080000003,456.4752502441406,266.96429443359375,495.4368896484375,0,200,0
2.726207594,456.4564208984375,267.7808837890625,495.42840576171875,0,200,0
2.73009485,456.4385070800781,268.5939025878906,495.4196472167969,0,200,0
2.734353865,456.4225158691406,269.409912109375,495.4140319824219,0,200,0
2.7384011729999997,456.4024353027344,270.22711181640625,495.4101257324219,0,200,0
2.742207417,456.3835754394531,271.04034423828125,495.41522216796875,0,200,0
2.746148002,456.3670654296875,271.85211181640625,495.41796875,0,200,0
2.750417232,456.3477783203125,272.6611022949219,495.4140319824219,0,200,0
2.754370323,456.33782958984375,273.4673156738281,495.415283203125,0,200,0
2.7582650969999998,456.3216247558594,274.2693176269531,495.4129943847656,0,200,0
2.762435035,456.3086853027344,275.07623291015625,495.41595458984375,0,200,0
2.766428803,456.29034423828125,275.8835144042969,495.416259765625,0,200,0
2.770094526,456.278076171875,276.69158935546875,495.4190673828125,0,200,0
2.774351397,456.2620544433594,277.49798583984375,495.4140930175781,0,200,0
2.7781686199999998,456.24578857421875,278.30908203125,495.40924072265625,0,200,0
2.782182363,456.2295227050781,279.1172180175781,495.40264892578125,0,200,0
2.786537778,456.2157287597656,279.92755126953125,495.3992919921875,0,200,0
2.7903332880000002,456.1988830566406,280.7408447265625,495.3954162597656,0,200,0
2.794306664,456.17962646484375,281.5563659667969,495.39129638671875,0,200,0
2.798551888,456.1623229980469,282.3707580566406,495.3883361816406,0,200,0
2.80238368,456.14617919921875,283.1840515136719,495.3796691894531,0,200,0
2.8063929930000002,456.130126953125,283.99627685546875,495.3688049316406,0,200,0
2.810664623,456.1131896972656,284.81170654296875,495.3695983886719,0,200,0
2.814698346,456.09423828125,285.62469482421875,495.371337890625,0,200,0
2.818616626,456.0743408203125,286.43646240234375,495.3672180175781,0,200,0
2.8229088669999998,456.0576477050781,287.2485656738281,495.36688232421875,0,200,0
2.826738327,456.0403747558594,288.0566711425781,495.3625183105469,0,200,0
2.830848086,456.0255432128906,288.8651428222656,495.36053466796875,0,200,0
2.835357111,456.0113220214844,289.6721496582031,495.3591003417969,0,200,0
2.838937582,455.99713134765625,290.47802734375,495.3559875488281,0,200,0
2.842842406,455.9822692871094,291.2859802246094,495.35711669921875,0,200,0
2.8470920360000003,455.96844482421875,292.0946350097656,495.3607482910156,0,200,0
2.850975565,455.95404052734375,292.8996887207031,495.3619079589844,0,200,0
2.855011663,455.9378662109375,293.7094421386719,495.3612976074219,0,200,0
2.8592708,455.9220886230469,294.52130126953125,495.3589172363281,0,200,0
2.86318712,455.9073791503906,295.33453369140625,495.3562927246094,0,200,0
2.867108308,455.89288330078125,296.14739990234375,495.3493957519531,0,200,0
2.871393954,455.87396240234375,296.9586181640625,495.3433532714844,0,200,0
2.875253271,455.8540954589844,297.7736511230469,495.3383483886719,0,200,0
2.879227078,455.8360595703125,298.5856018066406,495.3350830078125,0,200,0
2.8835503019999997,455.81793212890625,299.3993835449219,495.32666015625,0,200,0
2.88739596,455.80145263671875,300.2099304199219,495.31591796875,0,200,0
2.891320883,455.7828674316406,301.02099609375,495.30572509765625,0,200,0
2.895608123,455.7640380859375,301.83197021484375,495.3033447265625,0,200,0
2.899402967,455.7481689453125,302.64434814453125,495.3066711425781,0,200,0
2.903454438,455.7364807128906,303.45123291015625,495.303955078125,0,200,0
2.9076355400000002,455.7210998535156,304.2552490234375,495.2982482910156,0,200,0
2.911611549,455.70697021484375,305.0631408691406,495.2970886230469,0,200,0
2.915533552,455.6920471191406,305.875,495.2989501953125,0,200,0
2.919734452,455.67657470703125,306.68414306640625,495.3001708984375,0,200,0
2.923605024,455.6626892089844,307.49169921875,495.3035583496094,0,200,0
2.927613009,455.6473083496094,308.2970886230469,495.3007507324219,0,200,0
2.931980761,455.6318054199219,309.10748291015625,495.2953186035156,0,200,0
2.93604717,455.6174621582031,309.9206237792969,495.294189453125,0,200,0
2.939693541,455.5956115722656,310.7331848144531,495.291748046875,0,200,0
2.943997783,455.5777587890625,311.5453796386719,495.2894287109375,0,200,0
2.947797531,455.5582275390625,312.3531799316406,495.2839050292969,0,200,0
2.951841045,455.54315185546875,313.162841796875,495.28338623046875,0,200,0
2.9560688109999997,455.5224914550781,313.9763488769531,495.2723693847656,0,200,0
2.959961508,455.5051574707031,314.7890319824219,495.2635498046875,0,200,0
2.963873762,455.49114990234375,315.6027526855469,495.2592468261719,0,200,0
2.968158564,455.4742126464844,316.41510009765625,495.25341796875,0,200,0
2.972045532,455.46148681640625,317.2278747558594,495.25860595703125,0,200,0
2.976031227,455.4438781738281,318.03729248046875,495.2542724609375,0,200,0
2.98030462,455.4270935058594,318.8485412597656,495.25006103515625,0,200,0
2.9841661310000003,455.4118957519531,319.6564636230469,495.2478332519531,0,200,0
2.988123766,455.3997497558594,320.4613037109375,495.2393798828125,0,200,0
2.992342449,455.3854064941406,321.2679138183594,495.2332763671875,0,200,0
2.9962323680000003,455.3665771484375,322.0791931152344,495.23187255859375,0,200,0
3.000182484,455.3497009277344,322.8905944824219,495.23638916015625,0,200,0
3.004377015,455.3353576660156,323.6958923339844,495.23687744140625,0,200,0
3.008393839,455.3231506347656,324.50146484375,495.2287292480469,0,200,0
3.01228429,455.30767822265625,325.3106689453125,495.22271728515625,0,200,0
3.01658635,455.2882385253906,326.1229553222656,495.2214050292969,0,200,0
3.020376514,455.2705078125,326.935791015625,495.2242126464844,0,200,0
3.024395862,455.25311279296875,327.7477111816406,495.2203674316406,0,200,0
3.02883258,455.2379150390625,328.5591735839844,495.2172546386719,0,200,0
3.032554364,455.2227478027344,329.3686828613281,495.2098083496094,0,200,0
3.036741286,455.2089538574219,330.18255615234375,495.208984375,0,200,0
3.04074225,455.1900939941406,330.9920654296875,495.2019958496094,0,200,0
3.044595595,455.1717224121094,331.802001953125,495.19818115234375,0,200,0
3.048559368,455.15667724609375,332.61236572265625,495.1919860839844,0,200,0
3.0528246980000002,455.1394958496094,333.42523193359375,495.1836242675781,0,200,0
3.056793691,455.12286376953125,334.2330627441406,495.1766052246094,0,200,0
3.060628931,455.107421875,335.04119873046875,495.1766052246094,0,200,0
3.064930801,455.09185791015625,335.8519287109375,495.1808166503906,0,200,0
3.068778914,455.076416015625,336.6606750488281,495.18096923828125,0,200,0
3.07279662,455.0577392578125,337.47113037109375,495.17626953125,0,200,0
3.077135664,455.0403747558594,338.27850341796875,495.1690368652344,0,200,0
3.080915652,455.02667236328125,339.0906982421875,495.1683654785156,0,200,0
3.084853295,455.0130920410156,339.9002685546875,495.16790771484375,0,200,0
3.089138175,454.99725341796875,340.7073974609375,495.16558837890625,0,200,0
3.092989446,454.9802551269531,341.5122985839844,495.16357421875,0,200,0
3.097049542,454.967041015625,342.32415771484375,495.1706848144531,0,200,0
3.101208716,454.9515380859375,343.13360595703125,495.1639709472656,0,200,0
3.105131796,454.9304504394531,343.9464416503906,495.1524353027344,0,200,0
3.10907303,454.91455078125,344.75970458984375,495.1442565917969,0,200,0
3.11336811,454.9007873535156,345.5684509277344,495.1439514160156,0,200,0
3.117223091,454.88714599609375,346.373779296875,495.1440124511719,0,200,0
3.121204629,454.8694152832031,347.18505859375,495.13763427734375,0,200,0
3.125512736,454.8523864746094,347.99676513671875,495.126708984375,0,200,0
3.129365715,454.8346862792969,348.8087463378906,495.1229553222656,0,200,0
3.133314087,454.82000732421875,349.6174011230469,495.118408203125,0,200,0
3.137798894,454.80328369140625,350.4259033203125,495.1153564453125,0,200,0
3.141386852,454.7853698730469,351.2306213378906,495.11187744140625,0,200,0
3.145399019,454.7697448730469,352.0412902832031,495.1086730957031,0,200,0
3.149600579,454.75457763671875,352.8502502441406,495.1014709472656,0,200,0
3.153563013,454.73779296875,353.6600341796875,495.0961608886719,0,200,0
3.157444304,454.7227783203125,354.470458984375,495.100341796875,0,200,0
3.161676673,454.7063293457031,355.28118896484375,495.1032409667969,0,200,0
3.165575418,454.691650390625,356.0882873535156,495.0971984863281,0,200,0
3.169579181,454.6766052246094,356.8979187011719,495.0909118652344,0,200,0
3.173923999,454.6611022949219,357.7086486816406,495.09405517578125,0,200,0
3.177796255,454.6459045410156,358.5160217285156,495.09600830078125,0,200,0
3.181613926,454.6252136230469,359.3232727050781,495.08917236328125,0,200,0
3.1858928029999998,454.6068420410156,360.13507080078125,495.0821533203125,0,200,0
3.189766578,454.5894775390625,360.94635009765625,495.0763854980469,0,200,0
3.193795423,454.5724182128906,361.7578125,495.06695556640625,0,200,0
3.198105154,454.5587158203125,362.56695556640625,495.0587463378906,0,200,0
3.201919262,454.5429992675781,363.3729553222656,495.0522766113281,0,200,0
3.20583226,454.52838134765625,364.18121337890625,495.0539245605469,0,200,0
3.210105354,454.5110168457031,364.9916076660156,495.0546875,0,200,0
3.213980566,454.4937438964844,365.802001953125,495.04937744140625,0,200,0
3.2180029980000002,454.4766540527344,366.61395263671875,495.03765869140625,0,200,0
3.222282143,454.4655456542969,367.4241638183594,495.0348205566406,0,200,0
3.226105689,454.4530334472656,368.22821044921875,495.0364990234375,0,200,0
3.230030437,454.43798828125,369.0337219238281,495.0369567871094,0,200,0
3.234286944,454.4247131347656,369.8449401855469,495.0328674316406,0,200,0
3.238456695,454.4037780761719,370.657958984375,495.0244140625,0,200,0
3.242152582,454.3856506347656,371.468017578125,495.0161437988281,0,200,0
3.246337446,454.37188720703125,372.27728271484375,495.0190734863281,0,200,0
3.250311318,454.35662841796875,373.08599853515625,495.0194396972656,0,200,0
3.254230453,454.33856201171875,373.895263671875,495.0169372558594,0,200,0
3.258525627,454.3218688964844,374.70416259765625,495.0104064941406,0,200,0
3.262389745,454.3071594238281,375.5146179199219,495.0076599121094,0,200,0
3.2663293380000002,454.29168701171875,376.3236389160156,495.00531005859375,0,200,0
3.270659911,454.2724609375,377.12945556640625,494.99591064453125,0,200,0
3.274534855,454.2541198730469,377.93963623046875,494.9894104003906,0,200,0
3.278457307,454.23968505859375,378.7538146972656,494.9869079589844,0,200,0
3.282684626,454.2220458984375,379.5606994628906,494.9808654785156,0,200,0
3.286514433,454.2072448730469,380.3641052246094,494.97686767578125,0,200,0
3.2905217,454.1929016113281,381.17291259765625,494.97698974609375,0,200,0
3.2948027509999998,454.17791748046875,381.9844665527344,494.9759521484375,0,200,0
3.298750414,454.1578674316406,382.79351806640625,494.9652404785156,0,200,0
3.302587129,454.14263916015625,383.60467529296875,494.95904541015625,0,200,0
3.306885715,454.12921142578125,384.4114074707031,494.9549865722656,0,200,0
3.310743888,454.1144714355469,385.21673583984375,494.9537048339844,0,200,0
3.314784996,454.0992126464844,386.0240173339844,494.9565734863281,0,200,0
3.319083437,454.0826416015625,386.8316345214844,494.9577941894531,0,200,0
3.32293649,454.06646728515625,387.6394958496094,494.9501647949219,0,200,0
3.326809265,454.0527648925781,388.44683837890625,494.94140625,0,200,0
3.331054877,454.0381164550781,389.2597961425781,494.94183349609375,0,200,0
3.334940536,454.0185852050781,390.0735778808594,494.9421691894531,0,200,0
3.339178643,454.001708984375,390.8838806152344,494.9428405761719,0,200,0
3.34313813,453.9838562011719,391.6925354003906,494.9350280761719,0,200,0
3.347054496,453.970947265625,392.4986572265625,494.927001953125,0,200,0
3.350999016,453.95587158203125,393.3080139160156,494.9227294921875,0,200,0
3.355272981,453.9353332519531,394.1163024902344,494.9171447753906,0,200,0
3.359153669,453.91693115234375,394.92572021484375,494.909912109375,0,200,0
3.363110791,453.9019470214844,395.7362976074219,494.90545654296875,0,200,0
3.367429997,453.8869323730469,396.54248046875,494.89959716796875,0,200,0
3.371282514,453.871337890625,397.3498229980469,494.89044189453125,0,200,0
3.37518123,453.85986328125,398.151611328125,494.8879699707031,0,200,0
3.379480807,453.8445739746094,398.95880126953125,494.8819274902344,0,200,0
3.383288948,453.8287353515625,399.7689514160156,494.87481689453125,0,200,0
3.387331368,453.81292724609375,400.5785217285156,494.8753662109375,0,200,0
3.391478142,453.7987060546875,401.3893737792969,494.880615234375,0,200,0
3.395484599,453.7801818847656,402.19451904296875,494.876220703125,0,200,0
3.399418914,453.7636413574219,402.9998474121094,494.8736877441406,0,200,0
3.403605192,453.7468566894531,403.8096008300781,494.86767578125,0,200,0
3.40755183,453.7314453125,404.6140441894531,494.8550109863281,0,200,0
3.411512651,453.7176818847656,405.4247741699219,494.8493347167969,0,200,0
3.415860625,453.7011413574219,406.23712158203125,494.85418701171875,0,200,0
3.419677263,453.684814453125,407.0471496582031,494.8575439453125,0,200,0
3.4235702630000002,453.6657409667969,407.85772705078125,494.85418701171875,0,200,0
3.427907322,453.6500549316406,408.6665344238281,494.8507385253906,0,200,0
3.431708454,453.6361999511719,409.47674560546875,494.842529296875,0,200,0
3.435714553,453.6164855957031,410.28472900390625,494.8354187011719,0,200,0
3.440136696,453.599365234375,411.0949401855469,494.83795166015625,0,200,0
3.443849065,453.5871276855469,411.9053955078125,494.8371276855469,0,200,0
3.447746407,453.57110595703125,412.7074890136719,494.82177734375,0,200,0
3.452061009,453.5547180175781,413.513916015625,494.81195068359375,0,200,0
3.45589652,453.5410461425781,414.32415771484375,494.8138427734375,0,200,0
3.45992014,453.5234680175781,415.13232421875,494.8087158203125,0,200,0
3.464194523,453.50811767578125,415.937255859375,494.8017883300781,0,200,0
3.468038286,453.49530029296875,416.7424621582031,494.7983093261719,0,200,0
3.4719576659999998,453.4825134277344,417.5440368652344,494.78936767578125,0,200,0
3.476189799,453.4669494628906,418.3498840332031,494.78399658203125,0,200,0
3.480134091,453.4505615234375,419.16094970703125,494.7822265625,0,200,0
3.484072616,453.4302673339844,419.9703063964844,494.7720947265625,0,200,0
3.48828453,453.4129943847656,420.78045654296875,494.7701110839844,0,200,0
3.492266329,453.39837646484375,421.5920715332031,494.773193359375,0,200,0
3.496161353,453.3812255859375,422.4004211425781,494.7750549316406,0,200,0
3.50044287,453.3641052246094,423.20599365234375,494.76824951171875,0,200,0
3.504230893,453.3483581542969,424.0133361816406,494.7633972167969,0,200,0
3.508236045,453.33111572265625,424.822509765625,494.7580261230469,0,200,0
3.512650253,453.31231689453125,425.63116455078125,494.74908447265625,0,200,0
3.516444354,453.29571533203125,426.44061279296875,494.75006103515625,0,200,0
3.520382605,453.2812805175781,427.24859619140625,494.75567626953125,0,200,0
3.524597002,453.25982666015625,428.056884765625,494.7498779296875,0,200,0
3.5284554249999998,453.2453918457031,428.8622131347656,494.73974609375,0,200,0
3.532446859,453.2352600097656,429.6670837402344,494.7328186035156,0,200,0
3.536668889,453.2213134765625,430.4727783203125,494.7303466796875,0,200,0
3.540894663,453.2059326171875,431.2794494628906,494.7285461425781,0,200,0
3.544551476,453.1894836425781,432.0904235839844,494.72552490234375,0,200,0
3.548793688,453.1759338378906,432.89666748046875,494.7186279296875,0,200,0
3.552660501,453.1598815917969,433.7027587890625,494.7125549316406,0,200,0
3.556668949,453.1463928222656,434.5074157714844,494.7090759277344,0,200,0
3.561018688,453.13116455078125,435.3135070800781,494.70416259765625,0,200,0
3.56481346,453.1122741699219,436.1192932128906,494.6930236816406,0,200,0
3.568720881,453.09405517578125,436.9319763183594,494.68914794921875,0,200,0
3.572980334,453.0765075683594,437.7426452636719,494.6860656738281,0,200,0
3.576890557,453.060546875,438.5463562011719,494.679931640625,0,200,0
3.580891046,453.04693603515625,439.3544616699219,494.6710510253906,0,200,0
3.585042019,453.0318603515625,440.16253662109375,494.6698913574219,0,200,0
3.5889792959999998,453.0085144042969,440.9743347167969,494.6650390625,0,200,0
3.592891781,452.9895935058594,441.78582763671875,494.666015625,0,200,0
3.597184596,452.9718322753906,442.5951843261719,494.6645812988281,0,200,0
3.60107482,452.95538330078125,443.396484375,494.65191650390625,0,200,0
3.605045347,452.9454345703125,444.20062255859375,494.64471435546875,0,200,0
3.609353629,452.9344482421875,445.0072937011719,494.6427917480469,0,200,0
3.613199495,452.9187927246094,445.8153381347656,494.64404296875,0,200,0
3.6171850389999998,452.9014587402344,446.6199951171875,494.6437683105469,0,200,0
3.621436531,452.8851318359375,447.4256896972656,494.643310546875,0,200,0
3.625206844,452.8738708496094,448.2265625,494.6330871582031,0,200,0
3.62920626,452.8612060546875,449.03369140625,494.6270751953125,0,200,0
3.633420982,452.8459777832031,449.837890625,494.6244201660156,0,200,0
3.637395063,452.8337707519531,450.6412048339844,494.6244812011719,0,200,0
3.641532468,452.8167419433594,451.4507751464844,494.61749267578125,0,200,0
3.645547804,452.80108642578125,452.25799560546875,494.6108093261719,0,200,0
3.649393517,452.7835998535156,453.0697021484375,494.6092224121094,0,200,0
3.653417889,452.7642517089844,453.8800964355469,494.60791015625,0,200,0
3.6577696079999997,452.74169921875,454.6888732910156,494.5966796875,0,200,0
3.6616129219999998,452.7226257324219,455.49658203125,494.5904846191406,0,200,0
3.665538144,452.7095642089844,456.30462646484375,494.5867919921875,0,200,0
3.669742449,452.68975830078125,457.1114196777344,494.5804443359375,0,200,0
3.673607321,452.6749267578125,457.9161071777344,494.5708312988281,0,200,0
3.6776072490000002,452.6594543457031,458.7263488769531,494.563232421875,0,200,0
3.681893616,452.6414489746094,459.53216552734375,494.55853271484375,0,200,0
3.685770743,452.6264953613281,460.3366394042969,494.557373046875,0,200,0
3.6896344389999998,452.61346435546875,461.1404113769531,494.55682373046875,0,200,0
3.6939392460000002,452.5990905761719,461.9445495605469,494.54815673828125,0,200,0
3.6978103129999997,452.58770751953125,462.7489013671875,494.540283203125,0,200,0
3.70189806,452.56890869140625,463.5556640625,494.5272521972656,0,200,0
3.706122821,452.5530090332031,464.36065673828125,494.52825927734375,0,200,0
3.70999886,452.5390319824219,465.16583251953125,494.5338439941406,0,200,0
3.713873334,452.5235290527344,465.9703369140625,494.5339050292969,0,200,0
3.718135328,452.5114440917969,466.775634765625,494.5272216796875,0,200,0
3.722025695,452.49945068359375,467.5838623046875,494.5257873535156,0,200,0
3.725977366,452.4801330566406,468.3930358886719,494.5262756347656,0,200,0
3.730178002,452.459228515625,469.2042236328125,494.5252685546875,0,200,0
3.734159637,452.44000244140625,470.0119934082031,494.52001953125,0,200,0
3.738090821,452.42071533203125,470.8228454589844,494.5144348144531,0,200,0
3.742562156,452.40667724609375,471.6265869140625,494.5091247558594,0,200,0
3.746164277,452.39251708984375,472.4303894042969,494.5059814453125,0,200,0
3.750166503,452.3743896484375,473.23675537109375,494.4991760253906,0,200,0
3.754503599,452.3570251464844,474.0440979003906,494.4913635253906,0,200,0
3.758370275,452.3385314941406,474.85040283203125,494.4806823730469,0,200,0
3.762276981,452.3221130371094,475.656494140625,494.47412109375,0,200,0
3.766496852,452.3086853027344,476.4619140625,494.46319580078125,0,200,0
3.770356668,452.2942810058594,477.26318359375,494.451171875,0,200,0
3.7743957139999997,452.27947998046875,478.06640625,494.4462890625,0,200,0
3.778588328,452.27001953125,478.8673400878906,494.4503479003906,0,200,0
3.782575937,452.25421142578125,479.6690368652344,494.43975830078125,0,200,0
3.786491993,452.2375793457031,480.4752502441406,494.4307861328125,0,200,0
3.7906958939999997,452.2221984863281,481.2852783203125,494.42767333984375,0,200,0
3.7945999710000002,452.2041015625,482.09375,494.4214172363281,0,200,0
3.798575728,452.1881103515625,482.89813232421875,494.4236145019531,0,200,0
3.802957848,452.17266845703125,483.705078125,494.4283752441406,0,200,0
3.806804068,452.15411376953125,484.5099182128906,494.4222717285156,0,200,0
3.810627156,452.1374816894531,485.3206787109375,494.41876220703125,0,200,0
3.814913697,452.121826171875,486.12896728515625,494.42034912109375,0,200,0
3.818767167,452.1047668457031,486.9332580566406,494.4189147949219,0,200,0
3.822821986,452.08941650390625,487.7413330078125,494.4169616699219,0,200,0
3.826957749,452.0731506347656,488.5470886230469,494.4114685058594,0,200,0
3.830847071,452.05548095703125,489.35089111328125,494.40643310546875,0,200,0
3.8347527169999998,452.0381774902344,490.1563720703125,494.3978271484375,0,200,0
3.838991237,452.01959228515625,490.96295166015625,494.3888854980469,0,200,0
3.843171545,452.0051574707031,491.76422119140625,494.3816833496094,0,200,0
3.846876477,451.9910888671875,492.5661926269531,494.37353515625,0,200,0
3.85123565,451.9755859375,493.3710021972656,494.36212158203125,0,200,0
3.855046475,451.962646484375,494.17718505859375,494.3536071777344,0,200,0
3.8589974590000002,451.9464416503906,494.9783630371094,494.3398132324219,0,200,0
3.863337127,451.9325256347656,495.78240966796875,494.3364562988281,0,200,0
3.867116347,451.9163513183594,496.58746337890625,494.3372497558594,0,200,0
3.871155378,451.89862060546875,497.3898010253906,494.3293151855469,0,200,0
3.875301495,451.88116455078125,498.19671630859375,494.320556640625,0,200,0
3.87931222,451.8612976074219,499.0067138671875,494.31304931640625,0,200,0
3.883241542,451.84332275390625,499.81695556640625,494.3127136230469,0,200,0
3.887439933,451.82672119140625,500.6242980957031,494.3232727050781,0,200,0
3.891374094,451.8113098144531,501.4234313964844,494.32049560546875,0,200,0
3.895319679,451.8013916015625,502.2241516113281,494.3187255859375,0,200,0
3.899673861,451.7866516113281,503.031494140625,494.312744140625,0,200,0
3.903494293,451.76824951171875,503.83740234375,494.310546875,0,200,0
3.907381915,451.7519226074219,504.6449890136719,494.3161315917969,0,200,0
3.9116097979999997,451.7382507324219,505.4463195800781,494.3116760253906,0,200,0
3.915506508,451.72265625,506.2527160644531,494.30694580078125,0,200,0
3.919519365,451.7110290527344,507.0552978515625,494.3084411621094,0,200,0
3.923784933,451.6954040527344,507.860595703125,494.30224609375,0,200,0
3.927661939,451.6775817871094,508.6629333496094,494.2886657714844,0,200,0
3.931585167,451.6636962890625,509.46820068359375,494.28204345703125,0,200,0
3.935846096,451.6461181640625,510.2677307128906,494.2654113769531,0,200,0
3.939733079,451.62847900390625,511.07550048828125,494.2571105957031,0,200,0
3.9439781099999998,451.6090393066406,511.8827819824219,494.2425231933594,0,200,0
3.948059962,451.5959777832031,512.685791015625,494.23748779296875,0,200,0
3.951852901,451.5785827636719,513.4882202148438,494.23388671875,0,200,0
3.955805782,451.55938720703125,514.2901000976563,494.2250061035156,0,200,0
3.96003495,451.5443420410156,515.0951538085938,494.2140197753906,0,200,0
3.963925081,451.5257873535156,515.8961181640625,494.1965637207031,0,200,0
3.967883459,451.5081481933594,516.7034912109375,494.1922302246094,0,200,0
3.972093205,451.4935302734375,517.50830078125,494.1983947753906,0,200,0
3.9760411700000002,451.47735595703125,518.3113403320313,494.20123291015625,0,200,0
3.979976481,451.4631042480469,519.118896484375,494.20599365234375,0,200,0
3.9842686069999997,451.4480285644531,519.9224243164063,494.2000732421875,0,200,0
3.988091495,451.43072509765625,520.7284545898438,494.20355224609375,0,200,0
3.992078314,451.4132995605469,521.5365600585938,494.21160888671875,0,200,0
3.996471049,451.3955993652344,522.3394165039063,494.20361328125,0,200,0
4.000271756,451.3844909667969,523.14208984375,494.2045593261719,0,200,0
4.004193381,451.3700256347656,523.9443969726563,494.2003479003906,0,200,0
4.008410917,451.3514404296875,524.7493896484375,494.19635009765625,0,200,0
4.012272595,451.33599853515625,525.5533447265625,494.1902770996094,0,200,0
4.016271562,451.3184509277344,526.352294921875,494.1754455566406,0,200,0
4.020515197,451.3031311035156,527.1520385742188,494.1640930175781,0,200,0
4.024485656,451.28607177734375,527.9523315429688,494.144775390625,0,200,0
4.028365578,451.2734375,528.7549438476563,494.13128662109375,0,200,0
4.032573216,451.25286865234375,529.5601196289063,494.1242980957031,0,200,0
4.036476465,451.23565673828125,530.3634033203125,494.119140625,0,200,0
4.040526559,451.21478271484375,531.1730346679688,494.1148986816406,0,200,0
4.045089015,451.1919250488281,531.9772338867188,494.0992736816406,0,200,0
4.048631827,451.1788635253906,532.7808227539063,494.0904235839844,0,200,0
4.05253481,451.1669006347656,533.5845947265625,494.0939636230469,0,200,0
4.056812889,451.1495666503906,534.3834228515625,494.0967102050781,0,200,0
4.060662339,451.1343078613281,535.1871948242188,494.1017150878906,0,200,0
4.064686015,451.1123046875,535.9957885742188,494.0916748046875,0,200,0
4.068875998,451.09814453125,536.8016967773438,494.09381103515625,0,200,0
4.072839136,451.08251953125,537.6019287109375,494.09820556640625,0,200,0
4.076747935,451.0684509277344,538.4002075195313,494.0968017578125,0,200,0
4.081080121,451.05487060546875,539.199462890625,494.09185791015625,0,200,0
4.08492223,451.0376892089844,539.9989624023438,494.08477783203125,0,200,0
4.088848067,451.02203369140625,540.8048095703125,494.08453369140625,0,200,0
4.093194489,451.0086364746094,541.6032104492188,494.0807800292969,0,200,0
4.097017792,450.99737548828125,542.4055786132813,494.07513427734375,0,200,0
4.100949203,450.9804992675781,543.2069091796875,494.06982421875,0,200,0
4.105246034,450.9621276855469,544.0088500976563,494.0516052246094,0,200,0
4.109058732,450.94696044921875,544.8139038085938,494.0450134277344,0,200,0
4.113047953,450.9244079589844,545.6178588867188,494.0364685058594,0,200,0
4.117240779,450.9068908691406,546.4208984375,494.0325927734375,0,200,0
4.121246719,450.8860778808594,547.2244873046875,494.0198669433594,0,200,0
4.125167312,450.8650207519531,548.0292358398438,493.99853515625,0,200,0
4.129379135,450.8507385253906,548.8317260742188,493.985595703125,0,200,0
4.133283988,450.83563232421875,549.6315307617188,493.9791564941406,0,200,0
4.137246967,450.8162536621094,550.4307250976563,493.9740905761719,0,200,0
4.14156215,450.7960510253906,551.2334594726563,493.97113037109375,0,200,0
4.145740246,450.77752685546875,552.0365600585938,493.9612731933594,0,200,0
4.149322977,450.76055908203125,552.8408813476563,493.9632263183594,0,200,0
4.1535651080000004,450.74578857421875,553.6470336914063,493.9711608886719,0,200,0
4.157422514,450.73211669921875,554.445068359375,493.9722595214844,0,200,0
4.161460699,450.7177734375,555.2457885742188,493.97918701171875,0,200,0
4.165799048,450.70068359375,556.049072265625,493.9846496582031,0,200,0
4.16958963,450.6854553222656,556.8505249023438,493.9874267578125,0,-200,0
4.173499048,450.67193603515625,557.6522216796875,493.9878234863281,0,-200,0
4.177917703,450.655517578125,558.4550170898438,493.98114013671875,0,-200,0
4.181816194,450.63897705078125,559.2557983398438,493.9719543457031,0,-200,0
4.185866112,450.6249694824219,560.0535278320313,493.9570007324219,0,-200,0
4.190073832,450.61163330078125,560.8510131835938,493.9412536621094,0,-200,0
4.193892333,450.59454345703125,561.646484375,493.9294738769531,0,-200,0
4.197797858,450.5782470703125,562.4348754882813,493.91839599609375,0,-200,0
4.202053773,450.591064453125,563.1641235351563,493.952880859375,0,-200,0
4.205871068,450.64447021484375,563.78857421875,494.0636291503906,0,-200,0
4.20981004,450.73443603515625,564.2982177734375,494.2091979980469,0,-200,0
4.214030874,450.83941650390625,564.6721801757813,494.345947265625,0,-200,0
4.217940519,450.9659729003906,564.8717041015625,494.5131530761719,0,-200,0
4.221902752,451.10296630859375,564.8765869140625,494.67333984375,0,-200,0
4.226217491,451.1494140625,564.74755859375,494.697265625,0,-200,0
4.230006819,451.0809631347656,564.6146240234375,494.6318664550781,0,-200,0
4.23402496,450.9429626464844,564.3510131835938,494.5293884277344,0,-200,0
4.238328247,450.8085021972656,563.8843383789063,494.4097900390625,0,-200,0
4.242184585,450.67498779296875,563.3030395507813,494.2416076660156,0,-200,0
4.246330145,450.5182189941406,562.6348876953125,494.0351257324219,0,-200,0
4.25038456,450.38983154296875,561.8876342773438,493.89422607421875,0,-200,0
4.254221233,450.34051513671875,561.02587890625,493.8348388671875,0,-200,0
4.258217721,450.3451843261719,560.1056518554688,493.7962646484375,0,-200,0
4.262417675,450.35272216796875,559.1976318359375,493.7450866699219,0,-200,0
4.266409845,450.36468505859375,558.3033447265625,493.7400207519531,0,-200,0
4.270335559,450.39520263671875,557.42138671875,493.793212890625,0,-200,0
4.274560101,450.4440612792969,556.5382080078125,493.8539123535156,0,-200,0
4.278391328,450.49859619140625,555.6658935546875,493.906982421875,0,-200,0
4.282416899,450.5431823730469,554.811279296875,493.9773864746094,0,-200,0
4.286798795,450.55096435546875,553.9879150390625,494.0517883300781,0,-200,0
4.290549938,450.5363464355469,553.2066650390625,494.11224365234375,0,-200,0
4.294445608,450.50067138671875,552.4259643554688,494.1404113769531,0,-200,0
4.298745717,450.4629211425781,551.6373291015625,494.14813232421875,0,-200,0
4.302607484,450.4204406738281,550.8487548828125,494.12432861328125,0,-200,0
4.306580337,450.3671569824219,550.0617065429688,494.08416748046875,0,-200,0
4.310804387,450.3094177246094,549.2693481445313,494.0187072753906,0,-200,0
4.314793433,450.2711486816406,548.4736328125,493.9466552734375,0,-200,0
4.318635325,450.2395935058594,547.662841796875,493.8828430175781,0,-200,0
4.322959149,450.2104797363281,546.8414306640625,493.8272705078125,0,-200,0
4.326828021,450.184814453125,546.0342407226563,493.7926330566406,0,-200,0
4.330781043,450.15167236328125,545.221435546875,493.75140380859375,0,-200,0
4.335211122,450.1294250488281,544.4072875976563,493.72711181640625,0,-200,0
4.3389313099999995,450.11407470703125,543.5913696289063,493.71002197265625,0,-200,0
4.342877969,450.09600830078125,542.78515625,493.73065185546875,0,-200,0
4.347358645,450.0819091796875,541.9808349609375,493.7686767578125,0,-200,0
4.350982243,450.0755615234375,541.1641235351563,493.7976379394531,0,-200,0
4.354993746,450.0843505859375,540.3449096679688,493.8414001464844,0,-200,0
4.359191222,450.098876953125,539.512939453125,493.8824157714844,0,-200,0
4.363177863,450.1168212890625,538.6802368164063,493.9194641113281,0,-200,0
4.367110891,450.1221923828125,537.8557739257813,493.9456481933594,0,-200,0
4.371339917,450.1244812011719,537.0314331054688,493.96417236328125,0,-200,0
4.375214606,450.1299133300781,536.2061157226563,493.96612548828125,0,-200,0
4.379164305,450.1241760253906,535.386474609375,493.95501708984375,0,-200,0
4.383504774,450.1001892089844,534.5779418945313,493.9459228515625,0,-200,0
4.387372763,450.0648498535156,533.774169921875,493.9245300292969,0,-200,0
4.39128487,450.0227355957031,532.978271484375,493.9002380371094,0,-200,0
4.3955202159999995,449.9732666015625,532.1822509765625,493.8590087890625,0,-200,0
4.399351251,449.9234313964844,531.3964233398438,493.8371887207031,0,-200,0
4.403353877,449.87933349609375,530.6046142578125,493.81402587890625,0,-200,0
4.407620365,449.84844970703125,529.8019409179688,493.7890625,0,-200,0
4.411513134,449.8293151855469,529.001708984375,493.773681640625,0,-200,0
4.415445665,449.8083190917969,528.1998291015625,493.7460021972656,0,-200,0
4.419728853,449.7960510253906,527.387939453125,493.7342224121094,0,-200,0
4.423570043,449.779052734375,526.5802001953125,493.7297668457031,0,-200,0
4.427600363,449.76556396484375,525.7677612304688,493.7233581542969,0,-200,0
4.431857943,449.750244140625,524.9536743164063,493.71270751953125,0,-200,0
4.435742816,449.73834228515625,524.1387329101563,493.7113342285156,0,-200,0
4.439628111,449.7315979003906,523.3222045898438,493.7220764160156,0,-200,0
4.443912634,449.7279357910156,522.5013427734375,493.73675537109375,0,-200,0
4.448053658,449.7333679199219,521.6773681640625,493.75970458984375,0,-200,0
4.451777867,449.73248291015625,520.8538818359375,493.7799377441406,0,-200,0
4.455969171,449.73248291015625,520.0328979492188,493.80535888671875,0,-200,0
4.459949517,449.72259521484375,519.2149658203125,493.8171691894531,0,-200,0
4.463837854,449.70941162109375,518.3997802734375,493.8223876953125,0,-200,0
4.468099355,449.6996765136719,517.591064453125,493.8338623046875,0,-200,0
4.471924192,449.6842346191406,516.7822875976563,493.8279113769531,0,-200,0
4.475949873,449.65582275390625,515.98193359375,493.81103515625,0,-200,0
4.480260672,449.618408203125,515.1895141601563,493.7919921875,0,-200,0
4.484122971,449.5816650390625,514.3933715820313,493.7663269042969,0,-200,0
4.488077239,449.5486145019531,513.5918579101563,493.7340393066406,0,-200,0
4.492262359,449.5226745605469,512.7879638671875,493.70098876953125,0,-200,0
4.49614012,449.49822998046875,511.9872131347656,493.666015625,0,-200,0
4.500129366,449.473388671875,511.1844482421875,493.6475524902344,0,-200,0
4.504345859,449.45941162109375,510.3765869140625,493.64715576171875,0,-200,0
4.508340285,449.44598388671875,509.564208984375,493.633544921875,0,-200,0
4.512200891,449.4366760253906,508.7518615722656,493.6267395019531,0,-200,0
4.516473828,449.428466796875,507.93988037109375,493.6329345703125,0,-200,0
4.520321963,449.41204833984375,507.125244140625,493.6333923339844,0,-200,0
4.524390798,449.4027404785156,506.3162536621094,493.64324951171875,0,-200,0
4.528704217,449.3995666503906,505.49591064453125,493.6488037109375,0,-200,0
4.532463698,449.3926696777344,504.6817626953125,493.6658020019531,0,-200,0
4.536410609,449.38616943359375,503.8636474609375,493.67852783203125,0,-200,0
4.540632307,449.3760070800781,503.0478210449219,493.6830139160156,0,-200,0
4.544626299,449.3672180175781,502.23785400390625,493.69573974609375,0,-200,0
4.548509759,449.3525695800781,501.4248046875,493.70196533203125,0,-200,0
4.55274861,449.33984375,500.61334228515625,493.7046813964844,0,-200,0
4.556697421,449.3244934082031,499.8042297363281,493.6938171386719,0,-200,0
4.560561481,449.30352783203125,498.9951477050781,493.68560791015625,0,-200,0
4.564963197,449.2800598144531,498.1960144042969,493.6844787597656,0,-200,0
4.56877511,449.2534484863281,497.3981628417969,493.6676330566406,0,-200,0
4.57271121,449.2228698730469,496.6047668457031,493.6437072753906,0,-200,0
4.5770622880000005,449.1927490234375,495.8056945800781,493.6141662597656,0,-200,0
4.580862383,449.165283203125,495.00311279296875,493.5807189941406,0,-200,0
4.584807443,449.14862060546875,494.19873046875,493.5660095214844,0,-200,0
4.58905977,449.1308898925781,493.3898620605469,493.55035400390625,0,-200,0
4.592880594,449.1154479980469,492.5811462402344,493.5336608886719,0,-200,0
4.596919138,449.1001281738281,491.77587890625,493.5258483886719,0,-200,0
4.601109003,449.07965087890625,490.97021484375,493.5157470703125,0,-200,0
4.605101066,449.0650329589844,490.15997314453125,493.52288818359375,0,-200,0
4.609026751,449.0516662597656,489.34613037109375,493.5265808105469,0,-200,0
4.61322049,449.04241943359375,488.53057861328125,493.5340576171875,0,-200,0
4.617091279,449.03424072265625,487.71771240234375,493.55316162109375,0,-200,0
4.621096677,449.02874755859375,486.9007568359375,493.5667724609375,0,-200,0
4.625429148,449.02349853515625,486.0902404785156,493.5795593261719,0,-200,0
4.629344488,449.0146789550781,485.28021240234375,493.59283447265625,0,-200,0
4.633165887,449.0016784667969,484.4679260253906,493.5995178222656,0,-200,0
4.637435706,448.9908752441406,483.65863037109375,493.601806640625,0,-200,0
4.641302243,448.97503662109375,482.8471374511719,493.5845947265625,0,-200,0
4.645296109,448.9557189941406,482.0377502441406,493.5685119628906,0,-200,0
4.64985775,448.93798828125,481.2367248535156,493.5684509277344,0,-200,0
4.653446674,448.9098815917969,480.43402099609375,493.547119140625,0,-200,0
4.657364148,448.88348388671875,479.6333923339844,493.5263671875,0,-200,0
4.661615361,448.8548278808594,478.8341369628906,493.50067138671875,0,-200,0
4.665488856,448.8324279785156,478.0279235839844,493.4712219238281,0,-200,0
4.669439084,448.8153076171875,477.2205810546875,493.4598083496094,0,-200,0
4.673799708,448.7967529296875,476.4140930175781,493.4495544433594,0,-200,0
4.677651728,448.7796325683594,475.6105041503906,493.4394836425781,0,-200,0
4.681550121,448.76800537109375,474.80413818359375,493.43438720703125,0,-200,0
4.685833242,448.7552795410156,473.9926452636719,493.4327392578125,0,-200,0
4.689735187,448.7467956542969,473.18341064453125,493.4411315917969,0,-200,0
4.693694523,448.73284912109375,472.37347412109375,493.44317626953125,0,-200,0
4.697905802,448.7238464355469,471.5630187988281,493.4491271972656,0,-200,0
4.7018336,448.71600341796875,470.75250244140625,493.4637145996094,0,-200,0
4.705769754,448.7025451660156,469.9366455078125,493.46722412109375,0,-200,0
4.710056858,448.68927001953125,469.1239929199219,493.4719543457031,0,-200,0
4.713933433,448.6756286621094,468.3160705566406,493.475830078125,0,-200,0
4.71774172,448.6592712402344,467.5070495605469,493.478759765625,0,-200,0
4.722128987,448.6436462402344,466.6983947753906,493.47821044921875,0,-200,0
4.725997182,448.6263732910156,465.8903503417969,493.47064208984375,0,-200,0
4.729971776,448.608642578125,465.0868225097656,493.4558410644531,0,-200,0
4.734189398,448.5855712890625,464.2872619628906,493.44586181640625,0,-200,0
4.738085014,448.5603332519531,463.4861145019531,493.4358825683594,0,-200,0
4.742134085,448.54168701171875,462.6822814941406,493.4212341308594,0,-200,0
4.746282661,448.5253601074219,461.87445068359375,493.40093994140625,0,-200,0
4.750473264,448.5086975097656,461.07305908203125,493.3792419433594,0,-200,0
4.754185006,448.4869079589844,460.27569580078125,493.3642578125,0,-200,0
4.758383868,448.46240234375,459.472900390625,493.35113525390625,0,-200,0
4.762223897,448.44195556640625,458.67010498046875,493.3491516113281,0,-200,0
4.766261242,448.429443359375,457.8616027832031,493.3440856933594,0,-200,0
4.7706135419999995,448.41510009765625,457.0479736328125,493.33380126953125,0,-200,0
4.774375308,448.40240478515625,456.2389831542969,493.3336486816406,0,-200,0
4.778291131,448.3870849609375,455.4288330078125,493.3398132324219,0,-200,0
4.782557646,448.373779296875,454.6192321777344,493.34490966796875,0,-200,0
4.786440755,448.3639221191406,453.8087463378906,493.3529968261719,0,-200,0
4.790476622,448.35296630859375,452.9979248046875,493.3596496582031,0,-200,0
4.794727598,448.3415222167969,452.18768310546875,493.36749267578125,0,-200,0
4.798600172,448.3302001953125,451.3785095214844,493.37200927734375,0,-200,0
4.802485438,448.3143615722656,450.5712890625,493.36773681640625,0,-200,0
4.806808496,448.30157470703125,449.76348876953125,493.3686828613281,0,-200,0
4.810685289,448.2848205566406,448.9599914550781,493.3683776855469,0,-200,0
4.814632396,448.26702880859375,448.1552429199219,493.35638427734375,0,-200,0
4.819020825,448.25152587890625,447.3489685058594,493.33990478515625,0,-200,0
4.822807635,448.2334899902344,446.545166015625,493.3287658691406,0,-200,0
4.82673487,448.2110290527344,445.7391357421875,493.3178405761719,0,-200,0
4.830982497,448.1927185058594,444.9361877441406,493.3083190917969,0,-200,0
4.834805038,448.17657470703125,444.1351013183594,493.2973937988281,0,-200,0
4.838834992,448.1537780761719,443.3297119140625,493.2749328613281,0,-200,0
4.843018481,448.1334228515625,442.52471923828125,493.2552795410156,0,-200,0
4.846971365,448.11785888671875,441.7234802246094,493.247802734375,0,-200,0
4.851119744,448.10076904296875,440.91619873046875,493.245361328125,0,-200,0
4.855112856,448.086181640625,440.1043701171875,493.2432861328125,0,-200,0
4.858983484,448.07257080078125,439.2991943359375,493.2445373535156,0,-200,0
4.862966178,448.05804443359375,438.49200439453125,493.2441711425781,0,-200,0
4.867362065,448.04541015625,437.68310546875,493.24896240234375,0,-200,0
4.871210929,448.032470703125,436.8762512207031,493.25994873046875,0,-200,0
4.875053981,448.0162658691406,436.0693054199219,493.25799560546875,0,-200,0
4.879336047,448.0034484863281,435.2645568847656,493.2613525390625,0,-200,0
4.883194653,447.9898681640625,434.4606018066406,493.2701416015625,0,-200,0
4.887214386,447.9779968261719,433.6479797363281,493.26763916015625,0,-200,0
4.891453583,447.9689636230469,432.8421630859375,493.26971435546875,0,-200,0
4.895354592,447.9511413574219,432.0376281738281,493.2615966796875,0,-200,0
4.899261163,447.93017578125,431.2355651855469,493.25274658203125,0,-200,0
4.903518894,447.90948486328125,430.4393005371094,493.24957275390625,0,-200,0
4.90740776,447.89056396484375,429.6371154785156,493.2435607910156,0,-200,0
4.911445993,447.86810302734375,428.8288879394531,493.2149658203125,0,-200,0
4.915720028,447.8541564941406,428.02532958984375,493.20343017578125,0,-200,0
4.919544155,447.83526611328125,427.2258605957031,493.19903564453125,0,-200,0
4.923505343,447.81085205078125,426.4192199707031,493.1839599609375,0,-200,0
4.927745294,447.79779052734375,425.6142883300781,493.178955078125,0,-200,0
4.931589211,447.78131103515625,424.81243896484375,493.1678771972656,0,-200,0
4.935566397,447.7660827636719,424.0009765625,493.1513366699219,0,-200,0
4.939795013,447.75299072265625,423.19549560546875,493.1502990722656,0,-200,0
4.943787801,447.7396240234375,422.3878479003906,493.1524353027344,0,-200,0
4.947676648,447.7254638671875,421.57855224609375,493.1516418457031,0,-200,0
4.9521870759999995,447.7157897949219,420.7700500488281,493.155029296875,0,-200,0
4.955778317,447.70556640625,419.9649658203125,493.15960693359375,0,-200,0
4.959766706,447.69091796875,419.155517578125,493.1614074707031,0,-200,0
4.9640993049999995,447.6846618652344,418.3473205566406,493.16900634765625,0,-200,0
4.967969956,447.6706237792969,417.54052734375,493.1711120605469,0,-200,0
4.97189017,447.65313720703125,416.7328186035156,493.16229248046875,0,-200,0
4.976094468,447.63970947265625,415.9320068359375,493.1640319824219,0,-200,0
4.97995063,447.62274169921875,415.1324462890625,493.165771484375,0,-200,0
4.983945235,447.59893798828125,414.3255920410156,493.1514892578125,0,-200,0
4.988167818,447.5790100097656,413.5229797363281,493.13824462890625,0,-200,0
4.992157823,447.5616455078125,412.7201843261719,493.1282958984375,0,-200,0
4.99602963,447.5420837402344,411.9136657714844,493.1172790527344,0,-200,0
5.000305966,447.52313232421875,411.1083984375,493.1116638183594,0,-200,0
5.004154237,447.5091247558594,410.3074645996094,493.1050109863281,0,-200,0
5.008233772,447.4888610839844,409.5038146972656,493.089111328125,0,-200,0
5.012531669,447.47027587890625,408.70477294921875,493.0846252441406,0,-200,0
5.01629243,447.4529113769531,407.9042663574219,493.0870056152344,0,-200,0
5.020247747,447.4362487792969,407.0956726074219,493.07879638671875,0,-200,0
5.024490492,447.4263916015625,406.2845153808594,493.07708740234375,0,-200,0
5.028441817,447.41748046875,405.4766540527344,493.0726623535156,0,-200,0
5.032389928,447.4033203125,404.6714172363281,493.0655212402344,0,-200,0
5.036509814,447.3868408203125,403.8726806640625,493.0616149902344,0,-200,0
5.040520998,447.37249755859375,403.0680236816406,493.06884765625,0,-200,0
5.044419864,447.3557434082031,402.2563171386719,493.0679016113281,0,-200,0
5.048781128,447.34625244140625,401.4465026855469,493.0663146972656,0,-200,0
5.052823006,447.330810546875,400.6435852050781,493.0638732910156,0,-200,0
5.056564578,447.3129577636719,399.8392333984375,493.06201171875,0,-200,0
5.060901631,447.2940979003906,399.0361022949219,493.0604248046875,0,-200,0
5.064744893,447.27630615234375,398.233154296875,493.0586242675781,0,-200,0
5.068659413,447.2576599121094,397.4300231933594,493.0482177734375,0,-200,0
5.072945911,447.23980712890625,396.6298828125,493.0426940917969,0,-200,0
5.076745951,447.2232666015625,395.8269348144531,493.0401916503906,0,-200,0
5.080769898,447.20367431640625,395.0242614746094,493.0335998535156,0,-200,0
5.084962413,447.1869201660156,394.21710205078125,493.0238952636719,0,-200,0
5.088899243,447.1724853515625,393.414306640625,493.0156555175781,0,-200,0
5.092866247,447.1583251953125,392.610107421875,493.0124206542969,0,-200,0
5.097052877,447.1401672363281,391.8045654296875,493.0079345703125,0,-200,0
5.100935258,447.12750244140625,390.99639892578125,493.0036315917969,0,-200,0
5.104937167,447.1153564453125,390.1888732910156,492.9975280761719,0,-200,0
5.109305038,447.10150146484375,389.3819274902344,492.98590087890625,0,-200,0
5.113094942,447.0884094238281,388.5765380859375,492.98529052734375,0,-200,0
5.116940487,447.0737609863281,387.7706298828125,492.9896240234375,0,-200,0
5.121322406,447.0571594238281,386.9664001464844,492.9878234863281,0,-200,0
5.125087476,447.0411071777344,386.160400390625,492.9813232421875,0,-200,0
5.129111033,447.0263671875,385.35882568359375,492.9787292480469,0,-200,0
5.133348645,447.0126953125,384.55621337890625,492.9752502441406,0,-200,0
5.137244469,446.98828125,383.7603454589844,492.9613342285156,0,-200,0
5.141256777,446.96392822265625,382.97723388671875,492.953125,0,-200,0
5.145397275,446.93609619140625,382.2067565917969,492.9461669921875,0,-200,0
5.149287082,446.90863037109375,381.44873046875,492.9261779785156,0,-200,0
5.153274964,446.8833923339844,380.7135314941406,492.9044494628906,0,-200,0
5.157582391,446.85498046875,380.009033203125,492.8860168457031,0,-200,0
5.161432823,446.8230895996094,379.3423156738281,492.8673400878906,0,-200,0
5.165334008,446.7885437011719,378.7184753417969,492.846923828125,0,-200,0
5.169599451,446.7628479003906,378.1346435546875,492.8304138183594,0,-200,0
5.173430697,446.74151611328125,377.595947265625,492.8147888183594,0,-200,0
5.17745614,446.72869873046875,377.1059875488281,492.80328369140625,0,-200,0
5.181629752,446.7223815917969,376.6647033691406,492.79449462890625,0,-200,0
5.185604344,446.71795654296875,376.28375244140625,492.7890319824219,0,-200,0
5.18954797,446.719482421875,375.968505859375,492.795654296875,0,-200,0
5.193783547,446.7161560058594,375.70635986328125,492.8022766113281,0,-200,0
5.197705965,446.71942138671875,375.4936218261719,492.80816650390625,0,-200,0
5.201651687,446.7264709472656,375.3274841308594,492.8193664550781,0,-200,0
5.205957313,446.7374572753906,375.20025634765625,492.8374938964844,0,-200,0
5.209901969,446.7463684082031,375.1045837402344,492.84716796875,0,-200,0
5.213715077,446.75567626953125,375.0378723144531,492.8548278808594,0,-200,0
5.218076658,446.7660217285156,374.9932556152344,492.8619384765625,0,-200,0
5.221837282,446.76739501953125,374.9709777832031,492.86431884765625,0,-200,0
5.225832819,446.76092529296875,374.968505859375,492.86669921875,0,-200,0
5.230114181,446.7547912597656,374.9634704589844,492.8622131347656,0,-200,0
5.234011644,446.7542724609375,374.9632568359375,492.85894775390625,0,-200,0
5.237974563,446.75689697265625,374.97491455078125,492.8635559082031,0,-200,0
5.242163746,446.7554931640625,374.9825134277344,492.85711669921875,0,-200,0
5.246045957,446.75634765625,374.9878234863281,492.8583068847656,0,-200,0
5.25032388,446.75823974609375,374.9908447265625,492.8631591796875,0,-200,0
5.254364228,446.7589111328125,374.9914245605469,492.8642578125,0,-200,0
5.258222105,446.75982666015625,374.9921569824219,492.8657531738281,0,-200,0
5.262097337,446.76104736328125,374.99029541015625,492.8675842285156,0,-200,0
5.266351641,446.7608337402344,374.9898986816406,492.8675842285156,0,-200,0
5.270296235,446.7630310058594,374.98907470703125,492.86907958984375,0,-200,0
5.274199681,446.76287841796875,374.9889221191406,492.8704833984375,0,-200,0
5.278441461,446.7657775878906,374.9874572753906,492.8723449707031,0,-200,0
5.282369839,446.76708984375,374.98876953125,492.8771667480469,0,-200,0
5.286282576,446.7656555175781,374.990478515625,492.8771667480469,0,-200,0
5.290639143,446.7657165527344,374.9913330078125,492.87567138671875,0,-200,0
5.294422864,446.7648620605469,374.99237060546875,492.87567138671875,0,-200,0
5.298425192,446.76434326171875,374.993408203125,492.87603759765625,0,-200,0
5.302789082,446.7629089355469,374.9951171875,492.87603759765625,0,-200,0
5.3065584900000005,446.7623291015625,374.996826171875,492.8746643066406,0,-200,0
5.31056274,446.7608947753906,374.99853515625,492.8746643066406,0,-200,0
5.314755223,446.75970458984375,375.00042724609375,492.872802734375,0,-200,0
5.318625462,446.7611083984375,375.0016174316406,492.8722839355469,0,-200,0
5.322696968,446.7611083984375,375.0016174316406,492.8722839355469,0,-200,0
5.326834758,446.7611083984375,375.0016174316406,492.8722839355469,0,-200,0
5.330820916,446.7611083984375,375.0016174316406,492.8722839355469,0,-200,0
5.334712463,446.7625427246094,374.9999084472656,492.8722839355469,0,-200,0
5.33896249,446.7625427246094,374.9999084472656,492.8722839355469,0,-200,0
5.342852101,446.76397705078125,374.9981994628906,492.8722839355469,0,-200,0
5.346810206,446.7637023925781,374.99798583984375,492.8746643066406,0,-200,0
5.351441715,446.7651062011719,374.9969177246094,492.8746643066406,0,-200,0
5.354954816,446.7648620605469,374.9967346191406,492.8764953613281,0,-200,0
5.358874838,446.7648620605469,374.9967346191406,492.8764953613281,0,-200,0
5.36312659,446.7648620605469,374.9967346191406,492.8764953613281,0,-200,0
5.367002489,446.7648620605469,374.9967346191406,492.8764953613281,0,-200,0
5.3710665,446.7637939453125,374.998046875,492.8764953613281,0,-200,0
5.375209438,446.76397705078125,374.99822998046875,492.8746643066406,0,-200,0
5.379167,446.7643127441406,374.9985046386719,492.8746643066406,0,-200,0
5.383057393,446.7625732421875,374.99993896484375,492.8746643066406,0,-200,0
5.387295709,446.7628479003906,375.00018310546875,492.8722839355469,0,-200,0
5.391289769,446.76318359375,375.0004577636719,492.8722839355469,0,-200,0
5.395223799,446.7632751464844,375.00054931640625,492.87139892578125,0,-200,0
5.399511809,446.7632751464844,375.00054931640625,492.87139892578125,0,-200,0
5.403337776,446.7632751464844,375.00054931640625,492.87139892578125,0,-200,0
5.407318216,446.76470947265625,374.99884033203125,492.87139892578125,0,-200,0
5.411595618,446.7647705078125,374.9988708496094,492.8722839355469,0,-200,0
5.415360818,446.76495361328125,374.9990234375,492.8722839355469,0,-200,0
5.419409276,446.7660217285156,374.9977111816406,492.8722839355469,0,-200,0
5.423583642,446.7658386230469,374.9976806640625,492.8746643066406,0,-200,0
5.427563452,446.7659912109375,374.997802734375,492.8746643066406,0,-200,0
5.431507044,446.7657470703125,374.9974670410156,492.8746643066406,0,-200,0
5.435697309,446.76568603515625,374.9975280761719,492.8746643066406,0,-200,0
5.439572226,446.7658996582031,374.9979248046875,492.8746643066406,0,-200,0
5.443559607,446.76605224609375,374.99774169921875,492.8746643066406,0,-200,0
5.44794934,446.76605224609375,374.9980773925781,492.8746643066406,0,-200,0
5.452032109,446.76513671875,374.9994812011719,492.8746643066406,0,-200,0
5.45566471,446.7655029296875,374.9996032714844,492.8722839355469,0,-200,0
5.459893649,446.765380859375,374.9997253417969,492.8722839355469,0,-200,0
5.463773061,446.765380859375,374.9997253417969,492.8722839355469,0,-200,0
5.46774811,446.76556396484375,374.9998779296875,492.8722839355469,0,-200,0
5.472059458,446.765380859375,374.9997253417969,492.8722839355469,0,-200,0
5.475905095,446.76556396484375,374.9998779296875,492.8722839355469,0,-200,0
5.479858195,446.765380859375,374.9997253417969,492.8722839355469,0,-200,0
5.484079646,446.76666259765625,374.9985656738281,492.8722839355469,0,-200,0
5.487960842,446.76666259765625,374.9985656738281,492.8722839355469,0,-200,0
5.492031677,446.76666259765625,374.9985656738281,492.8722839355469,0,-200,0
5.4962566299999995,446.7669677734375,374.99884033203125,492.8722839355469,0,-200,0
5.500113277,446.7666931152344,374.99859619140625,492.8746643066406,0,-200,0
5.504029283,446.7663879394531,374.9983215332031,492.8746643066406,0,-200,0
5.508272592,446.7666931152344,374.99859619140625,492.8746643066406,0,-200,0
5.512266185,446.7666931152344,374.99859619140625,492.8746643066406,0,-200,0
5.516128491,446.7666931152344,374.99859619140625,492.8746643066406,0,-200,0
5.520355323,446.7666931152344,374.99859619140625,492.8746643066406,0,-200,0
5.524297655,446.7671813964844,374.9989929199219,492.8746643066406,0,-200,0
5.528228738,446.7671813964844,374.9989929199219,492.8746643066406,0,-200,0
5.532571102,446.7674560546875,374.9992370605469,492.8722839355469,0,-200,0
5.536341545,446.7669982910156,374.9988708496094,492.8715515136719,0,-200,0
5.540338082,446.7663269042969,374.998291015625,492.8704528808594,0,-200,0
5.544674964,446.7666320800781,374.9985656738281,492.8704528808594,0,-200,0
5.548486823,446.7663269042969,374.998291015625,492.8704528808594,0,-200,0
5.552736065,446.7666320800781,374.9985656738281,492.8704528808594,0,-200,0
5.556680083,446.7666320800781,374.9985656738281,492.8704528808594,0,-200,0
5.560548616,446.76806640625,374.996826171875,492.8704528808594,0,-200,0
5.564529733,446.7682189941406,374.9969787597656,492.8704528808594,0,-200,0
5.5687418090000005,446.7684020996094,374.9971008300781,492.8704528808594,0,-200,0
5.572744848,446.7680969238281,374.9968566894531,492.872802734375,0,-200,0
5.57659898,446.7680969238281,374.9968566894531,492.872802734375,0,-200,0
5.580871402,446.7684020996094,374.9971008300781,492.8704528808594,0,-200,0
5.584751711,446.7680969238281,374.9968566894531,492.872802734375,0,-200,0
5.588710784,446.7680969238281,374.9968566894531,492.872802734375,0,-200,0
5.593124967,446.7684326171875,374.99713134765625,492.872802734375,0,-200,0
5.596888869,446.768310546875,374.9972839355469,492.872802734375,0,-200,0
5.600808412,446.7686462402344,374.9975280761719,492.872802734375,0,-200,0
5.605037409,446.7689514160156,374.997802734375,492.8704528808594,0,-200,0
5.60891525,446.7687683105469,374.99798583984375,492.8704528808594,0,-200,0
5.612983509,446.7690734863281,374.9979248046875,492.8704528808594,0,-200,0
5.617139096,446.7689514160156,374.99810791015625,492.8704528808594,0,-200,0
5.621086878,446.7689514160156,374.99810791015625,492.8704528808594,0,-200,0
5.624949262,446.7690734863281,374.9979248046875,492.8704528808594,0,-200,0
5.629224306,446.7689514160156,374.99810791015625,492.8704528808594,0,-200,0
5.633182758,446.7694091796875,374.9985046386719,492.8704528808594,0,-200,0
5.637132428,446.7695617675781,374.9983215332031,492.8704528808594,0,-200,0
5.641452504,446.7694091796875,374.9985046386719,492.8704528808594,0,-200,0
5.645239679,446.7694091796875,374.9985046386719,492.8704528808594,0,-200,0
5.649173005,446.7694091796875,374.9985046386719,492.8704528808594,0,-200,0
5.653720959,446.76910400390625,374.9982604980469,492.872802734375,0,-200,0
5.657281657,446.7694091796875,374.9985046386719,492.8704528808594,0,-200,0
5.66133638,446.76910400390625,374.9982604980469,492.872802734375,0,-200,0
5.665491768,446.769287109375,374.9983825683594,492.872802734375,0,-200,0
5.669457061,446.769287109375,374.9983825683594,492.872802734375,0,-200,0
5.673364113,446.7695617675781,374.9986572265625,492.8704528808594,0,-200,0
5.6776066069999995,446.7695617675781,374.9986572265625,492.8704528808594,0,-200,0
5.681540421,446.7695617675781,374.9986572265625,492.8704528808594,0,-200,0
5.685485287,446.76934814453125,374.9984436035156,492.8700866699219,0,-200,0
5.689816028,446.76983642578125,374.9988708496094,492.8700866699219,0,-200,0
5.693722821,446.76934814453125,374.9984436035156,492.8700866699219,0,-200,0
5.697546786,446.7694396972656,374.99853515625,492.86968994140625,0,-200,0
5.701862891,446.76959228515625,374.9986572265625,492.86968994140625,0,-200,0
5.705691171,446.76959228515625,374.9986572265625,492.86968994140625,0,-200,0
5.709672098,446.76983642578125,374.9988708496094,492.8700866699219,0,-200,0
5.713972295,446.7699890136719,374.9989929199219,492.8700866699219,0,-200,0
5.7178362069999995,446.76983642578125,374.9988708496094,492.8700866699219,0,-200,0
5.721805157,446.7697448730469,374.9988098144531,492.86968994140625,0,-200,0
5.726009756,446.7706298828125,374.99810791015625,492.86968994140625,0,-200,0
5.729864157,446.7706298828125,374.99810791015625,492.86968994140625,0,-200,0
5.733928048,446.7706298828125,374.99810791015625,492.86968994140625,0,-200,0
5.738131379,446.7709655761719,374.99835205078125,492.86968994140625,0,-200,0
5.742060185,446.7713623046875,374.9972229003906,492.86968994140625,0,-200,0
5.745934323,446.7706298828125,374.99810791015625,492.86968994140625,0,-200,0
5.750188519,446.7709655761719,374.99835205078125,492.86968994140625,0,-200,0
5.754345085,446.77166748046875,374.99749755859375,492.86968994140625,0,-200,0
5.758095126,446.77166748046875,374.99749755859375,492.86968994140625,0,-200,0
5.762297809,446.7716064453125,374.99755859375,492.86968994140625,0,-200,0
5.766221206,446.7716064453125,374.99755859375,492.86968994140625,0,-200,0
5.770133717,446.7716064453125,374.99755859375,492.86968994140625,0,-200,0
5.774473456,446.7714538574219,374.9977722167969,492.86968994140625,0,-200,0
5.77826693,446.7716064453125,374.99755859375,492.86968994140625,0,-200,0
5.782267432,446.7716064453125,374.99755859375,492.86968994140625,0,-200,0
5.786584153,446.7714538574219,374.9977722167969,492.86968994140625,0,-200,0
5.790424518,446.7716064453125,374.99755859375,492.86968994140625,0,-200,0
5.794413201,446.7716064453125,374.99755859375,492.86968994140625,0,-200,0
5.798563007,446.7714538574219,374.9977722167969,492.86968994140625,0,-200,0
5.80245547,446.7714538574219,374.9977722167969,492.86968994140625,0,-200,0
5.806494262,446.7719421386719,374.9978332519531,492.86968994140625,0,-200,0
5.810658458,446.7717590332031,374.9977111816406,492.86968994140625,0,-200,0
5.814699602,446.7717590332031,374.998046875,492.86968994140625,0,-200,0
5.818517632,446.7719421386719,374.9978332519531,492.86968994140625,0,-200,0
5.822791566,446.7717590332031,374.998046875,492.86968994140625,0,-200,0
5.826727044,446.7710876464844,374.9974670410156,492.86859130859375,0,-200,0
5.830640514,446.7717590332031,374.998046875,492.86968994140625,0,-200,0
5.8350169130000005,446.7720947265625,374.998291015625,492.86968994140625,0,-200,0
5.8387586670000005,446.77142333984375,374.99774169921875,492.86859130859375,0,-200,0
5.842392762,446.7707214355469,374.9971618652344,492.8674621582031,0,-200,0
5.84668868,446.7707214355469,374.9971618652344,492.8674621582031,0,-200,0
5.8505193559999995,446.7707214355469,374.9971618652344,492.8674621582031,0,-200,0
5.854823488,446.7707214355469,374.9971618652344,492.8674621582031,0,-200,0
5.858720923,446.7707214355469,374.9971618652344,492.8674621582031,0,-200,0
5.862727798,446.7707214355469,374.9971618652344,492.8674621582031,0,-200,0
5.866654132,446.7707214355469,374.9971618652344,492.8674621582031,0,-200,0
5.870915506,446.7725524902344,374.9949951171875,492.8674621582031,0,-200,0
5.874877451,446.77288818359375,374.9952697753906,492.8674621582031,0,-200,0
5.878835177,446.77288818359375,374.9952697753906,492.8674621582031,0,-200,0
5.883219245,446.7714538574219,374.9969482421875,492.8674621582031,0,-200,0
5.88702307,446.7714538574219,374.9969482421875,492.8674621582031,0,-200,0
5.891033818,446.77288818359375,374.9952697753906,492.8674621582031,0,-200,0
5.895422505,446.77288818359375,374.9952697753906,492.8674621582031,0,-200,0
5.899205337,446.77288818359375,374.9952697753906,492.8674621582031,0,-200,0
5.903218955,446.77288818359375,374.9952697753906,492.8674621582031,0,-200,0
5.90740436,446.77288818359375,374.9952697753906,492.8674621582031,0,-200,0
5.911417223,446.77288818359375,374.9952697753906,492.8674621582031,0,-200,0
5.915336201,446.77288818359375,374.9952697753906,492.8674621582031,0,-200,0
5.919521663,446.77288818359375,374.9952697753906,492.8674621582031,0,-200,0
5.923416855,446.77288818359375,374.9952697753906,492.8674621582031,0,-200,0
5.927394318,446.77288818359375,374.9952697753906,492.8674621582031,0,-200,0
5.931804973,446.77288818359375,374.9952697753906,492.8674621582031,0,-200,0
5.935645322,446.77288818359375,374.9952697753906,492.8674621582031,0,-200,0
5.939460434,446.77288818359375,374.9952697753906,492.8674621582031,0,-200,0
5.943731798,446.77288818359375,374.9952697753906,492.8674621582031,0,-200,0
5.947604879,446.77301025390625,374.99542236328125,492.8674621582031,0,-200,0
5.951787893,446.77301025390625,374.99542236328125,492.8674621582031,0,-200,0
5.956109685,446.77288818359375,374.9952697753906,492.8674621582031,0,-200,0
5.959751014,446.7731628417969,374.99554443359375,492.8674621582031,0,-200,0
5.963691459,446.77301025390625,374.99542236328125,492.8674621582031,0,-200,0
5.967941735,446.77301025390625,374.99542236328125,492.8674621582031,0,-200,0
5.9717874680000005,446.7731628417969,374.99554443359375,492.8674621582031,0,-200,0
5.975961525,446.77313232421875,374.9955749511719,492.8674621582031,0,-200,0
5.980108191,446.77301025390625,374.99542236328125,492.8674621582031,0,-200,0
5.983950877,446.77313232421875,374.9955749511719,492.8674621582031,0,-200,0
5.987860957,446.77313232421875,374.9955749511719,492.8674621582031,0,-200,0
5.99212885,446.7731628417969,374.99554443359375,492.8674621582031,0,-200,0
5.996068785,446.77313232421875,374.9955749511719,492.8674621582031,0,-200,0
5.9999656770000005,446.77313232421875,374.9955749511719,492.8674621582031,0,-200,0
6.004193537,446.77313232421875,374.9955749511719,492.8674621582031,0,-200,0
6.008140732,446.77313232421875,374.9955749511719,492.8674621582031,0,-200,0
6.012085641,446.77313232421875,374.9955749511719,492.8674621582031,0,-200,0
6.016418487,446.77313232421875,374.9955749511719,492.8674621582031,0,-200,0
6.020175446,446.77313232421875,374.9955749511719,492.8674621582031,0,-200,0
6.024176599,446.77301025390625,374.9957275390625,492.8674621582031,0,-200,0
6.028501407,446.77313232421875,374.9955749511719,492.8674621582031,0,-200,0
6.032330512,446.77301025390625,374.9957275390625,492.8674621582031,0,-200,0
6.036346728,446.77301025390625,374.9957275390625,492.8674621582031,0,-200,0
6.040497553,446.77313232421875,374.9955749511719,492.8674621582031,0,-200,0
6.044372535,446.77301025390625,374.9957275390625,492.8674621582031,0,-200,0
6.048365236,446.7725830078125,374.995361328125,492.86676025390625,0,-200,0
6.052552641,446.7725830078125,374.995361328125,492.86676025390625,0,-200,0
6.056853077,446.7725830078125,374.995361328125,492.86676025390625,0,-200,0
6.060446157,446.7725830078125,374.995361328125,492.86676025390625,0,-200,0
6.06473667,446.7725830078125,374.995361328125,492.86676025390625,0,-200,0
6.068562408,446.7725830078125,374.995361328125,492.86676025390625,0,-200,0
6.072539279,446.7725830078125,374.995361328125,492.86676025390625,0,-200,0
6.076973918,446.77288818359375,374.99560546875,492.86676025390625,0,-200,0
6.080740555,446.77288818359375,374.99560546875,492.86676025390625,0,-200,0
6.084681118,446.7743225097656,374.9939270019531,492.86676025390625,0,-200,0
6.088890353,446.7743225097656,374.9939270019531,492.86676025390625,0,-200,0
6.092761332,446.77288818359375,374.99560546875,492.86676025390625,0,-200,0
6.096825284,446.77288818359375,374.99560546875,492.86676025390625,0,-200,0
6.100937936,446.7743225097656,374.9939270019531,492.86676025390625,0,-200,0
6.104917218,446.7743225097656,374.9939270019531,492.86676025390625,0,-200,0
6.108823299,446.77288818359375,374.99560546875,492.86676025390625,0,-200,0
6.113075693,446.77288818359375,374.99560546875,492.86676025390625,0,-200,0
6.117015783,446.7743225097656,374.9939270019531,492.86676025390625,0,-200,0
6.120992764,446.7743225097656,374.9939270019531,492.86676025390625,0,-200,0
6.125278587,446.7743225097656,374.9939270019531,492.86676025390625,0,-200,0
6.129086524,446.77288818359375,374.99560546875,492.86676025390625,0,-200,0
6.13301202,446.77288818359375,374.99560546875,492.86676025390625,0,-200,0
6.137348513,446.7743225097656,374.9939270019531,492.86676025390625,0,-200,0
6.141194222,446.7743225097656,374.9939270019531,492.86676025390625,0,-200,0
6.14514916,446.7743225097656,374.9939270019531,492.86676025390625,0,-200,0
6.149338302,446.7743225097656,374.9939270019531,492.86676025390625,0,-200,0
6.153280999,446.7743225097656,374.9939270019531,492.86676025390625,0,-200,0
6.157540356,446.7743225097656,374.9939270019531,492.86676025390625,0,-200,0
6.161476892,446.7743225097656,374.9939270019531,492.86676025390625,0,-200,0
6.165359708,446.7743225097656,374.9939270019531,492.86676025390625,0,-200,0
6.169346931,446.7743225097656,374.9939270019531,492.86676025390625,0,-200,0
6.173638497,446.7743225097656,374.9939270019531,492.86676025390625,0,-200,0
6.177543393,446.7743225097656,374.9939270019531,492.86676025390625,0,-200,0
6.1814071760000004,446.7743225097656,374.9939270019531,492.86676025390625,0,-200,0
6.18568679,446.7743225097656,374.9939270019531,492.86676025390625,0,-200,0
6.189507149,446.7743225097656,374.9939270019531,492.86676025390625,0,-200,0
6.193502531,446.7743225097656,374.9939270019531,492.86676025390625,0,-200,0
6.197809737,446.7743225097656,374.9939270019531,492.86676025390625,0,-200,0
6.201613812,446.7743225097656,374.9939270019531,492.86676025390625,0,-200,0
6.205648063,446.7743225097656,374.9939270019531,492.86676025390625,0,-200,0
6.209839211,446.7743225097656,374.9939270019531,492.86676025390625,0,-200,0
6.213717234,446.7743225097656,374.9939270019531,492.86676025390625,0,-200,0
6.217776022,446.7743225097656,374.9939270019531,492.86676025390625,0,-200,0
6.22205197,446.7743225097656,374.9939270019531,492.86676025390625,0,-200,0
6.225918468,446.7743225097656,374.9939270019531,492.86676025390625,0,-200,0
6.229759269,446.7743225097656,374.9939270019531,492.86676025390625,0,-200,0
6.234027134,446.7743225097656,374.9939270019531,492.86676025390625,0,-200,0
6.237993236,446.7743225097656,374.9939270019531,492.86676025390625,0,-200,0
6.241911067,446.7743225097656,374.9939270019531,492.86676025390625,0,-200,0
6.246164644,446.7736511230469,374.99334716796875,492.8656311035156,0,-200,0
6.250067038,446.7736511230469,374.99334716796875,492.8656311035156,0,-200,0
6.25395448,446.7736511230469,374.99334716796875,492.8656311035156,0,-200,0
6.25847325,446.7738037109375,374.99346923828125,492.8656311035156,0,-200,0
6.262090263,446.773193359375,374.99298095703125,492.8648681640625,0,-200,0
6.266098735,446.7730712890625,374.9930725097656,492.8648681640625,0,-200,0
6.270424287,446.773193359375,374.99298095703125,492.8648681640625,0,-200,0
6.274254661,446.7733459472656,374.9930725097656,492.8648681640625,0,-200,0
6.27824118,446.773193359375,374.99298095703125,492.8648681640625,0,-200,0
6.282401791,446.773193359375,374.99298095703125,492.8648681640625,0,-200,0
6.28629238,446.7730712890625,374.9930725097656,492.8648681640625,0,-200,0
6.290284699,446.7732238769531,374.99322509765625,492.8648681640625,0,-200,0
6.294485602,446.773193359375,374.99298095703125,492.8648681640625,0,-200,0
6.298505081,446.7732238769531,374.99322509765625,492.8648681640625,0,-200,0
6.302348197,446.7732238769531,374.99322509765625,492.8648681640625,0,-200,0
6.306632423,446.7733459472656,374.9930725097656,492.8648681640625,0,-200,0
6.310524553,446.7732238769531,374.99322509765625,492.8648681640625,0,-200,0
6.314461409,446.7732238769531,374.99322509765625,492.8648681640625,0,-200,0
6.318907438,446.7732238769531,374.99322509765625,492.8648681640625,0,-200,0
6.322624711,446.7732238769531,374.99322509765625,492.8648681640625,0,-200,0
6.326598333,446.7734069824219,374.99334716796875,492.8648681640625,0,-200,0
6.330874519,446.7734069824219,374.99334716796875,492.8648681640625,0,-200,0
6.33477103,446.7734069824219,374.99334716796875,492.8648681640625,0,-200,0
6.338734433,446.7734069824219,374.99334716796875,492.8648681640625,0,-200,0
6.342865932,446.7734069824219,374.99334716796875,492.8648681640625,0,-200,0
6.346835196,446.7734069824219,374.99334716796875,492.8648681640625,0,-200,0
6.350750932,446.7734069824219,374.99334716796875,492.8648681640625,0,-200,0
6.355001676,446.7732849121094,374.99346923828125,492.8648681640625,0,-200,0
6.359137405,446.7734069824219,374.99334716796875,492.8648681640625,0,-200,0
6.3628698329999995,446.7734069824219,374.99334716796875,492.8648681640625,0,-200,0
6.367184962,446.7732849121094,374.99346923828125,492.8648681640625,0,-200,0
6.371033012,446.7734069824219,374.99334716796875,492.8648681640625,0,-200,0
6.374957289,446.7734069824219,374.99334716796875,492.8648681640625,0,-200,0
6.379272256,446.7734069824219,374.99334716796875,492.8648681640625,0,-200,0
6.383050041,446.7734069824219,374.99334716796875,492.8648681640625,0,-200,0
6.387026283,446.7734069824219,374.99334716796875,492.8648681640625,0,-200,0
6.391289849,446.7732849121094,374.99346923828125,492.8648681640625,0,-200,0
6.395211925,446.7732849121094,374.99346923828125,492.8648681640625,0,-200,0
6.399196505,446.7734069824219,374.99334716796875,492.8648681640625,0,-200,0
6.403354588,446.7732849121094,374.99346923828125,492.8648681640625,0,-200,0
6.407244716,446.7732849121094,374.99346923828125,492.8648681640625,0,-200,0
6.411251834,446.7732849121094,374.99346923828125,492.8648681640625,0,-200,0
6.415596783,446.7732849121094,374.99346923828125,492.8648681640625,0,-200,0
6.419470301,446.7732849121094,374.99346923828125,492.8648681640625,0,-200,0
6.423310579,446.7732849121094,374.99346923828125,492.8648681640625,0,-200,0
6.4275637660000005,446.7732849121094,374.99346923828125,492.8648681640625,0,-200,0
6.431447917,446.7734069824219,374.99334716796875,492.8648681640625,0,-200,0
6.435437072,446.7732849121094,374.99346923828125,492.8648681640625,0,-200,0
6.439667001,446.7732849121094,374.99346923828125,492.8648681640625,0,-200,0
