time,feedback_position_x,feedback_position_y,feedback_position_z,setpoint_speed_z,setpoint_speed_y,setpoint_speed_z
0.003971352,466.83343505859375,556.3519897460938,497.4918212890625,0,-200,0
0.008226628,466.83319091796875,556.3516845703125,497.4930419921875,0,-200,0
0.012450938,466.83306884765625,556.3515014648438,497.4918212890625,0,-200,0
0.016369943,466.83331298828125,556.351806640625,497.4918212890625,0,-200,0
0.020522246,466.8334045410156,556.3519287109375,497.4906311035156,0,-200,0
0.024335394,466.83306884765625,556.3515014648438,497.4918212890625,0,-200,0
0.028241055,466.8347473144531,556.3497314453125,497.4918212890625,0,-200,0
0.032569495,466.8369140625,556.330322265625,497.4906005859375,0,-200,0
0.036464465,466.85028076171875,556.2951049804688,497.5228576660156,0,-200,0
0.040403026,466.8850402832031,556.185546875,497.5846252441406,0,-200,0
0.044605519,466.9488830566406,555.9969482421875,497.66473388671875,0,-200,0
0.048532486,467.0203552246094,555.7487182617188,497.7439270019531,0,-200,0
0.052548305,467.08880615234375,555.4304809570313,497.8244934082031,0,-200,0
0.056759927,467.13031005859375,555.0233154296875,497.89697265625,0,-200,0
0.060766353,467.130859375,554.5579223632813,497.90460205078125,0,-200,0
0.064681511,467.0743713378906,554.0820922851563,497.8385009765625,0,-200,0
0.068810428,466.98443603515625,553.5496826171875,497.7537841796875,0,-200,0
0.073079851,466.9075012207031,552.9313354492188,497.69573974609375,0,-200,0
0.076793395,466.8349304199219,552.2365112304688,497.6070861816406,0,-200,0
0.081053101,466.7593078613281,551.5034790039063,497.5022277832031,0,-200,0
0.08501754,466.7027587890625,550.7355346679688,497.4488830566406,0,-200,0
0.089012168,466.6828308105469,549.9071044921875,497.44775390625,0,-200,0
0.093293621,466.6883239746094,549.054443359375,497.4521789550781,0,-200,0
0.097181389,466.68267822265625,548.2144775390625,497.4298095703125,0,-200,0
0.101324056,466.6826171875,547.3890991210938,497.4283142089844,0,-200,0
0.105370823,466.684814453125,546.5590209960938,497.4530944824219,0,-200,0
0.109408138,466.69622802734375,545.7254028320313,497.4912109375,0,-200,0
0.113371298,466.7081298828125,544.8968505859375,497.5201721191406,0,-200,0
0.117409674,466.70343017578125,544.07861328125,497.5459899902344,0,-200,0
0.121596714,466.69482421875,543.2711181640625,497.571533203125,0,-200,0
0.125293301,466.6885681152344,542.456298828125,497.5865783691406,0,-200,0
0.129579742,466.6769104003906,541.647216796875,497.5884704589844,0,-200,0
0.133490692,466.6512451171875,540.84619140625,497.57708740234375,0,-200,0
0.137481944,466.6166076660156,540.0508422851563,497.5693054199219,0,-200,0
0.141637912,466.584228515625,539.246826171875,497.5353698730469,0,-200,0
0.145529339,466.5584411621094,538.4434814453125,497.50335693359375,0,-200,0
0.149484853,466.52886962890625,537.634033203125,497.4676818847656,0,-200,0
0.153814778,466.5052490234375,536.8203125,497.4299621582031,0,-200,0
0.157807219,466.4835205078125,536.01123046875,497.4001770019531,0,-200,0
0.161654948,466.4552917480469,535.2032470703125,497.3671875,0,-200,0
0.165835812,466.4270324707031,534.399658203125,497.356201171875,0,-200,0
0.169736812,466.40264892578125,533.5946655273438,497.3479309082031,0,-200,0
0.173992186,466.3827819824219,532.7879638671875,497.3451232910156,0,-200,0
0.178009955,466.3616638183594,531.9781494140625,497.337890625,0,-200,0
0.181821123,466.3536376953125,531.1671752929688,497.3519592285156,0,-200,0
0.185867952,466.3482360839844,530.3461303710938,497.3777160644531,0,-200,0
0.190021463,466.3488464355469,529.5232543945313,497.4034423828125,0,-200,0
0.193975067,466.3512268066406,528.7036743164063,497.4230041503906,0,-200,0
0.197930814,466.3544006347656,527.8773193359375,497.43511962890625,0,-200,0
0.20210975,466.3536682128906,527.0541381835938,497.4510803222656,0,-200,0
0.206135357,466.3414306640625,526.23779296875,497.4479064941406,0,-200,0
0.210029877,466.33319091796875,525.4215698242188,497.44921875,0,-200,0
0.214280887,466.3217468261719,524.6041259765625,497.446044921875,0,-200,0
0.218130825,466.2986145019531,523.797119140625,497.42767333984375,0,-200,0
0.222077597,466.27142333984375,522.9937133789063,497.4112854003906,0,-200,0
0.226482128,466.2392883300781,522.1911010742188,497.3895263671875,0,-200,0
0.230214227,466.2111511230469,521.3893432617188,497.3675842285156,0,-200,0
0.234294268,466.1827697753906,520.585693359375,497.3414001464844,0,-200,0
0.238520617,466.15936279296875,519.78173828125,497.3227233886719,0,-200,0
0.2423188,466.1364440917969,518.97705078125,497.3112487792969,0,-200,0
0.246278446,466.1130065917969,518.1753540039063,497.306640625,0,-200,0
0.250502154,466.0892333984375,517.3717041015625,497.2967834472656,0,-200,0
0.254569114,466.0749816894531,516.564697265625,497.2828674316406,0,-200,0
0.258458714,466.0591735839844,515.7571411132813,497.2698059082031,0,-200,0
0.262632275,466.0384216308594,514.9466552734375,497.2651062011719,0,-200,0
0.26656137,466.023193359375,514.1397705078125,497.28143310546875,0,-200,0
0.27046189,466.0067138671875,513.3336181640625,497.2869873046875,0,-200,0
0.275141311,465.9951477050781,512.5151977539063,497.2850341796875,0,-200,0
0.278620155,465.9925842285156,511.6932373046875,497.2904357910156,0,-200,0
0.282658174,465.9860534667969,510.8727111816406,497.2937316894531,0,-200,0
0.286802423,465.9757080078125,510.05364990234375,497.2982482910156,0,-200,0
0.290716044,465.9632873535156,509.23944091796875,497.2949523925781,0,-200,0
0.294653645,465.9483337402344,508.4286804199219,497.29827880859375,0,-200,0
0.298933461,465.9342041015625,507.6174011230469,497.2952880859375,0,-200,0
0.302919106,465.9176025390625,506.8067932128906,497.287841796875,0,-200,0
0.3068094,465.9045715332031,505.99945068359375,497.28546142578125,0,-200,0
0.310985246,465.885009765625,505.1932373046875,497.2808532714844,0,-200,0
0.314957208,465.8605041503906,504.3927917480469,497.2701721191406,0,-200,0
0.318871819,465.8310852050781,503.5951232910156,497.2525329589844,0,-200,0
0.323052696,465.8031005859375,502.79461669921875,497.24163818359375,0,-200,0
0.326960144,465.7814025878906,501.9905700683594,497.24005126953125,0,-200,0
0.33098214,465.76214599609375,501.1819152832031,497.2254333496094,0,-200,0
0.335214471,465.7435302734375,500.3763427734375,497.2088928222656,0,-200,0
0.339105458,465.7234191894531,499.5694885253906,497.19110107421875,0,-200,0
0.343026421,465.7017517089844,498.7624206542969,497.1761474609375,0,-200,0
0.347275554,465.6875305175781,497.9522705078125,497.1745300292969,0,-200,0
0.351287143,465.6697998046875,497.1396789550781,497.1652526855469,0,-200,0
0.355267115,465.66009521484375,496.3285217285156,497.16448974609375,0,-200,0
0.359353684,465.64971923828125,495.5114440917969,497.15838623046875,0,-200,0
0.363270606,465.6437683105469,494.6966857910156,497.1654052734375,0,-200,0
0.367245656,465.6357727050781,493.87921142578125,497.1691589355469,0,-200,0
0.37144761,465.6258239746094,493.0649108886719,497.1750183105469,0,-200,0
0.375615549,465.6194763183594,492.2557678222656,497.1896057128906,0,-200,0
0.379451832,465.6046142578125,491.4390869140625,497.1909484863281,0,-200,0
0.383519719,465.59375,490.62994384765625,497.18951416015625,0,-200,0
0.387452296,465.57958984375,489.8262634277344,497.19305419921875,0,-200,0
0.391412402,465.5622863769531,489.01556396484375,497.189208984375,0,-200,0
0.395732482,465.5458679199219,488.2103576660156,497.1867980957031,0,-200,0
0.399677294,465.52166748046875,487.406982421875,497.1693115234375,0,-200,0
0.4035642,465.4964904785156,486.60565185546875,497.1485595703125,0,-200,0
0.407719209,465.4725646972656,485.80059814453125,497.1419982910156,0,-200,0
0.411652429,465.4466552734375,484.9956970214844,497.1293029785156,0,-200,0
0.41568238,465.4292297363281,484.1926574707031,497.1162109375,0,-200,0
0.419876219,465.4111328125,483.3838195800781,497.0914306640625,0,-200,0
0.423717071,465.3912048339844,482.5819091796875,497.0752868652344,0,-200,0
0.427873898,465.3717956542969,481.7818908691406,497.0710754394531,0,-200,0
0.431910153,465.3531494140625,480.9739074707031,497.07110595703125,0,-200,0
0.435979008,465.3439025878906,480.16534423828125,497.0763854980469,0,-200,0
0.439820399,465.33245849609375,479.3534240722656,497.0744323730469,0,-200,0
0.444034559,465.31744384765625,478.5414123535156,497.0682678222656,0,-200,0
0.448050319,465.3051452636719,477.7336120605469,497.0743713378906,0,-200,0
0.451987402,465.28948974609375,476.9245910644531,497.0741271972656,0,-200,0
0.456192472,465.2735900878906,476.1150207519531,497.0722351074219,0,-200,0
0.460037245,465.2629699707031,475.3058166503906,497.0760803222656,0,-200,0
0.463996242,465.2469482421875,474.4952392578125,497.0735168457031,0,-200,0
0.468226994,465.2353210449219,473.6805114746094,497.06866455078125,0,-200,0
0.47211907,465.219482421875,472.87298583984375,497.0587463378906,0,-200,0
0.476442854,465.2014465332031,472.0682067871094,497.05377197265625,0,-200,0
0.480334178,465.1873474121094,471.2616271972656,497.0578918457031,0,-200,0
0.484260365,465.1685485839844,470.45526123046875,497.048583984375,0,-200,0
0.488150689,465.15118408203125,469.65167236328125,497.03875732421875,0,-200,0
0.492444781,465.1348876953125,468.8515625,497.0367431640625,0,-200,0
0.496496046,465.1151123046875,468.04742431640625,497.03558349609375,0,-200,0
0.500387152,465.0966796875,467.2442626953125,497.03204345703125,0,-200,0
0.504519042,465.0793151855469,466.4390563964844,497.0216979980469,0,-200,0
0.508427989,465.0584716796875,465.6354064941406,497.0058288574219,0,-200,0
0.512353147,465.0378112792969,464.8323974609375,496.99127197265625,0,-200,0
0.516667219,465.0224609375,464.02362060546875,496.9839782714844,0,-200,0
0.520559992,465.0081787109375,463.2110290527344,496.9784851074219,0,-200,0
0.524539704,464.9942321777344,462.3984069824219,496.97161865234375,0,-200,0
0.528678871,464.980712890625,461.5895690917969,496.9623107910156,0,-200,0
0.532669598,464.96563720703125,460.7839660644531,496.9565734863281,0,-200,0
0.536674293,464.9508972167969,459.9739685058594,496.9554748535156,0,-200,0
0.540876217,464.93731689453125,459.16387939453125,496.9551696777344,0,-200,0
0.544814719,464.92547607421875,458.3525085449219,496.9544677734375,0,-200,0
0.549034874,464.9158935546875,457.5439453125,496.9574890136719,0,-200,0
0.552873122,464.8998718261719,456.7364807128906,496.96368408203125,0,-200,0
0.556916343,464.8860168457031,455.9308776855469,496.9677429199219,0,-200,0
0.560760678,464.8700256347656,455.1271667480469,496.9626159667969,0,-200,0
0.565000787,464.8543701171875,454.32257080078125,496.9633483886719,0,-200,0
0.568908455,464.8390808105469,453.52056884765625,496.96844482421875,0,-200,0
0.572925414,464.8187255859375,452.7142028808594,496.9578857421875,0,-200,0
0.57736961,464.79473876953125,451.9117126464844,496.9426574707031,0,-200,0
0.581041602,464.77471923828125,451.11102294921875,496.9312744140625,0,-200,0
0.584957455,464.7550048828125,450.3034362792969,496.9236145019531,0,-200,0
0.589174758,464.7409973144531,449.4957580566406,496.91815185546875,0,-200,0
0.593179559,464.72265625,448.68792724609375,496.9050598144531,0,-200,0
0.597158543,464.7002258300781,447.8861999511719,496.8897399902344,0,-200,0
0.601272516,464.6823425292969,447.0849914550781,496.8728332519531,0,-200,0
0.605205958,464.6619873046875,446.27935791015625,496.8621826171875,0,-200,0
0.609130036,464.6489562988281,445.47027587890625,496.861328125,0,-200,0
0.613374201,464.6405944824219,444.658447265625,496.8658447265625,0,-200,0
0.617293425,464.6277160644531,443.8479919433594,496.8606262207031,0,-200,0
0.62131788,464.61614990234375,443.0436096191406,496.864990234375,0,-200,0
0.625473404,464.60321044921875,442.2359619140625,496.8689880371094,0,-200,0
0.629416012,464.58856201171875,441.4255065917969,496.86651611328125,0,-200,0
0.633334051,464.5804443359375,440.61669921875,496.86846923828125,0,-200,0
0.63770064,464.56695556640625,439.81011962890625,496.8705749511719,0,-200,0
0.641638797,464.54736328125,438.9984436035156,496.8602294921875,0,-200,0
0.645462024,464.53070068359375,438.19000244140625,496.8597106933594,0,-200,0
0.649622819,464.51373291015625,437.3894348144531,496.8626708984375,0,-200,0
0.65362128,464.49114990234375,436.58251953125,496.84661865234375,0,-200,0
0.657566985,464.474365234375,435.7789306640625,496.84576416015625,0,-200,0
0.661857873,464.457763671875,434.9770202636719,496.84759521484375,0,-200,0
0.66564136,464.4357604980469,434.1680603027344,496.8305969238281,0,-200,0
0.669667567,464.41949462890625,433.36590576171875,496.822998046875,0,-200,0
0.673848909,464.4031982421875,432.561767578125,496.8128356933594,0,-200,0
0.678055264,464.3885803222656,431.75640869140625,496.8077697753906,0,-200,0
0.681745476,464.3736877441406,430.9537658691406,496.81011962890625,0,-200,0
0.685993722,464.359619140625,430.1467590332031,496.8067321777344,0,-200,0
0.690019562,464.3459167480469,429.3365478515625,496.7903747558594,0,-200,0
0.693879787,464.33477783203125,428.52923583984375,496.780517578125,0,-200,0
0.698101902,464.3215637207031,427.71978759765625,496.7720947265625,0,-200,0
0.701978868,464.3058166503906,426.9094543457031,496.7695617675781,0,-200,0
0.705926795,464.29400634765625,426.1032409667969,496.7757873535156,0,-200,0
0.71014757,464.2774963378906,425.2941589355469,496.7669677734375,0,-200,0
0.714035183,464.25604248046875,424.4901123046875,496.75775146484375,0,-200,0
0.718122903,464.23699951171875,423.69134521484375,496.7621154785156,0,-200,0
0.722245009,464.2183837890625,422.8853454589844,496.75982666015625,0,-200,0
0.726165152,464.2021179199219,422.07958984375,496.7568664550781,0,-200,0
0.730115066,464.189208984375,421.2742614746094,496.7577209472656,0,-200,0
0.734347217,464.1691589355469,420.47357177734375,496.75982666015625,0,-200,0
0.738448708,464.1470642089844,419.67486572265625,496.75762939453125,0,-200,0
0.742286504,464.1274719238281,418.87738037109375,496.7562255859375,0,-200,0
0.746433125,464.1084899902344,418.0728454589844,496.7516174316406,0,-200,0
0.750339829,464.095458984375,417.26873779296875,496.7446594238281,0,-200,0
0.754300684,464.0820007324219,416.4613952636719,496.7397766113281,0,-200,0
0.758602701,464.0699768066406,415.6537780761719,496.73583984375,0,-200,0
0.76242961,464.0534973144531,414.84759521484375,496.72491455078125,0,-200,0
0.766472098,464.0389404296875,414.04119873046875,496.7120056152344,0,-200,0
0.770619938,464.02593994140625,413.2344055175781,496.70562744140625,0,-200,0
0.774526741,464.0121765136719,412.4282531738281,496.7048645019531,0,-200,0
0.778798667,463.9984436035156,411.6171875,496.6988830566406,0,-200,0
0.782797673,463.98248291015625,410.8119812011719,496.6954650878906,0,-200,0
0.786726372,463.9660339355469,410.00689697265625,496.685791015625,0,-200,0
0.790645148,463.9512634277344,409.2015686035156,496.67376708984375,0,-200,0
0.794811932,463.93450927734375,408.3982849121094,496.6654357910156,0,-200,0
0.798812398,463.9215087890625,407.5909729003906,496.6699523925781,0,-200,0
0.802708655,463.9015808105469,406.78680419921875,496.67291259765625,0,-200,0
0.806934951,463.887939453125,405.98406982421875,496.67205810546875,0,-200,0
0.81082041,463.8704833984375,405.1786804199219,496.6683044433594,0,-200,0
0.814879839,463.8562927246094,404.37591552734375,496.6695251464844,0,-200,0
0.819082732,463.841552734375,403.571533203125,496.6697082519531,0,-200,0
0.822973625,463.8214111328125,402.77032470703125,496.66497802734375,0,-200,0
0.826878214,463.8062438964844,401.9683837890625,496.6576843261719,0,-200,0
0.831106579,463.79315185546875,401.16107177734375,496.6513366699219,0,-200,0
0.835116839,463.77752685546875,400.3562927246094,496.6466979980469,0,-200,0
0.839083097,463.7637634277344,399.54815673828125,496.6406555175781,0,-200,0
0.84320571,463.7503662109375,398.74322509765625,496.6392517089844,0,-200,0
0.847062145,463.7328796386719,397.94171142578125,496.629150390625,0,-200,0
0.851065677,463.713134765625,397.1388244628906,496.6231994628906,0,-200,0
0.855308623,463.7017517089844,396.3344421386719,496.6280822753906,0,-200,0
0.859239186,463.68719482421875,395.52490234375,496.6209716796875,0,-200,0
0.863262089,463.67230224609375,394.7171936035156,496.6094970703125,0,-200,0
0.867378827,463.65673828125,393.9134216308594,496.60223388671875,0,-200,0
0.871332008,463.6357116699219,393.11566162109375,496.59979248046875,0,-200,0
0.875243114,463.6135559082031,392.3158264160156,496.5992431640625,0,-200,0
0.879797853,463.59368896484375,391.51177978515625,496.5982666015625,0,-200,0
0.883534016,463.58282470703125,390.7076416015625,496.5973815917969,0,-200,0
0.887386815,463.5671081542969,389.9045715332031,496.58905029296875,0,-200,0
0.891567831,463.5465393066406,389.10101318359375,496.57965087890625,0,-200,0
0.895501558,463.5323486328125,388.2988586425781,496.57537841796875,0,-200,0
0.899586705,463.5165100097656,387.4914855957031,496.5687255859375,0,-200,0
0.903717234,463.5026550292969,386.68255615234375,496.5688781738281,0,-200,0
0.907588597,463.4922180175781,385.8787536621094,496.56903076171875,0,-200,0
0.91159487,463.4798889160156,385.0716247558594,496.5608215332031,0,-200,0
0.915784812,463.46343994140625,384.2670593261719,496.5552062988281,0,-200,0
0.919750401,463.45166015625,383.46539306640625,496.5592041015625,0,-200,0
0.923661142,463.43658447265625,382.6578674316406,496.5577087402344,0,-200,0
0.927896802,463.42059326171875,381.8511657714844,496.5462341308594,0,-200,0
0.931886829,463.40765380859375,381.04595947265625,496.5455017089844,0,-200,0
0.935839132,463.3924865722656,380.2471008300781,496.54888916015625,0,-200,0
0.940021509,463.37152099609375,379.4380798339844,496.53900146484375,0,-200,0
0.943908697,463.3551940917969,378.6357116699219,496.5359802246094,0,-200,0
0.947852185,463.3395080566406,377.8338928222656,496.5325012207031,0,-200,0
0.952107663,463.32244873046875,377.02783203125,496.52423095703125,0,-200,0
0.95599903,463.3040466308594,376.22564697265625,496.5203552246094,0,-200,0
0.960029595,463.28924560546875,375.42413330078125,496.52264404296875,0,-200,0
0.964169482,463.2730712890625,374.6177978515625,496.5163269042969,0,-200,0
0.968084165,463.2572326660156,373.8137512207031,496.5059509277344,0,-200,0
0.972015558,463.2409362792969,373.01080322265625,496.50323486328125,0,-200,0
0.976276319,463.2246398925781,372.21356201171875,496.5086669921875,0,-200,0
0.980549665,463.2032470703125,371.4113464355469,496.50225830078125,0,-200,0
0.98413877,463.18841552734375,370.6033935546875,496.4971618652344,0,-200,0
0.988304681,463.1777648925781,369.79736328125,496.4924011230469,0,-200,0
0.991903887,463.1639404296875,368.99224853515625,496.4803771972656,0,-200,0
0.995817998,463.144775390625,368.1907958984375,496.4666748046875,0,-200,0
1.000239422,463.1270446777344,367.3918151855469,496.4627380371094,0,-200,0
1.004078652,463.1133728027344,366.5851745605469,496.4642028808594,0,-200,0
1.008082665,463.0980224609375,365.7763671875,496.4622497558594,0,-200,0
1.012228496,463.0820617675781,364.971435546875,496.4552307128906,0,-200,0
1.01615267,463.06951904296875,364.1726379394531,496.4603576660156,0,-200,0
1.020227171,463.0523376464844,363.369384765625,496.45965576171875,0,-200,0
1.024394212,463.03240966796875,362.5660400390625,496.4566955566406,0,-200,0
1.028395824,463.0176086425781,361.7610168457031,496.4539489746094,0,-200,0
1.032353475,463.0005798339844,360.9577331542969,496.4514465332031,0,-200,0
1.036509806,462.9804992675781,360.1541442871094,496.44384765625,0,-200,0
1.040565369,462.9636535644531,359.3529968261719,496.4388122558594,0,-200,0
1.044474744,462.948974609375,358.5484924316406,496.4377136230469,0,-200,0
1.048771539,462.9353332519531,357.74468994140625,496.4371337890625,0,-200,0
1.052710949,462.9205322265625,356.9393310546875,496.4317321777344,0,-200,0
1.056743137,462.90509033203125,356.1361999511719,496.4224853515625,0,-200,0
1.060997264,462.8907165527344,355.33172607421875,496.4217224121094,0,-200,0
1.064843815,462.875732421875,354.52392578125,496.4195556640625,0,-200,0
1.068764587,462.86126708984375,353.7178955078125,496.410400390625,0,-200,0
1.072987567,462.84783935546875,352.9154052734375,496.40533447265625,0,-200,0
1.077009313,462.83258056640625,352.1121826171875,496.3977966308594,0,-200,0
1.081173877,462.81634521484375,351.3088684082031,496.391357421875,0,-200,0
1.085097808,462.802001953125,350.5035095214844,496.3918151855469,0,-200,0
1.089011455,462.7881164550781,349.70050048828125,496.3934326171875,0,-200,0
1.092954269,462.7694396972656,348.90081787109375,496.3930969238281,0,-200,0
1.09717558,462.74822998046875,348.1011962890625,496.3863525390625,0,-200,0
1.101116585,462.7292175292969,347.29913330078125,496.3759460449219,0,-200,0
1.105125941,462.7206726074219,346.49713134765625,496.3778991699219,0,-200,0
1.109294575,462.701904296875,345.69171142578125,496.3709716796875,0,-200,0
1.113204109,462.6818542480469,344.89007568359375,496.36761474609375,0,-200,0
1.117133091,462.6611328125,344.0927734375,496.3670654296875,0,-200,0
1.12146816,462.6437072753906,343.29302978515625,496.3635559082031,0,-200,0
1.125492194,462.6297607421875,342.4869384765625,496.35992431640625,0,-200,0
1.129352199,462.6109619140625,341.6833801269531,496.3565673828125,0,-200,0
1.133461691,462.5968017578125,340.8804931640625,496.3563232421875,0,-200,0
1.137405796,462.5826110839844,340.07421875,496.3507995605469,0,-200,0
1.1413929,462.56756591796875,339.2692565917969,496.3467712402344,0,-200,0
1.145603003,462.5542297363281,338.46142578125,496.33734130859375,0,-200,0
1.149483393,462.54205322265625,337.65789794921875,496.3393859863281,0,-200,0
1.15349069,462.52593994140625,336.853515625,496.3348693847656,0,-200,0
1.157659219,462.50885009765625,336.0491027832031,496.3308410644531,0,-200,0
1.161647888,462.4939270019531,335.24420166015625,496.3282165527344,0,-200,0
1.165537062,462.4832458496094,334.4396667480469,496.3218078613281,0,-200,0
1.169783967,462.4667663574219,333.635009765625,496.3164978027344,0,-200,0
1.173762143,462.4487609863281,332.8345947265625,496.31536865234375,0,-200,0
1.177669042,462.4330749511719,332.0344543457031,496.31683349609375,0,-200,0
1.182121231,462.418701171875,331.2340087890625,496.3188781738281,0,-200,0
1.185811322,462.40081787109375,330.431640625,496.3075866699219,0,-200,0
1.189658669,462.3844299316406,329.62762451171875,496.30218505859375,0,-200,0
1.193988929,462.37322998046875,328.8287353515625,496.3084411621094,0,-200,0
1.197839495,462.3555908203125,328.02386474609375,496.30609130859375,0,-200,0
1.201900541,462.3352355957031,327.2184143066406,496.29986572265625,0,-200,0
1.206057548,462.32037353515625,326.4181823730469,496.2939453125,0,-200,0
1.20995802,462.30224609375,325.6190185546875,496.2880554199219,0,-200,0
1.213848355,462.28521728515625,324.81719970703125,496.2801818847656,0,-200,0
1.218159186,462.267333984375,324.0115661621094,496.2666931152344,0,-200,0
1.222219182,462.25341796875,323.2060546875,496.26031494140625,0,-200,0
1.226104692,462.2362060546875,322.4041748046875,496.2608337402344,0,-200,0
1.230222742,462.21875,321.6054992675781,496.2628173828125,0,-200,0
1.234220568,462.2021789550781,320.8034362792969,496.2539978027344,0,-200,0
1.238092402,462.189208984375,319.9986267089844,496.25213623046875,0,-200,0
1.242437825,462.1776123046875,319.1960754394531,496.25244140625,0,-200,0
1.246255512,462.15948486328125,318.3929748535156,496.2520751953125,0,-200,0
1.250278026,462.14251708984375,317.59136962890625,496.2492370605469,0,-200,0
1.25442341,462.1291198730469,316.7895812988281,496.2485046386719,0,-200,0
1.258340835,462.1129150390625,315.98333740234375,496.2419738769531,0,-200,0
1.262368576,462.09521484375,315.1825256347656,496.2404479980469,0,-200,0
1.266561545,462.0789489746094,314.3840637207031,496.23687744140625,0,-200,0
1.270572184,462.06512451171875,313.583984375,496.2400207519531,0,-200,0
1.27445565,462.0496520996094,312.7802734375,496.2401123046875,0,-200,0
1.278642975,462.0344543457031,311.9741516113281,496.2349853515625,0,-200,0
1.282848351,462.02093505859375,311.1691589355469,496.227783203125,0,-200,0
1.286718027,462.00390625,310.3676452636719,496.22576904296875,0,-200,0
1.290743245,461.9893798828125,309.5646057128906,496.22589111328125,0,-200,0
1.294636884,461.96881103515625,308.7608642578125,496.2224426269531,0,-200,0
1.29865543,461.9547424316406,307.9568786621094,496.2117919921875,0,-200,0
1.302896669,461.94189453125,307.15704345703125,496.2080383300781,0,-200,0
1.306783613,461.92529296875,306.3533935546875,496.19903564453125,0,-200,0
1.310677527,461.9086608886719,305.5497741699219,496.19268798828125,0,-200,0
1.314951834,461.8915100097656,304.7458190917969,496.1927795410156,0,-200,0
1.318936996,461.8741455078125,303.9481201171875,496.1917419433594,0,-200,0
1.322874289,461.8567810058594,303.1466979980469,496.18829345703125,0,-200,0
1.327034538,461.84307861328125,302.3387756347656,496.18084716796875,0,-200,0
1.330907742,461.8291931152344,301.53778076171875,496.17816162109375,0,-200,0
1.334857295,461.8104248046875,300.7392883300781,496.1727600097656,0,-200,0
1.339104779,461.7943420410156,299.9406433105469,496.1703796386719,0,-200,0
1.343057253,461.7784118652344,299.1371154785156,496.1662902832031,0,-200,0
1.347044443,461.7631530761719,298.3341064453125,496.1641845703125,0,-200,0
1.351175604,461.7494201660156,297.5327453613281,496.16864013671875,0,-200,0
1.3551256760000001,461.7331237792969,296.73345947265625,496.16436767578125,0,-200,0
1.3590341320000001,461.7174987792969,295.9308776855469,496.16070556640625,0,-200,0
1.363368028,461.70489501953125,295.12347412109375,496.159423828125,0,-200,0
1.367321634,461.69140625,294.3168029785156,496.15985107421875,0,-200,0
1.371222812,461.6765441894531,293.5167236328125,496.15948486328125,0,-200,0
1.375402534,461.6589660644531,292.7149963378906,496.15655517578125,0,-200,0
1.379336861,461.6440124511719,291.91497802734375,496.15313720703125,0,-200,0
1.383548705,461.62774658203125,291.1085205078125,496.14642333984375,0,-200,0
1.387493425,461.6138916015625,290.3037414550781,496.1443176269531,0,-200,0
1.391367343,461.597412109375,289.5041198730469,496.1446838378906,0,-200,0
1.395389116,461.5793762207031,288.7022399902344,496.14068603515625,0,-200,0
1.399609346,461.5589294433594,287.9002685546875,496.132080078125,0,-200,0
1.403555374,461.544921875,287.09857177734375,496.1261901855469,0,-200,0
1.407455532,461.52935791015625,286.2959899902344,496.12030029296875,0,-200,0
1.411721803,461.5133056640625,285.4925842285156,496.1219482421875,0,-200,0
1.415661738,461.4946594238281,284.68634033203125,496.11859130859375,0,-200,0
1.419590846,461.4796142578125,283.8891296386719,496.1143493652344,0,-200,0
1.423846076,461.4613952636719,283.090576171875,496.10736083984375,0,-200,0
1.427767313,461.44598388671875,282.290771484375,496.1039123535156,0,-200,0
1.431630308,461.4338684082031,281.486328125,496.102294921875,0,-200,0
1.435900009,461.416015625,280.6839294433594,496.0997619628906,0,-200,0
1.439780319,461.3962707519531,279.8871154785156,496.1009826660156,0,-200,0
1.443829405,461.3798828125,279.08563232421875,496.1004638671875,0,-200,0
1.447970075,461.3648986816406,278.2796630859375,496.09423828125,0,-200,0
1.451877339,461.35076904296875,277.4754943847656,496.0890808105469,0,-200,0
1.4558320089999999,461.33795166015625,276.6721496582031,496.08441162109375,0,-200,0
1.46007559,461.3210754394531,275.8718566894531,496.0799560546875,0,-200,0
1.4641229820000001,461.3053283691406,275.0704650878906,496.0721130371094,0,-200,0
1.468002727,461.29156494140625,274.2673034667969,496.07183837890625,0,-200,0
1.472127083,461.27630615234375,273.4645080566406,496.07110595703125,0,-200,0
1.476082839,461.26141357421875,272.6650085449219,496.0757751464844,0,-200,0
1.4800057739999999,461.24639892578125,271.8645324707031,496.0723876953125,0,-200,0
1.484540414,461.2288513183594,271.060302734375,496.0673522949219,0,-200,0
1.488209597,461.2143859863281,270.2590637207031,496.07122802734375,0,-200,0
1.492179366,461.19873046875,269.45452880859375,496.06939697265625,0,-200,0
1.496333814,461.18499755859375,268.65032958984375,496.0688171386719,0,-200,0
1.500275978,461.1678771972656,267.8507385253906,496.0637512207031,0,-200,0
1.504309879,461.1479187011719,267.0497131347656,496.0561218261719,0,-200,0
1.5084817149999998,461.1308898925781,266.2472839355469,496.0486755371094,0,-200,0
1.5124616020000001,461.11541748046875,265.4469909667969,496.0487976074219,0,-200,0
1.516360385,461.1002502441406,264.64190673828125,496.0442810058594,0,-200,0
1.520519443,461.082763671875,263.8423767089844,496.0417175292969,0,-200,0
1.524538128,461.06280517578125,263.042724609375,496.03533935546875,0,-200,0
1.528418429,461.04833984375,262.23724365234375,496.03118896484375,0,-200,0
1.5326992339999999,461.0344543457031,261.4349060058594,496.0295715332031,0,-200,0
1.536568968,461.01806640625,260.6368408203125,496.0263366699219,0,-200,0
1.540560712,460.99847412109375,259.8374328613281,496.02703857421875,0,-200,0
1.5448151669999999,460.9825744628906,259.0343933105469,496.0252685546875,0,-200,0
1.548690761,460.97015380859375,258.2314758300781,496.0235290527344,0,-200,0
1.552607735,460.95465087890625,257.4316101074219,496.0191955566406,0,-200,0
1.556870776,460.9393005371094,256.6337585449219,496.0178527832031,0,-200,0
1.560860613,460.9222717285156,255.830078125,496.0077209472656,0,-200,0
1.564855372,460.9068908691406,255.02577209472656,496.0050964355469,0,-200,0
1.568931775,460.89300537109375,254.22314453125,496.0047912597656,0,-200,0
1.572881292,460.8765869140625,253.42225646972656,496.0077819824219,0,-200,0
1.576779216,460.8629150390625,252.6214141845703,496.0066223144531,0,-200,0
1.581026659,460.84820556640625,251.81910705566406,496.0044250488281,0,-200,0
1.58519352,460.83270263671875,251.01417541503906,495.9994812011719,0,-200,0
1.5889910760000001,460.8188171386719,250.2120361328125,495.99853515625,0,-200,0
1.593094331,460.80609130859375,249.41122436523438,495.99847412109375,0,-200,0
1.5970287650000001,460.78997802734375,248.6096649169922,495.9891052246094,0,-200,0
1.6009565989999999,460.77264404296875,247.80694580078125,495.9866638183594,0,-200,0
1.6052857409999999,460.7567138671875,247.00450134277344,495.9882507324219,0,-200,0
1.6092949220000001,460.73748779296875,246.20147705078125,495.9825439453125,0,-200,0
1.613124436,460.7252197265625,245.3982391357422,495.98370361328125,0,-200,0
1.617284149,460.7065124511719,244.6023712158203,495.9765930175781,0,-200,0
1.6212553459999999,460.6870422363281,243.8022003173828,495.9723815917969,0,-200,0
1.6252387499999998,460.6698303222656,243.0015869140625,495.97113037109375,0,-200,0
1.629498432,460.6531982421875,242.19851684570313,495.96942138671875,0,-200,0
1.633305196,460.63568115234375,241.40127563476563,495.96661376953125,0,-200,0
1.637322857,460.6183776855469,240.60186767578125,495.9621276855469,0,-200,0
1.641487615,460.5998229980469,239.7962646484375,495.9554443359375,0,-200,0
1.645511243,460.5853576660156,238.99285888671875,495.95263671875,0,-200,0
1.6494292499999998,460.5681457519531,238.1903533935547,495.9525146484375,0,-200,0
1.653615397,460.5554504394531,237.38963317871094,495.9526062011719,0,-200,0
1.6576518359999999,460.53857421875,236.58734130859375,495.9501647949219,0,-200,0
1.66150193,460.5243225097656,235.78372192382813,495.9506530761719,0,-200,0
1.665765048,460.50689697265625,234.98350524902344,495.94647216796875,0,-200,0
1.669634601,460.49237060546875,234.1826171875,495.942626953125,0,-200,0
1.673539772,460.4794006347656,233.3780975341797,495.94036865234375,0,-200,0
1.677830965,460.46319580078125,232.5758819580078,495.9354248046875,0,-200,0
1.6816843540000002,460.4475402832031,231.7723388671875,495.93585205078125,0,-200,0
1.686021691,460.43035888671875,230.9702606201172,495.9331359863281,0,-200,0
1.689925182,460.4148254394531,230.1674346923828,495.93157958984375,0,-200,0
1.693914991,460.399169921875,229.36679077148438,495.92681884765625,0,-200,0
1.697771791,460.3839416503906,228.56748962402344,495.9239501953125,0,-200,0
1.7019880550000002,460.3686828613281,227.76548767089844,495.92474365234375,0,-200,0
1.706090701,460.3498840332031,226.96450805664063,495.9196472167969,0,-200,0
1.709926794,460.33453369140625,226.16636657714844,495.9213562011719,0,-200,0
1.714055399,460.3197021484375,225.36631774902344,495.9265441894531,0,-200,0
1.717994988,460.3055419921875,224.56336975097656,495.9244689941406,0,-200,0
1.721930461,460.2897033691406,223.7613067626953,495.92132568359375,0,-200,0
1.726263469,460.2706298828125,222.9625701904297,495.920654296875,0,-200,0
1.730059742,460.2528991699219,222.16510009765625,495.91607666015625,0,-200,0
1.734095409,460.2380065917969,221.36138916015625,495.9087219238281,0,-200,0
1.7382631370000001,460.22430419921875,220.56045532226563,495.9062194824219,0,-200,0
1.742190492,460.2074279785156,219.75755310058594,495.8979797363281,0,-200,0
1.746218459,460.1883544921875,218.95306396484375,495.8931884765625,0,-200,0
1.7504112269999998,460.1722412109375,218.1500244140625,495.89404296875,0,-200,0
1.754413273,460.1548156738281,217.35018920898438,495.8929748535156,0,-200,0
1.758264394,460.1386413574219,216.5466766357422,495.8872985839844,0,-200,0
1.7624796759999999,460.1253662109375,215.7461395263672,495.8863525390625,0,-200,0
1.766443773,460.1123046875,214.94415283203125,495.88909912109375,0,-200,0
1.770350032,460.092529296875,214.1396026611328,495.88360595703125,0,-200,0
1.774563001,460.07769775390625,213.3389892578125,495.88458251953125,0,-200,0
1.7784889160000001,460.06378173828125,212.5366973876953,495.88494873046875,0,-200,0
1.782479508,460.0474548339844,211.73382568359375,495.88165283203125,0,-200,0
1.7869123789999999,460.0323791503906,210.929443359375,495.8771057128906,0,-200,0
1.7906278869999999,460.0152282714844,210.12786865234375,495.87518310546875,0,-200,0
1.794528618,459.9975280761719,209.3249969482422,495.8681640625,0,-200,0
1.798810825,459.9789123535156,208.52655029296875,495.8669738769531,0,-200,0
1.802795947,459.9654235839844,207.72885131835938,495.8686828613281,0,-200,0
1.8066740019999998,459.9476623535156,206.92816162109375,495.86224365234375,0,-200,0
1.8106700679999999,459.93450927734375,206.12637329101563,495.8649597167969,0,-200,0
1.814763615,459.91461181640625,205.326904296875,495.85845947265625,0,-200,0
1.8187148,459.8973083496094,204.52593994140625,495.85614013671875,0,-200,0
1.822957436,459.8861999511719,203.7235565185547,495.85693359375,0,-200,0
1.826898582,459.86962890625,202.92190551757813,495.8523864746094,0,-200,0
1.830889683,459.85748291015625,202.12118530273438,495.8569641113281,0,-200,0
1.835005286,459.83990478515625,201.31857299804688,495.85906982421875,0,-200,0
1.83894833,459.8236083984375,200.5178985595703,495.85748291015625,0,-200,0
1.84291364,459.8044738769531,199.71780395507813,495.8535461425781,0,-200,0
1.8472185589999999,459.7906188964844,198.9176788330078,495.8526916503906,0,-200,0
1.8511670580000001,459.7750244140625,198.1136474609375,495.8505859375,0,-200,0
1.855046556,459.7602233886719,197.30892944335938,495.84637451171875,0,-200,0
1.85923817,459.7464599609375,196.5052032470703,495.842529296875,0,-200,0
1.863151939,459.7312316894531,195.70370483398438,495.841064453125,0,-200,0
1.867180163,459.7138671875,194.90313720703125,495.8389892578125,0,-200,0
1.8713806549999998,459.6952819824219,194.09996032714844,495.83770751953125,0,-200,0
1.875214387,459.6778259277344,193.29830932617188,495.83599853515625,0,-200,0
1.8792798899999998,459.6634216308594,192.49769592285156,495.8348083496094,0,-200,0
1.883429627,459.6462707519531,191.69593811035156,495.83013916015625,0,-200,0
1.887602063,459.6307678222656,190.8964080810547,495.82928466796875,0,-200,0
1.891318274,459.61322021484375,190.0960235595703,495.8247375488281,0,-200,0
1.895539224,459.5979309082031,189.29193115234375,495.8218688964844,0,-200,0
1.8995329939999999,459.58123779296875,188.4897918701172,495.8187255859375,0,-200,0
1.9034317029999999,459.5614929199219,187.69313049316406,495.81231689453125,0,-200,0
1.907672672,459.54693603515625,186.89495849609375,495.8138427734375,0,-200,0
1.91153993,459.53057861328125,186.09141540527344,495.8114929199219,0,-200,0
1.915438924,459.51116943359375,185.2889404296875,495.8066711425781,0,-200,0
1.919728073,459.49749755859375,184.4846954345703,495.8097229003906,0,-200,0
1.9235977480000002,459.47845458984375,183.68157958984375,495.8041076660156,0,-200,0
1.9276835129999998,459.46612548828125,182.88165283203125,495.80291748046875,0,-200,0
1.931823431,459.4480285644531,182.0814208984375,495.8038024902344,0,-200,0
1.93573591,459.43170166015625,181.27679443359375,495.7995300292969,0,-200,0
1.939654056,459.42010498046875,180.47555541992188,495.80328369140625,0,-200,0
1.9439067909999999,459.4014587402344,179.67147827148438,495.79742431640625,0,-200,0
1.947987984,459.38671875,178.8709716796875,495.7962341308594,0,-200,0
1.951887871,459.3730773925781,178.0708770751953,495.7955017089844,0,-200,0
1.956035902,459.3544006347656,177.26522827148438,495.79302978515625,0,-200,0
1.959906625,459.3419494628906,176.46144104003906,495.7928771972656,0,-200,0
1.963877394,459.3256530761719,175.65768432617188,495.7908630371094,0,-200,0
1.9681623,459.3105773925781,174.85536193847656,495.78741455078125,0,-200,0
1.97198456,459.2933349609375,174.0612335205078,495.7876892089844,0,-200,0
1.97604112,459.27679443359375,173.26182556152344,495.7860412597656,0,-200,0
1.980161287,459.2587890625,172.4587860107422,495.7865295410156,0,-200,0
1.984100222,459.24407958984375,171.6591796875,495.7859802246094,0,-200,0
1.9883883070000001,459.226806640625,170.86009216308594,495.7840270996094,0,-200,0
1.9923764880000001,459.2135009765625,170.0591583251953,495.78387451171875,0,-200,0
1.995952495,459.1983642578125,169.25552368164063,495.7820129394531,0,-200,0
1.9998572239999999,459.18109130859375,168.4535369873047,495.7762756347656,0,-200,0
2.00405537,459.17059326171875,167.65298461914063,495.7842712402344,0,-200,0
2.008065595,459.1517028808594,166.8498077392578,495.7828063964844,0,-200,0
2.011962935,459.13427734375,166.04959106445313,495.7789306640625,0,-200,0
2.016205479,459.1221923828125,165.25146484375,495.7854919433594,0,-200,0
2.020133094,459.1040344238281,164.44618225097656,495.7791442871094,0,-200,0
2.024151923,459.0875244140625,163.64016723632813,495.77459716796875,0,-200,0
2.0283914,459.0733947753906,162.83494567871094,495.7723693847656,0,-200,0
2.032312766,459.0559997558594,162.033935546875,495.7666931152344,0,-200,0
2.036313338,459.0382080078125,161.2307586669922,495.7611083984375,0,-200,0
2.040600881,459.0235900878906,160.4291534423828,495.7612609863281,0,-200,0
2.044631421,459.0041198730469,159.6282196044922,495.75799560546875,0,-200,0
2.04864518,458.990478515625,158.82525634765625,495.7606201171875,0,-200,0
2.05280643,458.9738464355469,158.02615356445313,495.7601013183594,0,-200,0
2.056678237,458.9530029296875,157.2265167236328,495.75738525390625,0,-200,0
2.060644721,458.9393310546875,156.42333984375,495.7570495605469,0,-200,0
2.064875504,458.92333984375,155.62124633789063,495.75634765625,0,200,0
2.068833985,458.9029846191406,154.819580078125,495.74847412109375,0,200,0
2.072908515,458.8896484375,154.0236358642578,495.7510681152344,0,200,0
2.077025791,458.8777160644531,153.2235870361328,495.7523193359375,0,200,0
2.080884102,458.8571472167969,152.4201202392578,495.7453308105469,0,200,0
2.0848378,458.84619140625,151.61680603027344,495.7450256347656,0,200,0
2.089353066,458.831298828125,150.8169708251953,495.74359130859375,0,200,0
2.093109661,458.8101806640625,150.03465270996094,495.7313537597656,0,200,0
2.096966423,458.7923889160156,149.3265838623047,495.7184143066406,0,200,0
2.101107504,458.7735900878906,148.72830200195313,495.6925354003906,0,200,0
2.105050528,458.7431335449219,148.2576446533203,495.65887451171875,0,200,0
2.10906622,458.7156677246094,147.93087768554688,495.6373596191406,0,200,0
2.113276507,458.6910400390625,147.76515197753906,495.6160583496094,0,200,0
2.117141513,458.6762390136719,147.76443481445313,495.59814453125,0,200,0
2.121164647,458.6881408691406,147.87979125976563,495.6258239746094,0,200,0
2.125324257,458.6962585449219,148.06910705566406,495.63946533203125,0,200,0
2.12930838,458.71044921875,148.3892059326172,495.6658020019531,0,200,0
2.133231909,458.7348327636719,148.87301635742188,495.71099853515625,0,200,0
2.137453802,458.7447204589844,149.4576873779297,495.7281494140625,0,200,0
2.141474767,458.763427734375,150.12010192871094,495.7596740722656,0,200,0
2.145368936,458.7763977050781,150.88316345214844,495.7790832519531,0,200,0
2.149599646,458.7780456542969,151.729736328125,495.7848205566406,0,200,0
2.15349869,458.7743225097656,152.59674072265625,495.7827453613281,0,200,0
2.157406936,458.77056884765625,153.44741821289063,495.7849426269531,0,200,0
2.161643971,458.76129150390625,154.2928924560547,495.7833251953125,0,200,0
2.165525433,458.747314453125,155.1273651123047,495.7733459472656,0,200,0
2.169644584,458.7224426269531,155.96466064453125,495.7472229003906,0,200,0
2.173761879,458.6986999511719,156.80165100097656,495.7261962890625,0,200,0
2.177638672,458.67938232421875,157.62496948242188,495.7109680175781,0,200,0
2.181576269,458.6636657714844,158.4246368408203,495.6982421875,0,200,0
2.185818031,458.6495056152344,159.2120819091797,495.68768310546875,0,200,0
2.190140794,458.6420593261719,159.98887634277344,495.6817932128906,0,200,0
2.193783288,458.6377258300781,160.75718688964844,495.6800231933594,0,200,0
2.197909396,458.6297302246094,161.53265380859375,495.6835021972656,0,200,0
2.201833414,458.6199951171875,162.32736206054688,495.6971130371094,0,200,0
2.205793956,458.6044921875,163.13967895507813,495.7154541015625,0,200,0
2.210098355,458.5826721191406,163.95458984375,495.73016357421875,0,200,0
2.213907921,458.5649719238281,164.76783752441406,495.7511291503906,0,200,0
2.217931531,458.54669189453125,165.5795440673828,495.7660217285156,0,200,0
2.222096295,458.52825927734375,166.38906860351563,495.7685852050781,0,200,0
2.22604449,458.5125732421875,167.20367431640625,495.77374267578125,0,200,0
2.230006933,458.492919921875,168.0272216796875,495.772216796875,0,200,0
2.234225053,458.4687194824219,168.8599395751953,495.75762939453125,0,200,0
2.238218375,458.45098876953125,169.6950225830078,495.74456787109375,0,200,0
2.24212136,458.42742919921875,170.52734375,495.7233581542969,0,200,0
2.246312019,458.40399169921875,171.34811401367188,495.6980285644531,0,200,0
2.2502800130000002,458.38848876953125,172.16372680664063,495.6751708984375,0,200,0
2.254194854,458.37567138671875,172.9803009033203,495.6600036621094,0,200,0
2.258407246,458.3605041503906,173.78932189941406,495.6468200683594,0,200,0
2.262327994,458.3471984863281,174.59344482421875,495.6414489746094,0,200,0
2.266309804,458.3395080566406,175.3916473388672,495.6410217285156,0,200,0
2.270558899,458.3248596191406,176.17855834960938,495.63330078125,0,200,0
2.274458433,458.31402587890625,176.96548461914063,495.6327819824219,0,200,0
2.278369693,458.30029296875,177.75990295410156,495.63958740234375,0,200,0
2.282629814,458.2784729003906,178.56370544433594,495.64849853515625,0,200,0
2.286570034,458.2562561035156,179.37533569335938,495.664306640625,0,200,0
2.290805897,458.2367858886719,180.18695068359375,495.6814880371094,0,200,0
2.294749102,458.2162170410156,180.9969940185547,495.69561767578125,0,200,0
2.298596719,458.1971435546875,181.81268310546875,495.7119445800781,0,200,0
2.30255947,458.1797790527344,182.6330108642578,495.72607421875,0,200,0
2.306809463,458.15753173828125,183.45492553710938,495.7269287109375,0,200,0
2.310674242,458.1402587890625,184.2763671875,495.7228698730469,0,200,0
2.314716635,458.1224060058594,185.09996032714844,495.7118835449219,0,200,0
2.318866994,458.1059265136719,185.9171142578125,495.68927001953125,0,200,0
2.32282996,458.09429931640625,186.73391723632813,495.676025390625,0,200,0
2.326776793,458.07763671875,187.5491485595703,495.65447998046875,0,200,0
2.331076998,458.0597229003906,188.36122131347656,495.6328430175781,0,200,0
2.335028206,458.0469055175781,189.17022705078125,495.6175231933594,0,200,0
2.338903296,458.0301208496094,189.97364807128906,495.6001892089844,0,200,0
2.342997143,458.01495361328125,190.77276611328125,495.585205078125,0,200,0
2.346981237,458.0020751953125,191.57569885253906,495.5820007324219,0,200,0
2.350979859,457.982421875,192.37744140625,495.5772705078125,0,200,0
2.355186038,457.9679870605469,193.1792449951172,495.587646484375,0,200,0
2.359053776,457.9499816894531,193.983642578125,495.6033935546875,0,200,0
2.363099781,457.9316101074219,194.78829956054688,495.6178894042969,0,200,0
2.36726284,457.9135437011719,195.600830078125,495.63946533203125,0,200,0
2.371218494,457.8934326171875,196.41500854492188,495.6579284667969,0,200,0
2.375144384,457.8755798339844,197.2301483154297,495.676025390625,0,200,0
2.379404573,457.8583984375,198.04498291015625,495.6885681152344,0,200,0
2.383366391,457.8360290527344,198.86611938476563,495.6889953613281,0,200,0
2.387252411,457.82025146484375,199.6841583251953,495.6844482421875,0,200,0
2.391741558,457.8037109375,200.5021209716797,495.67059326171875,0,200,0
2.395404179,457.7890930175781,201.31173706054688,495.65240478515625,0,200,0
2.3993298149999998,457.7801208496094,202.1227569580078,495.63763427734375,0,200,0
2.403548509,457.76593017578125,202.93357849121094,495.62127685546875,0,200,0
2.4074223,457.7500305175781,203.74310302734375,495.604248046875,0,200,0
2.411522757,457.7364807128906,204.55313110351563,495.5911560058594,0,200,0
2.415665742,457.7154235839844,205.36131286621094,495.5720520019531,0,200,0
2.419529717,457.6993103027344,206.16932678222656,495.5653991699219,0,200,0
2.423560452,457.68475341796875,206.97459411621094,495.5580749511719,0,200,0
2.427814661,457.6648864746094,207.78094482421875,495.5555419921875,0,200,0
2.431868495,457.64898681640625,208.59190368652344,495.5572204589844,0,200,0
2.435776965,457.6301574707031,209.4025421142578,495.562255859375,0,200,0
2.439679071,457.61761474609375,210.21078491210938,495.58099365234375,0,200,0
2.44378525,457.5975036621094,211.01707458496094,495.5946960449219,0,200,0
2.447762724,457.5814514160156,211.83236694335938,495.6123046875,0,200,0
2.452079342,457.56573486328125,212.64866638183594,495.6253356933594,0,200,0
2.455915955,457.5430603027344,213.46229553222656,495.6270751953125,0,200,0
2.459889856,457.5322570800781,214.2747344970703,495.63616943359375,0,200,0
2.464046851,457.5130920410156,215.085693359375,495.6328125,0,200,0
2.467981302,457.49853515625,215.89456176757813,495.6263732910156,0,200,0
2.471977446,457.4830627441406,216.705078125,495.6159973144531,0,200,0
2.476194447,457.4664001464844,217.5150604248047,495.59918212890625,0,200,0
2.480176224,457.45135498046875,218.32688903808594,495.5842590332031,0,200,0
2.484101862,457.4344177246094,219.13356018066406,495.5654296875,0,200,0
2.4882294209999998,457.4185485839844,219.945556640625,495.5511169433594,0,200,0
2.492460584,457.4007873535156,220.75717163085938,495.5362243652344,0,200,0
2.496162519,457.3832702636719,221.5689239501953,495.5268249511719,0,200,0
2.500302892,457.36663818359375,222.38327026367188,495.521240234375,0,200,0
2.504281189,457.3475646972656,223.19320678710938,495.5179138183594,0,200,0
2.508277556,457.3316955566406,224.00555419921875,495.52398681640625,0,200,0
2.512505517,457.31201171875,224.81546020507813,495.5275573730469,0,200,0
2.5163901859999998,457.2939453125,225.62918090820313,495.5352478027344,0,200,0
2.520338823,457.2786865234375,226.44212341308594,495.5454406738281,0,200,0
2.524568244,457.26287841796875,227.2498779296875,495.5556945800781,0,200,0
2.5285535059999997,457.2495422363281,228.0567169189453,495.57098388671875,0,200,0
2.532575311,457.2340393066406,228.863037109375,495.5814514160156,0,200,0
2.536685065,457.218017578125,229.6712646484375,495.58758544921875,0,200,0
2.540567471,457.2035217285156,230.479736328125,495.5887451171875,0,200,0
2.544499622,457.1884460449219,231.28851318359375,495.5827941894531,0,200,0
2.5487839660000002,457.17498779296875,232.09646606445313,495.5758972167969,0,200,0
2.552739678,457.1595458984375,232.90838623046875,495.56475830078125,0,200,0
2.556677399,457.14190673828125,233.7208709716797,495.55224609375,0,200,0
2.560834805,457.12347412109375,234.53575134277344,495.53741455078125,0,200,0
2.564769419,457.1098937988281,235.34815979003906,495.5257873535156,0,200,0
2.568697266,457.0875244140625,236.15884399414063,495.5108642578125,0,200,0
2.573011116,457.0731506347656,236.97039794921875,495.5063171386719,0,200,0
2.576970903,457.053466796875,237.78195190429688,495.4960021972656,0,200,0
2.5808645,457.0367736816406,238.59901428222656,495.4931945800781,0,200,0
2.585022533,457.018798828125,239.4126739501953,495.4910583496094,0,200,0
2.588962491,457.0027770996094,240.22964477539063,495.4980163574219,0,200,0
2.5931755990000003,456.9873962402344,241.0419464111328,495.5029602050781,0,200,0
2.597158643,456.9719543457031,241.8502960205078,495.51214599609375,0,200,0
2.600999607,456.956298828125,242.6597442626953,495.5253601074219,0,200,0
2.605038784,456.9411926269531,243.4661102294922,495.5312805175781,0,200,0
2.609198716,456.9266662597656,244.27732849121094,495.5355529785156,0,200,0
2.613182208,456.9107360839844,245.08163452148438,495.53350830078125,0,200,0
2.617104531,456.8988952636719,245.88363647460938,495.5324401855469,0,200,0
2.621325141,456.880859375,246.69081115722656,495.5254211425781,0,200,0
2.625347713,456.8672180175781,247.50204467773438,495.5224914550781,0,200,0
2.629231445,456.84857177734375,248.31407165527344,495.5127868652344,0,200,0
2.633458874,456.8343200683594,249.12623596191406,495.50439453125,0,200,0
2.637421155,456.8153076171875,249.93243408203125,495.49029541015625,0,200,0
2.641313235,456.7969665527344,250.74755859375,495.4781188964844,0,200,0
2.645513075,456.7798156738281,251.56399536132813,495.46820068359375,0,200,0
2.649421707,456.7621765136719,252.37899780273438,495.4631652832031,0,200,0
2.653499832,456.7424011230469,253.1975860595703,495.457763671875,0,200,0
2.657574113,456.7253723144531,254.0101776123047,495.4566650390625,0,200,0
2.661526447,456.7044677734375,254.82077026367188,495.45025634765625,0,200,0
2.665465679,456.6923828125,255.634521484375,495.4542236328125,0,200,0
2.669713747,456.67718505859375,256.44720458984375,495.4570617675781,0,200,0
2.673801047,456.66009521484375,257.2599792480469,495.463134765625,0,200,0
2.677621419,456.64471435546875,258.06805419921875,495.46942138671875,0,200,0
2.681791538,456.6286926269531,258.8757629394531,495.4750671386719,0,200,0
2.685644214,456.6127014160156,259.6795349121094,495.47760009765625,0,200,0
2.689701313,456.6009521484375,260.4839172363281,495.48138427734375,0,200,0
2.694190354,456.5878601074219,261.2899475097656,495.4805603027344,0,200,0
2.69782521,456.5732116699219,262.09808349609375,495.473876953125,0,200,0
2.7018113120000002,456.5549011230469,262.9105224609375,495.4668273925781,0,200,0
2.705993347,456.54193115234375,263.7179260253906,495.46258544921875,0,200,0
2.7099415049999998,456.5267333984375,264.5234680175781,495.4561767578125,0,200,0
2.713890879,456.51141357421875,265.3366394042969,495.4528503417969,0,200,0
2.718099919,456.4930419921875,266.1515808105469,495.4497985839844,0,200,0
2.722091341,456.4715576171875,266.9642333984375,495.44140625,0,200,0
2.726026375,456.4553527832031,267.7799377441406,495.4360046386719,0,200,0
2.730147942,456.436767578125,268.5949401855469,495.4251708984375,0,200,0
2.73413718,456.41961669921875,269.41375732421875,495.4169616699219,0,200,0
2.738049093,456.4004211425781,270.22564697265625,495.4103698730469,0,200,0
2.742298071,456.3818359375,271.0420227050781,495.41461181640625,0,200,0
2.74623041,456.36480712890625,271.85345458984375,495.4165344238281,0,200,0
2.75020286,456.3463439941406,272.6611328125,495.41259765625,0,200,0
2.754437858,456.3377685546875,273.46820068359375,495.411865234375,0,200,0
2.758332368,456.3219299316406,274.27099609375,495.4113464355469,0,200,0
2.7622207960000003,456.3057556152344,275.0771484375,495.4140930175781,0,200,0
2.766481051,456.28802490234375,275.88427734375,495.4156799316406,0,200,0
2.770490541,456.2740478515625,276.6936340332031,495.4192810058594,0,200,0
2.7744664549999998,456.2591552734375,277.49835205078125,495.4143371582031,0,200,0
2.7785781370000002,456.2434997558594,278.30975341796875,495.4105224609375,0,200,0
2.782477641,456.2250061035156,279.1190185546875,495.4010009765625,0,200,0
2.786421683,456.2121276855469,279.9280700683594,495.4012145996094,0,200,0
2.790677445,456.1967468261719,280.7405090332031,495.3946838378906,0,200,0
2.794882923,456.1785888671875,281.5554504394531,495.39129638671875,0,200,0
2.798622898,456.16015625,282.37152099609375,495.3848876953125,0,200,0
2.802763556,456.1448059082031,283.18292236328125,495.3782043457031,0,200,0
2.806680448,456.1283874511719,283.99493408203125,495.36773681640625,0,200,0
2.810611353,456.11309814453125,284.8083190917969,495.3695983886719,0,200,0
2.814960387,456.09405517578125,285.6242980957031,495.3687438964844,0,200,0
2.818920968,456.07171630859375,286.4364013671875,495.3648376464844,0,200,0
2.822815177,456.0537109375,287.24822998046875,495.36395263671875,0,200,0
2.826955592,456.037841796875,288.0572204589844,495.35968017578125,0,200,0
2.83091319,456.0233154296875,288.866455078125,495.35894775390625,0,200,0
2.834880948,456.0082092285156,289.6729431152344,495.3551330566406,0,200,0
2.839075292,455.99481201171875,290.4793701171875,495.3559875488281,0,200,0
2.842877476,455.978271484375,291.2874755859375,495.35455322265625,0,200,0
2.847043351,455.9661865234375,292.09600830078125,495.3609619140625,0,200,0
2.851122804,455.9503479003906,292.90283203125,495.36407470703125,0,200,0
2.855104148,455.9344177246094,293.7107849121094,495.3669128417969,0,200,0
2.8590147999999997,455.9208984375,294.5216979980469,495.3632507324219,0,200,0
2.863255178,455.9052734375,295.3343200683594,495.3582458496094,0,200,0
2.867235702,455.89056396484375,296.14886474609375,495.35589599609375,0,200,0
2.871126189,455.87042236328125,296.9599609375,495.34747314453125,0,200,0
2.8753732789999997,455.85113525390625,297.77471923828125,495.3431091308594,0,200,0
2.879306123,455.8326416015625,298.58636474609375,495.3388671875,0,200,0
2.883190059,455.8132019042969,299.3980712890625,495.3265686035156,0,200,0
2.887427963,455.7979736328125,300.2087707519531,495.3172912597656,0,200,0
2.8913163920000002,455.7786560058594,301.0194091796875,495.3038024902344,0,200,0
2.8956156440000003,455.7615051269531,301.8333435058594,495.3055419921875,0,200,0
2.899598111,455.7441711425781,302.64471435546875,495.3017272949219,0,200,0
2.903439553,455.73211669921875,303.4508361816406,495.30029296875,0,200,0
2.907376754,455.7196044921875,304.2579650878906,495.29693603515625,0,200,0
2.911646228,455.7059631347656,305.0649719238281,495.29620361328125,0,200,0
2.915739954,455.6906433105469,305.8778991699219,495.2958679199219,0,200,0
2.919570559,455.6748352050781,306.68609619140625,495.2981262207031,0,200,0
2.923712825,455.6593017578125,307.49322509765625,495.2991638183594,0,200,0
2.927609071,455.6461181640625,308.2994384765625,495.3007507324219,0,200,0
2.931569392,455.6297607421875,309.1092834472656,495.2938537597656,0,200,0
2.935965781,455.61431884765625,309.9197998046875,495.2908935546875,0,200,0
2.939757354,455.5950622558594,310.73284912109375,495.29364013671875,0,200,0
2.94373279,455.57843017578125,311.5439147949219,495.29119873046875,0,200,0
2.947907379,455.5577697753906,312.35284423828125,495.28436279296875,0,200,0
2.951896627,455.5428771972656,313.1626281738281,495.28253173828125,0,200,0
2.955873974,455.5243835449219,313.9737854003906,495.274169921875,0,200,0
2.960049699,455.50640869140625,314.7866516113281,495.2648620605469,0,200,0
2.964026102,455.49053955078125,315.60101318359375,495.25958251953125,0,200,0
2.967949619,455.4747314453125,316.41290283203125,495.25341796875,0,200,0
2.972097965,455.45941162109375,317.2264099121094,495.2567443847656,0,200,0
2.97609356,455.44232177734375,318.03485107421875,495.2538146972656,0,200,0
2.979985816,455.4239807128906,318.8451232910156,495.2510681152344,0,200,0
2.984205715,455.4109802246094,319.65582275390625,495.2487487792969,0,200,0
2.988066658,455.3966979980469,320.4624328613281,495.2416076660156,0,200,0
2.992160964,455.3827209472656,321.2693176269531,495.23309326171875,0,200,0
2.9965024209999997,455.3628845214844,322.079833984375,495.2322692871094,0,200,0
2.999867424,455.34820556640625,322.8895263671875,495.23992919921875,0,200,0
3.003829844,455.3328552246094,323.6967468261719,495.2386474609375,0,200,0
3.008097517,455.3197937011719,324.5030212402344,495.2309875488281,0,200,0
3.012104392,455.305908203125,325.3094177246094,495.22808837890625,0,200,0
3.016098276,455.28662109375,326.1217956542969,495.2249755859375,0,200,0
3.020256241,455.2677307128906,326.933837890625,495.22845458984375,0,200,0
3.024146751,455.2522277832031,327.7470703125,495.22723388671875,0,200,0
3.028072369,455.2348327636719,328.5570373535156,495.22161865234375,0,200,0
3.032367747,455.2186279296875,329.3691101074219,495.2152099609375,0,200,0
3.036325756,455.20458984375,330.1813659667969,495.2102966308594,0,200,0
3.040381929,455.1861877441406,330.9913330078125,495.2001647949219,0,200,0
3.044563107,455.171142578125,331.80169677734375,495.19927978515625,0,200,0
3.04851997,455.15399169921875,332.6125183105469,495.1919860839844,0,200,0
3.052553408,455.13653564453125,333.42315673828125,495.1817626953125,0,200,0
3.056851836,455.1204833984375,334.2333984375,495.1751403808594,0,200,0
3.060862663,455.1043395996094,335.0403747558594,495.1733093261719,0,200,0
3.064715419,455.0885314941406,335.8515930175781,495.17669677734375,0,200,0
3.068666228,455.07220458984375,336.6596984863281,495.1757507324219,0,200,0
3.072844514,455.0539245605469,337.4692687988281,495.1729431152344,0,200,0
3.076822178,455.0376281738281,338.28021240234375,495.17041015625,0,200,0
3.080998736,455.0218505859375,339.0899353027344,495.1646728515625,0,200,0
3.084856479,455.00836181640625,339.89837646484375,495.1634826660156,0,200,0
3.088932696,454.9931335449219,340.707763671875,495.1637268066406,0,200,0
3.093050711,454.9795837402344,341.51416015625,495.1635437011719,0,200,0
3.097245339,454.967041015625,342.3210754394531,495.16766357421875,0,200,0
3.100961042,454.94879150390625,343.1316223144531,495.16351318359375,0,200,0
3.105199273,454.9292907714844,343.94244384765625,495.15325927734375,0,200,0
3.109200586,454.9140319824219,344.7575378417969,495.1488037109375,0,200,0
3.113069105,454.898681640625,345.5641784667969,495.146240234375,0,200,0
3.117294073,454.8846740722656,346.3722229003906,495.1458435058594,0,200,0
3.121217227,454.8683776855469,347.18109130859375,495.1424560546875,0,200,0
3.125145609,454.8504333496094,347.9939880371094,495.1310119628906,0,200,0
3.129377933,454.83221435546875,348.8050537109375,495.1233215332031,0,200,0
3.133234496,454.8157043457031,349.61578369140625,495.1171875,0,200,0
3.137329896,454.79913330078125,350.42279052734375,495.1161193847656,0,200,0
3.14143189,454.78106689453125,351.2303771972656,495.11004638671875,0,200,0
3.145351238,454.7674560546875,352.041259765625,495.1075439453125,0,200,0
3.149326892,454.750732421875,352.8523254394531,495.1014709472656,0,200,0
3.153550261,454.73297119140625,353.66082763671875,495.09320068359375,0,200,0
3.157623199,454.7205505371094,354.4690246582031,495.098876953125,0,200,0
3.161478115,454.70208740234375,355.28167724609375,495.0987548828125,0,200,0
3.165637505,454.6855773925781,356.09088134765625,495.0946044921875,0,200,0
3.169575377,454.6696472167969,356.89849853515625,495.08642578125,0,200,0
3.17352824,454.65625,357.7079772949219,495.0910949707031,0,200,0
3.177871459,454.641357421875,358.5162658691406,495.0950622558594,0,200,0
3.181626747,454.6226806640625,359.32159423828125,495.0859680175781,0,200,0
3.185614431,454.6032409667969,360.1368103027344,495.0814208984375,0,200,0
3.189822182,454.5887451171875,360.9454345703125,495.0763854980469,0,200,0
3.193794542,454.57080078125,361.7568664550781,495.0673828125,0,200,0
3.197673751,454.5563659667969,362.5653991699219,495.0595703125,0,200,0
3.20198491,454.54046630859375,363.3712463378906,495.0553283691406,0,200,0
3.206014267,454.5256652832031,364.17938232421875,495.0555114746094,0,200,0
3.209897185,454.5090637207031,364.9903564453125,495.0579528808594,0,200,0
3.213984175,454.4934997558594,365.7984924316406,495.0496520996094,0,200,0
3.217997172,454.4747619628906,366.61273193359375,495.0430603027344,0,200,0
3.221909681,454.462158203125,367.4217834472656,495.0379943847656,0,200,0
3.226146074,454.4505920410156,368.22796630859375,495.03887939453125,0,200,0
3.230007191,454.4364013671875,369.0327453613281,495.0388488769531,0,200,0
3.234024588,454.4202880859375,369.8439025878906,495.0342712402344,0,200,0
3.238255887,454.4017639160156,370.6566162109375,495.0243225097656,0,200,0
3.242125513,454.3832702636719,371.4664001464844,495.0196228027344,0,200,0
3.246086049,454.369873046875,372.2781982421875,495.0262145996094,0,200,0
3.250357673,454.3522644042969,373.084228515625,495.0220947265625,0,200,0
3.2543334010000002,454.3351745605469,373.8928527832031,495.01947021484375,0,200,0
3.25829485,454.3194580078125,374.7025146484375,495.0158996582031,0,200,0
3.262433945,454.3045959472656,375.5128479003906,495.0102233886719,0,200,0
3.266320196,454.2879943847656,376.3208923339844,495.00506591796875,0,200,0
3.270267553,454.2707824707031,377.1283874511719,495.00177001953125,0,200,0
3.274518964,454.25286865234375,377.9411926269531,494.9955139160156,0,200,0
3.27848483,454.2378845214844,378.7526550292969,494.9892883300781,0,200,0
3.282439475,454.2207946777344,379.55999755859375,494.9818115234375,0,200,0
3.286569687,454.2052001953125,380.3656311035156,494.98028564453125,0,200,0
3.290542877,454.1895751953125,381.1719055175781,494.9774475097656,0,200,0
3.294489104,454.17364501953125,381.9837646484375,494.97393798828125,0,200,0
3.299015255,454.1554260253906,382.7936096191406,494.9666748046875,0,200,0
3.302775811,454.1380310058594,383.6040954589844,494.95758056640625,0,200,0
3.306611739,454.1268310546875,384.4122619628906,494.9549865722656,0,200,0
3.310581091,454.1121520996094,385.2167053222656,494.95196533203125,0,200,0
3.314745307,454.0958557128906,386.027099609375,494.9541931152344,0,200,0
3.318648419,454.0805969238281,386.83380126953125,494.9554138183594,0,200,0
3.322967407,454.063720703125,387.6412658691406,494.9501647949219,0,200,0
3.326780973,454.0505065917969,388.4494934082031,494.9414367675781,0,200,0
3.3308205969999998,454.0360412597656,389.2588806152344,494.94189453125,0,200,0
3.334966178,454.0187683105469,390.07403564453125,494.9464111328125,0,200,0
3.338967611,453.99859619140625,390.8858947753906,494.9427185058594,0,200,0
3.342836479,453.983154296875,391.692626953125,494.93792724609375,0,200,0
3.347078796,453.972412109375,392.4972229003906,494.9324035644531,0,200,0
3.351075334,453.9566955566406,393.3050231933594,494.928466796875,0,200,0
3.355000629,453.9361572265625,394.11444091796875,494.9209899902344,0,200,0
3.359235704,453.9175720214844,394.92498779296875,494.91375732421875,0,200,0
3.363120801,453.90167236328125,395.7375183105469,494.9126281738281,0,200,0
3.367040136,453.88690185546875,396.5433654785156,494.90374755859375,0,200,0
3.371253559,453.8698425292969,397.3488464355469,494.8927917480469,0,200,0
3.375266161,453.8570251464844,398.15521240234375,494.8926086425781,0,200,0
3.379291004,453.84149169921875,398.9620056152344,494.8846740722656,0,200,0
3.383383962,453.8265075683594,399.7700500488281,494.875244140625,0,200,0
3.387282486,453.81109619140625,400.5783996582031,494.87579345703125,0,200,0
3.391221754,453.79473876953125,401.3877258300781,494.8760986328125,0,200,0
3.395486155,453.7758483886719,402.1981201171875,494.8736572265625,0,200,0
3.399762497,453.7591247558594,403.0035705566406,494.868408203125,0,200,0
3.403415855,453.7452392578125,403.8100891113281,494.8623962402344,0,200,0
3.407528327,453.7281494140625,404.6177978515625,494.85040283203125,0,200,0
3.411467587,453.7137451171875,405.42559814453125,494.84783935546875,0,200,0
3.41540218,453.6992492675781,406.23602294921875,494.852294921875,0,200,0
3.419646138,453.67999267578125,407.0443115234375,494.8532409667969,0,200,0
3.42355681,453.6631164550781,407.85662841796875,494.8548278808594,0,200,0
3.427592283,453.6474304199219,408.6666259765625,494.8492126464844,0,200,0
3.431736793,453.63043212890625,409.47772216796875,494.8398742675781,0,200,0
3.435664465,453.6138916015625,410.2835998535156,494.8370666503906,0,200,0
3.439553277,453.5996398925781,411.0929260253906,494.8398742675781,0,200,0
3.44388249,453.58245849609375,411.9026794433594,494.8340759277344,0,200,0
3.447872607,453.56591796875,412.7080383300781,494.82342529296875,0,200,0
3.451779845,453.552734375,413.51544189453125,494.81884765625,0,200,0
3.455938106,453.5381774902344,414.32305908203125,494.8177795410156,0,200,0
3.459929337,453.5190124511719,415.1295166015625,494.81243896484375,0,200,0
3.463826345,453.5024108886719,415.9373779296875,494.806396484375,0,200,0
3.468061189,453.49163818359375,416.74066162109375,494.7969665527344,0,200,0
3.471931582,453.47894287109375,417.54522705078125,494.79205322265625,0,200,0
3.475963367,453.463623046875,418.34808349609375,494.7848815917969,0,200,0
3.480138782,453.4468688964844,419.159912109375,494.7852478027344,0,200,0
3.48406822,453.42730712890625,419.9713134765625,494.7730712890625,0,200,0
3.487981642,453.41033935546875,420.782470703125,494.7693786621094,0,200,0
3.49222764,453.39691162109375,421.592041015625,494.77166748046875,0,200,0
3.496252292,453.3802185058594,422.4007568359375,494.7727966308594,0,200,0
3.500440549,453.3643493652344,423.20751953125,494.7712097167969,0,200,0
3.504400179,453.3465881347656,424.01318359375,494.7615051269531,0,200,0
3.508234964,453.3310241699219,424.823974609375,494.7580261230469,0,200,0
3.512168569,453.3133239746094,425.6334228515625,494.74822998046875,0,200,0
3.516442951,453.29534912109375,426.44158935546875,494.74755859375,0,200,0
3.520396258,453.2799072265625,427.2510986328125,494.75567626953125,0,200,0
3.5243710569999998,453.2599792480469,428.0585632324219,494.7498779296875,0,200,0
3.528488249,453.2433166503906,428.8656921386719,494.7373046875,0,200,0
3.532472694,453.23040771484375,429.67120361328125,494.73419189453125,0,200,0
3.5363933789999997,453.2171325683594,430.4768981933594,494.7318420410156,0,200,0
3.540738322,453.2034912109375,431.2813720703125,494.7315368652344,0,200,0
3.544671631,453.18743896484375,432.0906066894531,494.7279052734375,0,200,0
3.548539062,453.1715393066406,432.8973388671875,494.71759033203125,0,200,0
3.552745661,453.15460205078125,433.70452880859375,494.7120361328125,0,200,0
3.556628812,453.1423034667969,434.510009765625,494.70989990234375,0,200,0
3.5606273269999997,453.1268615722656,435.3148498535156,494.70465087890625,0,200,0
3.564859113,453.1099853515625,436.1213684082031,494.696533203125,0,200,0
3.568710086,453.0938415527344,436.933349609375,494.6938171386719,0,200,0
3.5728033139999997,453.07305908203125,437.7406311035156,494.68804931640625,0,200,0
3.576893959,453.05816650390625,438.5450134277344,494.68243408203125,0,200,0
3.580882577,453.0469665527344,439.35186767578125,494.6781005859375,0,200,0
3.584818715,453.02899169921875,440.16107177734375,494.6713562011719,0,200,0
3.589035274,453.0062255859375,440.97308349609375,494.6651611328125,0,200,0
3.592989819,452.98779296875,441.78729248046875,494.6681823730469,0,200,0
3.59691693,452.9701843261719,442.5945129394531,494.66265869140625,0,200,0
3.601345446,452.95361328125,443.39569091796875,494.6503601074219,0,200,0
3.605043509,452.9455261230469,444.2023010253906,494.6484069824219,0,200,0
3.608947464,452.9333801269531,445.0072021484375,494.6416320800781,0,200,0
3.613167455,452.91448974609375,445.8163146972656,494.6409912109375,0,200,0
3.617076589,452.8984069824219,446.6221008300781,494.64630126953125,0,200,0
3.621177107,452.8811950683594,447.4261779785156,494.6439208984375,0,200,0
3.625272351,452.8698425292969,448.2282409667969,494.63116455078125,0,200,0
3.6292392639999997,452.8581848144531,449.0323791503906,494.6240234375,0,200,0
3.633141067,452.84381103515625,449.83856201171875,494.62286376953125,0,200,0
3.637347272,452.8290710449219,450.6426696777344,494.621826171875,0,200,0
3.641452541,452.8141174316406,451.45159912109375,494.6187438964844,0,200,0
3.64532407,452.796630859375,452.2611389160156,494.61285400390625,0,200,0
3.64947516,452.7794189453125,453.0714416503906,494.613037109375,0,200,0
3.6534024069999997,452.7612609863281,453.8803405761719,494.61083984375,0,200,0
3.657362361,452.739501953125,454.68817138671875,494.6048889160156,0,200,0
3.661642825,452.7203063964844,455.4956359863281,494.5940246582031,0,200,0
3.665490813,452.70330810546875,456.30426025390625,494.5888671875,0,200,0
3.669511144,452.6885070800781,457.11163330078125,494.5855712890625,0,200,0
3.6736967849999997,452.6706848144531,457.9179382324219,494.5707092285156,0,200,0
3.677595179,452.6545104980469,458.72808837890625,494.56707763671875,0,200,0
3.681588195,452.6399230957031,459.5321044921875,494.5647277832031,0,200,0
3.685811743,452.6228332519531,460.3376770019531,494.5625305175781,0,200,0
3.689848381,452.609375,461.14215087890625,494.5569763183594,0,200,0
3.693748225,452.5955810546875,461.9469299316406,494.5500793457031,0,200,0
3.697638894,452.5806884765625,462.75103759765625,494.5386047363281,0,200,0
3.70205924,452.5663146972656,463.5562744140625,494.5286865234375,0,200,0
3.705769022,452.5489807128906,464.3616027832031,494.52593994140625,0,200,0
3.7099627330000002,452.5354309082031,465.16424560546875,494.5299377441406,0,200,0
3.713836936,452.5216979980469,465.969970703125,494.52978515625,0,200,0
3.717895544,452.5070495605469,466.7771301269531,494.5233459472656,0,200,0
3.72209483,452.4955749511719,467.5844421386719,494.51751708984375,0,200,0
3.7260007760000002,452.47821044921875,468.3943176269531,494.5262756347656,0,200,0
3.7299096,452.45465087890625,469.20098876953125,494.52105712890625,0,200,0
3.734145754,452.43798828125,470.0118408203125,494.5184631347656,0,200,0
3.738157523,452.419189453125,470.8209228515625,494.5113220214844,0,200,0
3.742167454,452.403076171875,471.6243591308594,494.5044860839844,0,200,0
3.746261806,452.3906555175781,472.43035888671875,494.5078125,0,200,0
3.750156927,452.3718566894531,473.23565673828125,494.49932861328125,0,200,0
3.754101662,452.3541259765625,474.0425720214844,494.48931884765625,0,200,0
3.758349883,452.3367919921875,474.8504943847656,494.4833068847656,0,200,0
3.762321392,452.32147216796875,475.6546325683594,494.4797668457031,0,200,0
3.766295549,452.3072204589844,476.4576721191406,494.46636962890625,0,200,0
3.770387039,452.2913818359375,477.2622985839844,494.4559020996094,0,200,0
3.774416572,452.2769775390625,478.0653076171875,494.45037841796875,0,200,0
3.778318127,452.2635803222656,478.8662414550781,494.4478454589844,0,200,0
3.78263092,452.24932861328125,479.66943359375,494.43780517578125,0,200,0
3.786561711,452.23394775390625,480.47479248046875,494.4292297363281,0,200,0
3.790462999,452.21905517578125,481.28387451171875,494.4270935058594,0,200,0
3.794572597,452.1992492675781,482.09197998046875,494.41973876953125,0,200,0
3.798537327,452.1833190917969,482.899169921875,494.4216613769531,0,200,0
3.80281941,452.16717529296875,483.7030029296875,494.42608642578125,0,200,0
3.806785025,452.149658203125,484.51141357421875,494.42327880859375,0,200,0
3.810614642,452.1336975097656,485.3200378417969,494.4160461425781,0,200,0
3.814641571,452.1171569824219,486.1286926269531,494.41693115234375,0,200,0
3.81881229,452.1004943847656,486.9339599609375,494.4183654785156,0,200,0
3.822823687,452.084228515625,487.74114990234375,494.4169616699219,0,200,0
3.826693485,452.0685729980469,488.5466003417969,494.4131164550781,0,200,0
3.830959949,452.05120849609375,489.35247802734375,494.4090881347656,0,200,0
3.834928905,452.03326416015625,490.1556396484375,494.4030456542969,0,200,0
3.838856049,452.01605224609375,490.9608459472656,494.394775390625,0,200,0
3.843061743,451.99951171875,491.76446533203125,494.3851623535156,0,200,0
3.847028195,451.986572265625,492.56671142578125,494.3746337890625,0,200,0
3.850866885,451.97265625,493.3694152832031,494.3658447265625,0,200,0
3.8551085179999998,451.95703125,494.1765441894531,494.35882568359375,0,200,0
3.859003667,451.9430847167969,494.98016357421875,494.35015869140625,0,200,0
3.863089351,451.92669677734375,495.7824401855469,494.3434143066406,0,200,0
3.8672055199999997,451.9119873046875,496.5863037109375,494.34320068359375,0,200,0
3.871098172,451.8965759277344,497.3895568847656,494.3367004394531,0,200,0
3.875062177,451.8774719238281,498.1943664550781,494.3231506347656,0,200,0
3.879379239,451.8583984375,499.0052185058594,494.3160705566406,0,200,0
3.883388054,451.8408508300781,499.81634521484375,494.3134765625,0,200,0
3.8872377670000002,451.8240661621094,500.6204833984375,494.3181457519531,0,200,0
3.891357009,451.8086853027344,501.4222412109375,494.31939697265625,0,200,0
3.895325272,451.79876708984375,502.2230224609375,494.3136291503906,0,200,0
3.899253523,451.7835998535156,503.0301818847656,494.3099670410156,0,200,0
3.9038781289999998,451.7661437988281,503.8367614746094,494.310546875,0,200,0
3.907414906,451.7493896484375,504.6441650390625,494.3141784667969,0,200,0
3.911423866,451.733154296875,505.44549560546875,494.307373046875,0,200,0
3.915577067,451.7196960449219,506.25146484375,494.3053894042969,0,200,0
3.919522767,451.7059631347656,507.0554504394531,494.3053894042969,0,200,0
3.923435222,451.6896057128906,507.8580322265625,494.29864501953125,0,200,0
3.927700706,451.6751403808594,508.6641845703125,494.29168701171875,0,200,0
3.9317241689999998,451.6602783203125,509.4662780761719,494.283203125,0,200,0
3.93558506,451.6412658691406,510.2672119140625,494.27197265625,0,200,0
3.939573454,451.6221618652344,511.07537841796875,494.2605895996094,0,200,0
3.9437549499999998,451.6050109863281,511.8822326660156,494.2473449707031,0,200,0
3.947635162,451.59027099609375,512.6842041015625,494.2383117675781,0,200,0
3.951919279,451.57550048828125,513.4867553710938,494.23773193359375,0,200,0
3.955760493,451.55670166015625,514.2891235351563,494.2238464355469,0,200,0
3.9597845830000002,451.5401611328125,515.0944213867188,494.2120666503906,0,200,0
3.964043026,451.5199890136719,515.8970336914063,494.1960754394531,0,200,0
3.967941058,451.50360107421875,516.704345703125,494.1949157714844,0,200,0
3.971843305,451.4893798828125,517.5096435546875,494.1996765136719,0,200,0
3.976089906,451.4748840332031,518.3109741210938,494.20123291015625,0,200,0
3.980072595,451.46063232421875,519.1181030273438,494.2048034667969,0,200,0
3.984015094,451.44549560546875,519.9224853515625,494.2000732421875,0,200,0
3.988152806,451.4293212890625,520.729248046875,494.2013244628906,0,200,0
3.991993489,451.41156005859375,521.5366821289063,494.20806884765625,0,200,0
3.996027797,451.39453125,522.3402099609375,494.2044982910156,0,200,0
3.99996132,451.38250732421875,523.1428833007813,494.2045593261719,0,200,0
4.004145428,451.36663818359375,523.945556640625,494.20257568359375,0,200,0
4.007887728,451.3495788574219,524.7493286132813,494.2021179199219,0,200,0
4.011995509,451.330078125,525.5537109375,494.1927490234375,0,200,0
4.015954292,451.3141174316406,526.3533935546875,494.1781921386719,0,200,0
4.01992026,451.298828125,527.154296875,494.1684875488281,0,200,0
4.02422428,451.2814025878906,527.9530029296875,494.1450500488281,0,200,0
4.028210332,451.2689208984375,528.7548828125,494.13580322265625,0,200,0
4.032102041,451.25079345703125,529.559814453125,494.1292724609375,0,200,0
4.036316844,451.2287292480469,530.3624267578125,494.1188659667969,0,200,0
4.040246213,451.21044921875,531.1699829101563,494.1148376464844,0,200,0
4.044251996,451.1875915527344,531.974609375,494.1014099121094,0,200,0
4.048523977,451.1774597167969,532.7771606445313,494.0883483886719,0,200,0
4.052434399,451.1654968261719,533.5808715820313,494.0931091308594,0,200,0
4.056489374,451.1474914550781,534.383056640625,494.0926818847656,0,200,0
4.060729048,451.13262939453125,535.1873779296875,494.098876953125,0,200,0
4.064752395,451.1123352050781,535.994873046875,494.09283447265625,0,200,0
4.068635699,451.0951843261719,536.8003540039063,494.09375,0,200,0
4.072893978,451.08172607421875,537.5999145507813,494.0992431640625,0,200,0
4.076854613,451.0658874511719,538.3992919921875,494.0959167480469,0,200,0
4.080763072,451.0518798828125,539.1980590820313,494.09027099609375,0,200,0
4.084979717,451.0342102050781,540.0000610351563,494.0859680175781,0,200,0
4.088857465,451.0189514160156,540.8032836914063,494.0867614746094,0,200,0
4.092812003,451.0027160644531,541.6046142578125,494.0812072753906,0,200,0
4.097015742,450.99444580078125,542.4041748046875,494.0779724121094,0,200,0
4.100915488,450.9742431640625,543.2068481445313,494.0694274902344,0,200,0
4.105240531,450.9557800292969,544.007568359375,494.0523376464844,0,200,0
4.109130167,450.93902587890625,544.8160400390625,494.04931640625,0,200,0
4.113003409,450.9198913574219,545.6167602539063,494.0355529785156,0,200,0
4.116971757,450.9058532714844,546.4238891601563,494.0357971191406,0,200,0
4.121238306,450.8835144042969,547.2235717773438,494.015869140625,0,200,0
4.125294748,450.8647155761719,548.0309448242188,494.0005187988281,0,200,0
4.129158891,450.8474426269531,548.83203125,493.98583984375,0,200,0
4.133290441,450.83050537109375,549.6329345703125,493.9779968261719,0,200,0
4.137219582,450.8134765625,550.4348754882813,493.978515625,0,200,0
4.141169612,450.7940368652344,551.2332153320313,493.96673583984375,0,200,0
4.145463573,450.7757873535156,552.041015625,493.96099853515625,0,200,0
4.149333797,450.7582702636719,552.8445434570313,493.9601135253906,0,200,0
4.153340167,450.74273681640625,553.6486206054688,493.9691467285156,0,200,0
4.157503364,450.7306213378906,554.44873046875,493.9742736816406,0,200,0
4.161442569,450.71588134765625,555.2457275390625,493.974365234375,0,200,0
4.165426051,450.7002868652344,556.05078125,493.9838562011719,0,200,0
4.16960503,450.6824645996094,556.8533935546875,493.9862365722656,0,-200,0
4.173601111,450.6683044433594,557.6543579101563,493.9886779785156,0,-200,0
4.177639479,450.6541442871094,558.4555053710938,493.9845886230469,0,-200,0
4.181826163,450.6368103027344,559.257568359375,493.9719543457031,0,-200,0
4.18581602,450.62359619140625,560.0540161132813,493.9572448730469,0,-200,0
4.189710821,450.6098327636719,560.8510131835938,493.94744873046875,0,-200,0
4.193919857,450.58978271484375,561.6483154296875,493.933837890625,0,-200,0
4.197769808,450.57464599609375,562.4351196289063,493.92303466796875,0,-200,0
4.201794579,450.5858154296875,563.1665649414063,493.9568786621094,0,-200,0
4.206143179,450.6398010253906,563.788818359375,494.0651550292969,0,-200,0
4.209854561,450.7265930175781,564.3006591796875,494.20928955078125,0,-200,0
4.213744776,450.8249206542969,564.6748657226563,494.336669921875,0,-200,0
4.217983301,450.94488525390625,564.8788452148438,494.5047912597656,0,-200,0
4.221952593,451.0839538574219,564.882568359375,494.6668701171875,0,-200,0
4.225977873,451.12493896484375,564.7562255859375,494.68719482421875,0,-200,0
4.230068392,451.0567932128906,564.6250610351563,494.624267578125,0,-200,0
4.233995793,450.9176940917969,564.3640747070313,494.5233459472656,0,-200,0
4.237928122,450.7835998535156,563.8978881835938,494.4038391113281,0,-200,0
4.242159046,450.6566467285156,563.3136596679688,494.23828125,0,-200,0
4.246155275,450.5035095214844,562.6467895507813,494.035888671875,0,-200,0
4.250132435,450.3768310546875,561.8973388671875,493.895751953125,0,-200,0
4.254256505,450.3280334472656,561.0379028320313,493.8414001464844,0,-200,0
4.258196663,450.3326110839844,560.1165771484375,493.8034362792969,0,-200,0
4.262156094,450.3431091308594,559.2057495117188,493.7467041015625,0,-200,0
4.266444609,450.3570556640625,558.3107299804688,493.742431640625,0,-200,0
4.270376234,450.3867492675781,557.4278564453125,493.7984924316406,0,-200,0
4.274354464,450.4353332519531,556.5452880859375,493.8626708984375,0,-200,0
4.278465845,450.4883117675781,555.6689453125,493.9124450683594,0,-200,0
4.282377866,450.53546142578125,554.8141479492188,493.98431396484375,0,-200,0
4.286381495,450.5479736328125,553.9966430664063,494.055419921875,0,-200,0
4.290582402,450.5341491699219,553.2120361328125,494.1175842285156,0,-200,0
4.294469512,450.49969482421875,552.4334106445313,494.1444091796875,0,-200,0
4.298471629,450.46435546875,551.6424560546875,494.1518249511719,0,-200,0
4.302652113,450.4287109375,550.8541259765625,494.13409423828125,0,-200,0
4.30686496,450.3769836425781,550.0695190429688,494.09295654296875,0,-200,0
4.3105510129999995,450.32110595703125,549.2821044921875,494.0325622558594,0,-200,0
4.314789565,450.26873779296875,548.4778442382813,493.96124267578125,0,-200,0
4.318785085,450.23297119140625,547.6608276367188,493.8924255371094,0,-200,0
4.322717159,450.2010803222656,546.8435668945313,493.8317565917969,0,-200,0
4.326624489,450.173095703125,546.0314331054688,493.7912902832031,0,-200,0
4.330849708,450.1372375488281,545.2205200195313,493.74859619140625,0,-200,0
4.334716226,450.11572265625,544.4122924804688,493.7231140136719,0,-200,0
4.338970177,450.0970458984375,543.6032104492188,493.7109375,0,-200,0
4.342852326,450.08172607421875,542.7970581054688,493.7338562011719,0,-200,0
4.346951203,450.07086181640625,541.98583984375,493.7686462402344,0,-200,0
4.351033376,450.0655517578125,541.1702880859375,493.7948303222656,0,-200,0
4.354939688,450.0764465332031,540.3526000976563,493.83782958984375,0,-200,0
4.358896872,450.0929260253906,539.5240478515625,493.8839111328125,0,-200,0
4.363156343,450.11328125,538.6953125,493.928955078125,0,-200,0
4.36721093,450.121337890625,537.8727416992188,493.9613952636719,0,-200,0
4.371085581,450.1248474121094,537.0468139648438,493.97650146484375,0,-200,0
4.375255681,450.1278991699219,536.2138671875,493.979248046875,0,-200,0
4.379146414,450.1212158203125,535.3845825195313,493.9642639160156,0,-200,0
4.383083451,450.09295654296875,534.5712280273438,493.94146728515625,0,-200,0
4.38741808,450.0522766113281,533.7689208984375,493.9205627441406,0,-200,0
4.391236205,450.0075988769531,532.9735107421875,493.89111328125,0,-200,0
4.395277295,449.960693359375,532.1815185546875,493.8526611328125,0,-200,0
4.399434013,449.9176025390625,531.390380859375,493.8304443359375,0,-200,0
4.403351893,449.87835693359375,530.5968017578125,493.8096618652344,0,-200,0
4.407561118,449.8490905761719,529.7962036132813,493.7890625,0,-200,0
4.411560498,449.8233642578125,528.9985961914063,493.76971435546875,0,-200,0
4.415560081,449.7990417480469,528.2030639648438,493.7432556152344,0,-200,0
4.41948993,449.78656005859375,527.3960571289063,493.7369079589844,0,-200,0
4.423603466,449.77337646484375,526.5895385742188,493.7389221191406,0,-200,0
4.427631619,449.7613220214844,525.7817993164063,493.7370300292969,0,-200,0
4.431529545,449.7491149902344,524.9677124023438,493.72894287109375,0,-200,0
4.435770687,449.738037109375,524.148681640625,493.7285461425781,0,-200,0
4.43961261,449.72900390625,523.3275146484375,493.7318420410156,0,-200,0
4.44363457,449.72198486328125,522.5026245117188,493.7411804199219,0,-200,0
4.447895001,449.7215881347656,521.6812744140625,493.75811767578125,0,-200,0
4.451789738,449.718505859375,520.8560791015625,493.773193359375,0,-200,0
4.455651582,449.7149658203125,520.0376586914063,493.79541015625,0,-200,0
4.459920395,449.70947265625,519.2151489257813,493.8045349121094,0,-200,0
4.4639261,449.69952392578125,518.3997802734375,493.8153991699219,0,-200,0
4.46789165,449.6921081542969,517.5892333984375,493.8271789550781,0,-200,0
4.471995347,449.67919921875,516.779052734375,493.82318115234375,0,-200,0
4.475935605,449.6526794433594,515.97998046875,493.8082580566406,0,-200,0
4.479853496,449.61517333984375,515.18701171875,493.7936096191406,0,-200,0
4.484044931,449.57904052734375,514.3935546875,493.7734375,0,-200,0
4.488046042,449.5500793457031,513.591552734375,493.7422180175781,0,-200,0
4.492044386,449.5240783691406,512.7893676757813,493.7095947265625,0,-200,0
4.496175311,449.500244140625,511.98834228515625,493.6789245605469,0,-200,0
4.5001116450000005,449.47503662109375,511.1842041015625,493.65631103515625,0,-200,0
4.50408539,449.453369140625,510.38348388671875,493.6534423828125,0,-200,0
4.508600502,449.436767578125,509.5711975097656,493.6384582519531,0,-200,0
4.512316429,449.4270935058594,508.75830078125,493.6251525878906,0,-200,0
4.516194067,449.4190673828125,507.94683837890625,493.6275634765625,0,-200,0
4.520408541,449.4036865234375,507.1302795410156,493.6240234375,0,-200,0
4.524306851,449.39703369140625,506.3193359375,493.6385192871094,0,-200,0
4.52829738,449.39263916015625,505.50048828125,493.64373779296875,0,-200,0
4.532568669,449.3859558105469,504.6827087402344,493.65692138671875,0,-200,0
4.536439797,449.3793640136719,503.8664245605469,493.6755065917969,0,-200,0
4.540423671,449.37103271484375,503.04925537109375,493.67596435546875,0,-200,0
4.544588518,449.36334228515625,502.23834228515625,493.69232177734375,0,-200,0
4.548563557,449.34906005859375,501.4256286621094,493.70001220703125,0,-200,0
4.552461983,449.3397521972656,500.6121520996094,493.7046813964844,0,-200,0
4.556748024,449.327392578125,499.80291748046875,493.70166015625,0,-200,0
4.560716428,449.30548095703125,498.9937744140625,493.6880187988281,0,-200,0
4.56460761,449.2847900390625,498.194091796875,493.6897277832031,0,-200,0
4.568618456,449.2552795410156,497.3908386230469,493.6753845214844,0,-200,0
4.572748085,449.22479248046875,496.5981750488281,493.6468811035156,0,-200,0
4.576626432,449.1965637207031,495.8011169433594,493.61688232421875,0,-200,0
4.580896118,449.16644287109375,494.9988708496094,493.5810546875,0,-200,0
4.58477006,449.1466979980469,494.2003173828125,493.5706481933594,0,-200,0
4.588886076,449.1275329589844,493.3917541503906,493.5530700683594,0,-200,0
4.592981752,449.1097106933594,492.58258056640625,493.53863525390625,0,-200,0
4.596872956,449.09234619140625,491.7776794433594,493.5297546386719,0,-200,0
4.6008159299999996,449.071044921875,490.97198486328125,493.5173034667969,0,-200,0
4.605064464,449.05377197265625,490.1626892089844,493.5208435058594,0,-200,0
4.609362645,449.041748046875,489.3511657714844,493.52520751953125,0,-200,0
4.613031618,449.0332336425781,488.5365295410156,493.5321350097656,0,-200,0
4.617131328,449.0294189453125,487.7207946777344,493.5516052246094,0,-200,0
4.621080599,449.02691650390625,486.9017639160156,493.5667724609375,0,-200,0
4.625047035,449.0210266113281,486.0905456542969,493.5795593261719,0,-200,0
4.629353128,449.0125427246094,485.27716064453125,493.5943298339844,0,-200,0
4.633165709,449.00146484375,484.46795654296875,493.6024169921875,0,-200,0
4.637197056,448.99066162109375,483.6593017578125,493.6029968261719,0,-200,0
4.641333013,448.97479248046875,482.849609375,493.5906982421875,0,-200,0
4.64527136,448.955810546875,482.04083251953125,493.57635498046875,0,-200,0
4.649328365,448.9356689453125,481.2369384765625,493.5692443847656,0,-200,0
4.653485184,448.91033935546875,480.43255615234375,493.55535888671875,0,-200,0
4.657451911,448.8829345703125,479.6284484863281,493.529052734375,0,-200,0
4.6613637180000005,448.8539733886719,478.82940673828125,493.49969482421875,0,-200,0
4.665518833,448.8290100097656,478.0269470214844,493.4761047363281,0,-200,0
4.669519323,448.8081359863281,477.224853515625,493.4635009765625,0,-200,0
4.673455792,448.7906799316406,476.4185791015625,493.4532775878906,0,-200,0
4.677638526,448.77655029296875,475.6114501953125,493.4419860839844,0,-200,0
4.681525236,448.7626953125,474.80670166015625,493.43341064453125,0,-200,0
4.685566056,448.7514953613281,473.999267578125,493.43304443359375,0,-200,0
4.689811989,448.7396545410156,473.1903381347656,493.4407653808594,0,-200,0
4.693719601,448.7291259765625,472.37921142578125,493.44317626953125,0,-200,0
4.697575435,448.7213134765625,471.5677795410156,493.44989013671875,0,-200,0
4.70184938,448.7117004394531,470.75445556640625,493.4613952636719,0,-200,0
4.705905618,448.69781494140625,469.94000244140625,493.46722412109375,0,-200,0
4.710073907,448.685546875,469.1259460449219,493.4681701660156,0,-200,0
4.713946502,448.67242431640625,468.3169250488281,493.4742736816406,0,-200,0
4.717842413,448.6576843261719,467.50738525390625,493.47320556640625,0,-200,0
4.721829899,448.64373779296875,466.69586181640625,493.4725341796875,0,-200,0
4.7260483319999995,448.62939453125,465.88641357421875,493.47064208984375,0,-200,0
4.729966496,448.60748291015625,465.0821533203125,493.4533996582031,0,-200,0
4.733961187,448.5858459472656,464.2831726074219,493.44769287109375,0,-200,0
4.738097006,448.56072998046875,463.48199462890625,493.43890380859375,0,-200,0
4.742043585,448.5418395996094,462.6772155761719,493.42547607421875,0,-200,0
4.746008475,448.52557373046875,461.8721008300781,493.4080505371094,0,-200,0
4.750286666,448.5058288574219,461.0700988769531,493.38067626953125,0,-200,0
4.754294536,448.48486328125,460.2753601074219,493.36785888671875,0,-200,0
4.758134582,448.4610900878906,459.4730529785156,493.3571472167969,0,-200,0
4.762289752,448.43878173828125,458.66839599609375,493.3500671386719,0,-200,0
4.76624843,448.4265441894531,457.86444091796875,493.3502502441406,0,-200,0
4.770235435,448.40924072265625,457.050537109375,493.33795166015625,0,-200,0
4.774428773,448.3968811035156,456.2379455566406,493.3331604003906,0,-200,0
4.7783121600000005,448.3832092285156,455.433349609375,493.3398132324219,0,-200,0
4.782318505,448.36639404296875,454.62091064453125,493.338134765625,0,-200,0
4.786477665,448.3589782714844,453.8085632324219,493.348388671875,0,-200,0
4.790475941,448.3503112792969,452.9999084472656,493.3570556640625,0,-200,0
4.794422708,448.3382263183594,452.1875,493.3627624511719,0,-200,0
4.798602691,448.3282775878906,451.379638671875,493.3712463378906,0,-200,0
4.80264755,448.3130187988281,450.5712890625,493.36773681640625,0,-200,0
4.806592714,448.2995910644531,449.7628173828125,493.36968994140625,0,-200,0
4.810985902,448.2846984863281,448.95684814453125,493.3700256347656,0,-200,0
4.814641228,448.26910400390625,448.1522521972656,493.36346435546875,0,-200,0
4.818555166,448.2494812011719,447.3479309082031,493.34051513671875,0,-200,0
4.822823163,448.2336730957031,446.54278564453125,493.3307800292969,0,-200,0
4.8267110760000005,448.2117919921875,445.7373352050781,493.31939697265625,0,-200,0
4.830828529,448.1923828125,444.93377685546875,493.31085205078125,0,-200,0
4.834892805,448.1758117675781,444.1336364746094,493.2994384765625,0,-200,0
4.838804043,448.1504821777344,443.3306884765625,493.2737731933594,0,-200,0
4.842763419,448.1292724609375,442.5254211425781,493.2577819824219,0,-200,0
4.846991017,448.1135559082031,441.72174072265625,493.25128173828125,0,-200,0
4.851050738,448.0952453613281,440.9117126464844,493.242919921875,0,-200,0
4.854896948,448.07989501953125,440.1050720214844,493.2436218261719,0,-200,0
4.859043931,448.0685119628906,439.30108642578125,493.2437438964844,0,-200,0
4.862988787,448.0531921386719,438.492431640625,493.2426452636719,0,-200,0
4.866939637,448.0415954589844,437.6845703125,493.2485046386719,0,-200,0
4.871241356,448.0296936035156,436.87603759765625,493.25689697265625,0,-200,0
4.875082699,448.014404296875,436.0683288574219,493.256103515625,0,-200,0
4.879081709,447.9986877441406,435.2624206542969,493.2599792480469,0,-200,0
4.883237028,447.9872131347656,434.4588317871094,493.26708984375,0,-200,0
4.887171834,447.9770812988281,433.6479797363281,493.26910400390625,0,-200,0
4.891181351,447.9674377441406,432.8373718261719,493.2684020996094,0,-200,0
4.895377559,447.9513244628906,432.0361022949219,493.26300048828125,0,-200,0
4.899424912,447.93170166015625,431.2345275878906,493.2548522949219,0,-200,0
4.903274083,447.90814208984375,430.435546875,493.2507629394531,0,-200,0
4.907431948,447.89044189453125,429.6351318359375,493.2420654296875,0,-200,0
4.911643625,447.8698425292969,428.828125,493.2202453613281,0,-200,0
4.915429458,447.8521423339844,428.02239990234375,493.20501708984375,0,-200,0
4.919575117,447.8333740234375,427.2232666015625,493.20196533203125,0,-200,0
4.923437328,447.8103942871094,426.4196472167969,493.1896057128906,0,-200,0
4.927478879,447.79345703125,425.61431884765625,493.17803955078125,0,-200,0
4.931741974,447.780029296875,424.8079833984375,493.1693115234375,0,-200,0
4.935578605,447.76507568359375,424.0008544921875,493.1553039550781,0,-200,0
4.93951886,447.74774169921875,423.1954040527344,493.14654541015625,0,-200,0
4.943778165,447.7367858886719,422.3876037597656,493.1473388671875,0,-200,0
4.947775951,447.72271728515625,421.5791931152344,493.1516418457031,0,-200,0
4.951737867,447.7095947265625,420.7674560546875,493.1518859863281,0,-200,0
4.955654785,447.7025451660156,419.96136474609375,493.1570739746094,0,-200,0
4.959766988,447.6900939941406,419.1522521972656,493.16162109375,0,-200,0
4.963710521,447.6780090332031,418.3451232910156,493.16864013671875,0,-200,0
4.967990496,447.6658020019531,417.54010009765625,493.1731262207031,0,-200,0
4.971909483,447.6512756347656,416.73187255859375,493.1667175292969,0,-200,0
4.975900492,447.6401672363281,415.9267883300781,493.1667175292969,0,-200,0
4.980011972,447.62225341796875,415.1271667480469,493.1678771972656,0,-200,0
4.983936955,447.5984802246094,414.3227233886719,493.1573181152344,0,-200,0
4.987893466,447.57879638671875,413.51959228515625,493.14556884765625,0,-200,0
4.992214905,447.5598449707031,412.71929931640625,493.1341857910156,0,-200,0
4.996150996,447.54046630859375,411.9129638671875,493.1246032714844,0,-200,0
4.999732668,447.5210876464844,411.1072998046875,493.1160583496094,0,-200,0
5.003950944,447.5063171386719,410.3056945800781,493.10699462890625,0,-200,0
5.007866503,447.4859313964844,409.501953125,493.0886535644531,0,-200,0
5.012050206,447.4657897949219,408.7054138183594,493.082763671875,0,-200,0
5.016087783,447.4506530761719,407.9030456542969,493.08404541015625,0,-200,0
5.019976817,447.4338073730469,407.0942687988281,493.0776672363281,0,-200,0
5.024018899,447.4239501953125,406.2855224609375,493.07269287109375,0,-200,0
5.028149252,447.4123840332031,405.4781799316406,493.0666809082031,0,-200,0
5.032155214,447.3970642089844,404.6744079589844,493.0586853027344,0,-200,0
5.036082055,447.38311767578125,403.87249755859375,493.057861328125,0,-200,0
5.040330675,447.366943359375,403.0676574707031,493.06396484375,0,-200,0
5.044361,447.3522644042969,402.25634765625,493.0660095214844,0,-200,0
5.048309367,447.34033203125,401.4481506347656,493.06561279296875,0,-200,0
5.052667413,447.3294372558594,400.6455078125,493.06689453125,0,-200,0
5.0565525,447.3100280761719,399.8404846191406,493.06396484375,0,-200,0
5.060468513,447.29107666015625,399.03729248046875,493.0615234375,0,-200,0
5.064732969,447.2748718261719,398.2357177734375,493.0634460449219,0,-200,0
5.068575484,447.25640869140625,397.42974853515625,493.0520324707031,0,-200,0
5.072751191,447.239013671875,396.62615966796875,493.0457763671875,0,-200,0
5.076844297,447.2216796875,395.8263244628906,493.04449462890625,0,-200,0
5.080767382,447.20147705078125,395.0254211425781,493.0387878417969,0,-200,0
5.084685524,447.1837158203125,394.215087890625,493.0258483886719,0,-200,0
5.088959364,447.1708679199219,393.4135437011719,493.01800537109375,0,-200,0
5.092953575,447.15740966796875,392.6099853515625,493.0148010253906,0,-200,0
5.096832344,447.1359558105469,391.8045654296875,493.00531005859375,0,-200,0
5.100991436,447.12530517578125,390.9972229003906,493.0028991699219,0,-200,0
5.104906552,447.1131286621094,390.1914367675781,492.99566650390625,0,-200,0
5.108865918,447.0980224609375,389.3823547363281,492.98394775390625,0,-200,0
5.11337284,447.086669921875,388.57568359375,492.98187255859375,0,-200,0
5.117020268,447.0721435546875,387.77227783203125,492.9884033203125,0,-200,0
5.120999273,447.05401611328125,386.9671325683594,492.9866943359375,0,-200,0
5.125183569,447.0384826660156,386.1589050292969,492.9803771972656,0,-200,0
5.129113061,447.02630615234375,385.35589599609375,492.9790954589844,0,-200,0
5.133138483,447.0119934082031,384.5530700683594,492.9723205566406,0,-200,0
5.137320877,446.9903259277344,383.7492980957031,492.962646484375,0,-200,0
5.141284924,446.9702453613281,382.9509582519531,492.9648742675781,0,-200,0
5.145223207,446.9488830566406,382.15240478515625,492.9651184082031,0,-200,0
5.149370526,446.928955078125,381.3447570800781,492.9539489746094,0,-200,0
5.153355911,446.9150085449219,380.5396423339844,492.949951171875,0,-200,0
5.157287378,446.9007568359375,379.739013671875,492.94775390625,0,-200,0
5.161464771,446.8805236816406,378.9373779296875,492.945556640625,0,-200,0
5.165350203,446.85784912109375,378.14111328125,492.9405517578125,0,-200,0
5.169394916,446.84368896484375,377.338134765625,492.93328857421875,0,-200,0
5.173660104,446.8301086425781,376.53106689453125,492.9274597167969,0,-200,0
5.177490383,446.81475830078125,375.72406005859375,492.9180908203125,0,-200,0
5.181354318,446.7989501953125,374.92022705078125,492.917236328125,0,-200,0
5.185718289,446.7859802246094,374.1143798828125,492.9172668457031,0,-200,0
5.189704198,446.7723083496094,373.3053283691406,492.90673828125,0,-200,0
5.193690494,446.7611389160156,372.49688720703125,492.904052734375,0,-200,0
5.19751823,446.7536315917969,371.6927490234375,492.9116516113281,0,-200,0
5.201698067,446.73681640625,370.88543701171875,492.9104919433594,0,-200,0
5.2056076430000005,446.7179870605469,370.08154296875,492.9013671875,0,-200,0
5.209893196,446.7019348144531,369.2789001464844,492.89605712890625,0,-200,0
5.214037162,446.6888122558594,368.4778137207031,492.89581298828125,0,-200,0
5.217813793,446.6708679199219,367.670654296875,492.8914794921875,0,-200,0
5.221940446,446.65142822265625,366.868408203125,492.88861083984375,0,-200,0
5.225832057,446.6325988769531,366.068359375,492.88641357421875,0,-200,0
5.229816891,446.6124267578125,365.2676696777344,492.8768005371094,0,-200,0
5.234118619,446.5935363769531,364.4657897949219,492.8631896972656,0,-200,0
5.238114651,446.5779113769531,363.6622619628906,492.8543701171875,0,-200,0
5.2419624240000005,446.5633544921875,362.8597106933594,492.8515625,0,-200,0
5.246145568,446.54742431640625,362.0548400878906,492.8492431640625,0,-200,0
5.250076996,446.5299377441406,361.24639892578125,492.842041015625,0,-200,0
5.254038615,446.5197448730469,360.4444580078125,492.8397216796875,0,-200,0
5.258275883,446.50689697265625,359.6415100097656,492.8333435058594,0,-200,0
5.262150392,446.4875793457031,358.8396911621094,492.8284606933594,0,-200,0
5.266152972,446.47119140625,358.038818359375,492.83294677734375,0,-200,0
5.270314923,446.4574279785156,357.2330322265625,492.832275390625,0,-200,0
5.274315526,446.4432067871094,356.42340087890625,492.8218078613281,0,-200,0
5.278237826,446.4283447265625,355.61962890625,492.8224182128906,0,-200,0
5.282413797,446.4120788574219,354.82037353515625,492.8248291015625,0,-200,0
5.286430559,446.3943176269531,354.0219421386719,492.8271484375,0,-200,0
5.290361442,446.3748779296875,353.2180480957031,492.8214416503906,0,-200,0
5.294619361,446.3616638183594,352.41357421875,492.8173828125,0,-200,0
5.298468382,446.34942626953125,351.6160888671875,492.81988525390625,0,-200,0
5.302374365,446.327880859375,350.81207275390625,492.8134460449219,0,-200,0
5.306627081,446.308349609375,350.0082092285156,492.8090515136719,0,-200,0
5.310504,446.294921875,349.20440673828125,492.80364990234375,0,-200,0
5.314860254,446.27691650390625,348.3997497558594,492.793212890625,0,-200,0
5.3187489039999996,446.2576904296875,347.5976867675781,492.7813720703125,0,-200,0
5.322683339,446.2381896972656,346.7974853515625,492.7782897949219,0,-200,0
5.326571235,446.2219543457031,345.9936828613281,492.7743225097656,0,-200,0
5.330827819,446.2091369628906,345.1863708496094,492.7738952636719,0,-200,0
5.334892679,446.1949157714844,344.3794250488281,492.7648620605469,0,-200,0
5.338762594,446.1831359863281,343.574462890625,492.7571105957031,0,-200,0
5.34298268,446.16961669921875,342.7723083496094,492.7496032714844,0,-200,0
5.346853001,446.1529846191406,341.967041015625,492.7399597167969,0,-200,0
5.35077627,446.13861083984375,341.1629638671875,492.7398986816406,0,-200,0
5.355073387,446.1249694824219,340.3608093261719,492.7451477050781,0,-200,0
5.358916325,446.1076354980469,339.55523681640625,492.7400207519531,0,-200,0
5.3629352820000005,446.0939636230469,338.75457763671875,492.7403869628906,0,-200,0
5.367077528,446.0799560546875,337.9516296386719,492.7415466308594,0,-200,0
5.37100974,446.06365966796875,337.150390625,492.74462890625,0,-200,0
5.375014418,446.04559326171875,336.3506164550781,492.7434387207031,0,-200,0
5.379256724,446.025634765625,335.5547180175781,492.7410583496094,0,-200,0
5.383229303,446.00830078125,334.7535705566406,492.7361145019531,0,-200,0
5.387111523,445.9950866699219,333.9488220214844,492.735107421875,0,-200,0
5.3912658,445.97900390625,333.14404296875,492.725830078125,0,-200,0
5.395277268,445.9584655761719,332.3426208496094,492.72100830078125,0,-200,0
5.399268296,445.93963623046875,331.5465393066406,492.717529296875,0,-200,0
5.403456831,445.9207763671875,330.7432556152344,492.70947265625,0,-200,0
5.407288948,445.9065856933594,329.9368591308594,492.69732666015625,0,-200,0
5.411278111,445.8929748535156,329.1329345703125,492.6973876953125,0,-200,0
5.415783137,445.8753662109375,328.3275146484375,492.6961364746094,0,-200,0
5.419452425,445.85809326171875,327.5250549316406,492.68865966796875,0,-200,0
5.423339438,445.84625244140625,326.7201232910156,492.68115234375,0,-200,0
5.4276012940000005,445.8331604003906,325.9115905761719,492.6751403808594,0,-200,0
5.4316046700000005,445.82049560546875,325.1095275878906,492.6720886230469,0,-200,0
5.435491856,445.80255126953125,324.3069152832031,492.6720886230469,0,-200,0
5.439660566,445.7856140136719,323.50506591796875,492.6703796386719,0,-200,0
5.443588424,445.77252197265625,322.700927734375,492.6698303222656,0,-200,0
5.44752232,445.7593688964844,321.89678955078125,492.66741943359375,0,-200,0
5.45184351,445.743408203125,321.0937194824219,492.6608581542969,0,-200,0
5.45574078,445.72650146484375,320.29193115234375,492.6564636230469,0,-200,0
5.459727437,445.7088623046875,319.4932556152344,492.6515808105469,0,-200,0
5.463855158,445.6907653808594,318.6930847167969,492.6510009765625,0,-200,0
5.467808586,445.67620849609375,317.892578125,492.6550598144531,0,-200,0
5.471723229,445.65966796875,317.0888977050781,492.65045166015625,0,-200,0
5.476054565,445.6438293457031,316.2857360839844,492.6424865722656,0,-200,0
5.479989941,445.6316223144531,315.4830017089844,492.6436462402344,0,-200,0
5.483875793,445.6126708984375,314.68304443359375,492.638671875,0,-200,0
5.488051791,445.58978271484375,313.881591796875,492.6326599121094,0,-200,0
5.491976535,445.57501220703125,313.0805358886719,492.6268005371094,0,-200,0
5.496020908,445.558837890625,312.2767333984375,492.61944580078125,0,-200,0
5.500196433,445.5420227050781,311.4706726074219,492.6114501953125,0,-200,0
5.504086323,445.5201416015625,310.6694641113281,492.60723876953125,0,-200,0
5.508087547,445.5022888183594,309.8685607910156,492.6042175292969,0,-200,0
5.512229342,445.4889831542969,309.06591796875,492.6049499511719,0,-200,0
5.516464655,445.47467041015625,308.2613830566406,492.6043395996094,0,-200,0
5.520148466,445.4606628417969,307.45849609375,492.59912109375,0,-200,0
5.524344091,445.4465637207031,306.657470703125,492.5945739746094,0,-200,0
5.528363358,445.4308166503906,305.856689453125,492.6006774902344,0,-200,0
5.532278262,445.4139709472656,305.0509033203125,492.5962829589844,0,-200,0
5.536521176,445.39715576171875,304.245849609375,492.5900573730469,0,-200,0
5.54037755,445.3828430175781,303.4489440917969,492.5868225097656,0,-200,0
5.54430451,445.3663330078125,302.6468505859375,492.5787658691406,0,-200,0
5.548565386,445.3498229980469,301.84613037109375,492.576416015625,0,-200,0
5.552467682,445.33441162109375,301.0400085449219,492.5760192871094,0,-200,0
5.556524507,445.3221740722656,300.23870849609375,492.5788269042969,0,-200,0
5.560673973,445.3095397949219,299.43658447265625,492.57476806640625,0,-200,0
5.564554053,445.290771484375,298.6329345703125,492.56689453125,0,-200,0
5.568478495,445.2754211425781,297.8310852050781,492.5595397949219,0,-200,0
5.572829047,445.2592468261719,297.0294189453125,492.5544128417969,0,-200,0
5.576872401,445.2443542480469,296.2305908203125,492.54766845703125,0,-200,0
5.580691747,445.2262268066406,295.4284973144531,492.544189453125,0,-200,0
5.584839616,445.20947265625,294.62127685546875,492.5403747558594,0,-200,0
5.58879722,445.19390869140625,293.82049560546875,492.5409240722656,0,-200,0
5.592721317,445.1747131347656,293.0235595703125,492.5370178222656,0,-200,0
5.596990699,445.1574401855469,292.2231750488281,492.53607177734375,0,-200,0
5.600852927,445.14141845703125,291.4163513183594,492.53326416015625,0,-200,0
5.604860819,445.1249084472656,290.6142578125,492.53021240234375,0,-200,0
5.609001611,445.1066589355469,289.814208984375,492.5285339355469,0,-200,0
5.612985583,445.0860290527344,289.01641845703125,492.52557373046875,0,-200,0
5.617145835,445.07196044921875,288.2137756347656,492.5232238769531,0,-200,0
5.621163031,445.0557556152344,287.4088134765625,492.5151672363281,0,-200,0
5.6250950920000005,445.0404968261719,286.60760498046875,492.5151062011719,0,-200,0
5.629043158,445.0236511230469,285.8090515136719,492.51397705078125,0,-200,0
5.63319141,445.0091552734375,285.0042419433594,492.5099792480469,0,-200,0
5.637176162,444.9925537109375,284.1993103027344,492.50494384765625,0,-200,0
5.641178346,444.980224609375,283.3953552246094,492.4980163574219,0,-200,0
5.645324233,444.9644775390625,282.5968322753906,492.497802734375,0,-200,0
5.649219577,444.94927978515625,281.7912902832031,492.4986572265625,0,-200,0
5.653209517,444.93280029296875,280.98748779296875,492.496337890625,0,-200,0
5.657478137,444.9170837402344,280.1864013671875,492.489990234375,0,-200,0
5.661341859,444.90252685546875,279.3877258300781,492.48809814453125,0,-200,0
5.665330342,444.887451171875,278.5867004394531,492.48681640625,0,-200,0
5.669513672,444.8704528808594,277.7830810546875,492.4808044433594,0,-200,0
5.673544936,444.8547668457031,276.9810791015625,492.4791259765625,0,-200,0
5.677478304,444.83489990234375,276.1780700683594,492.4788818359375,0,-200,0
5.681582141,444.8226013183594,275.37786865234375,492.4792785644531,0,-200,0
5.685503366,444.8056335449219,274.57366943359375,492.4745788574219,0,-200,0
5.689486009,444.7842712402344,273.7726135253906,492.4636535644531,0,-200,0
5.693747404,444.7652282714844,272.97540283203125,492.45843505859375,0,-200,0
5.697704408,444.7478332519531,272.1740417480469,492.4504089355469,0,-200,0
5.701642123,444.7341613769531,271.3710021972656,492.448486328125,0,-200,0
5.7057988680000005,444.71337890625,270.5679016113281,492.4417419433594,0,-200,0
5.709728697,444.69561767578125,269.770263671875,492.4399108886719,0,-200,0
5.713652115,444.6767272949219,268.96856689453125,492.4355163574219,0,-200,0
5.718228891,444.66510009765625,268.16497802734375,492.43292236328125,0,-200,0
5.721941116,444.6519775390625,267.36187744140625,492.4329528808594,0,-200,0
5.725795736,444.6358337402344,266.5616760253906,492.43170166015625,0,-200,0
5.729956385,444.6188659667969,265.7611389160156,492.4315185546875,0,-200,0
5.7338857,444.60443115234375,264.9582214355469,492.4275207519531,0,-200,0
5.737895446,444.588623046875,264.1551818847656,492.4256591796875,0,-200,0
5.742110388,444.57037353515625,263.3537292480469,492.4197998046875,0,-200,0
5.745994358,444.5538024902344,262.55169677734375,492.4167175292969,0,-200,0
5.7499829049999995,444.5395202636719,261.7483215332031,492.4158935546875,0,-200,0
5.754129106,444.5224609375,260.9480285644531,492.4135437011719,0,-200,0
5.75814822,444.5081787109375,260.14373779296875,492.41339111328125,0,-200,0
5.762085134,444.4915466308594,259.341064453125,492.4125671386719,0,-200,0
5.766272313,444.4761657714844,258.5359191894531,492.4058532714844,0,-200,0
5.770276393,444.46234130859375,257.73974609375,492.4060363769531,0,-200,0
5.77419537,444.44696044921875,256.94110107421875,492.408935546875,0,-200,0
5.778445882,444.4311828613281,256.1390075683594,492.4073181152344,0,-200,0
5.782280174,444.4144592285156,255.334228515625,492.40545654296875,0,-200,0
5.786188838,444.3961486816406,254.53317260742188,492.397216796875,0,-200,0
5.790482558,444.3778991699219,253.7374267578125,492.394287109375,0,-200,0
5.7943574479999995,444.3623352050781,252.9365692138672,492.38824462890625,0,-200,0
5.79844461,444.34429931640625,252.1333465576172,492.38336181640625,0,-200,0
5.802580572,444.3243103027344,251.3291015625,492.3789367675781,0,-200,0
5.806474772,444.30548095703125,250.53131103515625,492.37738037109375,0,-200,0
5.810406307,444.2883605957031,249.73184204101563,492.37506103515625,0,-200,0
5.814699171,444.274658203125,248.9282684326172,492.3724670410156,0,-200,0
5.818956049,444.2585144042969,248.12567138671875,492.3712463378906,0,-200,0
5.822624615,444.2381591796875,247.32315063476563,492.3594970703125,0,-200,0
5.826544882,444.2233581542969,246.5205078125,492.356201171875,0,-200,0
5.830706144,444.21063232421875,245.72128295898438,492.35382080078125,0,-200,0
5.834612022,444.1922302246094,244.91647338867188,492.3487854003906,0,-200,0
5.838921153,444.1784973144531,244.11370849609375,492.35107421875,0,-200,0
5.842800261,444.15960693359375,243.3109893798828,492.34912109375,0,-200,0
5.846806245,444.14398193359375,242.5098114013672,492.3443908691406,0,-200,0
5.850936663,444.1304016113281,241.70896911621094,492.3446044921875,0,-200,0
5.854854769,444.1152038574219,240.90835571289063,492.34539794921875,0,-200,0
5.858873584,444.09759521484375,240.10546875,492.34210205078125,0,-200,0
5.8630606,444.0791320800781,239.30203247070313,492.336669921875,0,-200,0
5.867043188,444.0665283203125,238.5019989013672,492.3375549316406,0,-200,0
5.870956413,444.0500793457031,237.69956970214844,492.3338928222656,0,-200,0
5.875111438,444.03521728515625,236.8990478515625,492.3320007324219,0,-200,0
5.879111732,444.0176086425781,236.09945678710938,492.3289489746094,0,-200,0
5.883034983,443.99847412109375,235.29930114746094,492.3235778808594,0,-200,0
5.887231985,443.9845275878906,234.50021362304688,492.32470703125,0,-200,0
5.891120675,443.9689025878906,233.70045471191406,492.32684326171875,0,-200,0
5.895143932,443.9530944824219,232.90029907226563,492.3237609863281,0,-200,0
5.899404382,443.9331970214844,232.10333251953125,492.3192443847656,0,-200,0
5.903257175,443.91595458984375,231.29989624023438,492.3139343261719,0,-200,0
5.907194172,443.9027099609375,230.49595642089844,492.3138427734375,0,-200,0
5.911415534,443.8850402832031,229.6920166015625,492.3111572265625,0,-200,0
5.915456799,443.8710021972656,228.89389038085938,492.3140563964844,0,-200,0
5.919638547,443.85235595703125,228.0886688232422,492.3092041015625,0,-200,0
5.923521549,443.8341064453125,227.2875518798828,492.30364990234375,0,-200,0
5.927435063,443.818603515625,226.48849487304688,492.3030090332031,0,-200,0
5.931415555,443.7983093261719,225.6860809326172,492.2940979003906,0,-200,0
5.935651815,443.7848815917969,224.88247680664063,492.2892150878906,0,-200,0
5.939552257,443.7689208984375,224.07986450195313,492.2877197265625,0,-200,0
5.943551305,443.75030517578125,223.2765655517578,492.2834777832031,0,-200,0
5.947698108,443.7335510253906,222.4738311767578,492.2813720703125,0,-200,0
5.9516725390000005,443.7166442871094,221.67221069335938,492.278564453125,0,-200,0
5.955582731,443.70135498046875,220.87095642089844,492.2752990722656,0,-200,0
5.959897792,443.683837890625,220.0714111328125,492.2729797363281,0,-200,0
5.96384164,443.6705627441406,219.2709197998047,492.2699279785156,0,-200,0
5.967735089,443.6510009765625,218.4695281982422,492.2621765136719,0,-200,0
5.971895677,443.6351623535156,217.67274475097656,492.2608337402344,0,-200,0
5.97582008,443.6171569824219,216.87188720703125,492.2564392089844,0,-200,0
5.979822994,443.60357666015625,216.0669708251953,492.2581787109375,0,-200,0
5.984028494,443.5886535644531,215.2657012939453,492.2564392089844,0,-200,0
5.987886701,443.56707763671875,214.4697723388672,492.2538146972656,0,-200,0
5.991909927,443.5538635253906,213.66961669921875,492.25274658203125,0,-200,0
5.996057759,443.5372314453125,212.8673858642578,492.2512512207031,0,-200,0
6.000035741,443.5229187011719,212.06430053710938,492.2524719238281,0,-200,0
6.003657179,443.5091857910156,211.26211547851563,492.2525329589844,0,-200,0
6.007875367,443.49298095703125,210.4619903564453,492.2519836425781,0,-200,0
6.01189119,443.47442626953125,209.65830993652344,492.24530029296875,0,-200,0
6.015800992,443.4603271484375,208.85784912109375,492.2451171875,0,-200,0
6.020273273,443.4460754394531,208.05796813964844,492.24761962890625,0,-200,0
6.023914698,443.4306335449219,207.2555389404297,492.2420654296875,0,-200,0
6.027857348,443.4164123535156,206.45384216308594,492.2425537109375,0,-200,0
6.0321307,443.3990173339844,205.6533203125,492.24066162109375,0,-200,0
6.036106223,443.381103515625,204.8506317138672,492.2362365722656,0,-200,0
6.040146192,443.36419677734375,204.04953002929688,492.23455810546875,0,-200,0
6.044275085,443.3496398925781,203.2454833984375,492.2342529296875,0,-200,0
6.048228509,443.331298828125,202.4439697265625,492.23114013671875,0,-200,0
6.052238132,443.3155822753906,201.64169311523438,492.22686767578125,0,-200,0
6.056546808,443.29510498046875,200.8450469970703,492.2194519042969,0,-200,0
6.060660528,443.2782897949219,200.04605102539063,492.21990966796875,0,-200,0
6.064521038,443.262939453125,199.24374389648438,492.22052001953125,0,-200,0
6.068651988,443.2413330078125,198.44227600097656,492.215087890625,0,-200,0
6.072604478,443.22601318359375,197.64393615722656,492.2138977050781,0,-200,0
6.076524032,443.20709228515625,196.84439086914063,492.21173095703125,0,-200,0
6.080867417,443.18927001953125,196.038818359375,492.2049865722656,0,-200,0
6.084698535,443.177978515625,195.2357635498047,492.20355224609375,0,-200,0
6.088759223,443.16033935546875,194.43353271484375,492.2017517089844,0,-200,0
6.092898643,443.1442565917969,193.63308715820313,492.20257568359375,0,-200,0
6.096779445,443.1268005371094,192.83262634277344,492.2013244628906,0,-200,0
6.100804752,443.108642578125,192.0294647216797,492.1976623535156,0,-200,0
6.105007006,443.09161376953125,191.2278594970703,492.1966857910156,0,-200,0
6.108966163,443.07293701171875,190.42466735839844,492.1927795410156,0,-200,0
6.112896761,443.06024169921875,189.6236114501953,492.1954040527344,0,-200,0
6.117028149,443.0419921875,188.8207550048828,492.1864929199219,0,-200,0
6.121264142,443.02947998046875,188.0174102783203,492.1844787597656,0,-200,0
6.124934727,443.0130310058594,187.2174835205078,492.1815490722656,0,-200,0
6.129152142,442.9923095703125,186.4163360595703,492.1707763671875,0,-200,0
6.133041594,442.98046875,185.61602783203125,492.1742858886719,0,-200,0
6.13708011,442.9647521972656,184.81414794921875,492.1770324707031,0,-200,0
6.141326125,442.9439697265625,184.0147247314453,492.17230224609375,0,-200,0
6.145199623,442.92987060546875,183.2156524658203,492.17620849609375,0,-200,0
6.149114499,442.9159851074219,182.41175842285156,492.1751708984375,0,-200,0
6.153329374,442.90020751953125,181.61309814453125,492.1726379394531,0,-200,0
6.157393615,442.8811340332031,180.81317138671875,492.1746826171875,0,-200,0
6.161343079,442.8650817871094,180.01651000976563,492.1746520996094,0,-200,0
6.165447725,442.85064697265625,179.212646484375,492.1747741699219,0,-200,0
6.169389124,442.83465576171875,178.4126739501953,492.1736755371094,0,-200,0
6.173322193,442.8193664550781,177.60910034179688,492.1707458496094,0,-200,0
6.177537296,442.80389404296875,176.80502319335938,492.1683044433594,0,-200,0
6.181460198,442.7849426269531,176.00401306152344,492.1639404296875,0,-200,0
6.185463563,442.7682189941406,175.2054443359375,492.1620788574219,0,-200,0
6.18964259,442.75115966796875,174.4009246826172,492.15533447265625,0,-200,0
6.193591661,442.73748779296875,173.60020446777344,492.15631103515625,0,-200,0
6.197486024,442.72137451171875,172.79959106445313,492.1570739746094,0,-200,0
6.201825885,442.7035827636719,171.9954071044922,492.1529235839844,0,-200,0
6.205718561,442.68890380859375,171.1954345703125,492.15216064453125,0,-200,0
6.209685104,442.67236328125,170.390380859375,492.1475830078125,0,-200,0
6.213812677,442.653564453125,169.58743286132813,492.1432189941406,0,-200,0
6.217752331,442.638427734375,168.7830047607422,492.1413879394531,0,-200,0
6.221978649,442.6181335449219,167.9844512939453,492.133544921875,0,-200,0
6.226044973,442.600341796875,167.18783569335938,492.1354064941406,0,-200,0
6.229806362,442.5860290527344,166.38580322265625,492.14105224609375,0,-200,0
6.233838803,442.5680847167969,165.58290100097656,492.1362609863281,0,-200,0
6.237988487,442.5497741699219,164.78614807128906,492.13409423828125,0,-200,0
6.241994894,442.5321350097656,163.98463439941406,492.13397216796875,0,-200,0
6.24594289,442.512939453125,163.18016052246094,492.1271057128906,0,-200,0
6.250131708,442.4992980957031,162.3780059814453,492.12896728515625,0,-200,0
6.254125216,442.484375,161.5756378173828,492.1251220703125,0,-200,0
6.258038721,442.46734619140625,160.77395629882813,492.11962890625,0,-200,0
6.26227815,442.4554748535156,159.97817993164063,492.122802734375,0,-200,0
6.266132582,442.4330749511719,159.1741943359375,492.11572265625,0,-200,0
6.270036831,442.41644287109375,158.3707733154297,492.11370849609375,0,-200,0
6.274308504,442.4044189453125,157.56967163085938,492.1196594238281,0,-200,0
6.2782306,442.3857727050781,156.764404296875,492.11444091796875,0,-200,0
6.282289391,442.3671875,155.9611358642578,492.1103820800781,0,200,0
6.286413763,442.3542785644531,155.16067504882813,492.1116638183594,0,200,0
6.290392935,442.33648681640625,154.35887145996094,492.1097717285156,0,200,0
6.294357725,442.3162841796875,153.55657958984375,492.1044006347656,0,200,0
6.298518114,442.30572509765625,152.75794982910156,492.10821533203125,0,200,0
6.302614633,442.2876281738281,151.9571533203125,492.10467529296875,0,200,0
6.306443486,442.2677307128906,151.15621948242188,492.0982666015625,0,200,0
6.310586007,442.2572021484375,150.3794708251953,492.0986328125,0,200,0
6.314516641,442.23455810546875,149.6637420654297,492.0772705078125,0,200,0
6.318441253,442.21759033203125,149.06423950195313,492.058837890625,0,200,0
6.32296345,442.19500732421875,148.595947265625,492.0361022949219,0,200,0
6.326637849,442.1666564941406,148.2546844482422,492.0122985839844,0,200,0
6.330686311,442.1422424316406,148.0836944580078,491.9898681640625,0,200,0
6.334790381,442.1246337890625,148.0870361328125,491.9729919433594,0,200,0
6.338720636,442.135498046875,148.2079315185547,492.00006103515625,0,200,0
6.3427612270000004,442.1418762207031,148.39817810058594,492.0133972167969,0,200,0
6.346969436,442.1584167480469,148.71640014648438,492.0401916503906,0,200,0
6.350958317,442.17974853515625,149.2100067138672,492.0814208984375,0,200,0
6.354818539,442.1869812011719,149.80947875976563,492.09783935546875,0,200,0
6.358980652,442.2047119140625,150.4806671142578,492.1258239746094,0,200,0
6.362959921,442.21881103515625,151.24020385742188,492.14599609375,0,200,0
6.366851645,442.2182922363281,152.08224487304688,492.15130615234375,0,200,0
6.371094796,442.2118835449219,152.94862365722656,492.1508483886719,0,200,0
6.3749560800000005,442.20635986328125,153.79901123046875,492.15264892578125,0,200,0
6.378994262,442.1968078613281,154.63259887695313,492.1451721191406,0,200,0
6.383224587,442.1800842285156,155.46920776367188,492.1274719238281,0,200,0
6.387119749,442.16162109375,156.3018798828125,492.1116027832031,0,200,0
6.391023507,442.1354675292969,157.1334686279297,492.0887145996094,0,200,0
6.395264016,442.11798095703125,157.95578002929688,492.07342529296875,0,200,0
6.399330033,442.1068420410156,158.7633056640625,492.06402587890625,0,200,0
6.403254689,442.0970153808594,159.54977416992188,492.05938720703125,0,200,0
6.407401599,442.0843811035156,160.33079528808594,492.0507507324219,0,200,0
6.411285078,442.08013916015625,161.10855102539063,492.0547180175781,0,200,0
6.415263496,442.07110595703125,161.8916473388672,492.0605163574219,0,200,0
6.419500404,442.05157470703125,162.6867218017578,492.06719970703125,0,200,0
6.423645451,442.0345764160156,163.4942169189453,492.0828857421875,0,200,0
6.427420434,442.0137939453125,164.31227111816406,492.10357666015625,0,200,0
6.431565238,441.98712158203125,165.12710571289063,492.11224365234375,0,200,0
6.435480671,441.9718017578125,165.93939208984375,492.1225280761719,0,200,0
6.439423817,441.95672607421875,166.7478790283203,492.12841796875,0,200,0
6.443759224,441.93475341796875,167.5590362548828,492.12652587890625,0,200,0
6.447696362,441.9134521484375,168.38011169433594,492.12237548828125,0,200,0
6.451563144,441.8935852050781,169.21337890625,492.1131896972656,0,200,0
6.455542379,441.8698425292969,170.0436553955078,492.0921325683594,0,200,0
6.45968409,441.85076904296875,170.87442016601563,492.0721130371094,0,200,0
6.463597703,441.8333740234375,171.6940155029297,492.0513000488281,0,200,0
6.467869145,441.8161926269531,172.5116424560547,492.0369873046875,0,200,0
6.471747432,441.79949951171875,173.32351684570313,492.0215148925781,0,200,0
6.475759016,441.7882995605469,174.1267852783203,492.010009765625,0,200,0
6.479919282,441.77545166015625,174.92645263671875,492.0006103515625,0,200,0
6.483907803,441.7647705078125,175.72280883789063,491.9932556152344,0,200,0
6.487834535,441.7517395019531,176.52261352539063,491.9932556152344,0,200,0
6.492032108,441.7306823730469,177.31866455078125,491.9931945800781,0,200,0
6.496042358,441.7125549316406,178.1188201904297,492.0012512207031,0,200,0
6.499948318,441.6980285644531,178.92457580566406,492.0147705078125,0,200,0
6.504206674,441.6741638183594,179.73422241210938,492.0262756347656,0,200,0
6.508070074,441.6537780761719,180.54788208007813,492.04315185546875,0,200,0
6.512040571,441.6355285644531,181.36375427246094,492.0631103515625,0,200,0
6.516247131,441.6141052246094,182.1784210205078,492.0721435546875,0,200,0
6.520148675,441.5955810546875,182.9947052001953,492.0759582519531,0,200,0
6.524396615,441.5790100097656,183.81234741210938,492.0765686035156,0,200,0
6.5283283789999995,441.5556945800781,184.63265991210938,492.0653076171875,0,200,0
6.532262747,441.5379333496094,185.4518585205078,492.0545654296875,0,200,0
6.536201316,441.52301025390625,186.269287109375,492.0359802246094,0,200,0
6.54046049,441.5067138671875,187.08070373535156,492.0151672363281,0,200,0
6.5445044150000005,441.4943542480469,187.8948211669922,492.0028381347656,0,200,0
6.548359449,441.4762878417969,188.70654296875,491.9827575683594,0,200,0
6.552499124,441.4620666503906,189.5159454345703,491.96484375,0,200,0
6.556430509,441.4521179199219,190.32272338867188,491.9517822265625,0,200,0
6.560368791,441.4355163574219,191.12310791015625,491.9424133300781,0,200,0
6.564699539,441.41900634765625,191.92759704589844,491.9457702636719,0,200,0
6.568522077,441.4012451171875,192.73458862304688,491.9545593261719,0,200,0
6.572547319,441.3754577636719,193.53961181640625,491.95648193359375,0,200,0
6.576699993,441.35906982421875,194.34722900390625,491.97381591796875,0,200,0
6.580629564,441.3351745605469,195.15313720703125,491.9880065917969,0,200,0
6.584566569,441.31280517578125,195.96224975585938,492.0018615722656,0,200,0
6.588850914,441.2941589355469,196.7796173095703,492.0172424316406,0,200,0
6.592850142,441.27178955078125,197.596435546875,492.0261535644531,0,200,0
6.596717407,441.2569580078125,198.41415405273438,492.03021240234375,0,200,0
6.600887028,441.2430419921875,199.23080444335938,492.0316162109375,0,200,0
6.604913242,441.22930908203125,200.0420379638672,492.02337646484375,0,200,0
6.608784944,441.21722412109375,200.8576202392578,492.013916015625,0,200,0
6.613001432,441.20050048828125,201.66995239257813,491.99969482421875,0,200,0
6.616882391,441.18756103515625,202.47938537597656,491.9864196777344,0,200,0
6.620984413,441.17193603515625,203.28500366210938,491.9705810546875,0,200,0
6.6253316,441.1527099609375,204.09548950195313,491.9498596191406,0,200,0
6.629034386,441.1346130371094,204.90826416015625,491.9339294433594,0,200,0
6.632962108,441.1148681640625,205.71823120117188,491.9192199707031,0,200,0
6.637176292,441.09820556640625,206.52401733398438,491.91058349609375,0,200,0
6.641215903,441.083984375,207.33306884765625,491.9105529785156,0,200,0
6.645160966,441.06500244140625,208.14100646972656,491.9102783203125,0,200,0
6.649311862,441.04730224609375,208.95220947265625,491.92010498046875,0,200,0
6.653167814,441.0279235839844,209.76625061035156,491.9299011230469,0,200,0
6.657159732,441.01116943359375,210.57962036132813,491.9440002441406,0,200,0
6.661379706,440.9926452636719,211.39169311523438,491.9561767578125,0,200,0
6.665318643,440.97808837890625,212.2052459716797,491.9717712402344,0,200,0
6.669318375,440.9615173339844,213.02105712890625,491.9849548339844,0,200,0
6.673465775,440.9424133300781,213.83282470703125,491.9858703613281,0,200,0
6.677383432,440.9302673339844,214.64599609375,491.9894714355469,0,200,0
6.681304529,440.9113464355469,215.4535369873047,491.9799499511719,0,200,0
6.685657528,440.89776611328125,216.25965881347656,491.9687194824219,0,200,0
6.689657076,440.8856506347656,217.06640625,491.95703125,0,200,0
6.693478517,440.863525390625,217.878662109375,491.9343566894531,0,200,0
6.697452199,440.8486633300781,218.6899871826172,491.92169189453125,0,200,0
6.701575384,440.8310241699219,219.49684143066406,491.90478515625,0,200,0
6.705515769,440.8148498535156,220.3057098388672,491.8931579589844,0,200,0
6.709806263,440.79522705078125,221.1194610595703,491.8882751464844,0,200,0
6.71365474,440.77587890625,221.93075561523438,491.88116455078125,0,200,0
6.717621569,440.7608642578125,222.74618530273438,491.8813781738281,0,200,0
6.721835595,440.7420654296875,223.5576629638672,491.8779296875,0,200,0
6.726114782,440.7267761230469,224.37344360351563,491.8883361816406,0,200,0
6.729768004,440.7054138183594,225.1873016357422,491.89666748046875,0,200,0
6.733945014,440.68634033203125,226.00192260742188,491.90875244140625,0,200,0
6.737948358,440.6681213378906,226.81271362304688,491.9172058105469,0,200,0
6.741882627,440.65118408203125,227.6215057373047,491.92572021484375,0,200,0
6.746127005,440.6367492675781,228.42564392089844,491.932373046875,0,200,0
6.749983658,440.61785888671875,229.23165893554688,491.9299621582031,0,200,0
6.753906297,440.6059875488281,230.04251098632813,491.9318542480469,0,200,0
6.758151656,440.5887145996094,230.85116577148438,491.9241638183594,0,200,0
6.762052903,440.5745544433594,231.66107177734375,491.9193420410156,0,200,0
6.766113158,440.5590515136719,232.47036743164063,491.9082946777344,0,200,0
6.770234528,440.5398864746094,233.28001403808594,491.8967590332031,0,200,0
6.774181704,440.52435302734375,234.0900421142578,491.88836669921875,0,200,0
6.778127203,440.50885009765625,234.90187072753906,491.88043212890625,0,200,0
6.782338274,440.48931884765625,235.71710205078125,491.8678894042969,0,200,0
6.786399761,440.4710998535156,236.5293426513672,491.85626220703125,0,200,0
6.79028801,440.4551086425781,237.33909606933594,491.8493347167969,0,200,0
6.794415494,440.43572998046875,238.15585327148438,491.84326171875,0,200,0
6.798340946,440.41925048828125,238.97486877441406,491.84796142578125,0,200,0
6.802271191,440.39691162109375,239.78868103027344,491.8485107421875,0,200,0
6.806624961,440.3840637207031,240.60064697265625,491.8585510253906,0,200,0
6.8104702360000005,440.3662414550781,241.40895080566406,491.8605651855469,0,200,0
6.814442392,440.3517761230469,242.2191925048828,491.86431884765625,0,200,0
6.818636376,440.3365478515625,243.02804565429688,491.8712463378906,0,200,0
6.822579481,440.3201599121094,243.838623046875,491.8763732910156,0,200,0
6.826833112,440.3046569824219,244.646484375,491.88031005859375,0,200,0
6.830836721,440.2882995605469,245.45065307617188,491.87823486328125,0,200,0
6.834735033,440.2722473144531,246.2567596435547,491.8726806640625,0,200,0
6.8386215870000004,440.2570495605469,247.065185546875,491.86572265625,0,200,0
6.8428276310000005,440.2420349121094,247.8771209716797,491.85626220703125,0,200,0
6.846775466,440.2227783203125,248.68795776367188,491.8460998535156,0,200,0
6.85070329,440.2090148925781,249.50198364257813,491.839599609375,0,200,0
6.854927699,440.1890563964844,250.31214904785156,491.8267517089844,0,200,0
6.858804804,440.1722717285156,251.12477111816406,491.8226623535156,0,200,0
6.862824531,440.15069580078125,251.93814086914063,491.812255859375,0,200,0
6.867025131,440.136474609375,252.75527954101563,491.8068542480469,0,200,0
6.870933205,440.1156921386719,253.57225036621094,491.7985534667969,0,200,0
6.874871281,440.0992126464844,254.38674926757813,491.8026123046875,0,200,0
6.879097372,440.0806884765625,255.19627380371094,491.8028869628906,0,200,0
6.883130978,440.0659484863281,256.00640869140625,491.8099365234375,0,200,0
6.887087566,440.0496826171875,256.81695556640625,491.8128356933594,0,200,0
6.89121531,440.0348205566406,257.6278991699219,491.8143310546875,0,200,0
6.895080724,440.01617431640625,258.43389892578125,491.8143615722656,0,200,0
6.899111713,440.0017395019531,259.2396545410156,491.8161315917969,0,200,0
6.903299062,439.9854431152344,260.0467834472656,491.8140869140625,0,200,0
6.907230587,439.9726257324219,260.8572082519531,491.81683349609375,0,200,0
6.911230469,439.95623779296875,261.6678771972656,491.8140869140625,0,200,0
6.915383736,439.9398498535156,262.4781799316406,491.81292724609375,0,200,0
6.919338403,439.92120361328125,263.2849426269531,491.8092041015625,0,200,0
6.923225066,439.9084777832031,264.0948486328125,491.80267333984375,0,200,0
6.927797202,439.8920593261719,264.9067077636719,491.7942810058594,0,200,0
6.931547615,439.8770446777344,265.72296142578125,491.7841796875,0,200,0
6.935380439,439.8584289550781,266.5407409667969,491.77764892578125,0,200,0
6.939540385,439.83795166015625,267.3534240722656,491.77362060546875,0,200,0
6.943517979,439.81768798828125,268.1675720214844,491.7695007324219,0,200,0
6.947437208,439.80072021484375,268.98443603515625,491.7684020996094,0,200,0
6.951716091,439.78338623046875,269.79376220703125,491.759033203125,0,200,0
6.955575496,439.76678466796875,270.6047668457031,491.75732421875,0,200,0
6.959591828,439.7483825683594,271.4165954589844,491.75384521484375,0,200,0
6.963767257,439.7320861816406,272.2275085449219,491.7540283203125,0,200,0
6.967765897,439.71734619140625,273.0337219238281,491.75579833984375,0,200,0
6.971664092,439.7042541503906,273.83697509765625,491.7563171386719,0,200,0
6.975881971,439.68988037109375,274.6436767578125,491.75537109375,0,200,0
6.9798813729999996,439.6724548339844,275.4538269042969,491.7518310546875,0,200,0
6.983811466,439.6549987792969,276.2635803222656,491.7531433105469,0,200,0
6.988093418,439.63836669921875,277.072265625,491.7513732910156,0,200,0
6.991896862,439.6223449707031,277.8807678222656,491.7521057128906,0,200,0
6.995813119,439.60546875,278.6883544921875,491.7494201660156,0,200,0
7.000007308,439.5922546386719,279.5024719238281,491.7440490722656,0,200,0
7.003949424,439.57366943359375,280.3175354003906,491.73687744140625,0,200,0
7.007744854,439.55596923828125,281.13153076171875,491.7330627441406,0,200,0
7.011822834,439.5361633300781,281.9450988769531,491.7294921875,0,200,0
7.015742997,439.5176696777344,282.75830078125,491.7248840332031,0,200,0
7.019727277,439.4986267089844,283.5705261230469,491.7171936035156,0,200,0
7.023911356,439.4798889160156,284.3843078613281,491.7116394042969,0,200,0
7.028241546,439.4600830078125,285.1947937011719,491.70184326171875,0,200,0
7.031910845,439.44097900390625,286.008056640625,491.69384765625,0,200,0
7.036056156,439.42840576171875,286.8174133300781,491.6934509277344,0,200,0
7.040027164,439.4110412597656,287.626953125,491.6914367675781,0,200,0
7.043988467,439.397705078125,288.4341735839844,491.6938781738281,0,200,0
7.04830871,439.3822326660156,289.24053955078125,491.697265625,0,200,0
7.052174013,439.3675537109375,290.0483703613281,491.7024230957031,0,200,0
7.056253816,439.3533630371094,290.8602600097656,491.70208740234375,0,200,0
7.06043935,439.3402404785156,291.6708068847656,491.7003173828125,0,200,0
7.064420079,439.32666015625,292.47833251953125,491.69866943359375,0,200,0
7.068492425,439.3104248046875,293.2866516113281,491.69677734375,0,200,0
7.072724424,439.2955017089844,294.0970764160156,491.69952392578125,0,200,0
7.076673211,439.27459716796875,294.91009521484375,491.6935729980469,0,200,0
7.080525204,439.2578430175781,295.7231140136719,491.6863098144531,0,200,0
7.084518819,439.2375793457031,296.5345458984375,491.6742248535156,0,200,0
7.088749415,439.22021484375,297.3456115722656,491.6684265136719,0,200,0
7.092646099,439.20074462890625,298.1584167480469,491.66278076171875,0,200,0
7.096864622,439.1820373535156,298.9731140136719,491.65972900390625,0,200,0
7.100727757,439.1629638671875,299.7852478027344,491.65460205078125,0,200,0
7.104782461,439.1456604003906,300.5957336425781,491.6445007324219,0,200,0
7.108958237,439.1321716308594,301.40826416015625,491.64404296875,0,200,0
7.112822364,439.1191101074219,302.2149963378906,491.6394958496094,0,200,0
7.116790503,439.1051330566406,303.0250244140625,491.638427734375,0,200,0
7.121021381,439.08551025390625,303.8331298828125,491.6372985839844,0,200,0
7.125018317,439.0704345703125,304.64385986328125,491.6336975097656,0,200,0
7.129245347,439.0570983886719,305.45538330078125,491.63104248046875,0,200,0
7.133139681,439.0419921875,306.2632751464844,491.6298522949219,0,200,0
7.137024983,439.0247497558594,307.07354736328125,491.6316833496094,0,200,0
7.140989218,439.00537109375,307.8824157714844,491.6322937011719,0,200,0
7.145216019,438.99041748046875,308.6901550292969,491.6334533691406,0,200,0
7.149160764,438.976318359375,309.5011291503906,491.630859375,0,200,0
7.153142016,438.95709228515625,310.3123474121094,491.6221008300781,0,200,0
7.157297847,438.9395446777344,311.1256103515625,491.61981201171875,0,200,0
7.161217677,438.92181396484375,311.9331359863281,491.6127624511719,0,200,0
7.165167292,438.9101257324219,312.7437744140625,491.6117858886719,0,200,0
7.169484578,438.8941345214844,313.5547180175781,491.6123352050781,0,200,0
7.173456698,438.8738098144531,314.3689880371094,491.60809326171875,0,200,0
7.177315282,438.8539123535156,315.1811828613281,491.5977783203125,0,200,0
7.181460782,438.8377380371094,315.9936218261719,491.5913391113281,0,200,0
7.185421528,438.8219299316406,316.80328369140625,491.5852966308594,0,200,0
7.189483258,438.80755615234375,317.6108703613281,491.58099365234375,0,200,0
7.193656635,438.7886962890625,318.4210510253906,491.57861328125,0,200,0
7.197479356,438.7726135253906,319.2283020019531,491.5797119140625,0,200,0
7.201522572,438.75152587890625,320.0364990234375,491.57244873046875,0,200,0
7.20567651,438.7355651855469,320.8484802246094,491.5685119628906,0,200,0
7.209698393,438.7220153808594,321.6572570800781,491.5653381347656,0,200,0
7.213571596,438.7061462402344,322.46441650390625,491.5674133300781,0,200,0
7.217789187,438.6923828125,323.27581787109375,491.5694274902344,0,200,0
7.22181684,438.6736145019531,324.0869140625,491.5655822753906,0,200,0
7.225728501,438.6579895019531,324.8965148925781,491.5614318847656,0,200,0
7.230154244,438.640625,325.7088623046875,491.5596618652344,0,200,0
7.233820758,438.6239318847656,326.5205383300781,491.5528564453125,0,200,0
7.23771241,438.6043701171875,327.330078125,491.54974365234375,0,200,0
7.241984155,438.58843994140625,328.1399841308594,491.54449462890625,0,200,0
7.245882955,438.5723876953125,328.9497985839844,491.53765869140625,0,200,0
7.249951344,438.559814453125,329.7583923339844,491.52886962890625,0,200,0
7.254119737,438.54437255859375,330.56695556640625,491.52557373046875,0,200,0
7.25800327,438.5240478515625,331.3818054199219,491.5255432128906,0,200,0
7.2619476259999995,438.50701904296875,332.1959228515625,491.52313232421875,0,200,0
7.266152177,438.4906311035156,333.00537109375,491.516845703125,0,200,0
7.27023843,438.4761657714844,333.80908203125,491.5096435546875,0,200,0
7.274104319,438.4633483886719,334.6181640625,491.50689697265625,0,200,0
7.278271052,438.44464111328125,335.4294128417969,491.4999084472656,0,200,0
7.28220438,438.4284973144531,336.2394104003906,491.50018310546875,0,200,0
7.286147164,438.41058349609375,337.048828125,491.50274658203125,0,200,0
7.290424962,438.39276123046875,337.85772705078125,491.5036315917969,0,200,0
7.2943046670000005,438.3818664550781,338.66668701171875,491.5047912597656,0,200,0
7.298278701,438.3643493652344,339.4753723144531,491.4981384277344,0,200,0
7.302427796,438.34832763671875,340.28460693359375,491.4892272949219,0,200,0
7.306421273,438.3323059082031,341.097900390625,491.49346923828125,0,200,0
7.3104388,438.3160400390625,341.91192626953125,491.4940490722656,0,200,0
7.314659373,438.29791259765625,342.72381591796875,491.49310302734375,0,200,0
7.318593008,438.2822265625,343.52880859375,491.4810791015625,0,200,0
7.322469896,438.2660217285156,344.33984375,491.4745788574219,0,200,0
7.326617351,438.2486267089844,345.1512145996094,491.4703674316406,0,200,0
7.33089183,438.2308349609375,345.95880126953125,491.46405029296875,0,200,0
7.334552236,438.211181640625,346.7679443359375,491.4559326171875,0,200,0
7.338767035,438.1940612792969,347.57830810546875,491.4496765136719,0,200,0
7.342719309,438.1788330078125,348.3896179199219,491.4453430175781,0,200,0
7.346703239,438.16033935546875,349.19927978515625,491.4379577636719,0,200,0
7.350907844,438.1453552246094,350.00872802734375,491.4337463378906,0,200,0
7.354813281,438.13031005859375,350.8150329589844,491.43115234375,0,200,0
7.358729952,438.1187744140625,351.6234130859375,491.42816162109375,0,200,0
7.363021731,438.1035461425781,352.4322509765625,491.4233703613281,0,200,0
7.366940331,438.0849914550781,353.2463073730469,491.42413330078125,0,200,0
7.370916594,438.0657043457031,354.0555114746094,491.42645263671875,0,200,0
7.37506836,438.0544128417969,354.8608703613281,491.4307556152344,0,200,0
7.378949662,438.03887939453125,355.6669921875,491.42578125,0,200,0
7.382933058,438.0216979980469,356.47607421875,491.41741943359375,0,200,0
7.387122473,438.00299072265625,357.2880859375,491.4096374511719,0,200,0
7.391078262,437.9841613769531,358.099365234375,491.4013977050781,0,200,0
7.395045816,437.9666442871094,358.9096984863281,491.39825439453125,0,200,0
7.399251108,437.9508056640625,359.7228698730469,491.4039306640625,0,200,0
7.403148033,437.935302734375,360.53076171875,491.4014587402344,0,200,0
7.407101566,437.9184875488281,361.3397216796875,491.3933410644531,0,200,0
7.411398038,437.9014587402344,362.150634765625,491.3822021484375,0,200,0
7.415413277,437.886474609375,362.9626159667969,491.3814392089844,0,200,0
7.419270041,437.87139892578125,363.76885986328125,491.3796691894531,0,200,0
7.423363482,437.8508605957031,364.5798645019531,491.377197265625,0,200,0
7.42733069,437.8354187011719,365.38873291015625,491.3713073730469,0,200,0
7.4315629659999995,437.82025146484375,366.1985778808594,491.3653869628906,0,200,0
7.435556768,437.8037109375,367.0058898925781,491.3578796386719,0,200,0
7.439422586,437.7892150878906,367.8149108886719,491.3554382324219,0,200,0
7.443423611,437.7721252441406,368.62396240234375,491.35516357421875,0,200,0
7.447607632,437.75604248046875,369.4352722167969,491.35235595703125,0,200,0
7.451546405,437.7406005859375,370.2422180175781,491.3454284667969,0,200,0
7.455487993,437.72705078125,371.05224609375,491.34490966796875,0,200,0
7.459751353,437.7100830078125,371.8614501953125,491.34075927734375,0,200,0
7.463744048,437.6968688964844,372.66815185546875,491.34088134765625,0,200,0
7.467713253,437.67767333984375,373.47625732421875,491.3317565917969,0,200,0
7.471877358,437.66302490234375,374.2853698730469,491.3248291015625,0,200,0
7.475740061,437.64849853515625,375.0946044921875,491.3223571777344,0,200,0
7.479622928,437.62774658203125,375.906494140625,491.3202209472656,0,200,0
7.483942069,437.6108703613281,376.7174072265625,491.3179626464844,0,200,0
7.487781059,437.5940856933594,377.5284118652344,491.311767578125,0,200,0
7.491869267,437.58245849609375,378.3328552246094,491.3039245605469,0,200,0
7.496019525,437.56536865234375,379.1398620605469,491.2922668457031,0,200,0
7.499904257,437.54766845703125,379.95166015625,491.28778076171875,0,200,0
7.5038468510000005,437.5306701660156,380.76312255859375,491.2930908203125,0,200,0
7.508088223,437.5101013183594,381.5738220214844,491.29364013671875,0,200,0
7.512163269,437.4936218261719,382.3791198730469,491.28704833984375,0,200,0
7.516056409,437.48187255859375,383.1879577636719,491.28314208984375,0,200,0
7.520253306,437.46929931640625,383.99810791015625,491.2767333984375,0,200,0
7.524175081,437.4526062011719,384.8057556152344,491.2751770019531,0,200,0
7.5280667900000005,437.4366760253906,385.6120300292969,491.27764892578125,0,200,0
7.532619383,437.42138671875,386.42205810546875,491.2758483886719,0,200,0
7.536239041,437.40625,387.2307434082031,491.2678527832031,0,200,0
7.540204067,437.3879089355469,388.0413818359375,491.2624206542969,0,200,0
7.544357059,437.3731994628906,388.8492736816406,491.2619323730469,0,200,0
7.5482869,437.3581237792969,389.6573181152344,491.2602233886719,0,200,0
7.552304093,437.3399353027344,390.4608459472656,491.250732421875,0,200,0
7.556515671,437.3250732421875,391.2703857421875,491.2430419921875,0,200,0
7.560482056,437.3083190917969,392.08001708984375,491.2368469238281,0,200,0
7.564393226,437.2870178222656,392.8924865722656,491.22857666015625,0,200,0
7.56860565,437.2709655761719,393.7032470703125,491.2242431640625,0,200,0
7.572575008,437.2552185058594,394.5098876953125,491.2159423828125,0,200,0
7.576450926,437.2394714355469,395.3204345703125,491.2122497558594,0,200,0
7.580690035,437.2220458984375,396.1320495605469,491.2095642089844,0,200,0
7.584582912,437.2068786621094,396.9403076171875,491.21282958984375,0,200,0
7.588635375,437.18902587890625,397.7484130859375,491.2117614746094,0,200,0
7.592822124,437.17120361328125,398.55340576171875,491.2004089355469,0,200,0
7.596717491,437.1593322753906,399.3630065917969,491.1976623535156,0,200,0
7.600631787,437.1421203613281,400.1761169433594,491.1914367675781,0,200,0
7.6048888869999995,437.12420654296875,400.9831237792969,491.1834411621094,0,200,0
7.60885853,437.110595703125,401.7879333496094,491.18658447265625,0,200,0
7.612838306,437.1023254394531,402.5936279296875,491.19268798828125,0,200,0
7.616963022,437.0860595703125,403.40118408203125,491.185791015625,0,200,0
7.620889299,437.0715637207031,404.2087097167969,491.177490234375,0,200,0
7.624821312,437.053466796875,405.01995849609375,491.1742248535156,0,200,0
7.629019799,437.03851318359375,405.829345703125,491.1766052246094,0,200,0
7.633219342,437.0209045410156,406.636962890625,491.173828125,0,200,0
7.636992692,437.0033264160156,407.44366455078125,491.1651306152344,0,200,0
7.641143657,436.9893493652344,408.252197265625,491.1567077636719,0,200,0
7.645057149,436.97210693359375,409.0583190917969,491.1474304199219,0,200,0
7.648998526,436.9552917480469,409.867919921875,491.14599609375,0,200,0
7.653330758,436.9385986328125,410.6791076660156,491.1442565917969,0,200,0
7.657304255,436.91961669921875,411.4889221191406,491.13702392578125,0,200,0
7.6611688650000005,436.9013671875,412.2992248535156,491.13006591796875,0,200,0
7.665303542,436.8857116699219,413.1080017089844,491.1261901855469,0,200,0
7.669279362,436.8687438964844,413.91455078125,491.12213134765625,0,200,0
7.673289131,436.85150146484375,414.7200927734375,491.1112976074219,0,200,0
7.677458122,436.83673095703125,415.5285339355469,491.1069030761719,0,200,0
7.681367828,436.8215026855469,416.342041015625,491.11151123046875,0,200,0
7.68536208,436.8025817871094,417.14801025390625,491.1055603027344,0,200,0
7.68953382,436.7869873046875,417.95452880859375,491.1020812988281,0,200,0
7.693498783,436.7738952636719,418.7610168457031,491.0995788574219,0,200,0
7.697404685,436.75982666015625,419.56561279296875,491.0896301269531,0,200,0
7.701639879,436.7463684082031,420.3713684082031,491.0814208984375,0,200,0
7.705654877,436.73211669921875,421.1788024902344,491.08380126953125,0,200,0
7.709557232,436.71502685546875,421.9874267578125,491.0846252441406,0,200,0
7.713782583,436.6986999511719,422.79168701171875,491.07769775390625,0,200,0
7.71767044,436.6881103515625,423.59893798828125,491.07562255859375,0,200,0
7.721596014,436.6689147949219,424.407470703125,491.06158447265625,0,200,0
7.725890214,436.650634765625,425.2176208496094,491.0576477050781,0,200,0
7.729715694,436.63238525390625,426.0309753417969,491.06353759765625,0,200,0
7.734012201,436.6151428222656,426.8393249511719,491.0552673339844,0,200,0
7.737936317,436.600341796875,427.646728515625,491.04718017578125,0,200,0
7.741818224,436.5879211425781,428.4554748535156,491.04730224609375,0,200,0
7.745789097,436.56842041015625,429.2620849609375,491.0427551269531,0,200,0
7.750011775,436.5466613769531,430.0712585449219,491.0384216308594,0,200,0
7.754045719,436.5308532714844,430.8819885253906,491.0353088378906,0,200,0
7.757952512,436.51318359375,431.6882629394531,491.027587890625,0,200,0
7.7621238439999996,436.4976806640625,432.4923400878906,491.0182189941406,0,200,0
7.766049885,436.4842834472656,433.29998779296875,491.0168762207031,0,200,0
7.769967982,436.4740905761719,434.1031799316406,491.0126037597656,0,200,0
7.774274158,436.4606018066406,434.9062805175781,491.0008850097656,0,200,0
7.778149394,436.4463806152344,435.7142028808594,491.0017395019531,0,200,0
7.782133167,436.4302978515625,436.5210266113281,491.0013122558594,0,200,0
7.786284982,436.41204833984375,437.32720947265625,490.9957580566406,0,200,0
7.79022042,436.3955078125,438.1347961425781,490.9909973144531,0,200,0
7.79421227,436.3790588378906,438.94140625,490.9827575683594,0,200,0
7.798423829,436.36590576171875,439.74798583984375,490.96893310546875,0,200,0
7.802407357,436.3503112792969,440.55517578125,490.9669494628906,0,200,0
7.8063192059999995,436.3349609375,441.3648986816406,490.9710388183594,0,200,0
7.810479941,436.3153991699219,442.1761474609375,490.97247314453125,0,200,0
7.814461496,436.29693603515625,442.9848937988281,490.9666442871094,0,200,0
7.818368849,436.28240966796875,443.7966003417969,490.9601745605469,0,200,0
7.822612373,436.26214599609375,444.605712890625,490.9564514160156,0,200,0
7.826473464,436.2442932128906,445.4111022949219,490.9544982910156,0,200,0
7.830504677,436.2326965332031,446.2200927734375,490.95758056640625,0,200,0
7.834964435,436.21368408203125,447.02642822265625,490.9473571777344,0,200,0
7.838718893,436.1962890625,447.83502197265625,490.9391174316406,0,200,0
7.842572297,436.182373046875,448.6435241699219,490.9395446777344,0,200,0
7.846827581,436.16839599609375,449.44573974609375,490.93359375,0,200,0
7.850804921,436.1551513671875,450.2467956542969,490.9258117675781,0,200,0
7.854791747,436.14288330078125,451.0502014160156,490.91802978515625,0,200,0
7.858888529,436.1260070800781,451.8547058105469,490.9110412597656,0,200,0
7.862831592,436.1077880859375,452.6653747558594,490.90386962890625,0,200,0
7.8667491389999995,436.0933532714844,453.4710998535156,490.89520263671875,0,200,0
7.87098761,436.0778503417969,454.27020263671875,490.8870544433594,0,200,0
7.874927128,436.0666809082031,455.07623291015625,490.8868713378906,0,200,0
7.878928483,436.05078125,455.8812561035156,490.8847351074219,0,200,0
7.8830613849999995,436.0297546386719,456.6930847167969,490.87530517578125,0,200,0
7.886994744,436.0113220214844,457.5064392089844,490.8725280761719,0,200,0
7.890947528,435.9945983886719,458.315185546875,490.8667907714844,0,200,0
7.895229573,435.97491455078125,459.1214904785156,490.8578186035156,0,200,0
7.899229057,435.9586486816406,459.9320068359375,490.862548828125,0,200,0
7.903086142,435.94024658203125,460.73992919921875,490.8664855957031,0,200,0
7.907238009,435.9223937988281,461.54296875,490.8569030761719,0,200,0
7.911186331,435.90997314453125,462.35223388671875,490.8518981933594,0,200,0
7.9152000529999995,435.8979797363281,463.15728759765625,490.8505859375,0,200,0
7.919405824,435.88226318359375,463.9634094238281,490.8526306152344,0,200,0
7.923225418,435.86822509765625,464.769287109375,490.8511047363281,0,200,0
7.9272770470000005,435.8531799316406,465.57293701171875,490.8421630859375,0,200,0
7.93144606,435.83770751953125,466.3775634765625,490.835693359375,0,200,0
7.935676712,435.8230895996094,467.1845397949219,490.8335876464844,0,200,0
7.939362204,435.80926513671875,467.9840087890625,490.8224792480469,0,200,0
7.943593431,435.794677734375,468.7887268066406,490.816162109375,0,200,0
7.947606138,435.78076171875,469.5946044921875,490.8085632324219,0,200,0
7.951456435,435.7625732421875,470.4028625488281,490.8016357421875,0,200,0
7.955720928,435.7447204589844,471.2130432128906,490.79486083984375,0,200,0
7.959608898,435.72821044921875,472.01971435546875,490.7860107421875,0,200,0
7.963495715,435.7086486816406,472.8282470703125,490.7823486328125,0,200,0
7.967820651,435.6885986328125,473.6349792480469,490.7799072265625,0,200,0
7.971659115,435.6710510253906,474.4423522949219,490.77801513671875,0,200,0
7.9758100899999995,435.650390625,475.2496032714844,490.7694396972656,0,200,0
7.979835479,435.63189697265625,476.05712890625,490.7604675292969,0,200,0
7.983792025,435.6179504394531,476.8637390136719,490.7534484863281,0,200,0
7.987685875,435.6052551269531,477.6667785644531,490.74932861328125,0,200,0
7.991938225,435.5926818847656,478.4696044921875,490.75506591796875,0,200,0
7.9960213079999996,435.578857421875,479.2743225097656,490.7549133300781,0,200,0
7.999895253,435.56268310546875,480.07806396484375,490.7491455078125,0,200,0
8.004030977,435.5456848144531,480.88507080078125,490.7403259277344,0,200,0
8.007910443,435.5295715332031,481.69085693359375,490.7426452636719,0,200,0
8.011593607,435.5169982910156,482.49456787109375,490.7394714355469,0,200,0
8.015878682,435.5071105957031,483.29901123046875,490.7358703613281,0,200,0
8.019726985,435.49591064453125,484.0989074707031,490.7286376953125,0,200,0
8.023712,435.48138427734375,484.90679931640625,490.7293701171875,0,200,0
8.027881409,435.4640197753906,485.71588134765625,490.7271728515625,0,200,0
8.03182306,435.44317626953125,486.5206298828125,490.7142333984375,0,200,0
8.036091261,435.427978515625,487.3285217285156,490.7086486816406,0,200,0
8.040128517,435.4078063964844,488.1360778808594,490.7017822265625,0,200,0
8.044057906,435.3870849609375,488.9397888183594,490.68927001953125,0,200,0
8.048001496,435.37286376953125,489.7485656738281,490.6812438964844,0,200,0
8.052191231,435.3587951660156,490.5533447265625,490.6767578125,0,200,0
8.056203401,435.34100341796875,491.35626220703125,490.67095947265625,0,200,0
8.060156507,435.3231506347656,492.1615905761719,490.6700744628906,0,200,0
8.064405555,435.3045654296875,492.96661376953125,490.6578674316406,0,200,0
8.06836445,435.2859802246094,493.7740783691406,490.6474914550781,0,200,0
8.072429918,435.2702331542969,494.57763671875,490.6387023925781,0,200,0
8.07666107,435.25628662109375,495.3829040527344,490.63714599609375,0,200,0
8.080531279,435.2427062988281,496.1861877441406,490.6448974609375,0,200,0
8.084446348,435.2286071777344,496.9884338378906,490.643798828125,0,200,0
8.088726462,435.216552734375,497.7955322265625,490.63946533203125,0,200,0
8.092756076,435.2029113769531,498.6003112792969,490.6352844238281,0,200,0
8.096699212,435.1866149902344,499.4053955078125,490.63348388671875,0,200,0
8.100825472,435.17486572265625,500.2113037109375,490.63525390625,0,200,0
8.104767517,435.15740966796875,501.0133361816406,490.6300354003906,0,200,0
8.108658935,435.141845703125,501.8197937011719,490.6240539550781,0,200,0
8.112914668,435.1248779296875,502.6252746582031,490.623046875,0,200,0
8.116835281,435.10595703125,503.4319152832031,490.6182861328125,0,200,0
8.120800553,435.0909118652344,504.23370361328125,490.6109619140625,0,200,0
8.124971541,435.0738525390625,505.0367736816406,490.59747314453125,0,200,0
8.128908869,435.0553283691406,505.8423767089844,490.5885009765625,0,200,0
8.132847703,435.03436279296875,506.6487121582031,490.5735778808594,0,200,0
8.137329445,435.01641845703125,507.45599365234375,490.5629577636719,0,200,0
8.141162765,434.9992370605469,508.25982666015625,490.5521240234375,0,200,0
8.145021799,434.988525390625,509.0597839355469,490.554931640625,0,200,0
8.149146948,434.9739685058594,509.86279296875,490.5500793457031,0,200,0
8.15309667,434.9562683105469,510.6694641113281,490.5404968261719,0,200,0
8.157150299,434.93719482421875,511.47998046875,490.5317687988281,0,200,0
8.161308319,434.9187316894531,512.28466796875,490.5251770019531,0,200,0
8.165141822,434.9037780761719,513.093017578125,490.5349426269531,0,200,0
8.169235517,434.89324951171875,513.8912353515625,490.53753662109375,0,200,0
8.17336082,434.88427734375,514.6906127929688,490.52874755859375,0,200,0
8.177371751,434.8701171875,515.4963989257813,490.5276184082031,0,200,0
8.181266447,434.8522644042969,516.30224609375,490.532470703125,0,200,0
8.185472366,434.83404541015625,517.1051025390625,490.5312194824219,0,200,0
8.18953993,434.81805419921875,517.9049682617188,490.52532958984375,0,200,0
8.19337714,434.8055114746094,518.7095947265625,490.517822265625,0,200,0
8.197641685,434.7878112792969,519.513427734375,490.51373291015625,0,200,0
8.201503427,434.7735900878906,520.3158569335938,490.50970458984375,0,200,0
8.205415006,434.75677490234375,521.1207885742188,490.5033874511719,0,200,0
8.209747921,434.7418212890625,521.9231567382813,490.492431640625,0,200,0
8.213532959,434.7276916503906,522.7291870117188,490.490234375,0,200,0
8.217664586,434.7062072753906,523.536865234375,490.47711181640625,0,200,0
8.221758569,434.6871032714844,524.3428955078125,490.4624938964844,0,200,0
8.225713629,434.6712341308594,525.1491088867188,490.46429443359375,0,200,0
8.229622082,434.6522521972656,525.9500122070313,490.4529724121094,0,200,0
8.233873406,434.63470458984375,526.7550659179688,490.44366455078125,0,200,0
8.238142158,434.6166076660156,527.56103515625,490.43109130859375,0,200,0
8.241824472,434.59869384765625,528.3645629882813,490.4165954589844,0,200,0
8.245958543,434.58306884765625,529.1691284179688,490.4172058105469,0,200,0
8.249864715,434.56781005859375,529.9674072265625,490.4207763671875,0,200,0
8.25383319,434.5572204589844,530.765625,490.4179382324219,0,200,0
8.258118243,434.5389099121094,531.568359375,490.40313720703125,0,200,0
8.262030273,434.52471923828125,532.3753662109375,490.3991394042969,0,200,0
8.265999479,434.5104675292969,533.1796875,490.40728759765625,0,200,0
8.270115637,434.497314453125,533.98486328125,490.4110107421875,0,200,0
8.274050705,434.4853515625,534.7874755859375,490.4126892089844,0,200,0
8.2780731,434.4693603515625,535.592041015625,490.412109375,0,200,0
8.282267166,434.4533386230469,536.3958129882813,490.41558837890625,0,200,0
8.286269006,434.43658447265625,537.1970825195313,490.4097595214844,0,200,0
8.290162112,434.4219665527344,538.001220703125,490.4026184082031,0,200,0
8.294300084,434.4009704589844,538.8086547851563,490.3973083496094,0,200,0
8.298303855,434.3843994140625,539.611328125,490.3851623535156,0,200,0
8.302209675,434.3689270019531,540.4146728515625,490.3720397949219,0,200,0
8.30643688,434.3537292480469,541.2113647460938,490.3563232421875,0,200,0
8.310342799,434.33575439453125,542.0113525390625,490.3497314453125,0,200,0
8.314351326,434.31768798828125,542.8106079101563,490.33526611328125,0,200,0
8.318609444,434.2960205078125,543.6131591796875,490.3139953613281,0,200,0
8.322435168,434.2762145996094,544.420654296875,490.3011169433594,0,200,0
8.326360173,434.2552490234375,545.22705078125,490.29248046875,0,200,0
8.330678049,434.2445373535156,546.0305786132813,490.3001708984375,0,200,0
8.334648213,434.2320861816406,546.8301391601563,490.3041687011719,0,200,0
8.338834516,434.2180480957031,547.6303100585938,490.2940979003906,0,200,0
8.342769509,434.20843505859375,548.435302734375,490.3016052246094,0,200,0
8.34667338,434.1915283203125,549.239013671875,490.3064270019531,0,200,0
8.350570252,434.1731872558594,550.0445556640625,490.3122863769531,0,200,0
8.354827212,434.15704345703125,550.848876953125,490.31134033203125,0,200,0
8.358772656,434.1449890136719,551.6459350585938,490.312255859375,0,200,0
8.362866555,434.1325378417969,552.4468383789063,490.3161926269531,0,200,0
8.366881525,434.1172790527344,553.2437133789063,490.3067321777344,0,200,0
8.370853524,434.10223388671875,554.0400390625,490.2928466796875,0,200,0
8.374765472,434.08111572265625,554.8397827148438,490.2795104980469,0,200,0
8.379060141,434.0618896484375,555.6446533203125,490.26727294921875,0,200,0
8.383080969,434.04669189453125,556.445068359375,490.2520751953125,0,-200,0
8.38687812,434.0332336425781,557.2491455078125,490.2492980957031,0,-200,0
8.391193279,434.0133361816406,558.0498046875,490.23736572265625,0,-200,0
8.395136687,433.9922790527344,558.8514404296875,490.22283935546875,0,-200,0
8.399166105,433.97479248046875,559.656982421875,490.2098083496094,0,-200,0
8.403350534,433.9554748535156,560.462646484375,490.1954650878906,0,-200,0
8.4071709,433.9363708496094,561.271240234375,490.1961975097656,0,-200,0
8.41120958,433.92156982421875,562.0604248046875,490.2093505859375,0,-200,0
8.415377848,433.93914794921875,562.7911987304688,490.2598876953125,0,-200,0
8.419294339,433.9901428222656,563.4188842773438,490.3684387207031,0,-200,0
8.423159629,434.0779113769531,563.93017578125,490.5150146484375,0,-200,0
8.427393608,434.18280029296875,564.3126220703125,490.656005859375,0,-200,0
8.43143007,434.3028259277344,564.5221557617188,490.8159484863281,0,-200,0
8.435290576,434.4391784667969,564.5347290039063,490.9659118652344,0,-200,0
8.439739201,434.48284912109375,564.4052124023438,490.98175048828125,0,-200,0
8.443424899,434.4168395996094,564.2611083984375,490.92431640625,0,-200,0
8.447351693,434.2856140136719,563.9883422851563,490.8227233886719,0,-200,0
8.451627373,434.1545715332031,563.5162963867188,490.698486328125,0,-200,0
8.455474085,434.0303649902344,562.9200439453125,490.5277404785156,0,-200,0
8.459504982,433.8876037597656,562.2427978515625,490.3321838378906,0,-200,0
8.463688329,433.76495361328125,561.4785766601563,490.17950439453125,0,-200,0
8.467611208,433.70574951171875,560.6234130859375,490.1171569824219,0,-200,0
8.471528107,433.7058410644531,559.7109375,490.07281494140625,0,-200,0
8.475835757,433.7194519042969,558.79736328125,490.02801513671875,0,-200,0
8.479840123,433.7368469238281,557.9002685546875,490.03582763671875,0,-200,0
8.483740669,433.76617431640625,557.0203857421875,490.0929260253906,0,-200,0
8.487861379,433.8013916015625,556.1495971679688,490.1527404785156,0,-200,0
8.491780652,433.84576416015625,555.28271484375,490.1968994140625,0,-200,0
8.495718199,433.88787841796875,554.4375610351563,490.26556396484375,0,-200,0
8.500050496,433.9022521972656,553.6146240234375,490.349365234375,0,-200,0
8.503873402,433.89239501953125,552.8253784179688,490.4175720214844,0,-200,0
8.507859791,433.8601379394531,552.0418701171875,490.44091796875,0,-200,0
8.512052562000001,433.8180847167969,551.25537109375,490.4401550292969,0,-200,0
8.51600593,433.7745666503906,550.4666137695313,490.4218444824219,0,-200,0
8.520031685,433.725341796875,549.6741333007813,490.36785888671875,0,-200,0
8.524187265,433.68023681640625,548.878662109375,490.3056335449219,0,-200,0
8.528181062,433.64581298828125,548.0751953125,490.25201416015625,0,-200,0
8.532109511,433.6081848144531,547.26171875,490.1896057128906,0,-200,0
8.53624167,433.5802917480469,546.44140625,490.1311340332031,0,-200,0
8.540452686,433.5552673339844,545.6295776367188,490.0882263183594,0,-200,0
8.544158804,433.5259704589844,544.8179931640625,490.0470275878906,0,-200,0
8.548356421,433.49884033203125,544.0149536132813,490.02496337890625,0,-200,0
8.552262388,433.475341796875,543.2081298828125,490.024658203125,0,-200,0
8.556280923,433.45452880859375,542.4025268554688,490.048095703125,0,-200,0
8.560481885,433.4432067871094,541.5919189453125,490.0710754394531,0,-200,0
8.564348293,433.4390869140625,540.7797241210938,490.101318359375,0,-200,0
8.568321511,433.44403076171875,539.961669921875,490.12750244140625,0,-200,0
8.57261087,433.4505615234375,539.135009765625,490.1580505371094,0,-200,0
8.576574164,433.46539306640625,538.309326171875,490.2005920410156,0,-200,0
8.580534416,433.47100830078125,537.4844970703125,490.2308044433594,0,-200,0
8.584668781,433.46966552734375,536.6681518554688,490.24835205078125,0,-200,0
8.588594575,433.4652099609375,535.8529052734375,490.2552795410156,0,-200,0
8.592473889,433.45892333984375,535.0328979492188,490.2525634765625,0,-200,0
8.596748272,433.44488525390625,534.2125854492188,490.2330322265625,0,-200,0
8.600693236,433.4146728515625,533.3997802734375,490.206298828125,0,-200,0
8.60469793,433.3745422363281,532.6018676757813,490.1838073730469,0,-200,0
8.608810382,433.32720947265625,531.81103515625,490.15826416015625,0,-200,0
8.612771438,433.2821044921875,531.0211181640625,490.1223449707031,0,-200,0
8.616688848,433.2446594238281,530.2257690429688,490.09747314453125,0,-200,0
8.62098643,433.2213439941406,529.4219360351563,490.07708740234375,0,-200,0
8.624955397,433.2037048339844,528.6129150390625,490.04931640625,0,-200,0
8.628846559,433.1899719238281,527.80615234375,490.0311584472656,0,-200,0
8.633029385,433.1739807128906,527.0001220703125,490.0252990722656,0,-200,0
8.636916361,433.1596984863281,526.1893310546875,490.0289001464844,0,-200,0
8.641194186,433.1485595703125,525.3828735351563,490.03570556640625,0,-200,0
8.645167029,433.1356506347656,524.5684814453125,490.02978515625,0,-200,0
8.649008692,433.1289367675781,523.752685546875,490.0280456542969,0,-200,0
8.653027419,433.1236877441406,522.9320068359375,490.0398864746094,0,-200,0
8.657224377,433.1201171875,522.1105346679688,490.0579528808594,0,-200,0
8.661191205,433.1217346191406,521.2909545898438,490.0754699707031,0,-200,0
8.665060788,433.1185302734375,520.4694213867188,490.08416748046875,0,-200,0
8.669330245,433.1139221191406,519.6514282226563,490.1014099121094,0,-200,0
8.673322208,433.104736328125,518.834716796875,490.1085205078125,0,-200,0
8.677230413,433.0903625488281,518.0223999023438,490.10540771484375,0,-200,0
8.681431563,433.0780334472656,517.2120971679688,490.099609375,0,-200,0
8.685347713,433.0565185546875,516.4035034179688,490.08721923828125,0,-200,0
8.689319867,433.0314636230469,515.6064453125,490.0736389160156,0,-200,0
8.69346391,432.99755859375,514.81201171875,490.0516052246094,0,-200,0
8.69737007,432.9642639160156,514.0176391601563,490.03790283203125,0,-200,0
8.701487,432.9371643066406,513.215087890625,490.0206604003906,0,-200,0
8.705612469,432.9117736816406,512.4110717773438,489.99713134765625,0,-200,0
8.709518033,432.8930358886719,511.6083679199219,489.98370361328125,0,-200,0
8.713441857,432.866455078125,510.7987060546875,489.969482421875,0,-200,0
8.717705421,432.8489074707031,509.99139404296875,489.96856689453125,0,-200,0
8.721742085,432.83258056640625,509.1869812011719,489.96685791015625,0,-200,0
8.725685729,432.8145446777344,508.3790283203125,489.9522705078125,0,-200,0
8.729786054,432.80621337890625,507.5673522949219,489.9451904296875,0,-200,0
8.733709295,432.79486083984375,506.75152587890625,489.9396057128906,0,-200,0
8.737695305,432.7846984863281,505.9366760253906,489.944580078125,0,-200,0
8.742189364,432.774169921875,505.1208801269531,489.9477233886719,0,-200,0
8.745801153,432.7669372558594,504.30267333984375,489.9466552734375,0,-200,0
8.749789467,432.7574462890625,503.491943359375,489.95440673828125,0,-200,0
8.753963039,432.74810791015625,502.67596435546875,489.96044921875,0,-200,0
8.757903915,432.74005126953125,501.86419677734375,489.9715270996094,0,-200,0
8.761892591,432.7279357910156,501.0521545410156,489.9703674316406,0,-200,0
8.766122236,432.7133483886719,500.2403869628906,489.9720458984375,0,-200,0
8.770097796,432.6995544433594,499.4349670410156,489.98052978515625,0,-200,0
8.774015964,432.6741943359375,498.6333312988281,489.96954345703125,0,-200,0
8.778157524000001,432.6492004394531,497.83648681640625,489.9606628417969,0,-200,0
8.782153877,432.6262512207031,497.0406188964844,489.95770263671875,0,-200,0
8.786097669,432.5995788574219,496.235107421875,489.9365234375,0,-200,0
8.790325181,432.5779724121094,495.43310546875,489.91845703125,0,-200,0
8.794240345,432.5575256347656,494.6233215332031,489.8938903808594,0,-200,0
8.798209598,432.5351867675781,493.8146667480469,489.87823486328125,0,-200,0
8.80241276,432.51513671875,493.0091857910156,489.8665466308594,0,-200,0
8.806295224,432.4950256347656,492.2000732421875,489.8533630371094,0,-200,0
8.810253586,432.4823303222656,491.39306640625,489.8447570800781,0,-200,0
8.814464963,432.46868896484375,490.5818176269531,489.8282775878906,0,-200,0
8.818468425,432.4606628417969,489.7657470703125,489.83343505859375,0,-200,0
8.822436343,432.456787109375,488.9510192871094,489.8482971191406,0,-200,0
8.826601574,432.4432373046875,488.13446044921875,489.84588623046875,0,-200,0
8.83046833,432.43707275390625,487.32830810546875,489.85589599609375,0,-200,0
8.834402219,432.4272766113281,486.51531982421875,489.8597412109375,0,-200,0
8.838689787,432.4126892089844,485.7001647949219,489.8617858886719,0,-200,0
8.842834687,432.40338134765625,484.8924865722656,489.8680419921875,0,-200,0
8.846664621,432.3905334472656,484.0787353515625,489.8647766113281,0,-200,0
8.850736636,432.37640380859375,483.2724304199219,489.8611145019531,0,-200,0
8.854674297,432.3567199707031,482.467041015625,489.85748291015625,0,-200,0
8.858622844,432.33251953125,481.6621398925781,489.8442687988281,0,-200,0
8.862923541,432.3092956542969,480.86370849609375,489.8292541503906,0,-200,0
8.866877258,432.2811584472656,480.0629577636719,489.82171630859375,0,-200,0
8.870786714,432.2608947753906,479.2591247558594,489.8148193359375,0,-200,0
8.874943009,432.2402038574219,478.45440673828125,489.7955322265625,0,-200,0
8.878851135,432.2210693359375,477.6483154296875,489.7825012207031,0,-200,0
8.882876685,432.203369140625,476.84527587890625,489.78363037109375,0,-200,0
8.887067139,432.1808166503906,476.0402526855469,489.7826843261719,0,-200,0
8.890948702,432.1661376953125,475.2315673828125,489.7734375,0,-200,0
8.894966744,432.1596984863281,474.42059326171875,489.7635803222656,0,-200,0
8.899142794,432.1483459472656,473.60760498046875,489.7480773925781,0,-200,0
8.903106748999999,432.135498046875,472.7998962402344,489.7386779785156,0,-200,0
8.907004635,432.1202087402344,471.99395751953125,489.74334716796875,0,-200,0
8.911243492,432.10589599609375,471.1862487792969,489.74249267578125,0,-200,0
8.915280739,432.0906066894531,470.37774658203125,489.74169921875,0,-200,0
8.91914641,432.07781982421875,469.5652770996094,489.73992919921875,0,-200,0
8.923366875,432.0649108886719,468.7524719238281,489.73748779296875,0,-200,0
8.927260715,432.0506591796875,467.9432067871094,489.7392578125,0,-200,0
8.931192944,432.0287780761719,467.1353759765625,489.73272705078125,0,-200,0
8.935413181,432.0141906738281,466.3303527832031,489.7301025390625,0,-200,0
8.9393271,431.99993896484375,465.5259094238281,489.73358154296875,0,-200,0
8.943619504,431.9861145019531,464.7192687988281,489.7317199707031,0,-200,0
8.947558399,431.9708557128906,463.9147033691406,489.7285461425781,0,-200,0
8.951434822,431.9546203613281,463.1123046875,489.72601318359375,0,-200,0
8.955377189,431.9349060058594,462.3058776855469,489.7218017578125,0,-200,0
8.9596493,431.9224853515625,461.5043029785156,489.7176208496094,0,-200,0
8.963675176,431.9014587402344,460.7003479003906,489.70208740234375,0,-200,0
8.967589589,431.8813171386719,459.8917541503906,489.68408203125,0,-200,0
8.971503073000001,431.86541748046875,459.086669921875,489.67816162109375,0,-200,0
8.975641478,431.848876953125,458.2751770019531,489.6695251464844,0,-200,0
8.979583887,431.8306579589844,457.4660949707031,489.65850830078125,0,-200,0
8.983929821,431.8185729980469,456.6589050292969,489.6472473144531,0,-200,0
8.987715445,431.8031311035156,455.85052490234375,489.6312255859375,0,-200,0
8.991724791,431.7878723144531,455.0437927246094,489.6266784667969,0,-200,0
8.995920627,431.7754211425781,454.2364196777344,489.63134765625,0,-200,0
8.999816917,431.760009765625,453.42547607421875,489.6295471191406,0,-200,0
9.003871678,431.7511291503906,452.61773681640625,489.6306457519531,0,-200,0
9.008006421,431.7402038574219,451.8111267089844,489.6320495605469,0,-200,0
9.011704879,431.7255554199219,451.003662109375,489.6363525390625,0,-200,0
9.015590982,431.7153625488281,450.1977844238281,489.6429443359375,0,-200,0
9.019773115,431.6982116699219,449.3922424316406,489.639404296875,0,-200,0
9.023740909,431.68109130859375,448.5870361328125,489.6329650878906,0,-200,0
9.027658208,431.6649475097656,447.7879943847656,489.64019775390625,0,-200,0
9.031875094,431.641845703125,446.9833679199219,489.6311340332031,0,-200,0
9.03578577,431.6171569824219,446.1799011230469,489.61712646484375,0,-200,0
9.039853082,431.6019592285156,445.3765563964844,489.61175537109375,0,-200,0
9.044297751,431.5843811035156,444.5688781738281,489.6031188964844,0,-200,0
9.047997857,431.56390380859375,443.7613525390625,489.5917663574219,0,-200,0
9.05194719,431.54833984375,442.96209716796875,489.5846252441406,0,-200,0
9.056152147,431.5260009765625,442.15740966796875,489.5677490234375,0,-200,0
9.060282738,431.5074157714844,441.35211181640625,489.5625915527344,0,-200,0
9.064211369,431.494873046875,440.54852294921875,489.568359375,0,-200,0
9.068454333,431.48114013671875,439.738525390625,489.5577697753906,0,-200,0
9.072383838,431.47064208984375,438.9290466308594,489.5484619140625,0,-200,0
9.076307014,431.45843505859375,438.1236572265625,489.5445251464844,0,-200,0
9.080591199,431.4448547363281,437.3141174316406,489.53009033203125,0,-200,0
9.084511196,431.4346008300781,436.50616455078125,489.53302001953125,0,-200,0
9.088519135,431.4225769042969,435.6987609863281,489.5375061035156,0,-200,0
9.092660398,431.4043884277344,434.8890686035156,489.53240966796875,0,-200,0
9.096592583,431.3921203613281,434.08526611328125,489.5343017578125,0,-200,0
9.100514154,431.3755187988281,433.281005859375,489.5330810546875,0,-200,0
9.104870046,431.3547058105469,432.4732666015625,489.523193359375,0,-200,0
9.108850983,431.3399963378906,431.6690673828125,489.5242004394531,0,-200,0
9.112720005,431.3200988769531,430.86767578125,489.5181579589844,0,-200,0
9.116843393,431.30047607421875,430.0622863769531,489.50762939453125,0,-200,0
9.120750483,431.28509521484375,429.26019287109375,489.51019287109375,0,-200,0
9.124780746,431.2703552246094,428.4552307128906,489.511962890625,0,-200,0
9.128988254,431.2545166015625,427.6466369628906,489.5003967285156,0,-200,0
9.132833898,431.2369079589844,426.8427429199219,489.4928894042969,0,-200,0
9.136864665,431.220703125,426.0408630371094,489.4933166503906,0,-200,0
9.141039413,431.2044372558594,425.23309326171875,489.48406982421875,0,-200,0
9.145235288,431.1888122558594,424.4299011230469,489.4767761230469,0,-200,0
9.148934234,431.17822265625,423.6176452636719,489.4628601074219,0,-200,0
9.153165776,431.1643981933594,422.81195068359375,489.456787109375,0,-200,0
9.15719001,431.1519775390625,422.0050964355469,489.4582214355469,0,-200,0
9.161068522,431.135009765625,421.1976013183594,489.45465087890625,0,-200,0
9.16530511,431.1185607910156,420.390625,489.4469909667969,0,-200,0
9.169200271,431.1033935546875,419.5879821777344,489.44110107421875,0,-200,0
9.173123592,431.0813293457031,418.7857360839844,489.4287414550781,0,-200,0
9.177335563,431.0629577636719,417.97979736328125,489.4247131347656,0,-200,0
9.181210799,431.0503234863281,417.1736755371094,489.4273681640625,0,-200,0
9.185306768,431.0343933105469,416.3666687011719,489.4265441894531,0,-200,0
9.189474709,431.0153503417969,415.563720703125,489.42095947265625,0,-200,0
9.19332378,430.9945068359375,414.7677917480469,489.41925048828125,0,-200,0
9.19728298,430.9742126464844,413.9698181152344,489.4230041503906,0,-200,0
9.201545902,430.9562072753906,413.1628723144531,489.4170227050781,0,-200,0
9.205615897,430.94366455078125,412.3570556640625,489.4147033691406,0,-200,0
9.209490196,430.9241027832031,411.5523376464844,489.4067077636719,0,-200,0
9.213611985,430.9096374511719,410.74853515625,489.40350341796875,0,-200,0
9.217561621,430.8949279785156,409.9444580078125,489.40191650390625,0,-200,0
9.22146063,430.880615234375,409.1343078613281,489.39312744140625,0,-200,0
9.225834749,430.8714904785156,408.32281494140625,489.38427734375,0,-200,0
9.229635547,430.8590087890625,407.5174255371094,489.38128662109375,0,-200,0
9.23363743,430.8465881347656,406.708251953125,489.37982177734375,0,-200,0
9.237808661,430.8309020996094,405.8997802734375,489.3736267089844,0,-200,0
9.241745946,430.81597900390625,405.0965881347656,489.36572265625,0,-200,0
9.245994118,430.8013000488281,404.29058837890625,489.35791015625,0,-200,0
9.249922151,430.782958984375,403.4841003417969,489.35321044921875,0,-200,0
9.253922451,430.76715087890625,402.678466796875,489.35296630859375,0,-200,0
9.257832398,430.7466735839844,401.8768615722656,489.3507995605469,0,-200,0
9.261984429,430.7273254394531,401.072509765625,489.3392333984375,0,-200,0
9.265994351,430.7102355957031,400.2685852050781,489.33154296875,0,-200,0
9.269850684,430.6932678222656,399.4670715332031,489.32562255859375,0,-200,0
9.274107757,430.6761474609375,398.66455078125,489.3213195800781,0,-200,0
9.277976503,430.65802001953125,397.8599853515625,489.3207702636719,0,-200,0
9.282023834,430.64227294921875,397.05609130859375,489.3175354003906,0,-200,0
9.286253327,430.6273498535156,396.2516784667969,489.31292724609375,0,-200,0
9.290130628,430.6116943359375,395.4454650878906,489.30450439453125,0,-200,0
9.294091358,430.6002502441406,394.6379089355469,489.3036804199219,0,-200,0
9.298302929,430.58563232421875,393.8321533203125,489.30267333984375,0,-200,0
9.302309901,430.5657653808594,393.0312194824219,489.2960205078125,0,-200,0
9.306243752,430.5520935058594,392.2290954589844,489.29278564453125,0,-200,0
9.31038227,430.5403747558594,391.4252624511719,489.2913818359375,0,-200,0
9.314310813,430.5276184082031,390.6155700683594,489.28643798828125,0,-200,0
9.318253712,430.51177978515625,389.8092346191406,489.2852783203125,0,-200,0
9.322583415,430.4960021972656,389.0137023925781,489.2846984863281,0,-200,0
9.326471034,430.4707336425781,388.212646484375,489.2735290527344,0,-200,0
9.330444678,430.4478454589844,387.4092102050781,489.27081298828125,0,-200,0
9.33457369,430.43719482421875,386.6041259765625,489.2730407714844,0,-200,0
9.33850796,430.42059326171875,385.80072021484375,489.2674255371094,0,-200,0
9.342434485,430.399658203125,384.99505615234375,489.249267578125,0,-200,0
9.346990553,430.38323974609375,384.1966857910156,489.24755859375,0,-200,0
9.350753429,430.3671569824219,383.3945007324219,489.2469787597656,0,-200,0
9.354621814,430.3500061035156,382.5841064453125,489.23870849609375,0,-200,0
9.358778527,430.3352355957031,381.7772216796875,489.236328125,0,-200,0
9.362741334,430.32208251953125,380.9781188964844,489.2352600097656,0,-200,0
9.366713124,430.3018493652344,380.1739501953125,489.2218322753906,0,-200,0
9.370900919,430.2884216308594,379.36981201171875,489.212646484375,0,-200,0
9.374775689,430.2781677246094,378.5609436035156,489.2127685546875,0,-200,0
9.37877351,430.2644958496094,377.749755859375,489.2108154296875,0,-200,0
9.382988912,430.2496337890625,376.9419250488281,489.20379638671875,0,-200,0
9.386948944,430.23712158203125,376.1427917480469,489.2032775878906,0,-200,0
9.390839454,430.223388671875,375.3389892578125,489.2022399902344,0,-200,0
9.395068855,430.2049865722656,374.5304870605469,489.196533203125,0,-200,0
9.399090854,430.1908874511719,373.7287292480469,489.1982727050781,0,-200,0
9.402955277,430.17706298828125,372.9306945800781,489.2005615234375,0,-200,0
9.407209428,430.155517578125,372.1268615722656,489.1914978027344,0,-200,0
9.411095377,430.1380615234375,371.3236083984375,489.1869201660156,0,-200,0
9.415015566,430.12188720703125,370.5223693847656,489.18890380859375,0,-200,0
9.41926908,430.1031799316406,369.7160339355469,489.1814880371094,0,-200,0
9.423147412,430.082763671875,368.91619873046875,489.1697082519531,0,-200,0
9.427238983,430.0633544921875,368.1188659667969,489.16571044921875,0,-200,0
9.431402135,430.0479736328125,367.3183288574219,489.1639099121094,0,-200,0
9.435263655,430.0345458984375,366.5103759765625,489.1619567871094,0,-200,0
9.439219351,430.018798828125,365.7019348144531,489.15362548828125,0,-200,0
9.443444114,430.006591796875,364.8981628417969,489.1478271484375,0,-200,0
9.447792775,429.9855041503906,364.0988464355469,489.1357421875,0,-200,0
9.451398461,429.9683532714844,363.29437255859375,489.1298522949219,0,-200,0
9.455558852,429.9563293457031,362.489501953125,489.1294860839844,0,-200,0
9.459481779,429.94097900390625,361.6832275390625,489.1256408691406,0,-200,0
9.463379863,429.925048828125,360.8779602050781,489.11602783203125,0,-200,0
9.467770202,429.9115295410156,360.076904296875,489.1132507324219,0,-200,0
9.471550239,429.8964538574219,359.2746887207031,489.10809326171875,0,-200,0
9.475557057,429.8831481933594,358.4697570800781,489.10205078125,0,-200,0
9.479726848,429.869873046875,357.6622314453125,489.1010437011719,0,-200,0
9.483738828,429.8539733886719,356.85888671875,489.1043395996094,0,-200,0
9.487661293,429.8333435058594,356.064208984375,489.1055603027344,0,-200,0
9.491854815,429.81591796875,355.26043701171875,489.1010437011719,0,-200,0
9.495871082,429.8002624511719,354.456787109375,489.10125732421875,0,-200,0
9.499736889,429.78277587890625,353.65106201171875,489.0960693359375,0,-200,0
9.503708765,429.7666320800781,352.8507995605469,489.0959167480469,0,-200,0
9.507732942,429.7475280761719,352.0467529296875,489.0842590332031,0,-200,0
9.511817511,429.7291259765625,351.2447509765625,489.07830810546875,0,-200,0
9.516024856,429.7138366699219,350.4406433105469,489.0732116699219,0,-200,0
9.519869403,429.6999816894531,349.6364440917969,489.07049560546875,0,-200,0
9.523913876,429.6860046386719,348.8287353515625,489.06512451171875,0,-200,0
9.528052338,429.67095947265625,348.0257873535156,489.0572509765625,0,-200,0
9.532018468,429.6557922363281,347.2222595214844,489.04974365234375,0,-200,0
9.536042488,429.6390686035156,346.41961669921875,489.0448303222656,0,-200,0
9.54020343,429.6228942871094,345.62225341796875,489.0453796386719,0,-200,0
9.54418635,429.60162353515625,344.8289489746094,489.0401916503906,0,-200,0
9.548073676,429.582275390625,344.03741455078125,489.0318603515625,0,-200,0
9.552295450999999,429.5617980957031,343.2490234375,489.0212707519531,0,-200,0
9.556210351,429.5439453125,342.46551513671875,489.01947021484375,0,-200,0
9.560136665,429.5213623046875,341.6890869140625,489.0171813964844,0,-200,0
9.564340123000001,429.4942321777344,340.9144592285156,489.0133972167969,0,-200,0
9.568292034,429.468017578125,340.1479187011719,489.0096740722656,0,-200,0
9.572289868,429.4473876953125,339.38653564453125,489.0068664550781,0,-200,0
9.576423173,429.42266845703125,338.6291809082031,488.99554443359375,0,-200,0
9.580384813,429.39495849609375,337.8782043457031,488.9852294921875,0,-200,0
9.584301684,429.36651611328125,337.1319274902344,488.9774475097656,0,-200,0
9.588634486,429.33905029296875,336.3956298828125,488.9729919433594,0,-200,0
9.592638034,429.3133850097656,335.6626892089844,488.96759033203125,0,-200,0
9.596466605,429.2829895019531,334.933837890625,488.952880859375,0,-200,0
9.600449743,429.2524108886719,334.2193908691406,488.94439697265625,0,-200,0
9.604589811,429.2206726074219,333.51239013671875,488.93896484375,0,-200,0
9.608503614,429.1881103515625,332.8091735839844,488.9300537109375,0,-200,0
9.612814001,429.1588134765625,332.10906982421875,488.925048828125,0,-200,0
9.616645659,429.1270446777344,331.4153137207031,488.9140930175781,0,-200,0
9.620654539,429.0932312011719,330.7315979003906,488.9052734375,0,-200,0
9.624826065,429.0574035644531,330.05401611328125,488.8955993652344,0,-200,0
9.628816625,429.0187072753906,329.3857421875,488.8856201171875,0,-200,0
9.632764126,428.98162841796875,328.72369384765625,488.87725830078125,0,-200,0
9.637043884,428.9446105957031,328.06646728515625,488.8701477050781,0,-200,0
9.640957286999999,428.9052734375,327.4189453125,488.85955810546875,0,-200,0
9.644969421,428.8653259277344,326.7778625488281,488.8509216308594,0,-200,0
9.649017804,428.8248291015625,326.1436767578125,488.8396911621094,0,-200,0
9.652955226,428.7866516113281,325.5162353515625,488.8332214355469,0,-200,0
9.656918196,428.7496643066406,324.89453125,488.828125,0,-200,0
9.661131489,428.707763671875,324.2779235839844,488.8185729980469,0,-200,0
9.665023797,428.6663818359375,323.6703796386719,488.809326171875,0,-200,0
9.66903288,428.6229553222656,323.0714111328125,488.7942199707031,0,-200,0
9.673267749,428.5784606933594,322.47381591796875,488.7780456542969,0,-200,0
9.677135612,428.5397033691406,321.8852233886719,488.7682800292969,0,-200,0
9.681081976,428.4974060058594,321.2940673828125,488.755859375,0,-200,0
9.685321711,428.4564208984375,320.7124938964844,488.7452392578125,0,-200,0
9.689354965,428.4112854003906,320.1439208984375,488.7355651855469,0,-200,0
9.693243856,428.36590576171875,319.58355712890625,488.72283935546875,0,-200,0
9.697454048,428.3184814453125,319.0294189453125,488.7100830078125,0,-200,0
9.701358069,428.2779541015625,318.48309326171875,488.70465087890625,0,-200,0
9.705330164,428.2320556640625,317.93402099609375,488.6862487792969,0,-200,0
9.709543451,428.1907653808594,317.3948974609375,488.6738586425781,0,-200,0
9.713494646000001,428.1502380371094,316.8626708984375,488.6618957519531,0,-200,0
9.717492614,428.10272216796875,316.3418273925781,488.64654541015625,0,-200,0
9.721680197,428.0558776855469,315.8258972167969,488.6361999511719,0,-200,0
9.725539248,428.012939453125,315.3153381347656,488.63067626953125,0,-200,0
9.729479542,427.96832275390625,314.8092956542969,488.621337890625,0,-200,0
9.733735414,427.92510986328125,314.30987548828125,488.6099548339844,0,-200,0
9.737721542,427.88470458984375,313.8206481933594,488.6002197265625,0,-200,0
9.741939852,427.8394775390625,313.3335266113281,488.5866394042969,0,-200,0
9.745801196,427.8005065917969,312.8540344238281,488.5848083496094,0,-200,0
9.749728141,427.7552185058594,312.37799072265625,488.57080078125,0,-200,0
9.753715288,427.7107238769531,311.9150390625,488.5580139160156,0,-200,0
9.757916321,427.6673278808594,311.4615478515625,488.5510559082031,0,-200,0
9.761845515,427.6241760253906,311.0061340332031,488.53619384765625,0,-200,0
9.765805838,427.5848693847656,310.5578308105469,488.5252685546875,0,-200,0
9.769983717,427.542236328125,310.1138610839844,488.5140686035156,0,-200,0
9.773932052,427.5001220703125,309.6806335449219,488.5021057128906,0,-200,0
9.777868558,427.45672607421875,309.2575988769531,488.4906921386719,0,-200,0
9.782183971,427.4115295410156,308.8410949707031,488.4787902832031,0,-200,0
9.786101954,427.3709716796875,308.4315490722656,488.4718017578125,0,-200,0
9.789970858,427.3280944824219,308.0249938964844,488.4590148925781,0,-200,0
9.794185415,427.28643798828125,307.6217041015625,488.4479675292969,0,-200,0
9.798112188,427.2469482421875,307.2289733886719,488.44244384765625,0,-200,0
9.802111871,427.2007141113281,306.8410339355469,488.4247741699219,0,-200,0
9.806290116,427.1581115722656,306.4598388671875,488.4137878417969,0,-200,0
9.810213743,427.11737060546875,306.0889587402344,488.40545654296875,0,-200,0
9.81420875,427.0765075683594,305.71649169921875,488.3926086425781,0,-200,0
9.818347336,427.0357360839844,305.35369873046875,488.3761901855469,0,-200,0
9.822352914,427.002197265625,305.00250244140625,488.376220703125,0,-200,0
9.826276208,426.9595642089844,304.65380859375,488.3662414550781,0,-200,0
9.830472641,426.91729736328125,304.3081359863281,488.3551025390625,0,-200,0
9.834524095,426.8851013183594,303.9732360839844,488.3490905761719,0,-200,0
9.838379775,426.8467712402344,303.6399230957031,488.33489990234375,0,-200,0
9.842866959,426.80401611328125,303.3165283203125,488.3224792480469,0,-200,0
9.846480075,426.7712097167969,303.002685546875,488.3200988769531,0,-200,0
9.850413008,426.734619140625,302.6884765625,488.305419921875,0,-200,0
9.854726749,426.697021484375,302.38006591796875,488.2921447753906,0,-200,0
9.858603047,426.6631164550781,302.085693359375,488.2861633300781,0,-200,0
9.862685963,426.6276550292969,301.8011779785156,488.27978515625,0,-200,0
9.866762686,426.5896301269531,301.5169982910156,488.26568603515625,0,-200,0
9.870690528,426.5552978515625,301.23712158203125,488.2536315917969,0,-200,0
9.874661332,426.5227355957031,300.9649658203125,488.2442321777344,0,-200,0
9.87887086,426.49041748046875,300.70068359375,488.24041748046875,0,-200,0
9.882924239,426.45452880859375,300.44219970703125,488.2295227050781,0,-200,0
9.886773636000001,426.42352294921875,300.1869812011719,488.218505859375,0,-200,0
9.890935967,426.3953552246094,299.93463134765625,488.2099609375,0,-200,0
9.894898129,426.36846923828125,299.6940002441406,488.2078857421875,0,-200,0
9.898816535,426.3374938964844,299.4602355957031,488.2015380859375,0,-200,0
9.903132474,426.30877685546875,299.2339172363281,488.1947326660156,0,-200,0
9.906958362,426.2797546386719,299.0129089355469,488.18524169921875,0,-200,0
9.910973664,426.2508850097656,298.8012390136719,488.1780090332031,0,-200,0
9.915150726,426.2295837402344,298.5882873535156,488.1720886230469,0,-200,0
9.919078951,426.2054443359375,298.3843994140625,488.1664123535156,0,-200,0
9.923073268,426.1813049316406,298.1897277832031,488.16064453125,0,-200,0
9.927293896,426.15228271484375,298.0014953613281,488.15399169921875,0,-200,0
9.931349067,426.1270446777344,297.8190612792969,488.1482238769531,0,-200,0
9.935170978,426.104248046875,297.641357421875,488.1393737792969,0,-200,0
9.939358378,426.0836486816406,297.4732360839844,488.1333312988281,0,-200,0
9.94352734,426.06268310546875,297.31097412109375,488.1321105957031,0,-200,0
9.947258222,426.04254150390625,297.14935302734375,488.1249084472656,0,-200,0
9.951486357,426.0257568359375,296.9938049316406,488.120361328125,0,-200,0
9.955360105,426.00531005859375,296.8484802246094,488.11541748046875,0,-200,0
9.959402143,425.9853515625,296.71563720703125,488.1153564453125,0,-200,0
9.963579796,425.9648742675781,296.5831604003906,488.1086120605469,0,-200,0
9.967442225,425.9516906738281,296.4521179199219,488.1020812988281,0,-200,0
9.971383315,425.9386291503906,296.3296813964844,488.09576416015625,0,-200,0
9.975664658,425.92431640625,296.21728515625,488.0934143066406,0,-200,0
9.979635363,425.9090881347656,296.11163330078125,488.0885009765625,0,-200,0
9.983611753,425.8943176269531,296.0098571777344,488.0843200683594,0,-200,0
9.987728756,425.8845520019531,295.9128723144531,488.0810852050781,0,-200,0
9.991628477,425.87353515625,295.82232666015625,488.0751037597656,0,-200,0
9.995612526,425.86376953125,295.7374572753906,488.07037353515625,0,-200,0
9.999834402,425.8538513183594,295.6597595214844,488.07012939453125,0,-200,0
10.00376472,425.843505859375,295.5872497558594,488.0631408691406,0,-200,0
10.007650248,425.8367614746094,295.5220947265625,488.0634460449219,0,-200,0
10.011899042,425.8276672363281,295.4649353027344,488.0621337890625,0,-200,0
10.015501081,425.8192138671875,295.41314697265625,488.0590515136719,0,-200,0
10.019399263,425.81219482421875,295.3725891113281,488.0603942871094,0,-200,0
10.023688424,425.8052062988281,295.333251953125,488.0591735839844,0,-200,0
10.027625964,425.80255126953125,295.29815673828125,488.0602111816406,0,-200,0
10.031540961,425.8016662597656,295.2679138183594,488.05792236328125,0,-200,0
10.035768609,425.7995300292969,295.2470703125,488.0560607910156,0,-200,0
10.039735585,425.7978820800781,295.230224609375,488.05743408203125,0,-200,0
10.043949664,425.7950134277344,295.21673583984375,488.0569763183594,0,-200,0
10.047916267,425.7969055175781,295.20538330078125,488.0591125488281,0,-200,0
10.051859036,425.7958679199219,295.19683837890625,488.0559387207031,0,-200,0
10.055909152,425.79644775390625,295.1882019042969,488.056396484375,0,-200,0
10.060075594,425.7940979003906,295.1841125488281,488.0582275390625,0,-200,0
10.06404428,425.7921142578125,295.1809387207031,488.0588684082031,0,-200,0
10.06802264,425.7926940917969,295.1800842285156,488.0582275390625,0,-200,0
10.072315244,425.79736328125,295.1845397949219,488.0632629394531,0,-200,0
10.076390156,425.7982482910156,295.1924133300781,488.064453125,0,-200,0
10.080245467,425.799072265625,295.1954040527344,488.0652770996094,0,-200,0
10.084497318,425.80108642578125,295.1968078613281,488.0684814453125,0,-200,0
10.088345769,425.8009948730469,295.19915771484375,488.06988525390625,0,-200,0
10.092289324,425.80023193359375,295.2010498046875,488.0694580078125,0,-200,0
10.096581403,425.8005676269531,295.2012634277344,488.0709533691406,0,-200,0
10.100434166,425.8004150390625,295.201171875,488.07012939453125,0,-200,0
10.104544899,425.80145263671875,295.201904296875,488.0715637207031,0,-200,0
10.108620491,425.7998962402344,295.20416259765625,488.0715637207031,0,-200,0
10.112591813,425.8004455566406,295.20452880859375,488.072265625,0,-200,0
10.116529104,425.80108642578125,295.2047119140625,488.072998046875,0,-200,0
10.120779825,425.8009338378906,295.2049560546875,488.072998046875,0,-200,0
10.124817501,425.8004455566406,295.20452880859375,488.072265625,0,-200,0
10.128651716,425.80108642578125,295.2047119140625,488.072998046875,0,-200,0
10.132807816,425.8009338378906,295.2049560546875,488.072998046875,0,-200,0
10.136763315,425.8009338378906,295.2049560546875,488.072998046875,0,-200,0
10.140693763,425.8009338378906,295.2049560546875,488.072998046875,0,-200,0
10.145184851,425.8009338378906,295.2049560546875,488.072998046875,0,-200,0
10.148819988,425.80096435546875,295.2048645019531,488.072998046875,0,-200,0
10.152837802,425.8009338378906,295.2049560546875,488.072998046875,0,-200,0
10.15705073,425.8009338378906,295.2049560546875,488.072998046875,0,-200,0
10.160941404,425.8009338378906,295.2049560546875,488.072998046875,0,-200,0
10.16493831,425.8009338378906,295.2049560546875,488.072998046875,0,-200,0
10.16911348,425.8009338378906,295.2049560546875,488.072998046875,0,-200,0
10.173126638,425.8009338378906,295.2049560546875,488.072998046875,0,-200,0
10.177028918,425.8009338378906,295.2049560546875,488.072998046875,0,-200,0
10.181179892,425.8009338378906,295.2049560546875,488.072998046875,0,-200,0
10.185171122,425.8009338378906,295.2049560546875,488.072998046875,0,-200,0
10.189067408,425.8011779785156,295.20513916015625,488.072998046875,0,-200,0
10.193313229,425.8012390136719,295.2052001953125,488.072998046875,0,-200,0
10.197224737,425.8006591796875,295.20477294921875,488.072265625,0,-200,0
10.201217857,425.8007507324219,295.2048034667969,488.072265625,0,-200,0
10.205467277,425.8007507324219,295.2048034667969,488.072265625,0,-200,0
10.209355167,425.8002014160156,295.2044677734375,488.0715637207031,0,-200,0
10.213250654,425.8002014160156,295.2044677734375,488.0715637207031,0,-200,0
10.217536166,425.8002014160156,295.2044677734375,488.0715637207031,0,-200,0
10.221539178,425.8002014160156,295.2044677734375,488.0715637207031,0,-200,0
10.225514821,425.8002014160156,295.2044677734375,488.0715637207031,0,-200,0
10.229403361,425.8002014160156,295.2044677734375,488.0715637207031,0,-200,0
10.233527714,425.8002014160156,295.2044677734375,488.0715637207031,0,-200,0
10.237497027,425.8002014160156,295.2044677734375,488.0715637207031,0,-200,0
10.241749657,425.800537109375,295.2047119140625,488.0715637207031,0,-200,0
10.245902696,425.8004455566406,295.2046203613281,488.0723876953125,0,-200,0
10.249606376,425.8006896972656,295.2048034667969,488.0723876953125,0,-200,0
10.253811097,425.8008117675781,295.2048645019531,488.0715637207031,0,-200,0
10.257731539,425.8004455566406,295.2046203613281,488.0723876953125,0,-200,0
10.26163703,425.800537109375,295.2047119140625,488.0715637207031,0,-200,0
10.265991396,425.8008117675781,295.2048645019531,488.0715637207031,0,-200,0
10.269889393,425.800537109375,295.2047119140625,488.0715637207031,0,-200,0
10.273808925,425.79937744140625,295.2038879394531,488.0709533691406,0,-200,0
10.277994893,425.7998046875,295.2041931152344,488.0709533691406,0,-200,0
10.28210148,425.7999267578125,295.20428466796875,488.07012939453125,0,-200,0
10.285910106,425.7998046875,295.2041931152344,488.0709533691406,0,-200,0
10.290079146,425.7998046875,295.2041931152344,488.0709533691406,0,-200,0
10.293980218,425.7998046875,295.2041931152344,488.0709533691406,0,-200,0
10.298007787,425.7998046875,295.2041931152344,488.0709533691406,0,-200,0
10.302159646,425.79974365234375,295.2042541503906,488.0709533691406,0,-200,0
10.306139414,425.8000183105469,295.2044372558594,488.0709533691406,0,-200,0
10.310080134,425.8000183105469,295.2044372558594,488.0709533691406,0,-200,0
10.314297359,425.8000183105469,295.2044372558594,488.0709533691406,0,-200,0
10.318309206,425.8000183105469,295.2044372558594,488.0709533691406,0,-200,0
10.322188891,425.79925537109375,295.2038879394531,488.06988525390625,0,-200,0
10.326464088,425.79974365234375,295.2042541503906,488.07025146484375,0,-200,0
10.330477848,425.79949951171875,295.2040710449219,488.06988525390625,0,-200,0
10.334197455,425.79949951171875,295.2040710449219,488.06988525390625,0,-200,0
10.338530352,425.79949951171875,295.2040710449219,488.06988525390625,0,-200,0
10.342351597,425.79937744140625,295.2042541503906,488.06988525390625,0,-200,0
10.346701648,425.79949951171875,295.2040710449219,488.06988525390625,0,-200,0
10.35056594,425.79949951171875,295.2040710449219,488.06988525390625,0,-200,0
10.354483223,425.79937744140625,295.2042541503906,488.06988525390625,0,-200,0
10.358574219,425.7984619140625,295.203369140625,488.0684814453125,0,-200,0
10.362680426,425.7987365722656,295.2038269042969,488.0684814453125,0,-200,0
10.366748389,425.7987365722656,295.2038269042969,488.0684814453125,0,-200,0
10.370580945,425.79888916015625,295.2036437988281,488.0684814453125,0,-200,0
10.37473679,425.7987365722656,295.2038269042969,488.0684814453125,0,-200,0
10.378745293,425.7987365722656,295.2038269042969,488.0684814453125,0,-200,0
10.382695028,425.7987365722656,295.2038269042969,488.0684814453125,0,-200,0
10.386976555,425.7987365722656,295.2038269042969,488.0684814453125,0,-200,0
10.390782622,425.7979736328125,295.20330810546875,488.0670471191406,0,-200,0
10.394804594,425.79742431640625,295.20294189453125,488.06634521484375,0,-200,0
10.39899306,425.79742431640625,295.20294189453125,488.06634521484375,0,-200,0
10.402919227,425.79742431640625,295.20294189453125,488.06634521484375,0,-200,0
10.407130939,425.79742431640625,295.20294189453125,488.06634521484375,0,-200,0
10.411083096,425.7978515625,295.2032470703125,488.06634521484375,0,-200,0
10.415119921,425.7978515625,295.2032470703125,488.06634521484375,0,-200,0
10.419026148,425.7978515625,295.2032470703125,488.06634521484375,0,-200,0
10.423155749,425.7978515625,295.2032470703125,488.06634521484375,0,-200,0
10.427151272,425.7978515625,295.2032470703125,488.06634521484375,0,-200,0
10.431037992,425.7981262207031,295.20343017578125,488.06634521484375,0,-200,0
10.435289462,425.7981262207031,295.20343017578125,488.06634521484375,0,-200,0
10.439213851,425.7981262207031,295.20343017578125,488.06634521484375,0,-200,0
10.443206751,425.797607421875,295.2030334472656,488.0656433105469,0,-200,0
10.447631915,425.797607421875,295.2030334472656,488.0656433105469,0,-200,0
10.45128194,425.7973327636719,295.2028503417969,488.0652770996094,0,-200,0
10.455220708,425.7977600097656,295.2031555175781,488.0652770996094,0,-200,0
10.459486442,425.7977600097656,295.2031555175781,488.0652770996094,0,-200,0
10.463453106,425.7973327636719,295.2028503417969,488.0652770996094,0,-200,0
10.467367282,425.7973327636719,295.2028503417969,488.0652770996094,0,-200,0
10.471752242,425.7977600097656,295.2031555175781,488.0652770996094,0,-200,0
10.475469397,425.7977600097656,295.2031555175781,488.0652770996094,0,-200,0
10.4794598,425.7972106933594,295.2027893066406,488.0645446777344,0,-200,0
10.483591987,425.7974853515625,295.2029724121094,488.0645446777344,0,-200,0
10.48761847,425.7967224121094,295.2024230957031,488.0638427734375,0,-200,0
10.491555544,425.79669189453125,295.202392578125,488.0658874511719,0,-200,0
10.495749241,425.79669189453125,295.202392578125,488.0658874511719,0,-200,0
10.499746958,425.7969665527344,295.2026062011719,488.0638427734375,0,-200,0
10.503610148,425.7969665527344,295.2026062011719,488.0638427734375,0,-200,0
10.508060883,425.79669189453125,295.202392578125,488.0658874511719,0,-200,0
10.511862035,425.79669189453125,295.202392578125,488.0658874511719,0,-200,0
10.515757919,425.7969665527344,295.2026062011719,488.0638427734375,0,-200,0
10.519920355,425.7968444824219,295.2025146484375,488.0658874511719,0,-200,0
10.523950927,425.7956237792969,295.20166015625,488.064453125,0,-200,0
10.527884182,425.79595947265625,295.201904296875,488.064453125,0,-200,0
10.532183832,425.79595947265625,295.201904296875,488.064453125,0,-200,0
10.536037156,425.79595947265625,295.201904296875,488.064453125,0,-200,0
10.539982666,425.79620361328125,295.20208740234375,488.064453125,0,-200,0
10.544123814,425.79595947265625,295.201904296875,488.064453125,0,-200,0
10.548313938,425.79595947265625,295.201904296875,488.064453125,0,-200,0
10.552004246,425.79620361328125,295.20208740234375,488.064453125,0,-200,0
10.556256226,425.79595947265625,295.201904296875,488.064453125,0,-200,0
10.560344577,425.79638671875,295.20220947265625,488.064453125,0,-200,0
10.564155125,425.79595947265625,295.201904296875,488.064453125,0,-200,0
10.568398053,425.79638671875,295.20220947265625,488.064453125,0,-200,0
10.57224439,425.79638671875,295.20220947265625,488.064453125,0,-200,0
10.57616776,425.79534912109375,295.20147705078125,488.0630798339844,0,-200,0
10.580660537,425.79620361328125,295.2002258300781,488.0630798339844,0,-200,0
10.584345119,425.79620361328125,295.2002258300781,488.0630798339844,0,-200,0
10.588405443,425.79620361328125,295.2002258300781,488.0630798339844,0,-200,0
10.592540085,425.7964172363281,295.20068359375,488.0630798339844,0,-200,0
10.596435495,425.79656982421875,295.2004699707031,488.0630798339844,0,-200,0
10.600386957,425.79632568359375,295.20062255859375,488.0630798339844,0,-200,0
10.604664851999999,425.7964172363281,295.20068359375,488.0630798339844,0,-200,0
10.608725715,425.79656982421875,295.2004699707031,488.0630798339844,0,-200,0
10.612554067,425.79638671875,295.20074462890625,488.0630798339844,0,-200,0
10.616697039,425.7967834472656,295.200927734375,488.0630798339844,0,-200,0
10.620688052,425.7959289550781,295.2000427246094,488.0619812011719,0,-200,0
10.624570653,425.796142578125,295.19940185546875,488.0619812011719,0,-200,0
10.628898324,425.79669189453125,295.1993713378906,488.0619812011719,0,-200,0
10.632716426,425.7965393066406,295.1995544433594,488.0619812011719,0,-200,0
10.636726363,425.7964782714844,295.19964599609375,488.0619812011719,0,-200,0
10.640867925,425.7963562011719,295.1994323730469,488.0619812011719,0,-200,0
10.64483337,425.7965393066406,295.1995544433594,488.0619812011719,0,-200,0
10.649028871,425.7965393066406,295.1995544433594,488.0619812011719,0,-200,0
10.653056399,425.7965393066406,295.1995544433594,488.0619812011719,0,-200,0
10.657023714,425.7964782714844,295.19964599609375,488.0619812011719,0,-200,0
10.660935195,425.7968444824219,295.1998291015625,488.0619812011719,0,-200,0
10.665075964,425.7968444824219,295.1998291015625,488.0619812011719,0,-200,0
10.669073652,425.7968444824219,295.1998291015625,488.0619812011719,0,-200,0
10.672962527,425.7968444824219,295.1998291015625,488.0619812011719,0,-200,0
10.677173138,425.7968444824219,295.1998291015625,488.0619812011719,0,-200,0
10.681107912,425.7968444824219,295.1998291015625,488.0619812011719,0,-200,0
10.685095676,425.7968444824219,295.1998291015625,488.0619812011719,0,-200,0
10.68939216,425.7968444824219,295.1998291015625,488.0619812011719,0,-200,0
10.693324111,425.79595947265625,295.1992492675781,488.0605773925781,0,-200,0
10.697159222,425.7961120605469,295.1993713378906,488.0605773925781,0,-200,0
10.70140685,425.7958068847656,295.1991271972656,488.0605773925781,0,-200,0
10.705409833000001,425.79595947265625,295.1992492675781,488.0605773925781,0,-200,0
10.709393776,425.7961120605469,295.1993713378906,488.0605773925781,0,-200,0
10.713456559,425.7961120605469,295.1993713378906,488.0605773925781,0,-200,0
10.717390634000001,425.79595947265625,295.1992492675781,488.0617980957031,0,-200,0
10.721346398,425.7961120605469,295.1993713378906,488.0605773925781,0,-200,0
10.725618858,425.7961120605469,295.1993713378906,488.0605773925781,0,-200,0
10.729524701,425.79620361328125,295.1994323730469,488.0617980957031,0,-200,0
10.733461455,425.79638671875,295.1995544433594,488.0605773925781,0,-200,0
10.737670335,425.79620361328125,295.1994323730469,488.0617980957031,0,-200,0
10.741620628,425.79620361328125,295.1994323730469,488.0617980957031,0,-200,0
10.745530802,425.79638671875,295.1995544433594,488.0605773925781,0,-200,0
10.750057895,425.79534912109375,295.1988220214844,488.05914306640625,0,-200,0
10.753782057,425.795166015625,295.1986999511719,488.06036376953125,0,-200,0
10.757690514,425.795166015625,295.1986999511719,488.06036376953125,0,-200,0
10.761840176,425.795166015625,295.1986999511719,488.06036376953125,0,-200,0
10.765762362,425.795166015625,295.1986999511719,488.06036376953125,0,-200,0
10.769769302,425.795166015625,295.1986999511719,488.06036376953125,0,-200,0
10.773961706,425.795166015625,295.1986999511719,488.06036376953125,0,-200,0
10.777840612,425.795166015625,295.1986999511719,488.06036376953125,0,-200,0
10.78188159,425.795166015625,295.1986999511719,488.06036376953125,0,-200,0
10.786058451,425.795166015625,295.1986999511719,488.06036376953125,0,-200,0
10.790010702,425.795166015625,295.1986999511719,488.06036376953125,0,-200,0
10.793943183,425.795166015625,295.1986999511719,488.06036376953125,0,-200,0
10.798166356,425.79559326171875,295.1990051269531,488.06036376953125,0,-200,0
10.80218217,425.79559326171875,295.1990051269531,488.06036376953125,0,-200,0
10.8060691,425.795166015625,295.1986999511719,488.06036376953125,0,-200,0
10.810332277,425.79559326171875,295.1990051269531,488.06036376953125,0,-200,0
10.814155033,425.79559326171875,295.1990051269531,488.06036376953125,0,-200,0
10.818100523,425.79559326171875,295.1990051269531,488.06036376953125,0,-200,0
10.822361837,425.79559326171875,295.1990051269531,488.06036376953125,0,-200,0
10.826244115,425.79559326171875,295.1990051269531,488.06036376953125,0,-200,0
10.830314387,425.79559326171875,295.1990051269531,488.06036376953125,0,-200,0
10.834405266,425.79559326171875,295.1990051269531,488.06036376953125,0,-200,0
10.838355173,425.79559326171875,295.1990051269531,488.06036376953125,0,-200,0
10.842338689,425.79559326171875,295.1990051269531,488.06036376953125,0,-200,0
10.846556618,425.79559326171875,295.1990051269531,488.06036376953125,0,-200,0
10.850850542,425.79559326171875,295.1990051269531,488.06036376953125,0,-200,0
10.854456116,425.79559326171875,295.1990051269531,488.06036376953125,0,-200,0
10.858432387,425.79559326171875,295.1990051269531,488.06036376953125,0,-200,0
10.862609491,425.79559326171875,295.1990051269531,488.06036376953125,0,-200,0
10.866486735,425.79559326171875,295.1990051269531,488.06036376953125,0,-200,0
10.870816375,425.7945861816406,295.1982727050781,488.0589599609375,0,-200,0
10.874623595,425.7945861816406,295.1982727050781,488.0589599609375,0,-200,0
10.878651997,425.7943115234375,295.1980895996094,488.05859375,0,-200,0
10.882846272,425.7943115234375,295.1980895996094,488.05859375,0,-200,0
10.886747997,425.7943115234375,295.1980895996094,488.05859375,0,-200,0
10.890729052,425.7943115234375,295.1980895996094,488.05859375,0,-200,0
10.894928425,425.7943115234375,295.1980895996094,488.05859375,0,-200,0
10.898951392,425.79486083984375,295.197265625,488.05859375,0,-200,0
10.902908806,425.79486083984375,295.197265625,488.05859375,0,-200,0
10.907033502,425.7943115234375,295.1980895996094,488.05859375,0,-200,0
10.910995958,425.79486083984375,295.197265625,488.05859375,0,-200,0
10.914899921,425.79486083984375,295.197265625,488.05859375,0,-200,0
10.919085225,425.79486083984375,295.197265625,488.05859375,0,-200,0
10.92302206,425.79486083984375,295.197265625,488.05859375,0,-200,0
10.927021302,425.79486083984375,295.197265625,488.05859375,0,-200,0
10.931250079,425.79486083984375,295.197265625,488.05859375,0,-200,0
10.935113881,425.79486083984375,295.197265625,488.05859375,0,-200,0
10.939082191,425.79486083984375,295.197265625,488.05859375,0,-200,0
10.943316389,425.79486083984375,295.197265625,488.05859375,0,-200,0
10.947303761,425.79486083984375,295.197265625,488.05859375,0,-200,0
10.951506335,425.7954406738281,295.1964416503906,488.05859375,0,-200,0
10.955346122,425.79486083984375,295.197265625,488.05859375,0,-200,0
10.959388774,425.79486083984375,295.197265625,488.05859375,0,-200,0
10.963296889,425.79486083984375,295.197265625,488.05859375,0,-200,0
10.967539874,425.79486083984375,295.197265625,488.05859375,0,-200,0
10.971449174,425.7954406738281,295.1964416503906,488.05859375,0,-200,0
10.975386622,425.7954406738281,295.1964416503906,488.05859375,0,-200,0
10.979606731,425.7954406738281,295.1964416503906,488.05859375,0,-200,0
10.983573431,425.7954406738281,295.1964416503906,488.05859375,0,-200,0
10.987462471,425.7954406738281,295.1964416503906,488.05859375,0,-200,0
10.991749766,425.7954406738281,295.1964416503906,488.05859375,0,-200,0
10.995680632,425.7954406738281,295.1964416503906,488.05859375,0,-200,0
10.999620431,425.7954406738281,295.1964416503906,488.05859375,0,-200,0
11.003803698,425.7954406738281,295.1964416503906,488.05859375,0,-200,0
11.007714516,425.7954406738281,295.1964416503906,488.05859375,0,-200,0
11.011715188,425.7954406738281,295.1964416503906,488.05859375,0,-200,0
11.015892491,425.7954406738281,295.1964416503906,488.05859375,0,-200,0
11.019448794,425.7954406738281,295.1964416503906,488.05859375,0,-200,0
11.023495932,425.79571533203125,295.1966247558594,488.05859375,0,-200,0
11.027643182,425.79571533203125,295.1966247558594,488.05859375,0,-200,0
11.031643879,425.79571533203125,295.1966247558594,488.05859375,0,-200,0
11.035833946,425.79541015625,295.1964111328125,488.0606689453125,0,-200,0
11.040059661,425.79541015625,295.1964111328125,488.0606689453125,0,-200,0
11.044078918,425.79571533203125,295.1966247558594,488.05859375,0,-200,0
11.047960085,425.79571533203125,295.1966247558594,488.05859375,0,-200,0
11.052425673,425.79541015625,295.1964111328125,488.0606689453125,0,-200,0
11.056093864,425.79541015625,295.1964111328125,488.0606689453125,0,-200,0
11.060065957,425.79571533203125,295.1966247558594,488.05859375,0,-200,0
11.06430074,425.79541015625,295.1964111328125,488.0606689453125,0,-200,0
11.06816707,425.79541015625,295.1964111328125,488.0606689453125,0,-200,0
11.072263182,425.79541015625,295.1964111328125,488.0606689453125,0,-200,0
11.076388443999999,425.79571533203125,295.1966247558594,488.05859375,0,-200,0
11.080273994,425.79541015625,295.1964111328125,488.0606689453125,0,-200,0
11.084263905,425.79541015625,295.1964111328125,488.0606689453125,0,-200,0
11.088511219,425.79541015625,295.1964111328125,488.0606689453125,0,-200,0
11.092572473,425.79541015625,295.1964111328125,488.0606689453125,0,-200,0
11.096371384,425.79541015625,295.1964111328125,488.0606689453125,0,-200,0
11.100534141,425.79541015625,295.1964111328125,488.0606689453125,0,-200,0
11.104456952,425.79541015625,295.1964111328125,488.0606689453125,0,-200,0
11.108420116,425.79541015625,295.1964111328125,488.0606689453125,0,-200,0
11.112771329,425.79541015625,295.1964111328125,488.0606689453125,0,-200,0
11.116539937,425.79541015625,295.1964111328125,488.0606689453125,0,-200,0
11.120564817,425.79541015625,295.1964111328125,488.0606689453125,0,-200,0
11.124740672,425.79541015625,295.1964111328125,488.0606689453125,0,-200,0
11.128663972,425.79541015625,295.1964111328125,488.0606689453125,0,-200,0
11.132671451,425.79541015625,295.1964111328125,488.0606689453125,0,-200,0
11.136852492,425.79541015625,295.1964111328125,488.0606689453125,0,-200,0
11.140846402,425.79541015625,295.1964111328125,488.0606689453125,0,-200,0
11.144776969,425.79541015625,295.1964111328125,488.0606689453125,0,-200,0
11.148931893,425.79541015625,295.1964111328125,488.0606689453125,0,-200,0
11.153124234,425.79541015625,295.1964111328125,488.0606689453125,0,-200,0
11.156818691,425.79541015625,295.1964111328125,488.0606689453125,0,-200,0
11.161027102,425.79541015625,295.1964111328125,488.0606689453125,0,-200,0
11.164995095,425.79541015625,295.1964111328125,488.0606689453125,0,-200,0
11.168955125,425.79541015625,295.1964111328125,488.0606689453125,0,-200,0
11.173191915,425.79541015625,295.1964111328125,488.0606689453125,0,-200,0
11.177033906,425.79541015625,295.1964111328125,488.0606689453125,0,-200,0
11.180987338,425.79541015625,295.1964111328125,488.0606689453125,0,-200,0
11.185226876,425.79541015625,295.1964111328125,488.0606689453125,0,-200,0
11.189268947,425.79541015625,295.1964111328125,488.0606689453125,0,-200,0
11.193211632,425.79486083984375,295.196044921875,488.0599670410156,0,-200,0
11.197303456,425.79541015625,295.1964111328125,488.0606689453125,0,-200,0
11.201224641,425.79541015625,295.1964111328125,488.0606689453125,0,-200,0
11.205189171,425.79541015625,295.1964111328125,488.0606689453125,0,-200,0
11.209440747,425.79541015625,295.1964111328125,488.0606689453125,0,-200,0
11.213358472,425.79486083984375,295.196044921875,488.0599670410156,0,-200,0
11.217353915,425.79486083984375,295.196044921875,488.0599670410156,0,-200,0
11.221520698,425.79541015625,295.1964111328125,488.0606689453125,0,-200,0
11.225436034,425.79541015625,295.1964111328125,488.0606689453125,0,-200,0
11.229374946,425.79486083984375,295.196044921875,488.0599670410156,0,-200,0
11.233680715,425.79486083984375,295.196044921875,488.0599670410156,0,-200,0
11.237628032,425.79486083984375,295.196044921875,488.0599670410156,0,-200,0
11.241544452,425.79486083984375,295.196044921875,488.0599670410156,0,-200,0
11.245702391,425.79486083984375,295.196044921875,488.0599670410156,0,-200,0
11.249622363,425.79486083984375,295.196044921875,488.0599670410156,0,-200,0
11.253846605,425.79486083984375,295.196044921875,488.0599670410156,0,-200,0
11.257807843,425.79486083984375,295.196044921875,488.0599670410156,0,-200,0
11.26174334,425.79486083984375,295.196044921875,488.0599670410156,0,-200,0
11.265714293,425.79486083984375,295.196044921875,488.0599670410156,0,-200,0
11.269837769,425.79486083984375,295.196044921875,488.0599670410156,0,-200,0
11.273875494,425.79486083984375,295.196044921875,488.0599670410156,0,-200,0
11.277760746,425.79486083984375,295.196044921875,488.0599670410156,0,-200,0
11.281991764,425.79486083984375,295.196044921875,488.0599670410156,0,-200,0
11.286047635,425.79486083984375,295.196044921875,488.0599670410156,0,-200,0
11.289878118,425.79486083984375,295.196044921875,488.0599670410156,0,-200,0
11.294169244,425.79486083984375,295.196044921875,488.0599670410156,0,-200,0
11.298021571,425.79486083984375,295.196044921875,488.0599670410156,0,-200,0
11.30196843,425.79486083984375,295.196044921875,488.0599670410156,0,-200,0
11.30619161,425.79486083984375,295.196044921875,488.0599670410156,0,-200,0
11.310084327,425.79486083984375,295.196044921875,488.0599670410156,0,-200,0
11.314148685,425.7952880859375,295.19635009765625,488.0599670410156,0,-200,0
11.318235627,425.79486083984375,295.196044921875,488.0599670410156,0,-200,0
11.322238795,425.7952880859375,295.19635009765625,488.0599670410156,0,-200,0
11.326194484,425.7952880859375,295.19635009765625,488.0599670410156,0,-200,0
11.33037656,425.7952880859375,295.19635009765625,488.0599670410156,0,-200,0
11.334447514,425.79559326171875,295.1959228515625,488.0599670410156,0,-200,0
11.33829467,425.7952880859375,295.19635009765625,488.0599670410156,0,-200,0
11.342449608999999,425.7952880859375,295.19635009765625,488.0599670410156,0,-200,0
11.346397955,425.7952880859375,295.19635009765625,488.0599670410156,0,-200,0
11.35031762,425.79559326171875,295.1959228515625,488.0599670410156,0,-200,0
11.354863531,425.79559326171875,295.1959228515625,488.0599670410156,0,-200,0
11.358445477,425.79559326171875,295.1959228515625,488.0599670410156,0,-200,0
11.362491586,425.79559326171875,295.1959228515625,488.0599670410156,0,-200,0
11.366677991,425.79559326171875,295.1959228515625,488.0599670410156,0,-200,0
11.370587793,425.79559326171875,295.1959228515625,488.0599670410156,0,-200,0
11.374613996,425.79559326171875,295.1959228515625,488.0599670410156,0,-200,0
11.378811061,425.79559326171875,295.1959228515625,488.0599670410156,0,-200,0
11.382807375,425.7964172363281,295.1947021484375,488.0599670410156,0,-200,0
11.38670333,425.79559326171875,295.1959228515625,488.0599670410156,0,-200,0
11.390828065000001,425.7964172363281,295.1947021484375,488.0599670410156,0,-200,0
11.39483347,425.7964172363281,295.1947021484375,488.0599670410156,0,-200,0
11.398725914,425.7964172363281,295.1947021484375,488.0599670410156,0,-200,0
11.402964829,425.7964172363281,295.1947021484375,488.0599670410156,0,-200,0
11.406891408,425.7964172363281,295.1947021484375,488.0599670410156,0,-200,0
11.410860848,425.7964172363281,295.1947021484375,488.0599670410156,0,-200,0
11.415106783,425.7964172363281,295.1947021484375,488.0599670410156,0,-200,0
11.418937618,425.7964172363281,295.1947021484375,488.0599670410156,0,-200,0
11.422917079,425.7964172363281,295.1947021484375,488.0599670410156,0,-200,0
11.427207266,425.79632568359375,295.19482421875,488.0599670410156,0,-200,0
11.4311728,425.79632568359375,295.19482421875,488.0599670410156,0,-200,0
11.435118903,425.7964172363281,295.1947021484375,488.0599670410156,0,-200,0
11.43922842,425.7962341308594,295.1949768066406,488.0599670410156,0,-200,0
11.443140213,425.7964172363281,295.1947021484375,488.0599670410156,0,-200,0
11.447085633,425.7964172363281,295.1947021484375,488.0599670410156,0,-200,0
11.451327645,425.7962341308594,295.1949768066406,488.0599670410156,0,-200,0
11.455510862,425.79632568359375,295.19482421875,488.0599670410156,0,-200,0
11.459266738,425.7964172363281,295.1947021484375,488.0599670410156,0,-200,0
11.463429363,425.7962341308594,295.1949768066406,488.0599670410156,0,-200,0
11.467382694,425.7964172363281,295.1947021484375,488.0599670410156,0,-200,0
11.471280794,425.7964172363281,295.1947021484375,488.0599670410156,0,-200,0
11.475588921,425.7962341308594,295.1949768066406,488.0599670410156,0,-200,0
11.479534543,425.7964172363281,295.1947021484375,488.0599670410156,0,-200,0
11.483449048,425.7964172363281,295.1947021484375,488.0599670410156,0,-200,0
11.487439752,425.7962341308594,295.1949768066406,488.0599670410156,0,-200,0
11.491557328,425.7964172363281,295.1947021484375,488.0599670410156,0,-200,0
11.495551142,425.79632568359375,295.19482421875,488.0599670410156,0,-200,0
11.499722641,425.7962341308594,295.1949768066406,488.0599670410156,0,-200,0
11.503616478,425.7964172363281,295.1947021484375,488.0599670410156,0,-200,0
11.507672702,425.7962341308594,295.1949768066406,488.0599670410156,0,-200,0
11.511786223,425.7962341308594,295.1949768066406,488.0599670410156,0,-200,0
11.515781946,425.7964172363281,295.1947021484375,488.0599670410156,0,-200,0
11.519675510999999,425.7962341308594,295.1949768066406,488.0599670410156,0,-200,0
11.523910954,425.7962341308594,295.1949768066406,488.0599670410156,0,-200,0
11.527943833,425.7964172363281,295.1947021484375,488.0599670410156,0,-200,0
11.531862301,425.7962341308594,295.1949768066406,488.0599670410156,0,-200,0
11.536111535,425.7962341308594,295.1949768066406,488.0599670410156,0,-200,0
11.539924906,425.7964172363281,295.1947021484375,488.0599670410156,0,-200,0
11.543856916,425.7962341308594,295.1949768066406,488.0599670410156,0,-200,0
11.548112892,425.79632568359375,295.19482421875,488.0599670410156,0,-200,0
11.551996088,425.7964172363281,295.1947021484375,488.0599670410156,0,-200,0
11.556280543,425.7962341308594,295.1949768066406,488.0599670410156,0,-200,0
11.560187092,425.7964172363281,295.1947021484375,488.0599670410156,0,-200,0
11.564113028,425.7964172363281,295.1947021484375,488.0599670410156,0,-200,0
11.568103014,425.7962341308594,295.1949768066406,488.0599670410156,0,-200,0
11.572301484,425.7964172363281,295.1947021484375,488.0599670410156,0,-200,0
11.576414917,425.7962341308594,295.1949768066406,488.0599670410156,0,-200,0
11.580196784,425.7962341308594,295.1949768066406,488.0599670410156,0,-200,0
11.584409359,425.7964172363281,295.1947021484375,488.0599670410156,0,-200,0
11.588333355,425.7962341308594,295.1949768066406,488.0599670410156,0,-200,0
11.5922663,425.7962341308594,295.1949768066406,488.0599670410156,0,-200,0
11.596597913,425.7964172363281,295.1947021484375,488.0599670410156,0,-200,0
11.600375719,425.7962341308594,295.1949768066406,488.0599670410156,0,-200,0
11.604371887,425.7962341308594,295.1949768066406,488.0599670410156,0,-200,0
11.608603974,425.7964172363281,295.1947021484375,488.0599670410156,0,-200,0
11.61254746,425.7962341308594,295.1949768066406,488.0599670410156,0,-200,0
11.616445902,425.7962341308594,295.1949768066406,488.0599670410156,0,-200,0
11.620719193,425.7964172363281,295.1947021484375,488.0599670410156,0,-200,0
11.624700084,425.7962341308594,295.1949768066406,488.0599670410156,0,-200,0
11.628623392,425.7964172363281,295.1947021484375,488.0599670410156,0,-200,0
11.632743733,425.7964172363281,295.1947021484375,488.0599670410156,0,-200,0
11.636718557,425.7962341308594,295.1949768066406,488.0599670410156,0,-200,0
11.640648499,425.7964172363281,295.1947021484375,488.0599670410156,0,-200,0
11.644870282,425.7962341308594,295.1949768066406,488.0599670410156,0,-200,0
11.648787404,425.7962341308594,295.1949768066406,488.0599670410156,0,-200,0
11.652809298,425.7964172363281,295.1947021484375,488.0599670410156,0,-200,0
11.657234159,425.7962341308594,295.1949768066406,488.0599670410156,0,-200,0
11.660860633,425.7962341308594,295.1949768066406,488.0599670410156,0,-200,0
11.664823543,425.7964172363281,295.1947021484375,488.0599670410156,0,-200,0
11.669090291,425.7962341308594,295.1949768066406,488.0599670410156,0,-200,0
11.673103164,425.7962341308594,295.1949768066406,488.0599670410156,0,-200,0
11.677060375,425.7964172363281,295.1947021484375,488.0599670410156,0,-200,0
11.681153466,425.7962341308594,295.1949768066406,488.0599670410156,0,-200,0
11.685068084,425.79632568359375,295.19482421875,488.0599670410156,0,-200,0
11.689066894,425.7964172363281,295.1947021484375,488.0599670410156,0,-200,0
11.693266516,425.7962341308594,295.1949768066406,488.0599670410156,0,-200,0
11.697223352,425.79632568359375,295.19482421875,488.0599670410156,0,-200,0
11.701164194,425.79632568359375,295.19482421875,488.0599670410156,0,-200,0
11.705350813999999,425.7967834472656,295.1953430175781,488.0606689453125,0,-200,0
11.709309849,425.7964172363281,295.1947021484375,488.0599670410156,0,-200,0
11.713154276000001,425.7962341308594,295.1949768066406,488.0599670410156,0,-200,0
11.717540233,425.7967834472656,295.1953430175781,488.0606689453125,0,-200,0
11.721463381,425.7964172363281,295.1947021484375,488.0599670410156,0,-200,0
11.7253663,425.7962341308594,295.1949768066406,488.0599670410156,0,-200,0
11.729577022,425.7962341308594,295.1949768066406,488.0599670410156,0,-200,0
11.73345553,425.7969665527344,295.1950988769531,488.0606689453125,0,-200,0
11.737399262,425.7967834472656,295.1953430175781,488.0606689453125,0,-200,0
11.741619087,425.7967834472656,295.1953430175781,488.0606689453125,0,-200,0
11.745552789,425.7969665527344,295.1950988769531,488.0606689453125,0,-200,0
11.749546275,425.7967834472656,295.1953430175781,488.0606689453125,0,-200,0
11.753715726,425.7967834472656,295.1953430175781,488.0606689453125,0,-200,0
11.757938215,425.7964172363281,295.1947021484375,488.0599670410156,0,-200,0
11.761576908,425.7962341308594,295.1949768066406,488.0599670410156,0,-200,0
11.765838394,425.79583740234375,295.1944885253906,488.05926513671875,0,-200,0
11.769857177,425.79632568359375,295.19482421875,488.0599670410156,0,-200,0
11.773806136,425.7962341308594,295.1949768066406,488.0599670410156,0,-200,0
11.777998679,425.79632568359375,295.19482421875,488.0599670410156,0,-200,0
11.781862903,425.7962341308594,295.1949768066406,488.0599670410156,0,-200,0
11.785785335,425.7967834472656,295.1953430175781,488.0606689453125,0,-200,0
11.790018906,425.7969665527344,295.1950988769531,488.0606689453125,0,-200,0
11.793963743,425.7967834472656,295.1953430175781,488.0606689453125,0,-200,0
11.798003839,425.7962341308594,295.1949768066406,488.0599670410156,0,-200,0
11.80211968,425.7964172363281,295.1947021484375,488.0599670410156,0,-200,0
11.806061549,425.7962341308594,295.1949768066406,488.0599670410156,0,-200,0
11.810031394,425.79571533203125,295.19464111328125,488.05926513671875,0,-200,0
11.814205014,425.7964172363281,295.1947021484375,488.0599670410156,0,-200,0
11.818250026,425.7962341308594,295.1949768066406,488.0599670410156,0,-200,0
11.822116661999999,425.7962341308594,295.1949768066406,488.0599670410156,0,-200,0
11.826291132,425.79632568359375,295.19482421875,488.0599670410156,0,-200,0
11.830251299,425.7967834472656,295.1953430175781,488.0606689453125,0,-200,0
11.834157096,425.7967834472656,295.1953430175781,488.0606689453125,0,-200,0
11.838504404,425.7969665527344,295.1950988769531,488.0606689453125,0,-200,0
11.842303665,425.7967834472656,295.1953430175781,488.0606689453125,0,-200,0
11.846347027,425.7967834472656,295.1953430175781,488.0606689453125,0,-200,0
11.850527918000001,425.7964172363281,295.1947021484375,488.0599670410156,0,-200,0
11.854419614,425.7962341308594,295.1949768066406,488.0599670410156,0,-200,0
11.858657927,425.7969665527344,295.1950988769531,488.0606689453125,0,-200,0
11.862678931,425.7964172363281,295.1947021484375,488.0599670410156,0,-200,0
11.866644524,425.7962341308594,295.1949768066406,488.0599670410156,0,-200,0
11.870563743,425.7964172363281,295.1947021484375,488.0599670410156,0,-200,0
11.874678946,425.7962341308594,295.1949768066406,488.0599670410156,0,-200,0
11.878679459,425.7962341308594,295.1949768066406,488.0599670410156,0,-200,0
11.882593758,425.7964172363281,295.1947021484375,488.0599670410156,0,-200,0
11.886800777,425.7962341308594,295.1949768066406,488.0599670410156,0,-200,0
11.890716608,425.7962341308594,295.1949768066406,488.0599670410156,0,-200,0
11.894699974,425.7969665527344,295.1950988769531,488.0606689453125,0,-200,0
11.898946481,425.7962341308594,295.1949768066406,488.0599670410156,0,-200,0
11.902810439,425.7962341308594,295.1949768066406,488.0599670410156,0,-200,0
11.906759119,425.7964172363281,295.1947021484375,488.0599670410156,0,-200,0
11.911001652,425.7962341308594,295.1949768066406,488.0599670410156,0,-200,0
11.915020526,425.79632568359375,295.19482421875,488.0599670410156,0,-200,0
11.918951778,425.7964172363281,295.1947021484375,488.0599670410156,0,-200,0
11.923070842,425.7967834472656,295.1953430175781,488.0606689453125,0,-200,0
11.926996211,425.796875,295.1952209472656,488.0606689453125,0,-200,0
11.930955922,425.796875,295.1952209472656,488.0606689453125,0,-200,0
11.935176844,425.7967834472656,295.1953430175781,488.0606689453125,0,-200,0
11.939128687,425.7969665527344,295.1950988769531,488.0606689453125,0,-200,0
11.943080901,425.7967834472656,295.1953430175781,488.0606689453125,0,-200,0
11.947242934,425.7967834472656,295.1953430175781,488.0606689453125,0,-200,0
11.951265224,425.7964172363281,295.1947021484375,488.0599670410156,0,-200,0
11.955166976,425.7962341308594,295.1949768066406,488.0599670410156,0,-200,0
11.959621724,425.7962341308594,295.1949768066406,488.0599670410156,0,-200,0
11.963363543,425.7964172363281,295.1947021484375,488.0599670410156,0,-200,0
11.967294466,425.7962341308594,295.1949768066406,488.0599670410156,0,-200,0
11.971503326,425.7962341308594,295.1949768066406,488.0599670410156,0,-200,0
11.975355239,425.7964172363281,295.1947021484375,488.0599670410156,0,-200,0
11.97932125,425.7962341308594,295.1949768066406,488.0599670410156,0,-200,0
11.983553404,425.7962341308594,295.1949768066406,488.0599670410156,0,-200,0
11.987490325,425.7969665527344,295.1950988769531,488.0606689453125,0,-200,0
11.991513209,425.7967834472656,295.1953430175781,488.0606689453125,0,-200,0
11.995647349,425.796875,295.1952209472656,488.0606689453125,0,-200,0
11.999625279,425.796875,295.1952209472656,488.0606689453125,0,-200,0
12.003507911,425.7967834472656,295.1953430175781,488.0606689453125,0,-200,0
12.007758075,425.7969665527344,295.1950988769531,488.0606689453125,0,-200,0
12.011773518,425.7967834472656,295.1953430175781,488.0606689453125,0,-200,0
12.015629291,425.7967834472656,295.1953430175781,488.0606689453125,0,-200,0
12.01989225,425.7969665527344,295.1950988769531,488.0606689453125,0,-200,0
12.023480727,425.7967834472656,295.1953430175781,488.0606689453125,0,-200,0
12.027362544,425.7967834472656,295.1953430175781,488.0606689453125,0,-200,0
12.031629196,425.7969665527344,295.1950988769531,488.0606689453125,0,-200,0
12.035528961,425.7967834472656,295.1953430175781,488.0606689453125,0,-200,0
