time,feedback_position_x,feedback_position_y,feedback_position_z,setpoint_speed_z,setpoint_speed_y,setpoint_speed_z
0.004166546,466.8350830078125,556.3505859375,497.49505615234375,0,-200,0
0.008052624,466.8350830078125,556.3505859375,497.49505615234375,0,-200,0
0.01229319,466.8350830078125,556.3505859375,497.49505615234375,0,-200,0
0.016527984,466.8350830078125,556.3505859375,497.49505615234375,0,-200,0
0.020337591,466.8350830078125,556.3505859375,497.49505615234375,0,-200,0
0.024314567,466.8350830078125,556.3505859375,497.49505615234375,0,-200,0
0.028454644,466.83404541015625,556.349365234375,497.4929504394531,0,-200,0
0.032406558,466.837646484375,556.3311767578125,497.49267578125,0,-200,0
0.036452422,466.8511657714844,556.2998657226563,497.5306396484375,0,-200,0
0.040733649,466.88726806640625,556.1925048828125,497.593017578125,0,-200,0
0.044521056,466.9477233886719,556.008056640625,497.6568298339844,0,-200,0
0.04844332,467.0188903808594,555.7588500976563,497.73095703125,0,-200,0
0.05267499,467.0821533203125,555.4361572265625,497.818115234375,0,-200,0
0.056635601,467.13134765625,555.0283813476563,497.8982849121094,0,-200,0
0.060777786,467.12939453125,554.5664672851563,497.9028625488281,0,-200,0
0.064799653,467.06903076171875,554.085693359375,497.82928466796875,0,-200,0
0.068684159,466.97613525390625,553.5560302734375,497.7558288574219,0,-200,0
0.072654036,466.8921203613281,552.9337158203125,497.6990051269531,0,-200,0
0.076914903,466.8216247558594,552.2376098632813,497.610595703125,0,-200,0
0.080867937,466.74517822265625,551.5045776367188,497.501220703125,0,-200,0
0.084801006,466.6864013671875,550.7318725585938,497.4442443847656,0,-200,0
0.089234373,466.66766357421875,549.906982421875,497.4444580078125,0,-200,0
0.093061766,466.6712951660156,549.0548095703125,497.44354248046875,0,-200,0
0.097035272,466.66900634765625,548.2139892578125,497.4230041503906,0,-200,0
0.101321986,466.6632385253906,547.3907470703125,497.4190979003906,0,-200,0
0.105179759,466.6658020019531,546.5604858398438,497.44189453125,0,-200,0
0.109246451,466.680908203125,545.7247314453125,497.4767761230469,0,-200,0
0.113518643,466.6895751953125,544.8966674804688,497.50616455078125,0,-200,0
0.117417554,466.68621826171875,544.0797119140625,497.5281066894531,0,-200,0
0.121316374,466.6797180175781,543.2705688476563,497.5553283691406,0,-200,0
0.125537387,466.67523193359375,542.4567260742188,497.5738525390625,0,-200,0
0.129515391,466.6612548828125,541.6497802734375,497.57806396484375,0,-200,0
0.133418319,466.6336364746094,540.8464965820313,497.5690612792969,0,-200,0
0.137803736,466.60321044921875,540.0518188476563,497.55859375,0,-200,0
0.14160352,466.56890869140625,539.24755859375,497.5235900878906,0,-200,0
0.145510591,466.54376220703125,538.444091796875,497.4957275390625,0,-200,0
0.149751121,466.5177917480469,537.6333618164063,497.46807861328125,0,-200,0
0.153636005,466.4909973144531,536.8232421875,497.4318542480469,0,-200,0
0.157592086,466.47149658203125,536.0135498046875,497.39984130859375,0,-200,0
0.162057805,466.4459533691406,535.2024536132813,497.3710632324219,0,-200,0
0.165753821,466.4191589355469,534.3984985351563,497.3628234863281,0,-200,0
0.169748292,466.3895263671875,533.5927734375,497.3511962890625,0,-200,0
0.173923065,466.3701477050781,532.7896118164063,497.3446350097656,0,-200,0
0.177843651,466.3512268066406,531.9803466796875,497.3321533203125,0,-200,0
0.18184727,466.34130859375,531.1650390625,497.3428649902344,0,-200,0
0.186137884,466.336669921875,530.3449096679688,497.3643798828125,0,-200,0
0.189922695,466.3358459472656,529.5254516601563,497.38507080078125,0,-200,0
0.193884523,466.33941650390625,528.7022705078125,497.3960266113281,0,-200,0
0.198124845,466.3440856933594,527.8762817382813,497.4096984863281,0,-200,0
0.202055588,466.34332275390625,527.0567626953125,497.4244079589844,0,-200,0
0.205917228,466.33221435546875,526.238525390625,497.42138671875,0,-200,0
0.210205814,466.32830810546875,525.421630859375,497.42572021484375,0,-200,0
0.214220235,466.3122863769531,524.609619140625,497.4239501953125,0,-200,0
0.218120206,466.2931823730469,523.798583984375,497.4136657714844,0,-200,0
0.222388545,466.2637023925781,522.9977416992188,497.39910888671875,0,-200,0
0.226233578,466.23175048828125,522.1943359375,497.3833312988281,0,-200,0
0.23010647,466.20062255859375,521.395263671875,497.36761474609375,0,-200,0
0.234643474,466.174072265625,520.590576171875,497.34307861328125,0,-200,0
0.238362618,466.15313720703125,519.7844848632813,497.3236083984375,0,-200,0
0.242370888,466.1317443847656,518.9793701171875,497.3190612792969,0,-200,0
0.246499194,466.10894775390625,518.1740112304688,497.31298828125,0,-200,0
0.250445025,466.0857238769531,517.3724975585938,497.30078125,0,-200,0
0.254382782,466.06744384765625,516.5648803710938,497.28643798828125,0,-200,0
0.258611294,466.0543212890625,515.7564086914063,497.272705078125,0,-200,0
0.262725319,466.0312805175781,514.9443969726563,497.2606201171875,0,-200,0
0.266509475,466.01556396484375,514.1398315429688,497.2708740234375,0,-200,0
0.270648105,466.0019836425781,513.3311157226563,497.2716979980469,0,-200,0
0.274519295,465.9920349121094,512.5148315429688,497.26898193359375,0,-200,0
0.27861128,465.9893798828125,511.6932373046875,497.2707214355469,0,-200,0
0.283038064,465.9842224121094,510.8730163574219,497.2768859863281,0,-200,0
0.286708923,465.97357177734375,510.0548400878906,497.2797546386719,0,-200,0
0.290621777,465.9585876464844,509.24114990234375,497.27911376953125,0,-200,0
0.294863727,465.9442138671875,508.4291076660156,497.2834777832031,0,-200,0
0.298783775,465.9264831542969,507.6208190917969,497.2855224609375,0,-200,0
0.302806239,465.9103698730469,506.81060791015625,497.2799987792969,0,-200,0
0.306922058,465.8961181640625,506.0040283203125,497.2843933105469,0,-200,0
0.310912747,465.87701416015625,505.1959228515625,497.279296875,0,-200,0
0.314874802,465.8553466796875,504.3952941894531,497.2756042480469,0,-200,0
0.319097242,465.8273010253906,503.5968933105469,497.25799560546875,0,-200,0
0.323076274,465.8011169433594,502.79473876953125,497.244384765625,0,-200,0
0.326844233,465.78326416015625,501.99102783203125,497.2474365234375,0,-200,0
0.331281771,465.76422119140625,501.18218994140625,497.2353210449219,0,-200,0
0.335072891,465.7450866699219,500.3753967285156,497.216552734375,0,-200,0
0.339115961,465.7271423339844,499.5689697265625,497.1927795410156,0,-200,0
0.343367953,465.7065734863281,498.7602233886719,497.1761474609375,0,-200,0
0.347160591,465.6905212402344,497.9500427246094,497.17071533203125,0,-200,0
0.35102797,465.672119140625,497.1396789550781,497.15557861328125,0,-200,0
0.355377928,465.6596374511719,496.3302917480469,497.15106201171875,0,-200,0
0.359264087,465.6497497558594,495.51373291015625,497.1447448730469,0,-200,0
0.363488586,465.6434631347656,494.6985778808594,497.1513366699219,0,-200,0
0.367455383,465.6385498046875,493.87921142578125,497.1529846191406,0,-200,0
0.371406534,465.6284484863281,493.0648193359375,497.1591796875,0,-200,0
0.375349053,465.6182556152344,492.2564697265625,497.17474365234375,0,-200,0
0.379730488,465.60491943359375,491.4441833496094,497.1812744140625,0,-200,0
0.383430523,465.5908203125,490.6372985839844,497.1874694824219,0,-200,0
0.387407212,465.5768737792969,489.8328552246094,497.1968688964844,0,-200,0
0.391549553,465.5589599609375,489.02435302734375,497.1956787109375,0,-200,0
0.395585586,465.5435485839844,488.2174377441406,497.197021484375,0,-200,0
0.399540996,465.519775390625,487.4132080078125,497.1789245605469,0,-200,0
0.403794461,465.4971008300781,486.6117248535156,497.16339111328125,0,-200,0
0.407712712,465.4714050292969,485.8094482421875,497.1528015136719,0,-200,0
0.411635495,465.44647216796875,485.0018615722656,497.13690185546875,0,-200,0
0.415870813,465.43243408203125,484.1927795410156,497.1231689453125,0,-200,0
0.419732249,465.4122009277344,483.3847961425781,497.09521484375,0,-200,0
0.423766278,465.39208984375,482.5822448730469,497.07244873046875,0,-200,0
0.428083664,465.3742370605469,481.7810363769531,497.063720703125,0,-200,0
0.431827333,465.35321044921875,480.9752197265625,497.0594787597656,0,-200,0
0.435820397,465.34185791015625,480.1687927246094,497.06201171875,0,-200,0
0.44010824,465.3330078125,479.35528564453125,497.0561218261719,0,-200,0
0.443906105,465.3182678222656,478.54351806640625,497.05120849609375,0,-200,0
0.447897465,465.3028259277344,477.73980712890625,497.0581359863281,0,-200,0
0.452142038,465.28369140625,476.93280029296875,497.0610046386719,0,-200,0
0.456012865,465.2713928222656,476.12188720703125,497.06463623046875,0,-200,0
0.460031765,465.2608642578125,475.3119201660156,497.06939697265625,0,-200,0
0.464540984,465.2461853027344,474.49951171875,497.070556640625,0,-200,0
0.468170417,465.23486328125,473.6879577636719,497.0718688964844,0,-200,0
0.472088603,465.2183837890625,472.8787536621094,497.0658874511719,0,-200,0
0.476474495,465.1971435546875,472.0761413574219,497.0643615722656,0,-200,0
0.480205411,465.1825866699219,471.2680969238281,497.0663146972656,0,-200,0
0.484197913,465.1679992675781,470.45880126953125,497.0589904785156,0,-200,0
0.488460685,465.14971923828125,469.65380859375,497.0472717285156,0,-200,0
0.492347466,465.1339111328125,468.85321044921875,497.04248046875,0,-200,0
0.496249114,465.1151428222656,468.0478210449219,497.0380859375,0,-200,0
0.500588773,465.0990295410156,467.2421875,497.03631591796875,0,-200,0
0.504434877,465.0791931152344,466.4371643066406,497.02044677734375,0,-200,0
0.508437691,465.0586853027344,465.63385009765625,496.99920654296875,0,-200,0
0.512553227,465.04193115234375,464.82763671875,496.98333740234375,0,-200,0
0.516583366,465.0262145996094,464.0202331542969,496.9736633300781,0,-200,0
0.520463381,465.0114440917969,463.206298828125,496.9663391113281,0,-200,0
0.524901183,464.9944763183594,462.3987121582031,496.95928955078125,0,-200,0
0.528606598,464.9815368652344,461.5885925292969,496.94873046875,0,-200,0
0.532560205,464.96636962890625,460.78021240234375,496.9434814453125,0,-200,0
0.536745407,464.9501647949219,459.97314453125,496.9462585449219,0,-200,0
0.540738063,464.9366760253906,459.1629943847656,496.94659423828125,0,-200,0
0.544709696,464.92596435546875,458.352783203125,496.9498291015625,0,-200,0
0.548895328,464.9146423339844,457.54248046875,496.9564514160156,0,-200,0
0.552736842,464.9030456542969,456.7358703613281,496.96734619140625,0,-200,0
0.55681024,464.8883972167969,455.9312438964844,496.9723205566406,0,-200,0
0.561003943,464.871826171875,455.1252136230469,496.973876953125,0,-200,0
0.565164145,464.8558349609375,454.3203125,496.9782409667969,0,-200,0
0.568846355,464.8411560058594,453.5157775878906,496.9807434082031,0,-200,0
0.573250199,464.82000732421875,452.7087707519531,496.96697998046875,0,-200,0
0.577022669,464.7981262207031,451.9056701660156,496.9488830566406,0,-200,0
0.580933194,464.77557373046875,451.10858154296875,496.9385070800781,0,-200,0
0.585244878,464.7553405761719,450.2986755371094,496.9242858886719,0,-200,0
0.589105985,464.7393798828125,449.4891662597656,496.9141540527344,0,-200,0
0.593203669,464.7219543457031,448.6847839355469,496.9001159667969,0,-200,0
0.597348816,464.7027282714844,447.8791809082031,496.8778381347656,0,-200,0
0.601220632,464.6808776855469,447.08026123046875,496.8630676269531,0,-200,0
0.60519161,464.6593017578125,446.27606201171875,496.84930419921875,0,-200,0
0.609396076,464.64605712890625,445.47015380859375,496.8482971191406,0,-200,0
0.613280276,464.63531494140625,444.6603088378906,496.8546142578125,0,-200,0
0.617294086,464.62274169921875,443.8484802246094,496.8485107421875,0,-200,0
0.621650336,464.61279296875,443.0456848144531,496.8566589355469,0,-200,0
0.625471085,464.59893798828125,442.2379150390625,496.86102294921875,0,-200,0
0.629307983,464.5826416015625,441.4293212890625,496.86346435546875,0,-200,0
0.633545242,464.5757751464844,440.62042236328125,496.87255859375,0,-200,0
0.637519627,464.5621337890625,439.8103332519531,496.87005615234375,0,-200,0
0.641471212,464.54522705078125,439.0010986328125,496.8669128417969,0,-200,0
0.645762305,464.5313720703125,438.1936340332031,496.87139892578125,0,-200,0
0.649649014,464.5130615234375,437.38763427734375,496.8702087402344,0,-200,0
0.653528556,464.4931335449219,436.5831604003906,496.85693359375,0,-200,0
0.657755843,464.4752502441406,435.7810974121094,496.8564453125,0,-200,0
0.661674348,464.4564208984375,434.9745788574219,496.8512268066406,0,-200,0
0.665936578,464.4366455078125,434.1676940917969,496.8362121582031,0,-200,0
0.670044636,464.41949462890625,433.3647155761719,496.8250427246094,0,-200,0
0.673739501,464.40203857421875,432.5594787597656,496.81158447265625,0,-200,0
0.677808922,464.38482666015625,431.7550354003906,496.80181884765625,0,-200,0
0.681977074,464.371337890625,430.9516906738281,496.8026123046875,0,-200,0
0.685937642,464.3533020019531,430.1451721191406,496.7939758300781,0,-200,0
0.689803506,464.33929443359375,429.336669921875,496.7786865234375,0,-200,0
0.694108287,464.329345703125,428.5283203125,496.770263671875,0,-200,0
0.69808562,464.3165283203125,427.71856689453125,496.7602844238281,0,-200,0
0.702021063,464.2999572753906,426.9114685058594,496.7596435546875,0,-200,0
0.706205651,464.28790283203125,426.10498046875,496.7677001953125,0,-200,0
0.710079199,464.26788330078125,425.2984313964844,496.7622375488281,0,-200,0
0.714046833,464.2521667480469,424.4915466308594,496.7569580078125,0,-200,0
0.71852845,464.23211669921875,423.69097900390625,496.7621765136719,0,-200,0
0.722208312,464.2148742675781,422.886962890625,496.7654113769531,0,-200,0
0.726184921,464.1990661621094,422.07928466796875,496.7638854980469,0,-200,0
0.730332022,464.1856689453125,421.2726745605469,496.7647399902344,0,-200,0
0.734268698,464.17047119140625,420.4715270996094,496.7657470703125,0,-200,0
0.73817582,464.14642333984375,419.6726989746094,496.7620849609375,0,-200,0
0.742533586,464.12921142578125,418.8741149902344,496.7612609863281,0,-200,0
0.7464559,464.11126708984375,418.07135009765625,496.7566223144531,0,-200,0
0.750336018,464.0951843261719,417.2608947753906,496.7428283691406,0,-200,0
0.754471799,464.0838623046875,416.45599365234375,496.739990234375,0,-200,0
0.758413721,464.0683898925781,415.650390625,496.7352600097656,0,-200,0
0.762383583,464.0494689941406,414.84515380859375,496.7199401855469,0,-200,0
0.767118684,464.0384826660156,414.0391540527344,496.7078552246094,0,-200,0
0.770516578,464.0258483886719,413.23199462890625,496.70220947265625,0,-200,0
0.774515212,464.009033203125,412.42327880859375,496.6966857910156,0,-200,0
0.778765904,463.9962463378906,411.6177062988281,496.69427490234375,0,-200,0
0.782663173,463.9803161621094,410.8134460449219,496.6889953613281,0,-200,0
0.786647257,463.9613342285156,410.0061340332031,496.67779541015625,0,-200,0
0.790792293,463.9446105957031,409.2018127441406,496.6691589355469,0,-200,0
0.794843232,463.934326171875,408.39752197265625,496.6694030761719,0,-200,0
0.798686541,463.9169616699219,407.5903015136719,496.664306640625,0,-200,0
0.803042307,463.8983459472656,406.7864990234375,496.6710205078125,0,-200,0
0.806459603,463.8858947753906,405.9832763671875,496.674560546875,0,-200,0
0.810407805,463.8701477050781,405.1761779785156,496.6683044433594,0,-200,0
0.814821424,463.85552978515625,404.3722229003906,496.6690979003906,0,-200,0
0.81857839,463.84173583984375,403.5679931640625,496.67169189453125,0,-200,0
0.822590958,463.82354736328125,402.7660827636719,496.6689147949219,0,-200,0
0.826850501,463.8070983886719,401.9623718261719,496.6576843261719,0,-200,0
0.830723968,463.7931213378906,401.15899658203125,496.6547546386719,0,-200,0
0.834671438,463.78009033203125,400.35247802734375,496.648681640625,0,-200,0
0.838959979,463.7651062011719,399.5440673828125,496.6419677734375,0,-200,0
0.842929961,463.7492370605469,398.7402038574219,496.6365966796875,0,-200,0
0.846894585,463.7304382324219,397.93743896484375,496.6242370605469,0,-200,0
0.851045226,463.7106018066406,397.13836669921875,496.6195373535156,0,-200,0
0.855025134,463.6970520019531,396.33441162109375,496.6222229003906,0,-200,0
0.859127829,463.68328857421875,395.527099609375,496.6195068359375,0,-200,0
0.863550955,463.6679382324219,394.7182922363281,496.6048889160156,0,-200,0
0.867602284,463.65130615234375,393.9165954589844,496.5990295410156,0,-200,0
0.871267194,463.63238525390625,393.11669921875,496.5982666015625,0,-200,0
0.87547515,463.6087951660156,392.3134765625,496.5943603515625,0,-200,0
0.879394216,463.5926818847656,391.5087890625,496.5964050292969,0,-200,0
0.883459412,463.5797119140625,390.7058410644531,496.5974426269531,0,-200,0
0.887733932,463.5639953613281,389.9020080566406,496.58929443359375,0,-200,0
0.891661354,463.5471496582031,389.09930419921875,496.5815124511719,0,-200,0
0.895540083,463.5314025878906,388.2958679199219,496.5745849609375,0,-200,0
0.899812386,463.5154724121094,387.4884338378906,496.5709228515625,0,-200,0
0.903609781,463.50445556640625,386.6781921386719,496.5711669921875,0,-200,0
0.907721924,463.4930114746094,385.8734130859375,496.5660400390625,0,-200,0
0.911913265,463.4790344238281,385.0687255859375,496.5611572265625,0,-200,0
0.915800348,463.4622497558594,384.2676086425781,496.5585632324219,0,-200,0
0.91976483,463.45050048828125,383.4607238769531,496.5603942871094,0,-200,0
0.923941233,463.4358215332031,382.6536560058594,496.5561218261719,0,-200,0
0.927875683,463.4214782714844,381.8496398925781,496.5481872558594,0,-200,0
0.931745198,463.4042053222656,381.046142578125,496.5460205078125,0,-200,0
0.9358973,463.3906555175781,380.2448425292969,496.5428771972656,0,-200,0
0.939858764,463.36981201171875,379.438232421875,496.5360412597656,0,-200,0
0.943974834,463.3515319824219,378.63726806640625,496.53411865234375,0,-200,0
0.948114296,463.3371276855469,377.83343505859375,496.5302429199219,0,-200,0
0.952003867,463.3197937011719,377.03009033203125,496.52423095703125,0,-200,0
0.955954869,463.3016662597656,376.226318359375,496.51849365234375,0,-200,0
0.960359527,463.28643798828125,375.42291259765625,496.52313232421875,0,-200,0
0.964081951,463.27154541015625,374.6195068359375,496.5201416015625,0,-200,0
0.968353509,463.25567626953125,373.81396484375,496.5087890625,0,-200,0
0.972380089,463.23931884765625,373.00762939453125,496.5006103515625,0,-200,0
0.976151807,463.2231750488281,372.2102355957031,496.5052795410156,0,-200,0
0.980176447,463.2020263671875,371.4088439941406,496.5018005371094,0,-200,0
0.984433852,463.1871032714844,370.60052490234375,496.4952697753906,0,-200,0
0.988342348,463.17578125,369.79718017578125,496.4905700683594,0,-200,0
0.992210635,463.16259765625,368.9896545410156,496.47967529296875,0,-200,0
0.996480314,463.142822265625,368.1874084472656,496.46728515625,0,-200,0
1.00038091,463.1260986328125,367.388916015625,496.4615173339844,0,-200,0
1.004339403,463.1096496582031,366.5850524902344,496.4635314941406,0,-200,0
1.008748732,463.0962219238281,365.7756652832031,496.46136474609375,0,-200,0
1.012488255,463.0820007324219,364.9720153808594,496.4533386230469,0,-200,0
1.016525047,463.065185546875,364.17486572265625,496.4560546875,0,-200,0
1.020695096,463.0502624511719,363.3706359863281,496.456298828125,0,-200,0
1.024610474,463.02984619140625,362.5654296875,496.4518737792969,0,-200,0
1.028579863,463.0152587890625,361.760498046875,496.45001220703125,0,-200,0
1.032752794,462.9996032714844,360.9562683105469,496.4478759765625,0,-200,0
1.036709526,462.97906494140625,360.15509033203125,496.4404602050781,0,-200,0
1.040638449,462.9627685546875,359.3543701171875,496.43804931640625,0,-200,0
1.044846974,462.9493713378906,358.5469970703125,496.4358825683594,0,-200,0
1.048822885,462.9363098144531,357.74395751953125,496.4371337890625,0,-200,0
1.052701761,462.9202880859375,356.9376525878906,496.4299011230469,0,-200,0
1.05707662,462.9058532714844,356.13250732421875,496.4229431152344,0,-200,0
1.060851698,462.8945007324219,355.3282165527344,496.4217224121094,0,-200,0
1.064870349,462.87591552734375,354.5222473144531,496.4180603027344,0,-200,0
1.069322967,462.8609924316406,353.7161865234375,496.4104309082031,0,-200,0
1.072983147,462.8470153808594,352.9132995605469,496.4062805175781,0,-200,0
1.077007832,462.8321228027344,352.11004638671875,496.39874267578125,0,-200,0
1.081164778,462.8159484863281,351.3070983886719,496.3902282714844,0,-200,0
1.084983243,462.8011779785156,350.5013732910156,496.39031982421875,0,-200,0
1.089083585,462.7861022949219,349.6995544433594,496.39453125,0,-200,0
1.093246427,462.7674255371094,348.8978271484375,496.3923034667969,0,-200,0
1.097149413,462.74462890625,348.10052490234375,496.38153076171875,0,-200,0
1.101152776,462.72760009765625,347.29986572265625,496.3759460449219,0,-200,0
1.105531924,462.71600341796875,346.4984436035156,496.37518310546875,0,-200,0
1.1093513640000001,462.69940185546875,345.6911315917969,496.3704528808594,0,-200,0
1.113271386,462.67657470703125,344.89019775390625,496.3629150390625,0,-200,0
1.11747717,462.6598205566406,344.0917053222656,496.3688049316406,0,-200,0
1.121388847,462.6431579589844,343.2911682128906,496.3643493652344,0,-200,0
1.125314096,462.6264953613281,342.4830627441406,496.3592224121094,0,-200,0
1.129610649,462.6119079589844,341.67919921875,496.3550720214844,0,-200,0
1.133508534,462.5961608886719,340.8785400390625,496.3581237792969,0,-200,0
1.137461909,462.5820007324219,340.0749816894531,496.3523864746094,0,-200,0
1.14164604,462.5671691894531,339.26751708984375,496.34600830078125,0,-200,0
1.1455807120000001,462.5540466308594,338.45648193359375,496.3381652832031,0,-200,0
1.149533273,462.5451965332031,337.6533508300781,496.3404541015625,0,-200,0
1.15382973,462.5262756347656,336.85235595703125,496.3326416015625,0,-200,0
1.157638538,462.5074157714844,336.0500183105469,496.3289794921875,0,-200,0
1.161608048,462.49578857421875,335.24407958984375,496.325927734375,0,-200,0
1.165798007,462.4842834472656,334.43896484375,496.3229675292969,0,-200,0
1.169996655,462.46893310546875,333.6337585449219,496.31500244140625,0,-200,0
1.1736737050000001,462.4492492675781,332.8335266113281,496.31390380859375,0,-200,0
1.177882268,462.4339599609375,332.03369140625,496.3183288574219,0,-200,0
1.181866781,462.4169616699219,331.2339782714844,496.31591796875,0,-200,0
1.185813102,462.3980712890625,330.4316101074219,496.3077087402344,0,-200,0
1.190087572,462.38226318359375,329.628662109375,496.30035400390625,0,-200,0
1.193885369,462.3711853027344,328.82855224609375,496.3066101074219,0,-200,0
1.197871228,462.35528564453125,328.022216796875,496.3045959472656,0,-200,0
1.202277603,462.3346252441406,327.216552734375,496.2969055175781,0,-200,0
1.206025535,462.3191833496094,326.4159240722656,496.29058837890625,0,-200,0
1.210084105,462.30084228515625,325.6165771484375,496.2869873046875,0,-200,0
1.214188599,462.2812805175781,324.81304931640625,496.27569580078125,0,-200,0
1.218133874,462.2657775878906,324.0090637207031,496.2633972167969,0,-200,0
1.222118067,462.25048828125,323.20391845703125,496.2604064941406,0,-200,0
1.226385307,462.233642578125,322.4023132324219,496.2593994140625,0,-200,0
1.230237568,462.2178649902344,321.6014404296875,496.2607727050781,0,-200,0
1.2341968429999999,462.2030334472656,320.7999572753906,496.25555419921875,0,-200,0
1.238382292,462.1889343261719,319.9970397949219,496.25103759765625,0,-200,0
1.242271882,462.1773376464844,319.1944580078125,496.2542419433594,0,-200,0
1.24624366,462.1604309082031,318.3922119140625,496.2529296875,0,-200,0
1.250695948,462.14288330078125,317.5902099609375,496.2481384277344,0,-200,0
1.25438883,462.1275329589844,316.7870788574219,496.2455749511719,0,-200,0
1.2583711819999999,462.1138610839844,315.9806213378906,496.2399597167969,0,-200,0
1.262570182,462.09857177734375,315.1801452636719,496.23822021484375,0,-200,0
1.266608784,462.0815734863281,314.3811950683594,496.23614501953125,0,-200,0
1.270707252,462.0667419433594,313.5810852050781,496.2372741699219,0,-200,0
1.27473489,462.05096435546875,312.7784729003906,496.2351379394531,0,-200,0
1.278547993,462.0370788574219,311.971923828125,496.2342529296875,0,-200,0
1.2825806499999999,462.0238342285156,311.16650390625,496.22613525390625,0,-200,0
1.286793192,462.0050964355469,310.3638610839844,496.22137451171875,0,-200,0
1.290720636,461.9889221191406,309.5603942871094,496.2206115722656,0,-200,0
1.294617995,461.97161865234375,308.7580871582031,496.2196350097656,0,-200,0
1.29895005,461.9557800292969,307.95489501953125,496.2088317871094,0,-200,0
1.30282462,461.9393615722656,307.1539611816406,496.2050476074219,0,-200,0
1.30679694,461.9242248535156,306.35003662109375,496.1972351074219,0,-200,0
1.310979815,461.90924072265625,305.5474853515625,496.1933898925781,0,-200,0
1.31489876,461.88970947265625,304.7452087402344,496.1910705566406,0,-200,0
1.318807101,461.8717346191406,303.9483642578125,496.1921081542969,0,-200,0
1.323091037,461.85418701171875,303.1448669433594,496.1877136230469,0,-200,0
1.326906568,461.8406677246094,302.34027099609375,496.18365478515625,0,-200,0
1.3310097029999999,461.8274230957031,301.53839111328125,496.1805114746094,0,-200,0
1.3350869300000001,461.8083801269531,300.73846435546875,496.17401123046875,0,-200,0
1.339051532,461.79266357421875,299.94073486328125,496.1697692871094,0,-200,0
1.343099469,461.7773742675781,299.13824462890625,496.1694030761719,0,-200,0
1.347443441,461.7623596191406,298.3341064453125,496.1694030761719,0,-200,0
1.3513062470000001,461.7463684082031,297.5318603515625,496.1682434082031,0,-200,0
1.355134751,461.73187255859375,296.7331848144531,496.1647033691406,0,-200,0
1.359344412,461.7169189453125,295.93231201171875,496.16375732421875,0,-200,0
1.363281342,461.7024230957031,295.1236877441406,496.1614990234375,0,-200,0
1.3672176249999999,461.6894226074219,294.3141784667969,496.1596374511719,0,-200,0
1.371846157,461.6735534667969,293.517822265625,496.1598815917969,0,-200,0
1.375385788,461.65667724609375,292.7171630859375,496.1540222167969,0,-200,0
1.379375834,461.64312744140625,291.91302490234375,496.15277099609375,0,-200,0
1.383537808,461.62750244140625,291.10711669921875,496.1474304199219,0,-200,0
1.387471568,461.6123046875,290.3045654296875,496.1428527832031,0,-200,0
1.391475457,461.5967102050781,289.50238037109375,496.1428527832031,0,-200,0
1.395820872,461.5804443359375,288.70294189453125,496.1393737792969,0,-200,0
1.399598036,461.5576171875,287.9012451171875,496.1302490234375,0,-200,0
1.403523823,461.5446472167969,287.098388671875,496.1236267089844,0,-200,0
1.4077645269999999,461.52984619140625,286.2950439453125,496.1184997558594,0,-200,0
1.411679146,461.5128173828125,285.4928283691406,496.1201171875,0,-200,0
1.415587197,461.49285888671875,284.6870422363281,496.1136474609375,0,-200,0
1.4199226440000001,461.4774169921875,283.8880310058594,496.1107177734375,0,-200,0
1.423752863,461.4611511230469,283.0894775390625,496.10479736328125,0,-200,0
1.42776422,461.4449157714844,282.2861022949219,496.10125732421875,0,-200,0
1.431958142,461.430908203125,281.48663330078125,496.0999450683594,0,-200,0
1.435841768,461.4145202636719,280.6844787597656,496.09796142578125,0,-200,0
1.439818929,461.39593505859375,279.8859558105469,496.09844970703125,0,-200,0
1.444192648,461.3783264160156,279.0837707519531,496.0983581542969,0,-200,0
1.447937007,461.36712646484375,278.2770690917969,496.0950927734375,0,-200,0
1.4519391609999999,461.351806640625,277.4751892089844,496.0888366699219,0,-200,0
1.456197462,461.3365783691406,276.67279052734375,496.0859069824219,0,-200,0
1.460011798,461.31939697265625,275.87225341796875,496.0794372558594,0,-200,0
1.46399638,461.3049621582031,275.0693054199219,496.07373046875,0,-200,0
1.46829975,461.2921447753906,274.2667236328125,496.0740966796875,0,-200,0
1.472406488,461.2752685546875,273.46295166015625,496.0732727050781,0,-200,0
1.476123943,461.2605285644531,272.6635437011719,496.07537841796875,0,-200,0
1.4803177490000001,461.2452697753906,271.8626403808594,496.0711975097656,0,-200,0
1.48424136,461.2281494140625,271.0630798339844,496.06854248046875,0,-200,0
1.488189497,461.216796875,270.2568664550781,496.071533203125,0,-200,0
1.492626258,461.1990051269531,269.4534912109375,496.06927490234375,0,-200,0
1.496395954,461.1842956542969,268.64898681640625,496.0644226074219,0,-200,0
1.5002536530000001,461.16827392578125,267.8514099121094,496.06048583984375,0,-200,0
1.504471213,461.1494140625,267.0493469238281,496.0546875,0,-200,0
1.5084565030000001,461.1317138671875,266.24798583984375,496.0469055175781,0,-200,0
1.512379654,461.11639404296875,265.44635009765625,496.0473327636719,0,-200,0
1.5166031979999999,461.0999755859375,264.642333984375,496.0401916503906,0,-200,0
1.5205061899999999,461.0814514160156,263.8424377441406,496.0377197265625,0,-200,0
1.524462607,461.0628356933594,263.0414123535156,496.0340881347656,0,-200,0
1.528713164,461.0472106933594,262.23565673828125,496.0292053222656,0,-200,0
1.532620493,461.0340576171875,261.43609619140625,496.02777099609375,0,-200,0
1.5365528689999999,461.0163269042969,260.6368713378906,496.02191162109375,0,-200,0
1.5409468020000001,460.9986877441406,259.8383483886719,496.0263366699219,0,-200,0
1.544708132,460.9830017089844,259.03515625,496.0226135253906,0,-200,0
1.5486780919999998,460.9677429199219,258.231689453125,496.02117919921875,0,-200,0
1.552941135,460.95343017578125,257.42999267578125,496.01873779296875,0,-200,0
1.556782544,460.9365234375,256.6320495605469,496.01397705078125,0,-200,0
1.560758072,460.9207458496094,255.83082580566406,496.008056640625,0,-200,0
1.5650284509999999,460.9068908691406,255.0248565673828,496.00537109375,0,-200,0
1.5689149919999998,460.8934020996094,254.22206115722656,496.00616455078125,0,-200,0
1.5731475879999999,460.87799072265625,253.42172241210938,496.0104675292969,0,-200,0
1.577077882,460.86181640625,252.61988830566406,496.00775146484375,0,-200,0
1.580999225,460.84649658203125,251.81686401367188,496.0039367675781,0,-200,0
1.5849797300000001,460.830322265625,251.0139923095703,495.99859619140625,0,-200,0
1.589321205,460.8169860839844,250.21153259277344,495.99774169921875,0,-200,0
1.5931894089999998,460.8030090332031,249.4099578857422,495.9970703125,0,-200,0
1.596993847,460.7879333496094,248.60726928710938,495.99041748046875,0,-200,0
1.601265328,460.7715148925781,247.80734252929688,495.9869384765625,0,-200,0
1.605162025,460.7550354003906,247.00457763671875,495.9857177734375,0,-200,0
1.609126133,460.7362365722656,246.2006378173828,495.98492431640625,0,-200,0
1.613488792,460.72406005859375,245.40086364746094,495.98590087890625,0,-200,0
1.6172407039999999,460.7032775878906,244.60401916503906,495.97869873046875,0,-200,0
1.621253185,460.68634033203125,243.80264282226563,495.97589111328125,0,-200,0
1.625482753,460.6691589355469,242.9999542236328,495.9732666015625,0,-200,0
1.629407981,460.6522216796875,242.1999053955078,495.9712829589844,0,-200,0
1.633490613,460.632080078125,241.40069580078125,495.9668273925781,0,-200,0
1.6377148080000001,460.617919921875,240.60044860839844,495.9645080566406,0,-200,0
1.641485972,460.5992126464844,239.7950439453125,495.9593811035156,0,-200,0
1.645494506,460.58380126953125,238.9911346435547,495.95269775390625,0,-200,0
1.649671495,460.56890869140625,238.18983459472656,495.953125,0,-200,0
1.65363495,460.55401611328125,237.38796997070313,495.9506530761719,0,-200,0
1.657548856,460.5376281738281,236.58596801757813,495.9472961425781,0,-200,0
1.66177056,460.5238342285156,235.78536987304688,495.9499206542969,0,-200,0
1.6656772549999999,460.50604248046875,234.98216247558594,495.9435729980469,0,-200,0
1.669698393,460.4908447265625,234.18260192871094,495.9400939941406,0,-200,0
1.6740688289999999,460.476806640625,233.37698364257813,495.9371032714844,0,-200,0
1.677729797,460.4617614746094,232.5742645263672,495.9321594238281,0,-200,0
1.68166517,460.4457092285156,231.77049255371094,495.9329833984375,0,-200,0
1.6861067840000001,460.42877197265625,230.9685821533203,495.9327087402344,0,-200,0
1.689884754,460.41326904296875,230.16575622558594,495.92913818359375,0,-200,0
1.693877471,460.3982849121094,229.36764526367188,495.927001953125,0,-200,0
1.698056517,460.38079833984375,228.56503295898438,495.9224548339844,0,-200,0
1.701952957,460.3664855957031,227.76515197753906,495.91986083984375,0,-200,0
1.705884409,460.3493957519531,226.96336364746094,495.9178466796875,0,-200,0
1.710143513,460.3313903808594,226.1666717529297,495.9188537597656,0,-200,0
1.7140567770000001,460.3183288574219,225.3675079345703,495.9241943359375,0,-200,0
1.7179913839999998,460.30328369140625,224.56410217285156,495.9222717285156,0,-200,0
1.722229985,460.2882080078125,223.75965881347656,495.9195251464844,0,-200,0
1.7261587390000002,460.2693786621094,222.9627227783203,495.919921875,0,-200,0
1.730185498,460.2519836425781,222.16375732421875,495.9134826660156,0,-200,0
1.734555579,460.2357177734375,221.35939025878906,495.9074401855469,0,-200,0
1.738203748,460.224365234375,220.55960083007813,495.90673828125,0,-200,0
1.742244684,460.20599365234375,219.75596618652344,495.8990783691406,0,-200,0
1.746465918,460.18792724609375,218.9546661376953,495.8944091796875,0,-200,0
1.7504454969999999,460.17138671875,218.1514129638672,495.89483642578125,0,-200,0
1.7543962560000002,460.1561279296875,217.3499298095703,495.89373779296875,0,-200,0
1.758559025,460.1392517089844,216.5460662841797,495.89013671875,0,-200,0
1.762555242,460.12469482421875,215.74227905273438,495.88665771484375,0,-200,0
1.7664868500000002,460.10906982421875,214.94284057617188,495.88677978515625,0,-200,0
1.770671042,460.0909118652344,214.14010620117188,495.8837890625,0,-200,0
1.774759232,460.07684326171875,213.33770751953125,495.8832702636719,0,-200,0
1.778480767,460.0611572265625,212.5345916748047,495.88067626953125,0,-200,0
1.782872408,460.0462951660156,211.73345947265625,495.8783264160156,0,-200,0
1.7866844130000001,460.0287170410156,210.92955017089844,495.8724670410156,0,-200,0
1.790638533,460.0140380859375,210.12644958496094,495.8726501464844,0,-200,0
1.794882259,459.998046875,209.32435607910156,495.8681640625,0,-200,0
1.79875476,459.9788818359375,208.52566528320313,495.8643798828125,0,-200,0
1.802614298,459.9643249511719,207.73013305664063,495.8648376464844,0,-200,0
1.806888894,459.9471740722656,206.92706298828125,495.85894775390625,0,-200,0
1.81049452,459.931884765625,206.12432861328125,495.8598327636719,0,-200,0
1.814451704,459.9149169921875,205.326171875,495.85699462890625,0,-200,0
1.818700675,459.8963928222656,204.5272979736328,495.8531494140625,0,-200,0
1.8226059270000001,459.8837890625,203.72422790527344,495.8531494140625,0,-200,0
1.826792822,459.867919921875,202.9202880859375,495.8498840332031,0,-200,0
1.831191189,459.85406494140625,202.11880493164063,495.8523254394531,0,-200,0
1.835115052,459.8379821777344,201.3168487548828,495.85382080078125,0,-200,0
1.838977153,459.8237609863281,200.5178680419922,495.8559265136719,0,-200,0
1.843250836,459.8037414550781,199.71633911132813,495.85211181640625,0,-200,0
1.8470928880000002,459.79046630859375,198.91412353515625,495.8504333496094,0,-200,0
1.851068575,459.7755126953125,198.11280822753906,495.8495178222656,0,-200,0
1.855480386,459.760009765625,197.3101348876953,495.84368896484375,0,-200,0
1.859201745,459.7463073730469,196.50514221191406,495.84173583984375,0,-200,0
1.863203968,459.7310485839844,195.70257568359375,495.84039306640625,0,-200,0
1.867357013,459.71246337890625,194.9001922607422,495.8377380371094,0,-200,0
1.8712574210000001,459.6950378417969,194.0988311767578,495.8359375,0,-200,0
1.8751964330000002,459.67547607421875,193.29917907714844,495.8341979980469,0,-200,0
1.879658972,459.662353515625,192.49493408203125,495.83538818359375,0,-200,0
1.8834508639999998,459.64556884765625,191.69435119628906,495.82989501953125,0,-200,0
1.887398658,459.62896728515625,190.8974609375,495.8298645019531,0,-200,0
1.8916095579999999,459.6108703613281,190.09632873535156,495.8253173828125,0,-200,0
1.895546795,459.5961608886719,189.29196166992188,495.8243713378906,0,-200,0
1.899435738,459.5777282714844,188.48890686035156,495.819091796875,0,-200,0
1.903617431,459.5591735839844,187.69140625,495.8106384277344,0,-200,0
1.9076334130000001,459.5469665527344,186.89393615722656,495.81781005859375,0,-200,0
1.9115626890000001,459.52606201171875,186.0911407470703,495.81378173828125,0,-200,0
1.9157858349999999,459.50885009765625,185.28721618652344,495.8089599609375,0,-200,0
1.919719614,459.49652099609375,184.4853057861328,495.812255859375,0,-200,0
1.923639794,459.47705078125,183.6820068359375,495.806884765625,0,-200,0
1.928004569,459.4637451171875,182.87965393066406,495.80548095703125,0,-200,0
1.93176929,459.446533203125,182.0797882080078,495.8063659667969,0,-200,0
1.935796238,459.4310607910156,181.27601623535156,495.8023681640625,0,-200,0
1.940043639,459.4186706542969,180.47396850585938,495.803955078125,0,-200,0
1.94384118,459.4007568359375,179.67173767089844,495.8013916015625,0,-200,0
1.9478336010000001,459.385009765625,178.871826171875,495.7991638183594,0,-200,0
1.9521204920000002,459.3703308105469,178.06878662109375,495.7984619140625,0,-200,0
1.955996426,459.3525695800781,177.2635040283203,495.7936706542969,0,-200,0
1.959946821,459.3419189453125,176.46092224121094,495.79302978515625,0,-200,0
1.9641820970000001,459.32366943359375,175.6574249267578,495.7873229980469,0,-200,0
1.968061718,459.3069763183594,174.85702514648438,495.7850646972656,0,-200,0
1.97202804,459.29296875,174.0605926513672,495.7874755859375,0,-200,0
1.976710323,459.27484130859375,173.2600555419922,495.7847595214844,0,-200,0
1.980160436,459.2574157714844,172.45925903320313,495.7836608886719,0,-200,0
1.984108663,459.2438049316406,171.65830993652344,495.78350830078125,0,-200,0
1.9883774779999999,459.2263488769531,170.85888671875,495.7815246582031,0,-200,0
1.992277714,459.21295166015625,170.05795288085938,495.779052734375,0,-200,0
1.996193484,459.1985778808594,169.25656127929688,495.7779235839844,0,-200,0
2.00052132,459.179931640625,168.45208740234375,495.7737731933594,0,-200,0
2.004419379,459.1714782714844,167.6522979736328,495.7835693359375,0,-200,0
2.008346568,459.1517028808594,166.84878540039063,495.7803039550781,0,-200,0
2.012585189,459.1348571777344,166.0487823486328,495.77716064453125,0,-200,0
2.016490927,459.1221923828125,165.2482452392578,495.78375244140625,0,-200,0
2.020399237,459.10382080078125,164.44509887695313,495.7762145996094,0,-200,0
2.024866259,459.08837890625,163.6414337158203,495.7735290527344,0,-200,0
2.028571906,459.073974609375,162.83511352539063,495.7705993652344,0,-200,0
2.032480251,459.0557861328125,162.03187561035156,495.76495361328125,0,-200,0
2.036851917,459.036865234375,161.2312469482422,495.7586364746094,0,-200,0
2.040657887,459.0225830078125,160.43173217773438,495.76214599609375,0,-200,0
2.044600875,459.0043029785156,159.6282501220703,495.75732421875,0,-200,0
2.048894098,458.98944091796875,158.82489013671875,495.75775146484375,0,-200,0
2.052740175,458.9729309082031,158.02584838867188,495.7586975097656,0,-200,0
2.056790767,458.9531555175781,157.22557067871094,495.7567443847656,0,-200,0
2.060913813,458.9382629394531,156.42442321777344,495.75421142578125,0,-200,0
2.064818226,458.9224853515625,155.61996459960938,495.7535400390625,0,200,0
2.068798032,458.90118408203125,154.81796264648438,495.7497863769531,0,200,0
2.073221861,458.889892578125,154.0227813720703,495.75115966796875,0,200,0
2.077330073,458.87548828125,153.2218475341797,495.74993896484375,0,200,0
2.080918605,458.85589599609375,152.4187774658203,495.7447204589844,0,200,0
2.085089743,458.84332275390625,151.61737060546875,495.74224853515625,0,200,0
2.088978225,458.8288879394531,150.8153533935547,495.74310302734375,0,200,0
2.093046919,458.8052062988281,150.03236389160156,495.7303161621094,0,200,0
2.097299672,458.7906188964844,149.32542419433594,495.7171325683594,0,200,0
2.101108614,458.7701416015625,148.7266845703125,495.6916809082031,0,200,0
2.105105364,458.7427062988281,148.25717163085938,495.6615905761719,0,200,0
2.109383354,458.71612548828125,147.9274444580078,495.64044189453125,0,200,0
2.11319664,458.6912841796875,147.76101684570313,495.6191101074219,0,200,0
2.11722728,458.677001953125,147.7586669921875,495.600830078125,0,200,0
2.121557158,458.68865966796875,147.8749237060547,495.63079833984375,0,200,0
2.125325599,458.6946716308594,148.06369018554688,495.6434631347656,0,200,0
2.129399723,458.7079162597656,148.3848419189453,495.6649169921875,0,200,0
2.1334586030000002,458.7341003417969,148.86680603027344,495.7104187011719,0,200,0
2.137414728,458.7417297363281,149.4530029296875,495.7322998046875,0,200,0
2.1414017,458.75958251953125,150.11863708496094,495.76263427734375,0,200,0
2.145546486,458.7716064453125,150.88128662109375,495.7802734375,0,200,0
2.149501848,458.7751770019531,151.7260284423828,495.78900146484375,0,200,0
2.153456816,458.77197265625,152.5932159423828,495.78985595703125,0,200,0
2.157695287,458.7668151855469,153.44342041015625,495.7914123535156,0,200,0
2.1615517459999998,458.7584228515625,154.28907775878906,495.7904968261719,0,200,0
2.165497992,458.7441711425781,155.12559509277344,495.7801818847656,0,200,0
2.169918196,458.7189636230469,155.9644012451172,495.7543640136719,0,200,0
2.1736687,458.69671630859375,156.8016357421875,495.7325439453125,0,200,0
2.177812652,458.6788635253906,157.62393188476563,495.718017578125,0,200,0
2.181823634,458.66229248046875,158.4243621826172,495.7041931152344,0,200,0
2.185738522,458.6476745605469,159.213623046875,495.6928405761719,0,200,0
2.189723155,458.640869140625,159.9911346435547,495.689208984375,0,200,0
2.193970401,458.63592529296875,160.75750732421875,495.6863708496094,0,200,0
2.197901444,458.627685546875,161.53114318847656,495.6890869140625,0,200,0
2.201784602,458.6199035644531,162.32647705078125,495.7052917480469,0,200,0
2.206005326,458.6026611328125,163.13668823242188,495.7230529785156,0,200,0
2.209943901,458.5821228027344,163.95204162597656,495.7372131347656,0,200,0
2.213976523,458.56512451171875,164.76553344726563,495.758544921875,0,200,0
2.218350449,458.5445556640625,165.57666015625,495.76898193359375,0,200,0
2.221993319,458.52801513671875,166.38661193847656,495.7725524902344,0,200,0
2.22603442,458.51025390625,167.20147705078125,495.778564453125,0,200,0
2.230204923,458.48992919921875,168.0237579345703,495.7764587402344,0,200,0
2.234127476,458.4672546386719,168.8540496826172,495.7610168457031,0,200,0
2.238047944,458.4479064941406,169.69149780273438,495.7446594238281,0,200,0
2.242383766,458.4284973144531,170.5254669189453,495.725830078125,0,200,0
2.246176919,458.4037170410156,171.34596252441406,495.6989440917969,0,200,0
2.250139524,458.3867492675781,172.16104125976563,495.6788330078125,0,200,0
2.254497002,458.3763122558594,172.97598266601563,495.6647033691406,0,200,0
2.258364122,458.3577575683594,173.78724670410156,495.6470642089844,0,200,0
2.262307071,458.3460998535156,174.59317016601563,495.6416320800781,0,200,0
2.266688819,458.3371276855469,175.39077758789063,495.6401672363281,0,200,0
2.2704052089999998,458.3231201171875,176.17376708984375,495.6328125,0,200,0
2.274377183,458.3134460449219,176.958740234375,495.63531494140625,0,200,0
2.278826181,458.2962341308594,177.75433349609375,495.6396789550781,0,200,0
2.282492763,458.2764892578125,178.56097412109375,495.6510925292969,0,200,0
2.286441242,458.25592041015625,179.37149047851563,495.6667175292969,0,200,0
2.290741894,458.2352600097656,180.182373046875,495.6810302734375,0,200,0
2.294620086,458.2139587402344,180.993896484375,495.6925354003906,0,200,0
2.2986268819999998,458.19561767578125,181.81011962890625,495.71063232421875,0,200,0
2.302749681,458.1775817871094,182.63018798828125,495.72412109375,0,200,0
2.306679779,458.1532287597656,183.45123291015625,495.7204284667969,0,200,0
2.310659945,458.1368713378906,184.27542114257813,495.7192687988281,0,200,0
2.315066679,458.1196594238281,185.09730529785156,495.7098388671875,0,200,0
2.318903837,458.1018371582031,185.91494750976563,495.68890380859375,0,200,0
2.3227950010000002,458.08953857421875,186.73451232910156,495.6737365722656,0,200,0
2.3269683580000002,458.0721740722656,187.54945373535156,495.6525573730469,0,200,0
2.330900677,458.05419921875,188.3614959716797,495.6289978027344,0,200,0
2.334896731,458.04241943359375,189.16989135742188,495.61663818359375,0,200,0
2.339146778,458.02569580078125,189.97128295898438,495.5989685058594,0,200,0
2.342940849,458.0102844238281,190.77133178710938,495.5824890136719,0,200,0
2.347042388,457.9971923828125,191.57589721679688,495.5804443359375,0,200,0
2.351193709,457.97589111328125,192.37840270996094,495.5742492675781,0,200,0
2.355112031,457.9622802734375,193.17898559570313,495.584228515625,0,200,0
2.359045917,457.94775390625,193.98223876953125,495.6028747558594,0,200,0
2.363478679,457.92803955078125,194.78787231445313,495.61932373046875,0,200,0
2.367147087,457.9112548828125,195.59783935546875,495.6401672363281,0,200,0
2.371144112,457.8908996582031,196.40992736816406,495.6575012207031,0,200,0
2.375378377,457.8731994628906,197.22459411621094,495.6755065917969,0,200,0
2.379572844,457.85552978515625,198.04470825195313,495.686767578125,0,200,0
2.383262351,457.835205078125,198.86392211914063,495.68365478515625,0,200,0
2.387463595,457.8185729980469,199.6842041015625,495.6824645996094,0,200,0
2.391435615,457.80133056640625,200.4989776611328,495.6703796386719,0,200,0
2.395376594,457.78741455078125,201.31101989746094,495.6506042480469,0,200,0
2.399644913,457.776611328125,202.11920166015625,495.6329650878906,0,200,0
2.403538524,457.7614440917969,202.9298553466797,495.614990234375,0,200,0
2.407426902,457.7485656738281,203.74044799804688,495.59893798828125,0,200,0
2.411812201,457.734375,204.5535888671875,495.58636474609375,0,200,0
2.4155564849999998,457.7157897949219,205.35972595214844,495.5720520019531,0,200,0
2.4195461050000002,457.70001220703125,206.16896057128906,495.5653991699219,0,200,0
2.42376596,457.6825866699219,206.97476196289063,495.5559387207031,0,200,0
2.427633176,457.6649475097656,207.779296875,495.5548400878906,0,200,0
2.431606269,457.64825439453125,208.59254455566406,495.55780029296875,0,200,0
2.435897907,457.6278991699219,209.40101623535156,495.560546875,0,200,0
2.439834038,457.61529541015625,210.20909118652344,495.5797424316406,0,200,0
2.443745499,457.59619140625,211.01487731933594,495.59539794921875,0,200,0
2.447918474,457.5793762207031,211.82965087890625,495.6117248535156,0,200,0
2.451838216,457.5631103515625,212.64407348632813,495.625,0,200,0
2.455851283,457.5447998046875,213.4594268798828,495.6283874511719,0,200,0
2.460250712,457.53057861328125,214.27218627929688,495.63531494140625,0,200,0
2.46396932,457.5108337402344,215.08287048339844,495.62994384765625,0,200,0
2.467900442,457.49786376953125,215.89247131347656,495.6226806640625,0,200,0
2.472138773,457.4824523925781,216.7069091796875,495.61248779296875,0,200,0
2.476039366,457.4637451171875,217.51760864257813,495.59466552734375,0,200,0
2.4802561340000002,457.4501037597656,218.32688903808594,495.57891845703125,0,200,0
2.484289617,457.43194580078125,219.13453674316406,495.560546875,0,200,0
2.488152481,457.4188537597656,219.94569396972656,495.5468444824219,0,200,0
2.492148298,457.4007263183594,220.75772094726563,495.5355224609375,0,200,0
2.4964028,457.3825988769531,221.56861877441406,495.5250244140625,0,200,0
2.500317681,457.3669128417969,222.3828887939453,495.5198059082031,0,200,0
2.504196372,457.3454895019531,223.1944122314453,495.5174560546875,0,200,0
2.508673475,457.3291931152344,224.00405883789063,495.5231628417969,0,200,0
2.512308835,457.311279296875,224.8162078857422,495.52972412109375,0,200,0
2.516389742,457.2949523925781,225.62806701660156,495.5372009277344,0,200,0
2.520580386,457.2767028808594,226.44224548339844,495.5473327636719,0,200,0
2.524419451,457.2626647949219,227.25033569335938,495.5593566894531,0,200,0
2.5284280150000003,457.2488098144531,228.05471801757813,495.5743713378906,0,200,0
2.532675038,457.2334899902344,228.86114501953125,495.5820617675781,0,200,0
2.536559864,457.219970703125,229.6708984375,495.5903015136719,0,200,0
2.5405255369999997,457.2020263671875,230.47938537597656,495.5888977050781,0,200,0
2.544669795,457.188232421875,231.28924560546875,495.5844421386719,0,200,0
2.548591379,457.1726379394531,232.0967254638672,495.5733947753906,0,200,0
2.552559726,457.15765380859375,232.90780639648438,495.56103515625,0,200,0
2.55696739,457.1401672363281,233.72314453125,495.5475769042969,0,200,0
2.56077937,457.1236572265625,234.5356903076172,495.5334777832031,0,200,0
2.5647325629999997,457.1067810058594,235.35086059570313,495.5224304199219,0,200,0
2.568898109,457.0870056152344,236.158447265625,495.5101623535156,0,200,0
2.572796675,457.07421875,236.96969604492188,495.5028991699219,0,200,0
2.576772381,457.0521545410156,237.77999877929688,495.49517822265625,0,200,0
2.581327744,457.0359191894531,238.59730529785156,495.4934387207031,0,200,0
2.5849550260000003,457.0176696777344,239.4130401611328,495.4896240234375,0,200,0
2.588915493,457.0025939941406,240.23049926757813,495.495849609375,0,200,0
2.593197197,456.9866943359375,241.04420471191406,495.50390625,0,200,0
2.5970204519999998,456.9704284667969,241.85047912597656,495.5127258300781,0,200,0
2.600937064,456.9550476074219,242.6577911376953,495.5225830078125,0,200,0
2.605318042,456.93878173828125,243.46693420410156,495.5304260253906,0,200,0
2.609105822,456.92431640625,244.27479553222656,495.53277587890625,0,200,0
2.6131418159999997,456.9090881347656,245.08001708984375,495.5322265625,0,200,0
2.617271553,456.89581298828125,245.8834991455078,495.52923583984375,0,200,0
2.621161994,456.88006591796875,246.68768310546875,495.5229187011719,0,200,0
2.625116966,456.8641662597656,247.49853515625,495.5185852050781,0,200,0
2.62944012,456.8464050292969,248.3104705810547,495.51055908203125,0,200,0
2.63335606,456.8337707519531,249.12294006347656,495.5035400390625,0,200,0
2.637315982,456.81427001953125,249.93112182617188,495.4877624511719,0,200,0
2.641507648,456.79681396484375,250.74392700195313,495.4752197265625,0,200,0
2.645333521,456.7783508300781,251.55955505371094,495.4638977050781,0,200,0
2.6493150009999997,456.7617492675781,252.3780517578125,495.4610290527344,0,200,0
2.653718759,456.74456787109375,253.19512939453125,495.4576110839844,0,200,0
2.657514204,456.7242736816406,254.0088348388672,495.45538330078125,0,200,0
2.661512446,456.7053527832031,254.81817626953125,495.4505310058594,0,200,0
2.665652963,456.68994140625,255.63243103027344,495.4516296386719,0,200,0
2.669569038,456.6754455566406,256.4454650878906,495.45416259765625,0,200,0
2.673449581,456.6582946777344,257.25823974609375,495.4618835449219,0,200,0
2.677851651,456.64349365234375,258.0666198730469,495.4716491699219,0,200,0
2.681925109,456.6261901855469,258.8738708496094,495.4754943847656,0,200,0
2.68566464,456.61083984375,259.6800842285156,495.4766845703125,0,200,0
2.68994323,456.597412109375,260.484375,495.4800720214844,0,200,0
2.693751091,456.5840148925781,261.29022216796875,495.4786682128906,0,200,0
2.6978108819999997,456.57177734375,262.09967041015625,495.47442626953125,0,200,0
2.702146256,456.55242919921875,262.9085998535156,495.46527099609375,0,200,0
2.7058393929999998,456.5393371582031,263.7188415527344,495.4585266113281,0,200,0
2.709869593,456.5249938964844,264.5255432128906,495.4533996582031,0,200,0
2.714067798,456.5084228515625,265.33795166015625,495.44854736328125,0,200,0
2.717961379,456.4909362792969,266.1498718261719,495.4435729980469,0,200,0
2.721983106,456.4725341796875,266.9643249511719,495.4351806640625,0,200,0
2.7262735190000003,456.45306396484375,267.77813720703125,495.4297180175781,0,200,0
2.730063835,456.434814453125,268.5933532714844,495.4181213378906,0,200,0
2.7340241990000003,456.41815185546875,269.4095458984375,495.4122619628906,0,200,0
2.738312772,456.39959716796875,270.22467041015625,495.4089660644531,0,200,0
2.742194072,456.3799133300781,271.0404052734375,495.4113464355469,0,200,0
2.746118798,456.3626403808594,271.8516845703125,495.41326904296875,0,200,0
2.750525917,456.34613037109375,272.6604919433594,495.4114990234375,0,200,0
2.7542928030000002,456.3359680175781,273.4666442871094,495.4123840332031,0,200,0
2.758224965,456.32098388671875,274.2699279785156,495.4128112792969,0,200,0
2.7625255600000003,456.3055114746094,275.0765380859375,495.4147644042969,0,200,0
2.766429537,456.2865905761719,275.8852844238281,495.4145812988281,0,200,0
2.770283299,456.27392578125,276.693115234375,495.4178771972656,0,200,0
2.774657485,456.2584228515625,277.5010070800781,495.4143371582031,0,200,0
2.778500153,456.2440490722656,278.30963134765625,495.409423828125,0,200,0
2.782748046,456.2261047363281,279.1203918457031,495.402099609375,0,200,0
2.786604728,456.2104187011719,279.92950439453125,495.3993835449219,0,200,0
2.790551475,456.19647216796875,280.7398376464844,495.39501953125,0,200,0
2.79453109,456.1770935058594,281.5572204589844,495.39031982421875,0,200,0
2.798913459,456.1586608886719,282.3731689453125,495.3861389160156,0,200,0
2.802665241,456.14404296875,283.18341064453125,495.3767395019531,0,200,0
2.806590275,456.12646484375,283.9958801269531,495.3699951171875,0,200,0
2.810799221,456.11053466796875,284.811279296875,495.369140625,0,200,0
2.8147605799999997,456.0906677246094,285.6248779296875,495.3689270019531,0,200,0
2.818699057,456.0708312988281,286.43585205078125,495.36431884765625,0,200,0
2.823011246,456.0523986816406,287.2483215332031,495.3646545410156,0,200,0
2.826829557,456.0352478027344,288.0555725097656,495.3602294921875,0,200,0
2.830804135,456.02142333984375,288.8652648925781,495.3609924316406,0,200,0
2.835074968,456.00445556640625,289.6702880859375,495.3559265136719,0,200,0
2.838960632,455.9917297363281,290.47735595703125,495.3558044433594,0,200,0
2.8428811720000002,455.9756774902344,291.28582763671875,495.3533935546875,0,200,0
2.847244364,455.9627990722656,292.0938720703125,495.3583068847656,0,200,0
2.851054416,455.94921875,292.8996276855469,495.3645324707031,0,200,0
2.85498323,455.9327087402344,293.70599365234375,495.36376953125,0,200,0
2.8592026759999998,455.91900634765625,294.52044677734375,495.361572265625,0,200,0
2.863156773,455.9019470214844,295.3321533203125,495.353515625,0,200,0
2.867110556,455.8864440917969,296.1474304199219,495.3493347167969,0,200,0
2.871339892,455.8689880371094,296.9577941894531,495.3420104980469,0,200,0
2.875193,455.849609375,297.7681579589844,495.3373107910156,0,200,0
2.879174536,455.8315124511719,298.5824890136719,495.33306884765625,0,200,0
2.883648571,455.8126220703125,299.3957824707031,495.3211364746094,0,200,0
2.887346601,455.7952880859375,300.2057800292969,495.30963134765625,0,200,0
2.891300396,455.7778015136719,301.017578125,495.3009033203125,0,200,0
2.895661033,455.7582092285156,301.8311462402344,495.3008117675781,0,200,0
2.899439637,455.7424011230469,302.6435241699219,495.2987976074219,0,200,0
2.903425425,455.7304992675781,303.4497375488281,495.2977294921875,0,200,0
2.907558679,455.7158203125,304.2554626464844,495.2942199707031,0,200,0
2.911467378,455.7021484375,305.06561279296875,495.2941589355469,0,200,0
2.91541339,455.6878967285156,305.8773193359375,495.29638671875,0,200,0
2.919769015,455.6728515625,306.6866760253906,495.2997741699219,0,200,0
2.923644484,455.6562194824219,307.49371337890625,495.30078125,0,200,0
2.927560929,455.6407470703125,308.2983093261719,495.2989196777344,0,200,0
2.9317599210000003,455.6268005371094,309.1098327636719,495.29693603515625,0,200,0
2.935735787,455.61151123046875,309.9210510253906,495.2931213378906,0,200,0
2.939654921,455.59271240234375,310.7325439453125,495.2926940917969,0,200,0
2.944073226,455.57257080078125,311.5450134277344,495.29046630859375,0,200,0
2.947767044,455.5539245605469,312.3534240722656,495.2853088378906,0,200,0
2.951767289,455.5387878417969,313.16302490234375,495.2813415527344,0,200,0
2.956009571,455.5203857421875,313.9761657714844,495.2723388671875,0,200,0
2.959893001,455.5020446777344,314.7894287109375,495.2640075683594,0,200,0
2.963920623,455.4860534667969,315.6024475097656,495.25738525390625,0,200,0
2.9681061619999998,455.4707336425781,316.41595458984375,495.25372314453125,0,200,0
2.972038676,455.45819091796875,317.2262268066406,495.2570495605469,0,200,0
2.975967949,455.4408264160156,318.0364685058594,495.25555419921875,0,200,0
2.980165982,455.4211730957031,318.8470153808594,495.24957275390625,0,200,0
2.984322953,455.40838623046875,319.6572265625,495.2469177246094,0,200,0
2.988015521,455.39453125,320.46417236328125,495.24273681640625,0,200,0
2.992559742,455.3798522949219,321.2724609375,495.2361755371094,0,200,0
2.996197695,455.3636779785156,322.0816955566406,495.23724365234375,0,200,0
3.000198902,455.345947265625,322.893798828125,495.2392272949219,0,200,0
3.004451367,455.3340759277344,323.698974609375,495.2386474609375,0,200,0
3.00830589,455.31842041015625,324.50335693359375,495.23004150390625,0,200,0
3.012226597,455.3045349121094,325.31298828125,495.22674560546875,0,200,0
3.016516702,455.2858581542969,326.1239013671875,495.2231750488281,0,200,0
3.020407868,455.2681884765625,326.9341735839844,495.2247619628906,0,200,0
3.024415852,455.2506408691406,327.7485656738281,495.22308349609375,0,200,0
3.0285652770000002,455.234130859375,328.55908203125,495.21649169921875,0,200,0
3.032459398,455.2186279296875,329.3690185546875,495.2107238769531,0,200,0
3.036399916,455.2034912109375,330.1805419921875,495.20697021484375,0,200,0
3.04083173,455.1844482421875,330.9933166503906,495.200927734375,0,200,0
3.044581442,455.1673583984375,331.8021545410156,495.19525146484375,0,200,0
3.048521392,455.1511535644531,332.61376953125,495.18939208984375,0,200,0
3.052699967,455.1343078613281,333.42474365234375,495.1791687011719,0,200,0
3.05668954,455.11834716796875,334.2345886230469,495.1758728027344,0,200,0
3.060661433,455.10101318359375,335.0419616699219,495.176025390625,0,200,0
3.064987463,455.0859680175781,335.85235595703125,495.17864990234375,0,200,0
3.068823961,455.0700988769531,336.6601867675781,495.17755126953125,0,200,0
3.072681191,455.0516052246094,337.4700012207031,495.1741638183594,0,200,0
3.076997275,455.0328369140625,338.279296875,495.1686096191406,0,200,0
3.080847504,455.0193176269531,339.09063720703125,495.1681823730469,0,200,0
3.085001223,455.0052795410156,339.9004821777344,495.1656494140625,0,200,0
3.08917286,454.9896545410156,340.705322265625,495.1632385253906,0,200,0
3.092927211,454.9726867675781,341.5134582519531,495.1621398925781,0,200,0
3.096960248,454.9620361328125,342.32275390625,495.1706237792969,0,200,0
3.101102168,454.9473876953125,343.1307678222656,495.1631774902344,0,200,0
3.1050467,454.92718505859375,343.9439392089844,495.1513977050781,0,200,0
3.108988035,454.91143798828125,344.7576904296875,495.1458435058594,0,200,0
3.113250945,454.8986511230469,345.567138671875,495.146240234375,0,200,0
3.117116919,454.8846435546875,346.37188720703125,495.1466369628906,0,200,0
3.121104989,454.8668518066406,347.18341064453125,495.140625,0,200,0
3.125377239,454.8492431640625,347.9950256347656,495.1295471191406,0,200,0
3.129206826,454.8316345214844,348.80712890625,495.1222229003906,0,200,0
3.1331972,454.8133544921875,349.61810302734375,495.1153259277344,0,200,0
3.137556416,454.796875,350.4237365722656,495.1116638183594,0,200,0
3.141393862,454.7803039550781,351.22979736328125,495.1081848144531,0,200,0
3.145313181,454.7665100097656,352.0404968261719,495.1033935546875,0,200,0
3.149479626,454.7477111816406,352.8499450683594,495.0966491699219,0,200,0
3.153444737,454.731201171875,353.659423828125,495.0936584472656,0,200,0
3.157380137,454.7168884277344,354.4703674316406,495.0959167480469,0,200,0
3.161668022,454.70098876953125,355.2806091308594,495.09844970703125,0,200,0
3.165574796,454.6850891113281,356.09051513671875,495.09552001953125,0,200,0
3.169444881,454.67034912109375,356.8990173339844,495.0882568359375,0,200,0
3.173618698,454.6553039550781,357.7086181640625,495.0918273925781,0,200,0
3.177656472,454.64031982421875,358.5154724121094,495.09173583984375,0,200,0
3.181628162,454.6209716796875,359.324462890625,495.08758544921875,0,200,0
3.186226618,454.6013488769531,360.13531494140625,495.0791931152344,0,200,0
3.18972206,454.586669921875,360.94586181640625,495.0765686035156,0,200,0
3.193674493,454.5697937011719,361.7560119628906,495.066650390625,0,200,0
3.197934024,454.5559997558594,362.5650634765625,495.0595703125,0,200,0
3.201813865,454.5388488769531,363.37347412109375,495.05474853515625,0,200,0
3.205820673,454.5245361328125,364.1820983886719,495.05810546875,0,200,0
3.210032022,454.50848388671875,364.9913024902344,495.05926513671875,0,200,0
3.213928319,454.489990234375,365.8014831542969,495.04974365234375,0,200,0
3.217904145,454.47467041015625,366.6141052246094,495.0392150878906,0,200,0
3.22211363,454.46063232421875,367.4241027832031,495.036865234375,0,200,0
3.2260497,454.447509765625,368.2283630371094,495.0377197265625,0,200,0
3.229916258,454.4338073730469,369.03350830078125,495.0362243652344,0,200,0
3.2343593569999998,454.4183044433594,369.84588623046875,495.0316467285156,0,200,0
3.238100546,454.3984375,370.6560363769531,495.0205993652344,0,200,0
3.242090837,454.38250732421875,371.46575927734375,495.015625,0,200,0
3.246437523,454.3680419921875,372.2767028808594,495.0169372558594,0,200,0
3.250141691,454.3515319824219,373.0836181640625,495.0179748535156,0,200,0
3.254130698,454.3341979980469,373.8919982910156,495.0146179199219,0,200,0
3.258397305,454.31707763671875,374.7034606933594,495.0063171386719,0,200,0
3.26232911,454.3031921386719,375.515380859375,495.0085144042969,0,200,0
3.2664332050000002,454.2860412597656,376.32293701171875,495.0032043457031,0,200,0
3.270459261,454.26776123046875,377.12591552734375,494.99267578125,0,200,0
3.274405905,454.25042724609375,377.9391784667969,494.99066162109375,0,200,0
3.278323822,454.2369384765625,378.7532958984375,494.9873962402344,0,200,0
3.282714569,454.21783447265625,379.5605163574219,494.97772216796875,0,200,0
3.286691929,454.2010192871094,380.36737060546875,494.9765625,0,200,0
3.290488766,454.1888122558594,381.1749267578125,494.9787292480469,0,200,0
3.294682325,454.1727600097656,381.9844970703125,494.9720458984375,0,200,0
3.298591412,454.15447998046875,382.7928161621094,494.96612548828125,0,200,0
3.302513271,454.136474609375,383.60504150390625,494.9598693847656,0,200,0
3.306781172,454.1231689453125,384.4121398925781,494.9550476074219,0,200,0
3.310692209,454.108642578125,385.2167053222656,494.9543762207031,0,200,0
3.314633636,454.09393310546875,386.0254821777344,494.95501708984375,0,200,0
3.318845105,454.0773620605469,386.8348083496094,494.9571533203125,0,200,0
3.322766038,454.06103515625,387.6404724121094,494.9508972167969,0,200,0
3.326772876,454.0468444824219,388.4486999511719,494.94061279296875,0,200,0
3.331081889,454.0329895019531,389.2615661621094,494.94110107421875,0,200,0
3.334856729,454.0148620605469,390.07220458984375,494.9415283203125,0,200,0
3.338884297,453.9966125488281,390.8841857910156,494.9440612792969,0,200,0
3.343102725,453.980712890625,391.6905212402344,494.9349060058594,0,200,0
3.346997781,453.9689025878906,392.4972229003906,494.9283447265625,0,200,0
3.35094869,453.9522399902344,393.3072814941406,494.9225158691406,0,200,0
3.355167293,453.93365478515625,394.11553955078125,494.916259765625,0,200,0
3.359029218,453.9170227050781,394.9230041503906,494.91302490234375,0,200,0
3.363102666,453.89947509765625,395.73504638671875,494.9054870605469,0,200,0
3.367298485,453.8826599121094,396.54290771484375,494.8971862792969,0,200,0
3.371102454,453.8670654296875,397.3494873046875,494.8902282714844,0,200,0
3.375068306,453.8553466796875,398.1531677246094,494.8875427246094,0,200,0
3.379461759,453.8393859863281,398.9599304199219,494.8831787109375,0,200,0
3.383259846,453.82464599609375,399.7684020996094,494.8733825683594,0,200,0
3.387156736,453.80853271484375,400.5771179199219,494.8758544921875,0,200,0
3.39147981,453.7923278808594,401.3894348144531,494.8768310546875,0,200,0
3.395339578,453.7733459472656,402.1953430175781,494.8713073730469,0,200,0
3.399277856,453.7568359375,403.00408935546875,494.87066650390625,0,200,0
3.4035436580000002,453.7423095703125,403.810546875,494.8657531738281,0,200,0
3.407455344,453.7251892089844,404.6161193847656,494.85186767578125,0,200,0
3.411412382,453.7096252441406,405.42608642578125,494.84686279296875,0,200,0
3.415612533,453.6954650878906,406.2363586425781,494.8511962890625,0,200,0
3.419553453,453.67742919921875,407.0461730957031,494.85528564453125,0,200,0
3.42346717,453.65960693359375,407.8567199707031,494.85321044921875,0,200,0
3.42790779,453.64532470703125,408.6665344238281,494.8487854003906,0,200,0
3.431632984,453.6319580078125,409.4785461425781,494.84259033203125,0,200,0
3.4355673270000002,453.6111145019531,410.28369140625,494.8332824707031,0,200,0
3.439923703,453.5962219238281,411.096435546875,494.8380126953125,0,200,0
3.443727156,453.58294677734375,411.90484619140625,494.8348388671875,0,200,0
3.447672997,453.56500244140625,412.70892333984375,494.8204345703125,0,200,0
3.451940365,453.55224609375,413.5144348144531,494.81396484375,0,200,0
3.455899149,453.5370788574219,414.325439453125,494.81463623046875,0,200,0
3.45984165,453.5184020996094,415.13238525390625,494.8085021972656,0,200,0
3.464014436,453.5022277832031,415.9382019042969,494.80322265625,0,200,0
3.467917853,453.49053955078125,416.7430419921875,494.79620361328125,0,200,0
3.4718475890000002,453.4781799316406,417.5439453125,494.7890319824219,0,200,0
3.476343941,453.4623718261719,418.34954833984375,494.78265380859375,0,200,0
3.479996913,453.4439392089844,419.1597900390625,494.7779235839844,0,200,0
3.484018375,453.4261169433594,419.9696044921875,494.7696533203125,0,200,0
3.48856245,453.4080810546875,420.77978515625,494.76654052734375,0,200,0
3.492129338,453.3948974609375,421.58953857421875,494.7703552246094,0,200,0
3.496066024,453.3765563964844,422.39996337890625,494.76898193359375,0,200,0
3.500343558,453.3596496582031,423.208251953125,494.76483154296875,0,200,0
3.504284759,453.34393310546875,424.01336669921875,494.7596435546875,0,200,0
3.508147898,453.3285217285156,424.82440185546875,494.7554016113281,0,200,0
3.51238874,453.3127746582031,425.63232421875,494.74908447265625,0,200,0
3.516385578,453.2950439453125,426.4407043457031,494.7483825683594,0,200,0
3.520291409,453.27874755859375,427.2493896484375,494.7554931640625,0,200,0
3.524726677,453.25726318359375,428.0595703125,494.750244140625,0,200,0
3.528423176,453.2404479980469,428.8665466308594,494.7386169433594,0,200,0
3.532360986,453.23040771484375,429.6705627441406,494.7336730957031,0,200,0
3.536573651,453.21722412109375,430.47314453125,494.7310485839844,0,200,0
3.540502981,453.2003479003906,431.2810363769531,494.73046875,0,200,0
3.544435119,453.18505859375,432.0894470214844,494.72369384765625,0,200,0
3.54873197,453.1680908203125,432.8976135253906,494.7165222167969,0,200,0
3.552586686,453.15350341796875,433.702880859375,494.7093811035156,0,200,0
3.556557675,453.14019775390625,434.5099182128906,494.7080078125,0,200,0
3.560806652,453.1258850097656,435.3133544921875,494.69921875,0,200,0
3.564702874,453.10821533203125,436.1190490722656,494.6912841796875,0,200,0
3.568667443,453.09039306640625,436.9327697753906,494.6885986328125,0,200,0
3.572973057,453.07220458984375,437.7408752441406,494.68438720703125,0,200,0
3.576790484,453.0556335449219,438.54608154296875,494.6778869628906,0,200,0
3.580802494,453.044677734375,439.35321044921875,494.6741027832031,0,200,0
3.584981292,453.0265808105469,440.1632080078125,494.6686096191406,0,200,0
3.5891200420000002,453.0028991699219,440.9734191894531,494.6624755859375,0,200,0
3.592860839,452.9843444824219,441.78753662109375,494.6666259765625,0,200,0
3.597065284,452.96990966796875,442.5936584472656,494.6611633300781,0,200,0
3.600940787,452.9524230957031,443.3956298828125,494.6503601074219,0,200,0
3.604973557,452.9430236816406,444.200927734375,494.6445617675781,0,200,0
3.609235996,452.9296569824219,445.0080871582031,494.64361572265625,0,200,0
3.6130779779999997,452.911865234375,445.8131103515625,494.638916015625,0,200,0
3.617016134,452.896728515625,446.61968994140625,494.6444396972656,0,200,0
3.621429545,452.8793640136719,447.4246826171875,494.6427307128906,0,200,0
3.6252238439999998,452.8675231933594,448.22705078125,494.6300354003906,0,200,0
3.6291620829999998,452.8547058105469,449.0316162109375,494.6241760253906,0,200,0
3.6333820709999998,452.8413391113281,449.8387756347656,494.62591552734375,0,200,0
3.63726495,452.8280944824219,450.6405944824219,494.6219482421875,0,200,0
3.641310811,452.81243896484375,451.44915771484375,494.6159362792969,0,200,0
3.645566757,452.7972106933594,452.2606201171875,494.6097717285156,0,200,0
3.649416494,452.7765197753906,453.0722351074219,494.6072082519531,0,200,0
3.653316446,452.75860595703125,453.8813171386719,494.6073913574219,0,200,0
3.657502653,452.7398376464844,454.6890869140625,494.59991455078125,0,200,0
3.661482213,452.7203063964844,455.4967346191406,494.5911560058594,0,200,0
3.665424933,452.704833984375,456.3046569824219,494.5847473144531,0,200,0
3.669897275,452.6861877441406,457.1125183105469,494.5779724121094,0,200,0
3.6735610789999997,452.6692199707031,457.9192199707031,494.5687561035156,0,200,0
3.6775236209999997,452.6520690917969,458.7279968261719,494.56182861328125,0,200,0
3.682009171,452.6355285644531,459.5353088378906,494.560791015625,0,200,0
3.685657772,452.6220703125,460.3357238769531,494.5575256347656,0,200,0
3.689927206,452.60955810546875,461.1412658691406,494.5550231933594,0,200,0
3.693846216,452.5947570800781,461.9457702636719,494.54632568359375,0,200,0
3.697741685,452.580322265625,462.7495422363281,494.5354919433594,0,200,0
3.7017238470000002,452.56591796875,463.5555419921875,494.5270080566406,0,200,0
3.705947469,452.5484313964844,464.35992431640625,494.52545166015625,0,200,0
3.709869856,452.53265380859375,465.164794921875,494.52947998046875,0,200,0
3.713789909,452.5194091796875,465.97100830078125,494.5304260253906,0,200,0
3.718116871,452.5071716308594,466.776123046875,494.5221862792969,0,200,0
3.721941933,452.4950256347656,467.5827331542969,494.5240173339844,0,200,0
3.725922055,452.4770812988281,468.39227294921875,494.5224304199219,0,200,0
3.730224211,452.4538269042969,469.2035217285156,494.52105712890625,0,200,0
3.733945651,452.4349060058594,470.0121765136719,494.51666259765625,0,200,0
3.737970061,452.41796875,470.8230285644531,494.51239013671875,0,200,0
3.742272913,452.40313720703125,471.6235046386719,494.50439453125,0,200,0
3.746143831,452.39013671875,472.42926025390625,494.5050964355469,0,200,0
3.7501216509999997,452.3731384277344,473.23583984375,494.4977722167969,0,200,0
3.754315553,452.3526306152344,474.04412841796875,494.4877624511719,0,200,0
3.758179475,452.335205078125,474.85223388671875,494.4806213378906,0,200,0
3.762125813,452.31768798828125,475.6568298339844,494.47509765625,0,200,0
3.766543801,452.30548095703125,476.4599304199219,494.4610595703125,0,200,0
3.770352033,452.29083251953125,477.26153564453125,494.4516296386719,0,200,0
3.774314946,452.2756042480469,478.0651550292969,494.4488525390625,0,200,0
3.7784955609999997,452.2641296386719,478.8659362792969,494.4459228515625,0,200,0
3.782431876,452.24871826171875,479.66949462890625,494.4379577636719,0,200,0
3.78634358,452.23199462890625,480.476806640625,494.43109130859375,0,200,0
3.790834188,452.2169494628906,481.2850646972656,494.4251403808594,0,200,0
3.794515711,452.1990966796875,482.09063720703125,494.4178161621094,0,200,0
3.798443641,452.1852111816406,482.8961181640625,494.4235534667969,0,200,0
3.802622144,452.1689453125,483.7037048339844,494.4287109375,0,200,0
3.806649371,452.14971923828125,484.5109558105469,494.4217224121094,0,200,0
3.810602791,452.1330261230469,485.3216552734375,494.4160461425781,0,200,0
3.814947897,452.1179504394531,486.12835693359375,494.4176025390625,0,200,0
3.8187096069999997,452.0995788574219,486.9324951171875,494.4181823730469,0,200,0
3.8227102630000003,452.08575439453125,487.7384033203125,494.41845703125,0,200,0
3.826918431,452.0672607421875,488.54388427734375,494.40679931640625,0,200,0
3.830846403,452.0497131347656,489.35028076171875,494.40252685546875,0,200,0
3.8347950280000003,452.0325622558594,490.15423583984375,494.3995361328125,0,200,0
3.8389876899999997,452.01654052734375,490.95751953125,494.3890686035156,0,200,0
3.842885314,452.0011291503906,491.7608947753906,494.3804016113281,0,200,0
3.846881995,451.9879455566406,492.5634460449219,494.36962890625,0,200,0
3.851150761,451.9721984863281,493.3702392578125,494.3632507324219,0,200,0
3.854989214,451.95745849609375,494.1763610839844,494.3546142578125,0,200,0
3.8589260469999997,451.9415588378906,494.98004150390625,494.3441467285156,0,200,0
3.863325682,451.9271545410156,495.7823791503906,494.3414306640625,0,200,0
3.8671172719999998,451.912353515625,496.5860290527344,494.3407897949219,0,200,0
3.871108387,451.896484375,497.38824462890625,494.3314514160156,0,200,0
3.875302381,451.8782958984375,498.1946105957031,494.321044921875,0,200,0
3.87914943,451.85791015625,499.0040283203125,494.313720703125,0,200,0
3.883113722,451.84027099609375,499.8144226074219,494.31329345703125,0,200,0
3.887376521,451.8232421875,500.6214904785156,494.31976318359375,0,200,0
3.891510142,451.8081970214844,501.4210205078125,494.3185119628906,0,200,0
3.895277956,451.7983703613281,502.2212219238281,494.3167419433594,0,200,0
3.899465817,451.7821350097656,503.0276184082031,494.3099670410156,0,200,0
3.9033437380000002,451.76324462890625,503.83477783203125,494.306884765625,0,200,0
3.90733403,451.7464904785156,504.6426086425781,494.31060791015625,0,200,0
3.911707468,451.7314453125,505.4465637207031,494.3095397949219,0,200,0
3.915441332,451.7160949707031,506.2493591308594,494.3034362792969,0,200,0
3.919432934,451.70599365234375,507.0545654296875,494.3056640625,0,200,0
3.9236562839999998,451.68865966796875,507.85601806640625,494.29766845703125,0,200,0
3.92758234,451.672607421875,508.6632385253906,494.291259765625,0,200,0
3.931560729,451.6551818847656,509.46746826171875,494.28045654296875,0,200,0
3.935781747,451.6364440917969,510.2696533203125,494.2664794921875,0,200,0
3.939765773,451.620849609375,511.0777587890625,494.2605895996094,0,200,0
3.943623271,451.603515625,511.88153076171875,494.2457580566406,0,200,0
3.947863828,451.5881042480469,512.6858520507813,494.2372131347656,0,200,0
3.951803044,451.57171630859375,513.4884033203125,494.2357177734375,0,200,0
3.955678075,451.5544128417969,514.28857421875,494.2245788574219,0,200,0
3.960084144,451.5343933105469,515.0947265625,494.20892333984375,0,200,0
3.963850574,451.5147399902344,515.8980712890625,494.1958312988281,0,200,0
3.967852574,451.49945068359375,516.7036743164063,494.1897888183594,0,200,0
3.972032184,451.48614501953125,517.5068969726563,494.1941223144531,0,200,0
3.975947936,451.4698486328125,518.312255859375,494.2025451660156,0,200,0
3.979923507,451.4571228027344,519.1171264648438,494.20477294921875,0,200,0
3.9841653790000002,451.44110107421875,519.9225463867188,494.19854736328125,0,200,0
3.988078361,451.4259948730469,520.7294921875,494.2038269042969,0,200,0
3.992288858,451.4077453613281,521.5352783203125,494.2083740234375,0,200,0
3.9962437079999997,451.39013671875,522.3392944335938,494.20123291015625,0,200,0
4.000084348,451.37841796875,523.1422119140625,494.2010192871094,0,200,0
4.004125991,451.36328125,523.94482421875,494.20123291015625,0,200,0
4.008501181,451.347900390625,524.7484130859375,494.1997375488281,0,200,0
4.012303255,451.3304443359375,525.5531005859375,494.1907958984375,0,200,0
4.016319486,451.3113098144531,526.3541870117188,494.17620849609375,0,200,0
4.02035956,451.2961120605469,527.1541748046875,494.16217041015625,0,200,0
4.024355336,451.28021240234375,527.9537353515625,494.14630126953125,0,200,0
4.028263028,451.26678466796875,528.7534790039063,494.1318054199219,0,200,0
4.032601871,451.2463073730469,529.5586547851563,494.1265869140625,0,200,0
4.03642205,451.2258605957031,530.36328125,494.1180725097656,0,200,0
4.040415404,451.20831298828125,531.169677734375,494.11285400390625,0,200,0
4.044609179,451.1867980957031,531.9727783203125,494.09942626953125,0,200,0
4.048516533,451.173828125,532.7760009765625,494.0858154296875,0,200,0
4.052514288,451.1628112792969,533.5808715820313,494.09161376953125,0,200,0
4.056818744,451.14715576171875,534.3817749023438,494.0927429199219,0,200,0
4.060592648,451.1347351074219,535.1846923828125,494.0981140136719,0,200,0
4.064598951,451.1125183105469,535.994140625,494.0912170410156,0,200,0
4.068834088,451.09698486328125,536.79931640625,494.0921630859375,0,200,0
4.072743822,451.0824279785156,537.5997924804688,494.0972595214844,0,200,0
4.076644777,451.067138671875,538.397705078125,494.0955810546875,0,200,0
4.080884974,451.05218505859375,539.1973876953125,494.0883483886719,0,200,0
4.084799938,451.03619384765625,539.9983520507813,494.0858154296875,0,200,0
4.088811188,451.0195617675781,540.8009033203125,494.0823974609375,0,200,0
4.093310946,451.00555419921875,541.6006469726563,494.0767822265625,0,200,0
4.096894934,450.9938659667969,542.4024658203125,494.0751647949219,0,200,0
4.100867642,450.9746398925781,543.2063598632813,494.06744384765625,0,200,0
4.105277782,450.9569396972656,544.0079345703125,494.0503845214844,0,200,0
4.10910026,450.9420166015625,544.8133544921875,494.04730224609375,0,200,0
4.113010173,450.92181396484375,545.6159057617188,494.0347595214844,0,200,0
4.117142206,450.9052734375,546.4221801757813,494.0326843261719,0,200,0
4.121056418,450.8848571777344,547.2241821289063,494.0176086425781,0,200,0
4.125010253,450.8640441894531,548.0291748046875,494.00030517578125,0,200,0
4.129345848,450.84844970703125,548.832275390625,493.987548828125,0,200,0
4.133187128,450.83074951171875,549.6321411132813,493.9759826660156,0,200,0
4.137172497,450.8126525878906,550.432861328125,493.9786682128906,0,200,0
4.141429297,450.7919006347656,551.23388671875,493.9666748046875,0,200,0
4.145298175,450.77447509765625,552.0383911132813,493.9609680175781,0,200,0
4.149294339,450.7585754394531,552.839599609375,493.960693359375,0,200,0
4.153652914,450.74383544921875,553.6458129882813,493.9680480957031,0,200,0
4.157380897,450.73089599609375,554.4447021484375,493.9725646972656,0,200,0
4.161366103,450.71441650390625,555.2451782226563,493.9731750488281,0,200,0
4.165545736,450.69659423828125,556.0506591796875,493.980224609375,0,200,0
4.169502189,450.6824645996094,556.8524169921875,493.9853515625,0,-200,0
4.173461902,450.6675109863281,557.65234375,493.98504638671875,0,-200,0
4.177810017,450.6531066894531,558.4531860351563,493.98016357421875,0,-200,0
4.18169066,450.63592529296875,559.2554321289063,493.97161865234375,0,-200,0
4.185696008,450.61944580078125,560.0576171875,493.9564514160156,0,-200,0
4.189973719,450.60479736328125,560.8536376953125,493.94464111328125,0,-200,0
4.194019347,450.5856018066406,561.6497802734375,493.93060302734375,0,-200,0
4.197707541,450.57177734375,562.4356689453125,493.9194030761719,0,-200,0
4.202090389,450.5841369628906,563.1661376953125,493.9544677734375,0,-200,0
4.205753746,450.63299560546875,563.7894897460938,494.058837890625,0,-200,0
4.209785374,450.7210388183594,564.3009643554688,494.2044372558594,0,-200,0
4.214056867,450.8201599121094,564.6757202148438,494.3326416015625,0,-200,0
4.217840988,450.9400634765625,564.8799438476563,494.5036315917969,0,-200,0
4.221799554,451.07379150390625,564.886474609375,494.65960693359375,0,-200,0
4.226060136,451.1165771484375,564.75830078125,494.68072509765625,0,-200,0
4.229930433,451.04412841796875,564.6278076171875,494.61700439453125,0,-200,0
4.234012386,450.9075622558594,564.361572265625,494.5132751464844,0,-200,0
4.238137113,450.77337646484375,563.896484375,494.3934326171875,0,-200,0
4.242050136,450.6457214355469,563.3134155273438,494.2314453125,0,-200,0
4.246028675,450.4952697753906,562.6442260742188,494.0278625488281,0,-200,0
4.250412204,450.3686218261719,561.8968505859375,493.8879699707031,0,-200,0
4.254252886,450.32196044921875,561.0369873046875,493.8330993652344,0,-200,0
4.258123795,450.325439453125,560.1163940429688,493.7962341308594,0,-200,0
4.262377238,450.33758544921875,559.2061767578125,493.7427062988281,0,-200,0
4.266338321,450.3509216308594,558.3104858398438,493.7395935058594,0,-200,0
4.27024203,450.3795166015625,557.4252319335938,493.7949523925781,0,-200,0
4.274573678,450.43145751953125,556.5422973632813,493.85504150390625,0,-200,0
4.278348658,450.4853210449219,555.6660766601563,493.9068603515625,0,-200,0
4.28231345,450.5274353027344,554.8138427734375,493.9801940917969,0,-200,0
4.286577665,450.5411071777344,553.9933471679688,494.0506286621094,0,-200,0
4.290436054,450.52947998046875,553.2093505859375,494.1138916015625,0,-200,0
4.29463094,450.4961853027344,552.427978515625,494.1427307128906,0,-200,0
4.298793708,450.4619140625,551.6380615234375,494.145751953125,0,-200,0
4.302509156,450.4275207519531,550.8516235351563,494.13494873046875,0,-200,0
4.306562126,450.3734130859375,550.0662841796875,494.0869445800781,0,-200,0
4.310717383,450.3136901855469,549.28173828125,494.025390625,0,-200,0
4.314658274,450.2648620605469,548.476318359375,493.9572448730469,0,-200,0
4.318650876,450.2244873046875,547.662353515625,493.8897705078125,0,-200,0
4.322825607,450.1953430175781,546.8440551757813,493.83056640625,0,-200,0
4.326738108,450.16583251953125,546.0330810546875,493.7868957519531,0,-200,0
4.330666599,450.1318359375,545.2215576171875,493.74420166015625,0,-200,0
4.334944402,450.1114196777344,544.4113159179688,493.71826171875,0,-200,0
4.338825229,450.09521484375,543.6016235351563,493.70697021484375,0,-200,0
4.342810319,450.07501220703125,542.7948608398438,493.72705078125,0,-200,0
4.347189159,450.06500244140625,541.9871215820313,493.7643127441406,0,-200,0
4.350936813,450.06231689453125,541.1672973632813,493.79345703125,0,-200,0
4.354967584,450.0735778808594,540.3500366210938,493.83697509765625,0,-200,0
4.359092747,450.08819580078125,539.5223999023438,493.8830871582031,0,-200,0
4.363009628,450.1086120605469,538.6934204101563,493.9268798828125,0,-200,0
4.366992708,450.1165771484375,537.8721313476563,493.9568786621094,0,-200,0
4.371218469,450.12420654296875,537.0443115234375,493.97393798828125,0,-200,0
4.375132266,450.1304016113281,536.2116088867188,493.9776611328125,0,-200,0
4.379084371,450.1199951171875,535.3820190429688,493.9613342285156,0,-200,0
4.38330346,450.0933532714844,534.570068359375,493.9459533691406,0,-200,0
4.387240943,450.0510559082031,533.765869140625,493.92156982421875,0,-200,0
4.3912704510000005,450.0058898925781,532.969970703125,493.8870544433594,0,-200,0
4.395844725,449.9614562988281,532.17578125,493.8495178222656,0,-200,0
4.39932453,449.92205810546875,531.3847045898438,493.82806396484375,0,-200,0
4.403300569,449.8831787109375,530.5905151367188,493.80609130859375,0,-200,0
4.407495112,449.8526916503906,529.7933349609375,493.7870788574219,0,-200,0
4.411417834,449.8251037597656,528.9966430664063,493.7669372558594,0,-200,0
4.415397249,449.8040771484375,528.1934814453125,493.7392883300781,0,-200,0
4.419575023,449.7911682128906,527.3895874023438,493.73291015625,0,-200,0
4.423448382,449.7768859863281,526.5845336914063,493.7313537597656,0,-200,0
4.427514121,449.7617492675781,525.7783203125,493.7292785644531,0,-200,0
4.431734419,449.748779296875,524.9658203125,493.7235412597656,0,-200,0
4.435639162,449.7371520996094,524.1461791992188,493.72222900390625,0,-200,0
4.439562211,449.72906494140625,523.32568359375,493.7283020019531,0,-200,0
4.443915681,449.72515869140625,522.5005493164063,493.73699951171875,0,-200,0
4.447716886,449.72406005859375,521.6773071289063,493.7525939941406,0,-200,0
4.451689461,449.7187194824219,520.854248046875,493.771240234375,0,-200,0
4.455913191,449.7166748046875,520.0335693359375,493.7941589355469,0,-200,0
4.459774094,449.7113952636719,519.2119140625,493.8045349121094,0,-200,0
4.463732465,449.6988525390625,518.4003295898438,493.8106689453125,0,-200,0
4.467966244,449.6935729980469,517.5892944335938,493.8260498046875,0,-200,0
4.47191094,449.6773376464844,516.779296875,493.8204345703125,0,-200,0
4.475917534,449.6531066894531,515.978759765625,493.8063049316406,0,-200,0
4.480041211,449.6181335449219,515.1848754882813,493.7928161621094,0,-200,0
4.483942284,449.5815124511719,514.3905029296875,493.7732849121094,0,-200,0
4.488012192,449.54779052734375,513.5925903320313,493.74066162109375,0,-200,0
4.492357751,449.52301025390625,512.7876586914063,493.7064514160156,0,-200,0
4.496375603,449.5010681152344,511.9876708984375,493.6773681640625,0,-200,0
4.49996004,449.47479248046875,511.18231201171875,493.6562805175781,0,-200,0
4.504276161,449.45367431640625,510.3822326660156,493.6514892578125,0,-200,0
4.508231969,449.43719482421875,509.570068359375,493.636474609375,0,-200,0
4.512135902,449.4259338378906,508.75836181640625,493.62457275390625,0,-200,0
4.51647888,449.4163513183594,507.9460144042969,493.6245422363281,0,-200,0
4.520290152,449.3986511230469,507.1318664550781,493.6241149902344,0,-200,0
4.524267301,449.3931884765625,506.3209533691406,493.6371154785156,0,-200,0
4.528455943,449.38763427734375,505.5019226074219,493.64605712890625,0,-200,0
4.53236642,449.382568359375,504.68206787109375,493.65875244140625,0,-200,0
4.536396621,449.37744140625,503.865234375,493.673828125,0,-200,0
4.540683861,449.36944580078125,503.0478210449219,493.68243408203125,0,-200,0
4.544454221,449.3612060546875,502.2371520996094,493.6941223144531,0,-200,0
4.548462035,449.3471374511719,501.4246826171875,493.7037048339844,0,-200,0
4.5526662,449.3352355957031,500.6151123046875,493.70562744140625,0,-200,0
4.556603477,449.32220458984375,499.8044738769531,493.6990051269531,0,-200,0
4.560541219,449.30303955078125,498.9935607910156,493.6885070800781,0,-200,0
4.564721602,449.2845458984375,498.1918029785156,493.688232421875,0,-200,0
4.568666038,449.255859375,497.38958740234375,493.668212890625,0,-200,0
4.572680849,449.22552490234375,496.5973815917969,493.64532470703125,0,-200,0
4.576867207,449.19427490234375,495.8018493652344,493.6114196777344,0,-200,0
4.580757714,449.1647033691406,494.9999084472656,493.5794982910156,0,-200,0
4.58468671,449.14697265625,494.19903564453125,493.56634521484375,0,-200,0
4.589039939,449.12738037109375,493.3899841308594,493.549560546875,0,-200,0
4.592970051,449.1100158691406,492.5810852050781,493.53326416015625,0,-200,0
4.59711597,449.0906677246094,491.7789001464844,493.5240783691406,0,-200,0
4.601012505,449.0678405761719,490.9734802246094,493.51373291015625,0,-200,0
4.604876252,449.0527038574219,490.1637268066406,493.5177001953125,0,-200,0
4.608874253,449.0412292480469,489.3514404296875,493.5211181640625,0,-200,0
4.613178023,449.03082275390625,488.53656005859375,493.5285949707031,0,-200,0
4.617073699,449.0281066894531,487.7201232910156,493.54852294921875,0,-200,0
4.621015636,449.0243835449219,486.90228271484375,493.5640563964844,0,-200,0
4.625235364,449.01849365234375,486.0902404785156,493.57568359375,0,-200,0
4.629096229,449.01043701171875,485.2813415527344,493.5916748046875,0,-200,0
4.633095825,448.99969482421875,484.4668273925781,493.59893798828125,0,-200,0
4.637501841,448.9913024902344,483.6601257324219,493.60089111328125,0,-200,0
4.641273458,448.97528076171875,482.8484802246094,493.5880126953125,0,-200,0
4.645227644,448.9550476074219,482.038330078125,493.5716857910156,0,-200,0
4.649444206,448.9352722167969,481.2375793457031,493.5692443847656,0,-200,0
4.653337123,448.90814208984375,480.4326477050781,493.5526428222656,0,-200,0
4.657282728,448.88134765625,479.6296081542969,493.5245056152344,0,-200,0
4.661500161,448.8567810058594,478.83026123046875,493.4990234375,0,-200,0
4.665395922,448.8297424316406,478.02557373046875,493.4703674316406,0,-200,0
4.669368034,448.808349609375,477.2229309082031,493.4573974609375,0,-200,0
4.673645178,448.7901306152344,476.41851806640625,493.44952392578125,0,-200,0
4.677560368,448.7730407714844,475.61322021484375,493.4378662109375,0,-200,0
4.681474494,448.7596435546875,474.80853271484375,493.4318542480469,0,-200,0
4.685804405,448.7492370605469,473.9976806640625,493.4300231933594,0,-200,0
4.689658822,448.7375793457031,473.1887512207031,493.43768310546875,0,-200,0
4.693612552,448.72607421875,472.3777160644531,493.441162109375,0,-200,0
4.698126101,448.71502685546875,471.5660095214844,493.44720458984375,0,-200,0
4.701723616,448.7087707519531,470.7544250488281,493.46124267578125,0,-200,0
4.705703853,448.69549560546875,469.9387512207031,493.4656066894531,0,-200,0
4.709918942,448.6836853027344,469.1252136230469,493.47186279296875,0,-200,0
4.713817232,448.6722717285156,468.3179931640625,493.47454833984375,0,-200,0
4.717831369,448.656494140625,467.5065612792969,493.47747802734375,0,-200,0
4.721981822,448.6427001953125,466.6977844238281,493.47833251953125,0,-200,0
4.725864864,448.6291198730469,465.88726806640625,493.4719543457031,0,-200,0
4.729889979,448.608642578125,465.0818786621094,493.45654296875,0,-200,0
4.734288199,448.5841064453125,464.2843322753906,493.4470520019531,0,-200,0
4.738043955,448.5610046386719,463.4808349609375,493.4361877441406,0,-200,0
4.741966022,448.54107666015625,462.6775817871094,493.42431640625,0,-200,0
4.746197944,448.5225830078125,461.8719482421875,493.4034729003906,0,-200,0
4.750089957,448.5033874511719,461.070556640625,493.37872314453125,0,-200,0
4.754048437,448.4833984375,460.2741394042969,493.36517333984375,0,-200,0
4.758365352,448.4573974609375,459.47125244140625,493.3514099121094,0,-200,0
4.76214857,448.4364013671875,458.6687927246094,493.34814453125,0,-200,0
4.766132554,448.4232482910156,457.8634338378906,493.34405517578125,0,-200,0
4.770346125,448.4033508300781,457.05096435546875,493.3325500488281,0,-200,0
4.774322724,448.3946533203125,456.2407531738281,493.33160400390625,0,-200,0
4.778256474,448.3797302246094,455.4327087402344,493.338134765625,0,-200,0
4.7827124770000005,448.3644104003906,454.6213073730469,493.3406677246094,0,-200,0
4.786437214,448.3570556640625,453.808837890625,493.3501892089844,0,-200,0
4.790429469,448.3479309082031,452.9980163574219,493.3587341308594,0,-200,0
4.794570466,448.33453369140625,452.186767578125,493.3643798828125,0,-200,0
4.798753355,448.3266906738281,451.3766784667969,493.37335205078125,0,-200,0
4.802415533,448.3123474121094,450.56927490234375,493.3697509765625,0,-200,0
4.80672299,448.29864501953125,449.7605285644531,493.36920166015625,0,-200,0
4.810560579,448.2835388183594,448.9543762207031,493.3734436035156,0,-200,0
4.814567709,448.2669982910156,448.149169921875,493.36041259765625,0,-200,0
4.818840852,448.2475891113281,447.3450622558594,493.3399353027344,0,-200,0
4.822674554,448.2301025390625,446.5417785644531,493.3298034667969,0,-200,0
4.826583525,448.2079162597656,445.7360534667969,493.3183288574219,0,-200,0
4.830981324,448.1884765625,444.93194580078125,493.3062438964844,0,-200,0
4.834710047,448.17236328125,444.13177490234375,493.29638671875,0,-200,0
4.838787043,448.1473083496094,443.32928466796875,493.2707214355469,0,-200,0
4.842963284,448.12652587890625,442.5273132324219,493.2543640136719,0,-200,0
4.846912383,448.1104431152344,441.7237854003906,493.2468566894531,0,-200,0
4.850866055,448.0943603515625,440.9158020019531,493.24041748046875,0,-200,0
4.855066448,448.07861328125,440.106201171875,493.240234375,0,-200,0
4.858974324,448.06719970703125,439.3023986816406,493.2437438964844,0,-200,0
4.862934251,448.0525817871094,438.49420166015625,493.2426452636719,0,-200,0
4.867298164,448.0421142578125,437.6854248046875,493.24896240234375,0,-200,0
4.871086443,448.02783203125,436.8775939941406,493.2584228515625,0,-200,0
4.875076305,448.0127258300781,436.0697021484375,493.2575988769531,0,-200,0
4.879518556,447.9981994628906,435.2648620605469,493.2611083984375,0,-200,0
4.883194038,447.9866943359375,434.4596252441406,493.26708984375,0,-200,0
4.887184012,447.97705078125,433.6466064453125,493.2672119140625,0,-200,0
4.891401421,447.9654235839844,432.8382568359375,493.26727294921875,0,-200,0
4.895257314,447.9501953125,432.03369140625,493.2618408203125,0,-200,0
4.899491634,447.9277038574219,431.2326965332031,493.2528076171875,0,-200,0
4.903502515,447.9066467285156,430.43609619140625,493.251708984375,0,-200,0
4.907318136,447.8883361816406,429.634521484375,493.241943359375,0,-200,0
4.911386151,447.86968994140625,428.8274230957031,493.2187194824219,0,-200,0
4.915505659,447.8512268066406,428.0220947265625,493.2038879394531,0,-200,0
4.919503679,447.8324890136719,427.2227478027344,493.200439453125,0,-200,0
4.923408985,447.80804443359375,426.41937255859375,493.18695068359375,0,-200,0
4.927701783,447.79058837890625,425.6176452636719,493.17803955078125,0,-200,0
4.93158095,447.77911376953125,424.8114929199219,493.1692199707031,0,-200,0
4.935586627,447.7607116699219,424.0036926269531,493.1526794433594,0,-200,0
4.93985767,447.7477722167969,423.1965637207031,493.14654541015625,0,-200,0
4.943656708,447.7353820800781,422.3891296386719,493.1473388671875,0,-200,0
4.947591228,447.7191467285156,421.5786437988281,493.1482238769531,0,-200,0
4.951904374,447.7091064453125,420.76983642578125,493.15087890625,0,-200,0
4.955737533,447.70001220703125,419.96343994140625,493.15509033203125,0,-200,0
4.959779187,447.6883544921875,419.1494445800781,493.1589660644531,0,-200,0
4.96395501,447.6793212890625,418.34185791015625,493.1658020019531,0,-200,0
4.967869269,447.66693115234375,417.53662109375,493.1687927246094,0,-200,0
4.971885797,447.64910888671875,416.7286071777344,493.16094970703125,0,-200,0
4.976233039,447.6385498046875,415.9255676269531,493.164794921875,0,-200,0
4.979961789,447.6209716796875,415.12469482421875,493.16387939453125,0,-200,0
4.98394613,447.5975341796875,414.3205871582031,493.1514892578125,0,-200,0
4.988118569,447.5782775878906,413.5194396972656,493.1419982910156,0,-200,0
4.992115161,447.56011962890625,412.71832275390625,493.1302185058594,0,-200,0
4.996023537,447.5391845703125,411.9110107421875,493.1212463378906,0,-200,0
5.000450275,447.52130126953125,411.1062316894531,493.11529541015625,0,-200,0
5.004161379,447.5046691894531,410.3069152832031,493.1031799316406,0,-200,0
5.008106992,447.48394775390625,409.5032653808594,493.0879211425781,0,-200,0
5.01236947,447.466064453125,408.70452880859375,493.08203125,0,-200,0
5.01633659,447.44854736328125,407.90423583984375,493.083984375,0,-200,0
5.020144627,447.4311218261719,407.094970703125,493.0762634277344,0,-200,0
5.024600381,447.4212646484375,406.2857971191406,493.0721435546875,0,-200,0
5.028351521,447.410888671875,405.47601318359375,493.06500244140625,0,-200,0
5.032350789,447.3955993652344,404.67230224609375,493.0586242675781,0,-200,0
5.036531575,447.38018798828125,403.8717956542969,493.05950927734375,0,-200,0
5.040487966,447.3653564453125,403.0653991699219,493.0621032714844,0,-200,0
5.044369967,447.3524475097656,402.2557067871094,493.0652770996094,0,-200,0
5.04863041,447.3409118652344,401.4475402832031,493.06561279296875,0,-200,0
5.052528642,447.32672119140625,400.6461486816406,493.0657653808594,0,-200,0
5.056462304,447.3056945800781,399.8393859863281,493.0605773925781,0,-200,0
5.060752894,447.2900390625,399.0340576171875,493.0613098144531,0,-200,0
5.064609647,447.2731018066406,398.2333679199219,493.059326171875,0,-200,0
5.068536646,447.25445556640625,397.4267272949219,493.0498352050781,0,-200,0
5.073035749,447.23565673828125,396.62774658203125,493.04388427734375,0,-200,0
5.076773145,447.2198486328125,395.8262023925781,493.0426330566406,0,-200,0
5.080676721,447.1993713378906,395.0227355957031,493.0339050292969,0,-200,0
5.084679512,447.1811218261719,394.2196350097656,493.02508544921875,0,-200,0
5.088771641,447.16888427734375,393.4141540527344,493.0154113769531,0,-200,0
5.09278687,447.15234375,392.610107421875,493.0107116699219,0,-200,0
5.096962816,447.13604736328125,391.8038635253906,493.00616455078125,0,-200,0
5.100905811,447.1222839355469,390.996826171875,493.0021667480469,0,-200,0
5.10484491,447.1099548339844,390.19024658203125,492.9945373535156,0,-200,0
5.109266767,447.0955810546875,389.3832702636719,492.98291015625,0,-200,0
5.113014821,447.08294677734375,388.57696533203125,492.9819030761719,0,-200,0
5.116822391,447.070068359375,387.77496337890625,492.9872741699219,0,-200,0
5.12132754,447.0513000488281,386.97222900390625,492.9804992675781,0,-200,0
5.125089481,447.0314636230469,386.1760559082031,492.9749755859375,0,-200,0
5.129134038,447.0137634277344,385.3838806152344,492.9712829589844,0,-200,0
5.133272584,446.9950256347656,384.59356689453125,492.96514892578125,0,-200,0
5.137197724,446.97064208984375,383.806640625,492.9516296386719,0,-200,0
5.141136826,446.9449768066406,383.0289001464844,492.9486999511719,0,-200,0
5.145410801,446.9171142578125,382.2580261230469,492.9482116699219,0,-200,0
5.149304667,446.8910217285156,381.4855651855469,492.935791015625,0,-200,0
5.153260089,446.8692626953125,380.718017578125,492.9284362792969,0,-200,0
5.15747836,446.84588623046875,379.9593505859375,492.92327880859375,0,-200,0
5.161469412,446.8172607421875,379.2099609375,492.9194641113281,0,-200,0
5.165246492,446.78558349609375,378.47113037109375,492.9099426269531,0,-200,0
5.169716762,446.7559814453125,377.7359924316406,492.8999938964844,0,-200,0
5.173512401,446.7297668457031,377.001220703125,492.8918151855469,0,-200,0
5.178005359,446.7040100097656,376.2716979980469,492.8824768066406,0,-200,0
5.181607893,446.67181396484375,375.548828125,492.8703308105469,0,-200,0
5.185522981,446.6426696777344,374.8378601074219,492.8697204589844,0,-200,0
5.189433098,446.6126708984375,374.131591796875,492.8589782714844,0,-200,0
5.193755461,446.5843505859375,373.42633056640625,492.8463134765625,0,-200,0
5.197643454,446.5576171875,372.7308654785156,492.84185791015625,0,-200,0
5.20162895,446.5278625488281,372.0462646484375,492.8413391113281,0,-200,0
5.205807974,446.4926452636719,371.3639221191406,492.8354187011719,0,-200,0
5.209696171,446.4527893066406,370.6911315917969,492.8199462890625,0,-200,0
5.213739638,446.4146728515625,370.0286865234375,492.8072814941406,0,-200,0
5.218109585,446.3815002441406,369.3720397949219,492.80059814453125,0,-200,0
5.221817527,446.3431091308594,368.7206726074219,492.7928161621094,0,-200,0
5.225727694,446.2996520996094,368.0740051269531,492.7780456542969,0,-200,0
5.230028509,446.2585754394531,367.4366760253906,492.7708435058594,0,-200,0
5.233924782,446.2185363769531,366.8061828613281,492.75811767578125,0,-200,0
5.237837133,446.1793518066406,366.1815185546875,492.7455139160156,0,-200,0
5.242134148,446.1383056640625,365.5612487792969,492.7279968261719,0,-200,0
5.246168189,446.0975341796875,364.94927978515625,492.71343994140625,0,-200,0
5.249992284,446.057861328125,364.3446044921875,492.7005310058594,0,-200,0
5.254324518,446.01708984375,363.7456970214844,492.6854553222656,0,-200,0
5.258109234,445.9792175292969,363.1512451171875,492.67889404296875,0,-200,0
5.262097159,445.9365234375,362.5601501464844,492.6640930175781,0,-200,0
5.266572305,445.89703369140625,361.9794921875,492.6568603515625,0,-200,0
5.27024091,445.8587951660156,361.4068908691406,492.6463623046875,0,-200,0
5.274165535,445.81549072265625,360.8394775390625,492.6378173828125,0,-200,0
5.278393727,445.7734069824219,360.27734375,492.62420654296875,0,-200,0
5.282658333,445.73394775390625,359.72296142578125,492.617919921875,0,-200,0
5.286273093,445.6907958984375,359.1740417480469,492.61041259765625,0,-200,0
5.290574334,445.64617919921875,358.63592529296875,492.6001281738281,0,-200,0
5.294335682,445.5986633300781,358.1094055175781,492.5884094238281,0,-200,0
5.298362813,445.55340576171875,357.5853576660156,492.5743103027344,0,-200,0
5.302678091,445.5111389160156,357.06671142578125,492.5664367675781,0,-200,0
5.306450338,445.46978759765625,356.54913330078125,492.5597839355469,0,-200,0
5.31047658,445.425048828125,356.04412841796875,492.5450134277344,0,-200,0
5.314800697,445.38037109375,355.5467529296875,492.5343933105469,0,-200,0
5.318584825,445.33172607421875,355.0551452636719,492.5195007324219,0,-200,0
5.322633207,445.2840576171875,354.5705261230469,492.5067443847656,0,-200,0
5.326750802,445.2414855957031,354.09246826171875,492.492919921875,0,-200,0
5.330678516,445.201904296875,353.6180419921875,492.479736328125,0,-200,0
5.334588551,445.15869140625,353.1440734863281,492.463134765625,0,-200,0
5.338944452,445.1173095703125,352.67828369140625,492.4527893066406,0,-200,0
5.342843853,445.075439453125,352.21881103515625,492.4403381347656,0,-200,0
5.346724056,445.0352783203125,351.7680969238281,492.4267272949219,0,-200,0
5.351046823,444.990966796875,351.3229064941406,492.4141540527344,0,-200,0
5.354835034,444.948486328125,350.8906555175781,492.40435791015625,0,-200,0
5.358885175,444.9043273925781,350.46234130859375,492.3904724121094,0,-200,0
5.363388223,444.861572265625,350.0342102050781,492.3745422363281,0,-200,0
5.366997697,444.8262634277344,349.6143798828125,492.3682556152344,0,-200,0
5.370962007,444.78375244140625,349.2038269042969,492.35736083984375,0,-200,0
5.3751743770000004,444.7415466308594,348.8013916015625,492.34759521484375,0,-200,0
5.379036606,444.6990051269531,348.4067077636719,492.3400573730469,0,-200,0
5.383008555,444.6568603515625,348.015380859375,492.3278503417969,0,-200,0
5.387340465,444.61962890625,347.63299560546875,492.3243713378906,0,-200,0
5.391196475,444.5787048339844,347.2529296875,492.3092346191406,0,-200,0
5.395148855,444.5360412597656,346.8862609863281,492.2947692871094,0,-200,0
5.39940652,444.49957275390625,346.52532958984375,492.28924560546875,0,-200,0
5.403309233,444.4563903808594,346.165771484375,492.2736511230469,0,-200,0
5.407245693,444.41925048828125,345.8144836425781,492.260009765625,0,-200,0
5.411573306,444.3846740722656,345.47100830078125,492.2504577636719,0,-200,0
5.415407368,444.3464660644531,345.1311340332031,492.2384033203125,0,-200,0
5.41932564,444.3074645996094,344.7970275878906,492.2252502441406,0,-200,0
5.423582403,444.27337646484375,344.4731140136719,492.21533203125,0,-200,0
5.427408586,444.2430725097656,344.14892578125,492.2024841308594,0,-200,0
5.431392785,444.20928955078125,343.82916259765625,492.1925964355469,0,-200,0
5.435665311,444.17864990234375,343.5242919921875,492.1953125,0,-200,0
5.439513248,444.13824462890625,343.2297668457031,492.185791015625,0,-200,0
5.443573713,444.0979309082031,342.9402770996094,492.1691589355469,0,-200,0
5.447739005,444.0689392089844,342.6542663574219,492.1693420410156,0,-200,0
5.451604729,444.0414733886719,342.3614501953125,492.1638488769531,0,-200,0
5.455648432,444.0125732421875,342.0805969238281,492.151611328125,0,-200,0
5.460012828,443.9777526855469,341.81646728515625,492.1391296386719,0,-200,0
5.463778629,443.94635009765625,341.5659484863281,492.1366882324219,0,-200,0
5.467764816,443.9110412597656,341.31390380859375,492.1297912597656,0,-200,0
5.471935436,443.8802490234375,341.06341552734375,492.1246032714844,0,-200,0
5.475879379,443.857421875,340.8138122558594,492.11541748046875,0,-200,0
5.479796046,443.8304443359375,340.5773620605469,492.1048889160156,0,-200,0
5.484326362,443.800048828125,340.3521728515625,492.0939636230469,0,-200,0
5.487957455,443.7686462402344,340.1315002441406,492.0851745605469,0,-200,0
5.4919454,443.74273681640625,339.91021728515625,492.0778503417969,0,-200,0
5.496075953,443.71478271484375,339.701416015625,492.072998046875,0,-200,0
5.500030651,443.68792724609375,339.49530029296875,492.05804443359375,0,-200,0
5.504046949,443.6627197265625,339.2960205078125,492.0472412109375,0,-200,0
5.508357275,443.6395263671875,339.1050109863281,492.043212890625,0,-200,0
5.512087807,443.6142578125,338.916015625,492.0327453613281,0,-200,0
5.516162522,443.5916442871094,338.7343444824219,492.026611328125,0,-200,0
5.520387635,443.5713195800781,338.5627136230469,492.0267028808594,0,-200,0
5.524307258,443.5519714355469,338.397216796875,492.0234375,0,-200,0
5.5282114490000005,443.52862548828125,338.24017333984375,492.01629638671875,0,-200,0
5.532469403,443.5082702636719,338.0870056152344,492.0072021484375,0,-200,0
5.536371994,443.4895324707031,337.9387512207031,492.0026550292969,0,-200,0
5.540421355,443.4726867675781,337.7970886230469,491.9996337890625,0,-200,0
5.54454778,443.45660400390625,337.6625671386719,491.9939880371094,0,-200,0
5.548353376,443.4383850097656,337.5397644042969,491.9877014160156,0,-200,0
5.55235122,443.4178466796875,337.4195556640625,491.97918701171875,0,-200,0
5.556682833,443.4005432128906,337.3043518066406,491.97662353515625,0,-200,0
5.560530026,443.3889465332031,337.1893615722656,491.9716796875,0,-200,0
5.5645377620000005,443.3767395019531,337.0870056152344,491.9647521972656,0,-200,0
5.568735901,443.3638000488281,336.98931884765625,491.9565734863281,0,-200,0
5.572597812,443.3536682128906,336.89984130859375,491.9527587890625,0,-200,0
5.576575007,443.3407897949219,336.8162536621094,491.9457092285156,0,-200,0
5.580837769,443.33154296875,336.7355041503906,491.94415283203125,0,-200,0
5.584970197,443.3233337402344,336.6676330566406,491.94305419921875,0,-200,0
5.588746673,443.31341552734375,336.6031494140625,491.93780517578125,0,-200,0
5.592910866,443.3058166503906,336.5457763671875,491.9357604980469,0,-200,0
5.596858593,443.2982177734375,336.49444580078125,491.9368591308594,0,-200,0
5.600770887,443.2940673828125,336.44842529296875,491.9354248046875,0,-200,0
5.605238363,443.28997802734375,336.4078063964844,491.9331970214844,0,-200,0
5.608929626,443.28692626953125,336.3726806640625,491.93548583984375,0,-200,0
5.612837192,443.2842712402344,336.3438720703125,491.93267822265625,0,-200,0
5.617056265,443.28106689453125,336.3233947753906,491.9344787597656,0,-200,0
5.621001038,443.2781982421875,336.30780029296875,491.93450927734375,0,-200,0
5.625111402,443.2786560058594,336.29144287109375,491.93414306640625,0,-200,0
5.6292268100000005,443.2808837890625,336.279052734375,491.9342956542969,0,-200,0
5.63312418,443.28082275390625,336.2716064453125,491.9349060058594,0,-200,0
5.637034224,443.279296875,336.2657470703125,491.9337463378906,0,-200,0
5.641343386,443.2772216796875,336.2615051269531,491.9336853027344,0,-200,0
5.645286438,443.27685546875,336.25787353515625,491.9347229003906,0,-200,0
5.649148353,443.2760314941406,336.25726318359375,491.9354553222656,0,-200,0
5.653505603,443.28118896484375,336.2611389160156,491.93994140625,0,-200,0
5.657266112,443.2825927734375,336.2655944824219,491.94073486328125,0,-200,0
5.661288741,443.2834777832031,336.27099609375,491.943359375,0,-200,0
5.665564392,443.2844543457031,336.2716979980469,491.94482421875,0,-200,0
5.669295249,443.2846374511719,336.2745056152344,491.9473876953125,0,-200,0
5.673285792,443.2858581542969,336.2754211425781,491.9491882324219,0,-200,0
5.67757633,443.2858581542969,336.2754211425781,491.9491882324219,0,-200,0
5.681494417,443.28680419921875,336.27618408203125,491.9506530761719,0,-200,0
5.685686283,443.28680419921875,336.27618408203125,491.9506530761719,0,-200,0
5.68965561,443.286376953125,336.2758483886719,491.9506530761719,0,-200,0
5.693495736,443.2852478027344,336.2783203125,491.9513854980469,0,-200,0
5.697547671,443.2852478027344,336.2783203125,491.9513854980469,0,-200,0
5.701933418,443.2847900390625,336.2779541015625,491.9506530761719,0,-200,0
5.705708694,443.2852478027344,336.2783203125,491.9513854980469,0,-200,0
5.709610608,443.2860107421875,336.2789001464844,491.9524841308594,0,-200,0
5.713847809,443.2860107421875,336.2789001464844,491.9524841308594,0,-200,0
5.717812327,443.2860107421875,336.2789001464844,491.9524841308594,0,-200,0
5.721748744,443.2860107421875,336.2789001464844,491.9524841308594,0,-200,0
5.726066728,443.2860107421875,336.2789001464844,491.9524841308594,0,-200,0
5.729906504,443.2860107421875,336.2789001464844,491.9524841308594,0,-200,0
5.733829781,443.2860107421875,336.2789001464844,491.9524841308594,0,-200,0
5.738013404,443.2860107421875,336.2789001464844,491.9524841308594,0,-200,0
5.741967882,443.28594970703125,336.2789306640625,491.9524841308594,0,-200,0
5.745951132,443.2860107421875,336.2789001464844,491.9524841308594,0,-200,0
5.750479725,443.2860107421875,336.2789001464844,491.9524841308594,0,-200,0
5.75398259,443.28594970703125,336.2789306640625,491.9524841308594,0,-200,0
5.758067271,443.28594970703125,336.2789306640625,491.9524841308594,0,-200,0
5.7622825429999995,443.2860107421875,336.2789001464844,491.9524841308594,0,-200,0
5.766269834,443.28594970703125,336.2789306640625,491.9524841308594,0,-200,0
5.77003475,443.2857971191406,336.2791442871094,491.9524841308594,0,-200,0
5.774380105,443.2852478027344,336.2783203125,491.9513854980469,0,-200,0
5.778284245,443.28521728515625,336.27838134765625,491.9513854980469,0,-200,0
5.782263043,443.28460693359375,336.2782287597656,491.9506530761719,0,-200,0
5.786678068,443.2847900390625,336.2779541015625,491.9506530761719,0,-200,0
5.7903214389999995,443.28460693359375,336.2782287597656,491.9506530761719,0,-200,0
5.794322276,443.28460693359375,336.2782287597656,491.9506530761719,0,-200,0
5.798647291,443.2851867675781,336.2782897949219,491.9506530761719,0,-200,0
5.802457963,443.28460693359375,336.2782287597656,491.9506530761719,0,-200,0
5.806471788,443.2850036621094,336.2785339355469,491.9506530761719,0,-200,0
5.810593809,443.28515625,336.2783508300781,491.9506530761719,0,-200,0
5.814494895,443.2850036621094,336.2785339355469,491.9506530761719,0,-200,0
5.818415934,443.2850036621094,336.2785339355469,491.9506530761719,0,-200,0
5.822748763,443.28515625,336.2783508300781,491.9506530761719,0,-200,0
5.826616722,443.2850036621094,336.2785339355469,491.9506530761719,0,-200,0
5.830523446,443.2850036621094,336.2785339355469,491.9506530761719,0,-200,0
5.834848567,443.2850036621094,336.2785339355469,491.9506530761719,0,-200,0
5.838699346,443.2850036621094,336.2785339355469,491.9506530761719,0,-200,0
5.842725903,443.2850036621094,336.2785339355469,491.9506530761719,0,-200,0
5.847116982,443.2850036621094,336.2785339355469,491.9506530761719,0,-200,0
5.850782237,443.2850036621094,336.2785339355469,491.9506530761719,0,-200,0
5.854786958,443.2850036621094,336.2785339355469,491.9506530761719,0,-200,0
5.8589956050000005,443.2850036621094,336.2785339355469,491.9506530761719,0,-200,0
5.862976035,443.2852478027344,336.27874755859375,491.9506530761719,0,-200,0
5.866932357,443.2850036621094,336.2785339355469,491.9506530761719,0,-200,0
5.871145724,443.2852478027344,336.27874755859375,491.9506530761719,0,-200,0
5.875037739,443.2852478027344,336.27874755859375,491.9506530761719,0,-200,0
5.87894141,443.2845153808594,336.2781677246094,491.9495544433594,0,-200,0
5.883264048,443.2842712402344,336.2779846191406,491.9491882324219,0,-200,0
5.88738373,443.2842712402344,336.2779846191406,491.9491882324219,0,-200,0
5.891081556,443.2842712402344,336.2779846191406,491.9491882324219,0,-200,0
5.8953595199999995,443.2842712402344,336.2779846191406,491.9491882324219,0,-200,0
5.899229647,443.2842712402344,336.2779846191406,491.9491882324219,0,-200,0
5.903248561,443.2840576171875,336.2778015136719,491.9509582519531,0,-200,0
5.907479684,443.2840576171875,336.2778015136719,491.9509582519531,0,-200,0
5.911366965,443.2842712402344,336.2779846191406,491.9491882324219,0,-200,0
5.915199277,443.28436279296875,336.2780456542969,491.9491882324219,0,-200,0
5.919538152,443.2840576171875,336.2778015136719,491.9509582519531,0,-200,0
5.923391507,443.2843933105469,336.2780456542969,491.9509582519531,0,-200,0
5.927424947,443.28460693359375,336.2782287597656,491.9491882324219,0,-200,0
5.931500918,443.2843933105469,336.2780456542969,491.9509582519531,0,-200,0
5.935519404,443.2836608886719,336.27752685546875,491.9498596191406,0,-200,0
5.939460887,443.2831726074219,336.2771301269531,491.9491271972656,0,-200,0
5.943834008,443.2836608886719,336.27752685546875,491.9498596191406,0,-200,0
5.9476279309999995,443.2835998535156,336.2774658203125,491.9491271972656,0,-200,0
5.951588157,443.2833251953125,336.27728271484375,491.9491271972656,0,-200,0
5.955744177,443.2835998535156,336.2774658203125,491.9491271972656,0,-200,0
5.959745098,443.2835998535156,336.2774658203125,491.9491271972656,0,-200,0
5.963675808,443.2835998535156,336.2774658203125,491.9491271972656,0,-200,0
5.967957629,443.2835998535156,336.2774658203125,491.9491271972656,0,-200,0
5.971783849,443.2835998535156,336.2774658203125,491.9491271972656,0,-200,0
5.975759987,443.2835998535156,336.2774658203125,491.9491271972656,0,-200,0
5.979966135,443.2835998535156,336.2774658203125,491.9491271972656,0,-200,0
5.983848093,443.2833251953125,336.27728271484375,491.9487609863281,0,-200,0
5.988110836,443.2833251953125,336.27728271484375,491.9487609863281,0,-200,0
5.99223432,443.2828674316406,336.27691650390625,491.94769287109375,0,-200,0
5.99598189,443.2825927734375,336.2767028808594,491.94769287109375,0,-200,0
5.999967766,443.2825927734375,336.2767028808594,491.94769287109375,0,-200,0
6.004279672,443.2842102050781,336.27459716796875,491.94769287109375,0,-200,0
6.008060865,443.2825927734375,336.2767028808594,491.94769287109375,0,-200,0
6.011996198,443.2828674316406,336.27691650390625,491.94769287109375,0,-200,0
6.016411668,443.2828674316406,336.27691650390625,491.94769287109375,0,-200,0
6.020165055,443.2828674316406,336.27691650390625,491.94769287109375,0,-200,0
6.024148569,443.2828674316406,336.27691650390625,491.94769287109375,0,-200,0
6.028444624,443.2828674316406,336.27691650390625,491.94769287109375,0,-200,0
6.032294864,443.2844543457031,336.2748107910156,491.94769287109375,0,-200,0
6.036243586,443.2847595214844,336.27508544921875,491.94769287109375,0,-200,0
6.040558325,443.28466796875,336.2750549316406,491.94769287109375,0,-200,0
6.044352226,443.28363037109375,336.2741394042969,491.947509765625,0,-200,0
6.048423748,443.28387451171875,336.27447509765625,491.947509765625,0,-200,0
6.052597941,443.28369140625,336.2742919921875,491.9492492675781,0,-200,0
6.056437483,443.2820739746094,336.2763977050781,491.9492492675781,0,-200,0
6.060435392,443.28369140625,336.2742919921875,491.9492492675781,0,-200,0
6.064677931,443.28387451171875,336.27447509765625,491.947509765625,0,-200,0
6.068551554,443.28369140625,336.2742919921875,491.9492492675781,0,-200,0
6.072450515,443.28369140625,336.2742919921875,491.9492492675781,0,-200,0
6.076757159,443.2839050292969,336.27447509765625,491.9492492675781,0,-200,0
6.080667797,443.28302001953125,336.27410888671875,491.9481506347656,0,-200,0
6.08458867,443.28302001953125,336.27410888671875,491.9481506347656,0,-200,0
6.089281333,443.2831726074219,336.27392578125,491.9481506347656,0,-200,0
6.092820331,443.28277587890625,336.27392578125,491.94781494140625,0,-200,0
6.096684787,443.2829284667969,336.27374267578125,491.94781494140625,0,-200,0
6.100933078,443.28277587890625,336.27392578125,491.94781494140625,0,-200,0
6.104879552,443.28277587890625,336.27392578125,491.94781494140625,0,-200,0
6.108847399,443.2829284667969,336.27374267578125,491.94781494140625,0,-200,0
6.113029906,443.2832946777344,336.2743225097656,491.94781494140625,0,-200,0
6.116948171,443.2830505371094,336.27410888671875,491.94781494140625,0,-200,0
6.120861246,443.28277587890625,336.27392578125,491.94781494140625,0,-200,0
6.125125707,443.2832946777344,336.2743225097656,491.94781494140625,0,-200,0
6.129028181,443.2832946777344,336.2743225097656,491.94781494140625,0,-200,0
6.133018793,443.2832946777344,336.2743225097656,491.94781494140625,0,-200,0
6.137366003,443.2832946777344,336.2743225097656,491.94781494140625,0,-200,0
6.141093682,443.2820739746094,336.2734069824219,491.9459533691406,0,-200,0
6.145151799,443.2823486328125,336.2735900878906,491.9459533691406,0,-200,0
6.14941768,443.2820739746094,336.2734069824219,491.9459533691406,0,-200,0
6.153236057,443.2820739746094,336.2734069824219,491.9459533691406,0,-200,0
6.157147788,443.2820739746094,336.2734069824219,491.9459533691406,0,-200,0
6.161435702,443.2823486328125,336.2735900878906,491.9459533691406,0,-200,0
6.165332014,443.2823486328125,336.2735900878906,491.9459533691406,0,-200,0
6.169321425,443.2823486328125,336.2735900878906,491.9459533691406,0,-200,0
6.173490235,443.2823486328125,336.2735900878906,491.9459533691406,0,-200,0
6.177414577,443.2823486328125,336.2735900878906,491.9459533691406,0,-200,0
6.181281038,443.2823486328125,336.2735900878906,491.9459533691406,0,-200,0
6.185783682,443.2823486328125,336.2735900878906,491.9459533691406,0,-200,0
6.18977215,443.2827453613281,336.2738952636719,491.9459533691406,0,-200,0
6.193423654,443.2817687988281,336.2731628417969,491.9448547363281,0,-200,0
6.197666158,443.2816467285156,336.2730712890625,491.9454040527344,0,-200,0
6.201564805,443.2816467285156,336.2730712890625,491.9454040527344,0,-200,0
6.205583743,443.2816467285156,336.2730712890625,491.9454040527344,0,-200,0
6.20990207,443.2816467285156,336.2730712890625,491.9454040527344,0,-200,0
6.213710542,443.2816467285156,336.2730712890625,491.9454040527344,0,-200,0
6.217745049,443.2816467285156,336.2730712890625,491.9454040527344,0,-200,0
6.221905807,443.2816467285156,336.2730712890625,491.9454040527344,0,-200,0
6.225769017,443.2818908691406,336.27325439453125,491.9454040527344,0,-200,0
6.229824032,443.2816467285156,336.2730712890625,491.9454040527344,0,-200,0
6.234109324,443.2816467285156,336.2730712890625,491.9454040527344,0,-200,0
6.237863156,443.2818908691406,336.27325439453125,491.9454040527344,0,-200,0
6.241815095,443.2818908691406,336.27325439453125,491.9454040527344,0,-200,0
6.246118113,443.2818908691406,336.27325439453125,491.9454040527344,0,-200,0
6.250012041,443.2818908691406,336.27325439453125,491.9454040527344,0,-200,0
6.253936267,443.2818908691406,336.27325439453125,491.9454040527344,0,-200,0
6.25815819,443.2818908691406,336.27325439453125,491.9454040527344,0,-200,0
6.262122039,443.281982421875,336.2733154296875,491.9454040527344,0,-200,0
6.266075052,443.2818908691406,336.27325439453125,491.9454040527344,0,-200,0
6.27027188,443.2814025878906,336.27288818359375,491.9446716308594,0,-200,0
6.274200776,443.281494140625,336.27294921875,491.9446716308594,0,-200,0
6.278090146,443.281494140625,336.27294921875,491.9443054199219,0,-200,0
6.2825311,443.28125,336.27276611328125,491.9443054199219,0,-200,0
6.286373945,443.281494140625,336.27294921875,491.9443054199219,0,-200,0
6.290469806,443.281494140625,336.27294921875,491.9443054199219,0,-200,0
6.294375852,443.281494140625,336.27294921875,491.9443054199219,0,-200,0
6.298375861,443.281494140625,336.27294921875,491.9443054199219,0,-200,0
6.302335188,443.2817687988281,336.2731628417969,491.9443054199219,0,-200,0
6.306642675,443.28167724609375,336.2731018066406,491.9443054199219,0,-200,0
6.310442797,443.281494140625,336.27294921875,491.9443054199219,0,-200,0
6.3143705709999995,443.2817687988281,336.2731628417969,491.9443054199219,0,-200,0
6.318588984,443.2817687988281,336.2731628417969,491.9443054199219,0,-200,0
6.322567179,443.2815246582031,336.2729797363281,491.94610595703125,0,-200,0
6.326546249,443.2815246582031,336.2729797363281,491.94610595703125,0,-200,0
6.330937377,443.2815246582031,336.2729797363281,491.94610595703125,0,-200,0
6.334615843,443.2815246582031,336.2729797363281,491.94610595703125,0,-200,0
6.338663926,443.2815246582031,336.2729797363281,491.94610595703125,0,-200,0
6.342860764,443.2815246582031,336.2729797363281,491.94610595703125,0,-200,0
6.346823129,443.2815246582031,336.2729797363281,491.94610595703125,0,-200,0
6.350759031,443.2815246582031,336.2729797363281,491.94610595703125,0,-200,0
6.354898653,443.2807922363281,336.2724304199219,491.94500732421875,0,-200,0
6.358873192,443.2807922363281,336.2724304199219,491.94500732421875,0,-200,0
6.362841027,443.2805480957031,336.2722473144531,491.9446105957031,0,-200,0
6.367077512,443.2805480957031,336.2722473144531,491.9446105957031,0,-200,0
6.371011479,443.2807312011719,336.2723693847656,491.9446105957031,0,-200,0
6.37485767,443.2809753417969,336.2725524902344,491.94500732421875,0,-200,0
6.379299473,443.2809753417969,336.2725524902344,491.9446105957031,0,-200,0
6.383192917,443.2809753417969,336.2725524902344,491.9446105957031,0,-200,0
6.387013494,443.2809753417969,336.2725524902344,491.9446105957031,0,-200,0
6.391508278,443.2809753417969,336.2725524902344,491.9446105957031,0,-200,0
6.395115087,443.2809753417969,336.2725524902344,491.9446105957031,0,-200,0
6.399073147,443.2809143066406,336.2725830078125,491.9446105957031,0,-200,0
6.403443167,443.2809753417969,336.2725524902344,491.9446105957031,0,-200,0
6.407301919,443.281005859375,336.2726745605469,491.9446105957031,0,-200,0
