time,feedback_position_x,feedback_position_y,feedback_position_z,setpoint_speed_z,setpoint_speed_y,setpoint_speed_z
0.003873955,466.83538818359375,556.3509521484375,497.4938659667969,0,-200,0
0.007841168,466.83538818359375,556.3509521484375,497.4938659667969,0,-200,0
0.012389926,466.83551025390625,556.35107421875,497.49267578125,0,-200,0
0.016146263,466.8357849121094,556.3514404296875,497.4938659667969,0,-200,0
0.020091073,466.8356628417969,556.351318359375,497.49505615234375,0,-200,0
0.024217639,466.83587646484375,556.3515625,497.49267578125,0,-200,0
0.028112959,466.83453369140625,556.3499145507813,497.4918212890625,0,-200,0
0.032460174,466.83740234375,556.3308715820313,497.4883117675781,0,-200,0
0.036342624,466.8538818359375,556.2976684570313,497.5198974609375,0,-200,0
0.040455781,466.89215087890625,556.189208984375,497.58056640625,0,-200,0
0.044307579,466.9520263671875,556.0046997070313,497.64434814453125,0,-200,0
0.048457824,467.0205078125,555.7581176757813,497.724609375,0,-200,0
0.052418617,467.0834655761719,555.4349365234375,497.80426025390625,0,-200,0
0.056386834,467.1301574707031,555.0274658203125,497.8780822753906,0,-200,0
0.060554195,467.1268310546875,554.5625,497.8827819824219,0,-200,0
0.06453613,467.0680236816406,554.0802001953125,497.80865478515625,0,-200,0
0.068460835,466.97503662109375,553.5504150390625,497.7337341308594,0,-200,0
0.072739403,466.8941650390625,552.9274291992188,497.6734619140625,0,-200,0
0.076556945,466.8236389160156,552.2346801757813,497.58868408203125,0,-200,0
0.080594483,466.7469787597656,551.5014038085938,497.4766845703125,0,-200,0
0.084816366,466.6905212402344,550.7313842773438,497.4245910644531,0,-200,0
0.088875467,466.668701171875,549.9043579101563,497.4220886230469,0,-200,0
0.092823427,466.6737976074219,549.052978515625,497.42724609375,0,-200,0
0.096968183,466.6690673828125,548.2108764648438,497.4009704589844,0,-200,0
0.100970228,466.6690979003906,547.38525390625,497.39910888671875,0,-200,0
0.104991067,466.6711120605469,546.5560302734375,497.4206237792969,0,-200,0
0.109204805,466.6827697753906,545.7225952148438,497.4569396972656,0,-200,0
0.113437571,466.70037841796875,544.892333984375,497.4896240234375,0,-200,0
0.117093593,466.69879150390625,544.0734252929688,497.5138244628906,0,-200,0
0.121328448,466.6888732910156,543.2685546875,497.5433044433594,0,-200,0
0.125211452,466.67724609375,542.4591064453125,497.5641174316406,0,-200,0
0.129220063,466.6632080078125,541.6488647460938,497.5689697265625,0,-200,0
0.133668034,466.6385192871094,540.84375,497.55712890625,0,-200,0
0.137478675,466.60467529296875,540.046142578125,497.543701171875,0,-200,0
0.141287966,466.56884765625,539.2454833984375,497.5150146484375,0,-200,0
0.145449943,466.5386962890625,538.4381103515625,497.4787292480469,0,-200,0
0.149270255,466.5150146484375,537.63330078125,497.44927978515625,0,-200,0
0.153463997,466.49383544921875,536.8223876953125,497.4173278808594,0,-200,0
0.157562155,466.4783630371094,536.01318359375,497.38427734375,0,-200,0
0.161535839,466.4546813964844,535.2062377929688,497.3577575683594,0,-200,0
0.165467361,466.426513671875,534.3976440429688,497.345947265625,0,-200,0
0.169725091,466.3971862792969,533.5921630859375,497.3388366699219,0,-200,0
0.173592816,466.37591552734375,532.7890625,497.3350524902344,0,-200,0
0.177561463,466.35638427734375,531.9789428710938,497.3244323730469,0,-200,0
0.181785957,466.3464660644531,531.1658325195313,497.3368835449219,0,-200,0
0.185817731,466.340576171875,530.3490600585938,497.3587951660156,0,-200,0
0.189698626,466.34185791015625,529.5269775390625,497.3819274902344,0,-200,0
0.193956827,466.3471374511719,528.70556640625,497.39892578125,0,-200,0
0.197769915,466.349853515625,527.8807983398438,497.409912109375,0,-200,0
0.201775392,466.3468322753906,527.0587158203125,497.4243469238281,0,-200,0
0.205960871,466.33544921875,526.2401123046875,497.42364501953125,0,-200,0
0.209910798,466.32476806640625,525.4275512695313,497.4237365722656,0,-200,0
0.213952656,466.3119201660156,524.6131591796875,497.4239501953125,0,-200,0
0.21806743,466.2910461425781,523.8043212890625,497.4119567871094,0,-200,0
0.221952648,466.26165771484375,523.0025024414063,497.3979187011719,0,-200,0
0.225947455,466.2273254394531,522.2013549804688,497.37933349609375,0,-200,0
0.230159319,466.1967468261719,521.4010009765625,497.36065673828125,0,-200,0
0.234520105,466.1689147949219,520.5978393554688,497.3344421386719,0,-200,0
0.23806833,466.1490173339844,519.79296875,497.32196044921875,0,-200,0
0.242091341,466.13104248046875,518.986572265625,497.3128662109375,0,-200,0
0.246156389,466.11517333984375,518.180908203125,497.30963134765625,0,-200,0
0.250131905,466.0933837890625,517.375,497.2997741699219,0,-200,0
0.254458975,466.0776062011719,516.5672607421875,497.2833251953125,0,-200,0
0.258275613,466.06060791015625,515.7614135742188,497.2698974609375,0,-200,0
0.2622717,466.0372009277344,514.950927734375,497.2560119628906,0,-200,0
0.266484156,466.0209045410156,514.1456909179688,497.2697448730469,0,-200,0
0.270347629,466.006591796875,513.3312377929688,497.27008056640625,0,-200,0
0.274441253,465.9958801269531,512.513671875,497.2646789550781,0,-200,0
0.27850833,465.99090576171875,511.6944885253906,497.2682800292969,0,-200,0
0.282602562,465.98272705078125,510.87139892578125,497.2692565917969,0,-200,0
0.286457432,465.9750671386719,510.055908203125,497.2781677246094,0,-200,0
0.29065347,465.9610900878906,509.2400207519531,497.27435302734375,0,-200,0
0.294627025,465.9483947753906,508.4317321777344,497.2834777832031,0,-200,0
0.298534752,465.9366455078125,507.6201477050781,497.2843017578125,0,-200,0
0.302752029,465.92327880859375,506.8086242675781,497.28594970703125,0,-200,0
0.306680469,465.9073791503906,506.0050354003906,497.29180908203125,0,-200,0
0.310643142,465.8846435546875,505.1961669921875,497.285888671875,0,-200,0
0.314942578,465.8587951660156,504.39898681640625,497.2774963378906,0,-200,0
0.318758866,465.8297119140625,503.59881591796875,497.2574462890625,0,-200,0
0.322750221,465.8051452636719,502.795166015625,497.244384765625,0,-200,0
0.326942792,465.7859191894531,501.9899597167969,497.2427978515625,0,-200,0
0.330975936,465.76495361328125,501.18231201171875,497.2281799316406,0,-200,0
0.335106874,465.74676513671875,500.3771667480469,497.2077331542969,0,-200,0
0.339089051,465.72515869140625,499.5716857910156,497.1844177246094,0,-200,0
0.342964671,465.7074890136719,498.7611999511719,497.166748046875,0,-200,0
0.346894273,465.6935119628906,497.9483947753906,497.1631774902344,0,-200,0
0.351109353,465.67431640625,497.13720703125,497.1533203125,0,-200,0
0.355104326,465.66192626953125,496.3276672363281,497.1453552246094,0,-200,0
0.359061621,465.6499328613281,495.5154113769531,497.1447448730469,0,-200,0
0.363300934,465.6438903808594,494.6987609863281,497.1513366699219,0,-200,0
0.367121533,465.6361999511719,493.8814697265625,497.1576232910156,0,-200,0
0.371130611,465.6246337890625,493.06927490234375,497.16552734375,0,-200,0
0.375396827,465.6135559082031,492.2590026855469,497.177978515625,0,-200,0
0.379413492,465.6024169921875,491.4481506347656,497.1902160644531,0,-200,0
0.383306751,465.58837890625,490.6387634277344,497.1917724609375,0,-200,0
0.387423111,465.5760803222656,489.83447265625,497.1995544433594,0,-200,0
0.391338647,465.5588073730469,489.0257568359375,497.19921875,0,-200,0
0.395362618,465.54010009765625,488.21826171875,497.19293212890625,0,-200,0
0.399495775,465.5180969238281,487.4151611328125,497.1800842285156,0,-200,0
0.403486877,465.49151611328125,486.6129455566406,497.1561279296875,0,-200,0
0.4073991,465.4694519042969,485.8088684082031,497.14593505859375,0,-200,0
0.411606139,465.446044921875,485.00286865234375,497.1308898925781,0,-200,0
0.415551389,465.4273376464844,484.1966247558594,497.1156005859375,0,-200,0
0.419485057,465.4088439941406,483.39013671875,497.08990478515625,0,-200,0
0.423720604,465.390380859375,482.58233642578125,497.0694274902344,0,-200,0
0.427742216,465.37200927734375,481.7834167480469,497.0626525878906,0,-200,0
0.431616103,465.3542175292969,480.97625732421875,497.06036376953125,0,-200,0
0.436066601,465.341064453125,480.1675720214844,497.06121826171875,0,-200,0
0.43971301,465.3335876464844,479.3551025390625,497.0584716796875,0,-200,0
0.443733255,465.3147888183594,478.5435791015625,497.0533142089844,0,-200,0
0.447882233,465.3011779785156,477.7373352050781,497.060791015625,0,-200,0
0.451874621,465.28564453125,476.9285583496094,497.0650634765625,0,-200,0
0.455859709,465.2689514160156,476.1190185546875,497.0627136230469,0,-200,0
0.460025147,465.25714111328125,475.312255859375,497.06964111328125,0,-200,0
0.463959243,465.241943359375,474.5005798339844,497.07159423828125,0,-200,0
0.467920455,465.22967529296875,473.6879577636719,497.0703125,0,-200,0
0.472071918,465.21490478515625,472.8792419433594,497.0658874511719,0,-200,0
0.476199738,465.1985778808594,472.07171630859375,497.0655212402344,0,-200,0
0.480005934,465.1842346191406,471.2657165527344,497.06787109375,0,-200,0
0.484288907,465.16595458984375,470.4562072753906,497.0591735839844,0,-200,0
0.488080689,465.1502380371094,469.6560974121094,497.05120849609375,0,-200,0
0.492060375,465.13360595703125,468.8527526855469,497.0404357910156,0,-200,0
0.496355319,465.11370849609375,468.0458679199219,497.03302001953125,0,-200,0
0.500213619,465.098876953125,467.2417907714844,497.03466796875,0,-200,0
0.504209145,465.0780944824219,466.4358215332031,497.015869140625,0,-200,0
0.508399447,465.0568542480469,465.6317443847656,496.9958190917969,0,-200,0
0.512273033,465.04327392578125,464.8287048339844,496.9833984375,0,-200,0
0.516339892,465.0247802734375,464.0185546875,496.967529296875,0,-200,0
0.520441837,465.0109558105469,463.2055358886719,496.9637145996094,0,-200,0
0.524530483,464.99609375,462.3965148925781,496.9571838378906,0,-200,0
0.528370278,464.98052978515625,461.5820007324219,496.94403076171875,0,-200,0
0.532565565,464.96697998046875,460.77880859375,496.9461975097656,0,-200,0
0.536808129,464.95001220703125,459.9701843261719,496.9462585449219,0,-200,0
0.540463738,464.93560791015625,459.16192626953125,496.9483337402344,0,-200,0
0.54468279,464.9246826171875,458.3509826660156,496.9548645019531,0,-200,0
0.548605041,464.9118957519531,457.54412841796875,496.9605712890625,0,-200,0
0.552574254,464.8998718261719,456.7356872558594,496.96734619140625,0,-200,0
0.556873548,464.88653564453125,455.9306945800781,496.9787902832031,0,-200,0
0.560662311,464.8692321777344,455.12567138671875,496.973876953125,0,-200,0
0.564704997,464.8564453125,454.3204040527344,496.9772033691406,0,-200,0
0.568901898,464.8421325683594,453.5167236328125,496.98101806640625,0,-200,0
0.572907085,464.8192138671875,452.7118835449219,496.96722412109375,0,-200,0
0.576898628,464.7994384765625,451.9069519042969,496.9488830566406,0,-200,0
0.580982081,464.77642822265625,451.1045837402344,496.9336242675781,0,-200,0
0.584887738,464.7561950683594,450.29730224609375,496.92169189453125,0,-200,0
0.588856085,464.74029541015625,449.48785400390625,496.9103088378906,0,-200,0
0.593065034,464.72332763671875,448.6813049316406,496.8961486816406,0,-200,0
0.597013447,464.7028503417969,447.87713623046875,496.874755859375,0,-200,0
0.600959204,464.68121337890625,447.07666015625,496.85662841796875,0,-200,0
0.605166163,464.66180419921875,446.273681640625,496.8482666015625,0,-200,0
0.609065299,464.64788818359375,445.46630859375,496.845703125,0,-200,0
0.613050851,464.6366882324219,444.6560363769531,496.85113525390625,0,-200,0
0.617314924,464.6277160644531,443.8468017578125,496.85198974609375,0,-200,0
0.621264396,464.6156921386719,443.0419921875,496.8581848144531,0,-200,0
0.625169837,464.6011657714844,442.2361755371094,496.8670654296875,0,-200,0
0.629151873,464.5870361328125,441.4278869628906,496.87335205078125,0,-200,0
0.633299177,464.57440185546875,440.61737060546875,496.87469482421875,0,-200,0
0.637505855,464.563232421875,439.8113098144531,496.8808288574219,0,-200,0
0.641451079,464.5443420410156,439.000244140625,496.8735656738281,0,-200,0
0.645414726,464.52581787109375,438.1905822753906,496.8709411621094,0,-200,0
0.649308562,464.5106506347656,437.38702392578125,496.8702087402344,0,-200,0
0.653562905,464.489501953125,436.5818176269531,496.85845947265625,0,-200,0
0.657480591,464.4713134765625,435.7770690917969,496.85260009765625,0,-200,0
0.66139873,464.4542236328125,434.9737243652344,496.85009765625,0,-200,0
0.665633592,464.4356384277344,434.166259765625,496.8351745605469,0,-200,0
0.66965618,464.41876220703125,433.36370849609375,496.8207092285156,0,-200,0
0.673572242,464.40234375,432.559326171875,496.80902099609375,0,-200,0
0.677796378,464.3861083984375,431.755859375,496.8047180175781,0,-200,0
0.681625967,464.37152099609375,430.9517822265625,496.8011169433594,0,-200,0
0.685651526,464.35589599609375,430.1458435058594,496.79351806640625,0,-200,0
0.689827075,464.3411560058594,429.3379211425781,496.7813720703125,0,-200,0
0.693728232,464.3284912109375,428.532470703125,496.7723693847656,0,-200,0
0.697799276,464.3166809082031,427.7235412597656,496.7658386230469,0,-200,0
0.701926448,464.3003234863281,426.9117126464844,496.7621765136719,0,-200,0
0.705829012,464.2890625,426.1060791015625,496.7677001953125,0,-200,0
0.709819368,464.27191162109375,425.2980651855469,496.7636413574219,0,-200,0
0.713999399,464.25048828125,424.4939880371094,496.7590026855469,0,-200,0
0.718141166,464.2334289550781,423.6921691894531,496.7621765136719,0,-200,0
0.72188341,464.2138366699219,422.8901672363281,496.76385498046875,0,-200,0
0.726144132,464.1999816894531,422.08013916015625,496.76336669921875,0,-200,0
0.73003761,464.1863708496094,421.2732849121094,496.7647399902344,0,-200,0
0.733998771,464.1703796386719,420.471435546875,496.76495361328125,0,-200,0
0.738492273,464.1484375,419.6712341308594,496.7620849609375,0,-200,0
0.742131695,464.1297912597656,418.8714294433594,496.7612609863281,0,-200,0
0.746117691,464.1098937988281,418.0676574707031,496.75396728515625,0,-200,0
0.750318561,464.0953369140625,417.2613220214844,496.74029541015625,0,-200,0
0.754200717,464.08453369140625,416.45623779296875,496.7386474609375,0,-200,0
0.758330293,464.0694885253906,415.6485595703125,496.729248046875,0,-200,0
0.762394552,464.0530700683594,414.8423767089844,496.7179260253906,0,-200,0
0.766496,464.0404357910156,414.0377197265625,496.7076110839844,0,-200,0
0.770303625,464.02392578125,413.2309875488281,496.6983642578125,0,-200,0
0.77450753,464.00799560546875,412.4226989746094,496.69329833984375,0,-200,0
0.778431897,463.994873046875,411.6204528808594,496.6954040527344,0,-200,0
0.782385823,463.9773864746094,410.81085205078125,496.6865539550781,0,-200,0
0.786633431,463.9598388671875,410.0055236816406,496.6787414550781,0,-200,0
0.790505509,463.94622802734375,409.2028503417969,496.672607421875,0,-200,0
0.794470559,463.929931640625,408.3979187011719,496.6663818359375,0,-200,0
0.798785011,463.9148864746094,407.5923156738281,496.664306640625,0,-200,0
0.802595509,463.8988342285156,406.78692626953125,496.67291259765625,0,-200,0
0.806607134,463.8833312988281,405.9817199707031,496.67169189453125,0,-200,0
0.81076821,463.8678283691406,405.1776428222656,496.6683654785156,0,-200,0
0.814825149,463.8550720214844,404.37646484375,496.6709899902344,0,-200,0
0.818743454,463.8379821777344,403.57171630859375,496.6741638183594,0,-200,0
0.822907105,463.81817626953125,402.7676086425781,496.6658935546875,0,-200,0
0.82685981,463.8046569824219,401.96490478515625,496.6588439941406,0,-200,0
0.830766062,463.79266357421875,401.1585998535156,496.65277099609375,0,-200,0
0.834945818,463.77752685546875,400.3502502441406,496.644287109375,0,-200,0
0.839246712,463.7627258300781,399.54510498046875,496.6419677734375,0,-200,0
0.842951856,463.7496032714844,398.7384948730469,496.6365966796875,0,-200,0
0.847100398,463.73138427734375,397.9359130859375,496.6277770996094,0,-200,0
0.850965473,463.7128601074219,397.1364440917969,496.6231994628906,0,-200,0
0.854958552,463.6982727050781,396.33349609375,496.6261901855469,0,-200,0
0.859237545,463.6842346191406,395.5240478515625,496.6195068359375,0,-200,0
0.863340634,463.6664733886719,394.7154541015625,496.6080627441406,0,-200,0
0.867054686,463.6527404785156,393.9115905761719,496.5999755859375,0,-200,0
0.871076641,463.6314392089844,393.10980224609375,496.59637451171875,0,-200,0
0.87517225,463.6077575683594,392.31182861328125,496.5967712402344,0,-200,0
0.879126244,463.5914001464844,391.5083923339844,496.5964050292969,0,-200,0
0.883367317,463.5797424316406,390.7058410644531,496.5954895019531,0,-200,0
0.887328123,463.5634765625,389.8992919921875,496.5854797363281,0,-200,0
0.891243905,463.5457458496094,389.09576416015625,496.5777282714844,0,-200,0
0.895466375,463.5312805175781,388.2942199707031,496.5745849609375,0,-200,0
0.899404818,463.5149230957031,387.48797607421875,496.5688781738281,0,-200,0
0.903361658,463.5008850097656,386.6795654296875,496.5668640136719,0,-200,0
0.907543104,463.4925842285156,385.8730163574219,496.5652770996094,0,-200,0
0.911605074,463.4782409667969,385.07183837890625,496.5592956542969,0,-200,0
0.915449146,463.4621887207031,384.2681884765625,496.55670166015625,0,-200,0
0.919699396,463.449951171875,383.4617614746094,496.5570983886719,0,-200,0
0.923531366,463.4378356933594,382.6567687988281,496.5546875,0,-200,0
0.927596129,463.42047119140625,381.85247802734375,496.5462341308594,0,-200,0
0.93172609,463.402587890625,381.0478515625,496.5409851074219,0,-200,0
0.935637994,463.3888854980469,380.24713134765625,496.5447692871094,0,-200,0
0.93994239,463.37078857421875,379.44189453125,496.5408630371094,0,-200,0
0.943852943,463.3492126464844,378.6353759765625,496.5331115722656,0,-200,0
0.947811002,463.33453369140625,377.8346252441406,496.5315246582031,0,-200,0
0.951734866,463.3186340332031,377.0312805175781,496.5266418457031,0,-200,0
0.95592677,463.30078125,376.2267150878906,496.5208740234375,0,-200,0
0.960091631,463.2839660644531,375.4239807128906,496.5205078125,0,-200,0
0.963800462,463.271484375,374.6201171875,496.5182189941406,0,-200,0
0.968062348,463.2568664550781,373.8113098144531,496.5087890625,0,-200,0
0.971974307,463.2384033203125,373.0072326660156,496.50054931640625,0,-200,0
0.975900464,463.22314453125,372.21051025390625,496.5052795410156,0,-200,0
0.980205603,463.2042541503906,371.4063720703125,496.502197265625,0,-200,0
0.98408106,463.18768310546875,370.6012878417969,496.4952697753906,0,-200,0
0.988057471,463.17864990234375,369.7928771972656,496.48779296875,0,-200,0
0.992248924,463.163818359375,368.9876708984375,496.47906494140625,0,-200,0
0.996132503,463.14495849609375,368.1872253417969,496.4675598144531,0,-200,0
1.000184927,463.1285400390625,367.385009765625,496.45587158203125,0,-200,0
1.00431305,463.11236572265625,366.5821228027344,496.4602355957031,0,-200,0
1.008401411,463.0994873046875,365.7760314941406,496.4610595703125,0,-200,0
1.012244602,463.08074951171875,364.9706726074219,496.45220947265625,0,-200,0
1.016451075,463.0677185058594,364.1725769042969,496.45849609375,0,-200,0
1.020359792,463.0520935058594,363.37054443359375,496.45965576171875,0,-200,0
1.024294664,463.03106689453125,362.5634765625,496.45330810546875,0,-200,0
1.028513733,463.0172119140625,361.7620544433594,496.45458984375,0,-200,0
1.032437735,462.9997863769531,360.9591369628906,496.4504089355469,0,-200,0
1.036411335,462.9784240722656,360.15814208984375,496.4423522949219,0,-200,0
1.040888664,462.9629821777344,359.3545227050781,496.4422607421875,0,-200,0
1.044506389,462.95086669921875,358.5484619140625,496.4395751953125,0,-200,0
1.04849166,462.9369812011719,357.7444763183594,496.4394836425781,0,-200,0
1.052743315,462.920654296875,356.93798828125,496.4299011230469,0,-200,0
1.056747598,462.90838623046875,356.1344299316406,496.4224853515625,0,-200,0
1.0606653129999999,462.8922424316406,355.3313903808594,496.4216613769531,0,-200,0
1.064797178,462.8748474121094,354.52459716796875,496.41900634765625,0,-200,0
1.068717062,462.861083984375,353.71905517578125,496.4127197265625,0,-200,0
1.072688903,462.8464050292969,352.9176940917969,496.4064636230469,0,-200,0
1.076938286,462.8312072753906,352.1124572753906,496.3953857421875,0,-200,0
1.080875597,462.81549072265625,351.31024169921875,496.3902282714844,0,-200,0
1.084797332,462.8026123046875,350.5059509277344,496.3936767578125,0,-200,0
1.089030005,462.7886962890625,349.7015380859375,496.3949890136719,0,-200,0
1.092878626,462.76800537109375,348.90032958984375,496.38861083984375,0,-200,0
1.09690628,462.7478332519531,348.10296630859375,496.3829040527344,0,-200,0
1.101146375,462.7326354980469,347.30023193359375,496.38043212890625,0,-200,0
1.105128785,462.7194519042969,346.4947509765625,496.3744201660156,0,-200,0
1.109014554,462.7012023925781,345.689697265625,496.3666687011719,0,-200,0
1.113304024,462.6827392578125,344.8892822265625,496.3670349121094,0,-200,0
1.117092262,462.662841796875,344.0912170410156,496.368896484375,0,-200,0
1.121114798,462.6431579589844,343.2890930175781,496.36175537109375,0,-200,0
1.1252906440000001,462.62811279296875,342.4836120605469,496.3569030761719,0,-200,0
1.1292423600000001,462.6148376464844,341.6813659667969,496.3584289550781,0,-200,0
1.133217499,462.5972900390625,340.8780517578125,496.3544616699219,0,-200,0
1.137452798,462.5816650390625,340.072021484375,496.34820556640625,0,-200,0
1.141491839,462.5687255859375,339.2658996582031,496.34417724609375,0,-200,0
1.145227952,462.5570068359375,338.4586486816406,496.33734130859375,0,-200,0
1.149116456,462.54437255859375,337.65277099609375,496.3352966308594,0,-200,0
1.153178592,462.52447509765625,336.8510437011719,496.3289794921875,0,-200,0
1.157032376,462.5072326660156,336.04986572265625,496.32806396484375,0,-200,0
1.161339812,462.4940490722656,335.24627685546875,496.325927734375,0,-200,0
1.16514864,462.4817810058594,334.4385070800781,496.3173522949219,0,-200,0
1.169183625,462.46514892578125,333.6364440917969,496.3131408691406,0,-200,0
1.173344657,462.4479064941406,332.8359069824219,496.31390380859375,0,-200,0
1.177325039,462.43115234375,332.0377502441406,496.3183288574219,0,-200,0
1.181388582,462.4164123535156,331.2362976074219,496.31365966796875,0,-200,0
1.185551471,462.4012451171875,330.4338684082031,496.3075866699219,0,-200,0
1.189471392,462.3847351074219,329.6304626464844,496.30218505859375,0,-200,0
1.1934675989999999,462.3701477050781,328.8291320800781,496.3051452636719,0,-200,0
1.197716246,462.3547058105469,328.025146484375,496.30596923828125,0,-200,0
1.201862671,462.3376770019531,327.2187194824219,496.29986572265625,0,-200,0
1.205672817,462.3197326660156,326.41632080078125,496.29241943359375,0,-200,0
1.210006004,462.30194091796875,325.6173400878906,496.2869873046875,0,-200,0
1.213843591,462.2839660644531,324.8149108886719,496.2771911621094,0,-200,0
1.217823363,462.2674560546875,324.0075988769531,496.2633972167969,0,-200,0
1.222185212,462.2538757324219,323.2016906738281,496.2602233886719,0,-200,0
1.225961371,462.2374572753906,322.4023132324219,496.2590026855469,0,-200,0
1.229977315,462.2195739746094,321.6026306152344,496.2609558105469,0,-200,0
1.234152929,462.203125,320.7993469238281,496.2514343261719,0,-200,0
1.238036832,462.19171142578125,319.99432373046875,496.25103759765625,0,-200,0
1.242370303,462.17755126953125,319.1920166015625,496.25457763671875,0,-200,0
1.246243223,462.158935546875,318.389892578125,496.2508544921875,0,-200,0
1.2502959310000001,462.1416931152344,317.58941650390625,496.2469787597656,0,-200,0
1.254099922,462.1282653808594,316.78497314453125,496.2460021972656,0,-200,0
1.258126772,462.11541748046875,315.981689453125,496.24468994140625,0,-200,0
1.262276647,462.0975646972656,315.1794738769531,496.2404479980469,0,-200,0
1.2662435890000001,462.07940673828125,314.37969970703125,496.23431396484375,0,-200,0
1.270413237,462.06646728515625,313.5809020996094,496.2392883300781,0,-200,0
1.274338265,462.0525817871094,312.7750244140625,496.2401123046875,0,-200,0
1.278276301,462.0372619628906,311.9694519042969,496.2342529296875,0,-200,0
1.2825807839999999,462.02099609375,311.16461181640625,496.2240905761719,0,-200,0
1.2864153649999999,462.0037536621094,310.36614990234375,496.22247314453125,0,-200,0
1.290412034,461.9904479980469,309.56396484375,496.22589111328125,0,-200,0
1.294586024,461.97076416015625,308.75885009765625,496.2224426269531,0,-200,0
1.298643852,461.9547119140625,307.9542236328125,496.2119445800781,0,-200,0
1.302564066,461.94061279296875,307.1548156738281,496.20477294921875,0,-200,0
1.306725439,461.9247131347656,306.3515930175781,496.20013427734375,0,-200,0
1.310681923,461.90869140625,305.54840087890625,496.1944885253906,0,-200,0
1.314591024,461.88970947265625,304.7432556152344,496.188720703125,0,-200,0
1.318794477,461.8711242675781,303.94476318359375,496.1894226074219,0,-200,0
1.322772748,461.8547668457031,303.1440124511719,496.1871032714844,0,-200,0
1.3267642,461.84228515625,302.3394470214844,496.1826171875,0,-200,0
1.330931286,461.8265075683594,301.53466796875,496.17376708984375,0,-200,0
1.334776246,461.8080139160156,300.7363586425781,496.17327880859375,0,-200,0
1.338790078,461.7939758300781,299.9377746582031,496.1697692871094,0,-200,0
1.343313523,461.778076171875,299.1355285644531,496.1679382324219,0,-200,0
1.347051353,461.761474609375,298.3323059082031,496.1650695800781,0,-200,0
1.350935898,461.7457580566406,297.5315246582031,496.1668395996094,0,-200,0
1.355114533,461.7319641113281,296.7313537597656,496.1636047363281,0,-200,0
1.35898626,461.71807861328125,295.929931640625,496.16375732421875,0,-200,0
1.362965623,461.70318603515625,295.12103271484375,496.15826416015625,0,-200,0
1.367180942,461.6890869140625,294.31707763671875,496.1565856933594,0,-200,0
1.371165292,461.67608642578125,293.5194396972656,496.158203125,0,-200,0
1.375087414,461.65789794921875,292.7180480957031,496.15582275390625,0,-200,0
1.379310768,461.64324951171875,291.91510009765625,496.15057373046875,0,-200,0
1.38329381,461.6277160644531,291.1097412109375,496.1439514160156,0,-200,0
1.387187495,461.6125183105469,290.3071594238281,496.1411437988281,0,-200,0
1.391417516,461.5987243652344,289.5055236816406,496.1429443359375,0,-200,0
1.395435105,461.5797424316406,288.70556640625,496.1385192871094,0,-200,0
1.399278765,461.5609130859375,287.9033203125,496.1277160644531,0,-200,0
1.403546838,461.5447998046875,287.10247802734375,496.1229553222656,0,-200,0
1.407421243,461.5296630859375,286.29742431640625,496.11669921875,0,-200,0
1.411386644,461.5131530761719,285.49334716796875,496.1192626953125,0,-200,0
1.415555724,461.49462890625,284.68841552734375,496.1142578125,0,-200,0
1.41948742,461.47955322265625,283.88812255859375,496.1117858886719,0,-200,0
1.423529252,461.4632263183594,283.08892822265625,496.10552978515625,0,-200,0
1.42768014,461.4461364746094,282.286865234375,496.10028076171875,0,-200,0
1.431647306,461.4342041015625,281.485595703125,496.1004943847656,0,-200,0
1.4355585450000001,461.41558837890625,280.6827392578125,496.0971984863281,0,-200,0
1.439754207,461.3973693847656,279.8819580078125,496.1001892089844,0,-200,0
1.444087944,461.3804016113281,279.0807800292969,496.0983581542969,0,-200,0
1.4476739109999999,461.3660583496094,278.27642822265625,496.0936279296875,0,-200,0
1.451895189,461.35028076171875,277.4736633300781,496.0887451171875,0,-200,0
1.455781279,461.3348388671875,276.6717224121094,496.0829772949219,0,-200,0
1.459744339,461.3175354003906,275.87115478515625,496.0768737792969,0,-200,0
1.4640048509999999,461.30499267578125,275.0693359375,496.07281494140625,0,-200,0
1.467871118,461.29095458984375,274.2677917480469,496.07196044921875,0,-200,0
1.47186721,461.27435302734375,273.4654235839844,496.0718688964844,0,-200,0
1.476186484,461.2597961425781,272.66607666015625,496.07611083984375,0,-200,0
1.479965032,461.2447204589844,271.8653259277344,496.0722961425781,0,-200,0
1.483993102,461.2288818359375,271.06585693359375,496.0725402832031,0,-200,0
1.488176466,461.21575927734375,270.2597961425781,496.07122802734375,0,-200,0
1.492207761,461.194580078125,269.4562072753906,496.0663757324219,0,-200,0
1.496049613,461.1812744140625,268.6524963378906,496.0644226074219,0,-200,0
1.500066358,461.16552734375,267.852783203125,496.06048583984375,0,-200,0
1.504211176,461.148681640625,267.0513000488281,496.0565490722656,0,-200,0
1.50811912,461.131103515625,266.25,496.0486755371094,0,-200,0
1.5123486879999999,461.1160583496094,265.4461364746094,496.0462646484375,0,-200,0
1.516341863,461.0999755859375,264.642333984375,496.0401916503906,0,-200,0
1.520234693,461.0844421386719,263.84417724609375,496.0401611328125,0,-200,0
1.5245111169999999,461.0654602050781,263.0429382324219,496.03460693359375,0,-200,0
1.528325132,461.0496520996094,262.2370300292969,496.031005859375,0,-200,0
1.532345458,461.03570556640625,261.4346923828125,496.02667236328125,0,-200,0
1.5365444240000001,461.0191345214844,260.6361389160156,496.0226135253906,0,-200,0
1.5405781649999999,461.0013122558594,259.83807373046875,496.02490234375,0,-200,0
1.544697242,460.9844055175781,259.0342102050781,496.0246887207031,0,-200,0
1.548621692,460.9697265625,258.22991943359375,496.02288818359375,0,-200,0
1.552549197,460.95416259765625,257.4327087402344,496.0179443359375,0,-200,0
1.556534576,460.9388427734375,256.6333312988281,496.0145568847656,0,-200,0
1.5607439429999999,460.9231262207031,255.83213806152344,496.01025390625,0,-200,0
1.564734912,460.9078674316406,255.025390625,496.00537109375,0,-200,0
1.568610581,460.89154052734375,254.22105407714844,496.0052795410156,0,-200,0
1.572921575,460.87725830078125,253.4213409423828,496.0090026855469,0,-200,0
1.576727352,460.8621520996094,252.6223907470703,496.00689697265625,0,-200,0
1.580742238,460.84661865234375,251.81979370117188,496.00225830078125,0,-200,0
1.584990259,460.8311767578125,251.01443481445313,495.99859619140625,0,-200,0
1.589042311,460.8190002441406,250.212646484375,495.99884033203125,0,-200,0
1.592835175,460.8036804199219,249.41261291503906,495.9977722167969,0,-200,0
1.597019349,460.7884521484375,248.61044311523438,495.99151611328125,0,-200,0
1.601010659,460.77099609375,247.80828857421875,495.9869384765625,0,-200,0
1.604965116,460.7545166015625,247.0055389404297,495.9857177734375,0,-200,0
1.609096753,460.7378234863281,246.2018585205078,495.9867248535156,0,-200,0
1.613071273,460.7242736816406,245.40245056152344,495.9866027832031,0,-200,0
1.617019441,460.7042541503906,244.6045379638672,495.97808837890625,0,-200,0
1.621289672,460.6861877441406,243.80227661132813,495.9735107421875,0,-200,0
1.625199141,460.6699523925781,242.9996337890625,495.9714660644531,0,-200,0
1.62909076,460.653076171875,242.19754028320313,495.96881103515625,0,-200,0
1.633328978,460.6343688964844,241.39938354492188,495.966552734375,0,-200,0
1.637359485,460.61865234375,240.59886169433594,495.961181640625,0,-200,0
1.641215758,460.60009765625,239.79327392578125,495.9560546875,0,-200,0
1.645706189,460.5847473144531,238.98828125,495.9506530761719,0,-200,0
1.6493175629999999,460.56878662109375,238.18751525878906,495.9507141113281,0,-200,0
1.653329218,460.5538330078125,237.3878631591797,495.9490051269531,0,-200,0
1.657483982,460.5369873046875,236.58563232421875,495.9472961425781,0,-200,0
1.66142938,460.5224304199219,235.78465270996094,495.9481506347656,0,-200,0
1.665452092,460.50604248046875,234.98216247558594,495.9435729980469,0,-200,0
1.6695951770000002,460.49078369140625,234.18089294433594,495.9400939941406,0,-200,0
1.673520712,460.47552490234375,233.38021850585938,495.9338073730469,0,-200,0
1.677456137,460.46197509765625,232.57601928710938,495.9327392578125,0,-200,0
1.681676061,460.44500732421875,231.7718048095703,495.9329833984375,0,-200,0
1.685815437,460.4261474609375,230.9689178466797,495.9316101074219,0,-200,0
1.689594407,460.4116516113281,230.16937255859375,495.9283447265625,0,-200,0
1.6938363600000002,460.3952941894531,229.36892700195313,495.9259338378906,0,-200,0
1.697691211,460.3795471191406,228.56881713867188,495.92108154296875,0,-200,0
1.70166139,460.3652648925781,227.76837158203125,495.92132568359375,0,-200,0
1.705968871,460.3491516113281,226.96597290039063,495.9196472167969,0,-200,0
1.7098242780000001,460.3318176269531,226.16688537597656,495.9211730957031,0,-200,0
1.713789695,460.3191833496094,225.3651885986328,495.9254455566406,0,-200,0
1.7179816140000002,460.30364990234375,224.5615692138672,495.9234924316406,0,-200,0
1.721852493,460.2879333496094,223.75953674316406,495.921142578125,0,-200,0
1.725916666,460.2704772949219,222.9615936279297,495.92144775390625,0,-200,0
1.730064659,460.25177001953125,222.16146850585938,495.9169921875,0,-200,0
1.734118999,460.2332458496094,221.35821533203125,495.9065246582031,0,-200,0
1.737965558,460.22210693359375,220.55850219726563,495.9058837890625,0,-200,0
1.742188998,460.2049560546875,219.7554931640625,495.8978576660156,0,-200,0
1.7463530440000001,460.1889953613281,218.9524688720703,495.8944091796875,0,-200,0
1.750064893,460.1711120605469,218.1512908935547,495.8945007324219,0,-200,0
1.754275478,460.1542053222656,217.34739685058594,495.8919677734375,0,-200,0
1.7582056270000002,460.13763427734375,216.54531860351563,495.888671875,0,-200,0
1.762146029,460.12396240234375,215.7467803955078,495.8880920410156,0,-200,0
1.7664709250000001,460.1103820800781,214.94451904296875,495.8892822265625,0,-200,0
1.77028561,460.0926818847656,214.14093017578125,495.8894958496094,0,-200,0
1.7742741020000001,460.0770568847656,213.33993530273438,495.885498046875,0,-200,0
1.778440544,460.06005859375,212.5362091064453,495.88226318359375,0,-200,0
1.782493642,460.0440979003906,211.73353576660156,495.8785705566406,0,-200,0
1.786418329,460.0282287597656,210.93145751953125,495.87628173828125,0,-200,0
1.790552967,460.0145263671875,210.12828063964844,495.8738098144531,0,-200,0
1.7944634270000002,459.9970703125,209.32656860351563,495.8681640625,0,-200,0
1.7984404870000001,459.9792175292969,208.52688598632813,495.86590576171875,0,-200,0
1.802627737,459.9635314941406,207.7298583984375,495.8630065917969,0,-200,0
1.80663309,459.9461975097656,206.9266357421875,495.8575134277344,0,-200,0
1.810601053,459.9335021972656,206.12400817871094,495.8598327636719,0,-200,0
1.814797472,459.91802978515625,205.32492065429688,495.85845947265625,0,-200,0
1.818632666,459.9006042480469,204.5265655517578,495.85601806640625,0,-200,0
1.822614449,459.8871154785156,203.7230987548828,495.8531494140625,0,-200,0
1.826897163,459.8695983886719,202.92112731933594,495.84716796875,0,-200,0
1.830846965,459.8588562011719,202.12091064453125,495.85589599609375,0,-200,0
1.834827469,459.8410339355469,201.31820678710938,495.8555908203125,0,-200,0
1.8389771769999999,459.82525634765625,200.51756286621094,495.8559265136719,0,-200,0
1.84285254,459.8050537109375,199.7169952392578,495.85211181640625,0,-200,0
1.8471124159999999,459.7902526855469,198.9141082763672,495.8502502441406,0,-200,0
1.851066924,459.7752990722656,198.11297607421875,495.84808349609375,0,-200,0
1.855018103,459.7609558105469,197.31053161621094,495.84368896484375,0,-200,0
1.858933629,459.74639892578125,196.50778198242188,495.842529296875,0,-200,0
1.863167756,459.7297058105469,195.70643615722656,495.8415832519531,0,-200,0
1.867042895,459.712890625,194.9034881591797,495.83880615234375,0,-200,0
1.871035205,459.6936340332031,194.1026611328125,495.8359375,0,-200,0
1.875285887,459.6766662597656,193.2999267578125,495.8358154296875,0,-200,0
1.879290814,459.6647644042969,192.49740600585938,495.8371887207031,0,-200,0
1.883167109,459.64605712890625,191.69480895996094,495.82989501953125,0,-200,0
1.887419751,459.6279602050781,190.89886474609375,495.8298645019531,0,-200,0
1.8913778319999999,459.6122741699219,190.09510803222656,495.8253173828125,0,-200,0
1.895302739,459.5960998535156,189.2901153564453,495.82330322265625,0,-200,0
1.899410901,459.58026123046875,188.4888916015625,495.81927490234375,0,-200,0
1.9033686319999998,459.56097412109375,187.69033813476563,495.8106384277344,0,-200,0
1.907377768,459.5461120605469,186.89154052734375,495.8125305175781,0,-200,0
1.911563633,459.52734375,186.0880584716797,495.80963134765625,0,-200,0
1.9154449040000001,459.5089416503906,185.28524780273438,495.8089599609375,0,-200,0
1.9193825260000001,459.49603271484375,184.48509216308594,495.8102722167969,0,-200,0
1.9236001200000001,459.478271484375,183.6824951171875,495.8049011230469,0,-200,0
1.927709109,459.4651184082031,182.8802032470703,495.8056945800781,0,-200,0
1.93151472,459.44677734375,182.07989501953125,495.8028259277344,0,-200,0
1.935738961,459.43072509765625,181.27589416503906,495.8003845214844,0,-200,0
1.939635665,459.4174499511719,180.47500610351563,495.80230712890625,0,-200,0
1.943595745,459.399658203125,179.67332458496094,495.79754638671875,0,-200,0
1.9480548519999998,459.3846435546875,178.87168884277344,495.7967834472656,0,-200,0
1.9517348559999999,459.37030029296875,178.06875610351563,495.7945251464844,0,-200,0
1.955727295,459.35198974609375,177.26327514648438,495.79052734375,0,-200,0
1.959950276,459.33856201171875,176.461669921875,495.7888488769531,0,-200,0
1.963809027,459.323486328125,175.65736389160156,495.7859802246094,0,-200,0
1.967875218,459.305908203125,174.8566131591797,495.784912109375,0,-200,0
1.971999151,459.2912902832031,174.0609588623047,495.78662109375,0,-200,0
1.976067765,459.2734680175781,173.25953674316406,495.7816162109375,0,-200,0
1.9799967870000001,459.2575988769531,172.4573211669922,495.78277587890625,0,-200,0
1.984111553,459.2439270019531,171.65635681152344,495.7837829589844,0,-200,0
1.9880671410000001,459.2262268066406,170.85736083984375,495.7783508300781,0,-200,0
1.991992292,459.213623046875,170.0561981201172,495.77850341796875,0,-200,0
1.996219231,459.1983947753906,169.2545166015625,495.7781982421875,0,-200,0
2.000209017,459.17950439453125,168.45191955566406,495.77301025390625,0,-200,0
2.004093394,459.1677551269531,167.65093994140625,495.7795715332031,0,-200,0
2.008379381,459.1520690917969,166.8489227294922,495.7801513671875,0,-200,0
2.012195308,459.13446044921875,166.04864501953125,495.77716064453125,0,-200,0
2.016378977,459.1217041015625,165.2505340576172,495.78216552734375,0,-200,0
2.020360921,459.1027526855469,164.44668579101563,495.775390625,0,-200,0
2.024452146,459.0862731933594,163.64169311523438,495.7709045410156,0,-200,0
2.028343875,459.07147216796875,162.83770751953125,495.7698974609375,0,-200,0
2.032496044,459.0525817871094,162.03321838378906,495.7620849609375,0,-200,0
2.036422484,459.036376953125,161.2325897216797,495.7586364746094,0,-200,0
2.040369747,459.0231628417969,160.43292236328125,495.7628173828125,0,-200,0
2.044561323,459.0047912597656,159.62989807128906,495.75994873046875,0,-200,0
2.048766992,458.9898986816406,158.8275146484375,495.7591857910156,0,-200,0
2.052504791,458.9722900390625,158.025634765625,495.7588195800781,0,-200,0
2.056745478,458.95050048828125,157.2246551513672,495.7539978027344,0,-200,0
2.060547637,458.939453125,156.42237854003906,495.75653076171875,0,-200,0
2.064546012,458.9240417480469,155.61854553222656,495.7557373046875,0,200,0
2.068806486,458.9034423828125,154.8172607421875,495.7511901855469,0,200,0
2.072850084,458.891357421875,154.02178955078125,495.7537841796875,0,200,0
2.076728083,458.87884521484375,153.22157287597656,495.75506591796875,0,200,0
2.080843538,458.8571472167969,152.41627502441406,495.74591064453125,0,200,0
2.084798539,458.8436584472656,151.61505126953125,495.74346923828125,0,200,0
2.088786961,458.8298645019531,150.81565856933594,495.7423095703125,0,200,0
2.092908645,458.8086853027344,150.03350830078125,495.7315673828125,0,200,0
2.096893783,458.7929382324219,149.32521057128906,495.71856689453125,0,200,0
2.100820754,458.7757873535156,148.72357177734375,495.6944580078125,0,200,0
2.105006498,458.7476501464844,148.25100708007813,495.66143798828125,0,200,0
2.108992169,458.7235412597656,147.92141723632813,495.6419372558594,0,200,0
2.112917309,458.69891357421875,147.75289916992188,495.6177673339844,0,200,0
2.117137574,458.68505859375,147.74703979492188,495.5998840332031,0,200,0
2.121180628,458.69793701171875,147.8640899658203,495.6257019042969,0,200,0
2.125015341,458.7076110839844,148.05751037597656,495.6412353515625,0,200,0
2.1293092,458.718505859375,148.37867736816406,495.6673889160156,0,200,0
2.133126993,458.7408752441406,148.86216735839844,495.7108154296875,0,200,0
2.13711979,458.7470703125,149.44497680664063,495.72906494140625,0,200,0
2.141295107,458.76153564453125,150.10791015625,495.75628662109375,0,200,0
2.145248004,458.771728515625,150.87579345703125,495.7756042480469,0,200,0
2.1494528649999998,458.77301025390625,151.72610473632813,495.7824401855469,0,200,0
2.153310095,458.7714538574219,152.59451293945313,495.78240966796875,0,200,0
2.157261943,458.7737731933594,153.44166564941406,495.78778076171875,0,200,0
2.161229926,458.76885986328125,154.282470703125,495.7908935546875,0,200,0
2.1654303759999998,458.7529296875,155.12159729003906,495.7802734375,0,200,0
2.169555695,458.727783203125,155.95880126953125,495.7560119628906,0,200,0
2.173359396,458.6990966796875,156.79214477539063,495.73394775390625,0,200,0
2.177633027,458.67950439453125,157.61495971679688,495.7159423828125,0,200,0
2.181525182,458.66607666015625,158.41580200195313,495.7010192871094,0,200,0
2.185532418,458.6554260253906,159.205322265625,495.6928405761719,0,200,0
2.189833456,458.6481018066406,159.98683166503906,495.6912841796875,0,200,0
2.19366326,458.6403503417969,160.75930786132813,495.6895751953125,0,200,0
2.197634827,458.633056640625,161.5357666015625,495.6922912597656,0,200,0
2.201830743,458.620849609375,162.32713317871094,495.70263671875,0,200,0
2.205687018,458.6044921875,163.13270568847656,495.7196960449219,0,200,0
2.209787359,458.58319091796875,163.94554138183594,495.734375,0,200,0
2.21391489,458.56353759765625,164.7649688720703,495.7523498535156,0,200,0
2.217991254,458.5460205078125,165.5771942138672,495.7679138183594,0,200,0
2.221808671,458.52972412109375,166.38731384277344,495.7717590332031,0,200,0
2.226043318,458.5157165527344,167.20254516601563,495.77764892578125,0,200,0
2.229991559,458.4954528808594,168.02513122558594,495.7749328613281,0,200,0
2.233879509,458.4709167480469,168.85574340820313,495.7607421875,0,200,0
2.238105516,458.44854736328125,169.69207763671875,495.7427062988281,0,200,0
2.242071706,458.42694091796875,170.52513122558594,495.7225646972656,0,200,0
2.245996845,458.40289306640625,171.3416748046875,495.69573974609375,0,200,0
2.250499553,458.3838195800781,172.15695190429688,495.6740417480469,0,200,0
2.254154426,458.36920166015625,172.9697723388672,495.6562805175781,0,200,0
2.258146456,458.3539123535156,173.771728515625,495.64239501953125,0,200,0
2.262268691,458.34564208984375,174.5701904296875,495.6348876953125,0,200,0
2.266329038,458.34075927734375,175.37338256835938,495.63250732421875,0,200,0
2.270276381,458.3238525390625,176.1740264892578,495.6296081542969,0,200,0
2.274470424,458.3125305175781,176.9705352783203,495.6333312988281,0,200,0
2.278326725,458.2997741699219,177.76380920410156,495.6427307128906,0,200,0
2.282287595,458.2794189453125,178.5605926513672,495.65179443359375,0,200,0
2.286512378,458.26324462890625,179.36598205566406,495.6712341308594,0,200,0
2.290472885,458.2410888671875,180.1780548095703,495.6877746582031,0,200,0
2.294394375,458.2143859863281,180.99688720703125,495.69708251953125,0,200,0
2.298632865,458.1940002441406,181.81707763671875,495.71063232421875,0,200,0
2.302449137,458.1752014160156,182.63519287109375,495.7207336425781,0,200,0
2.306458487,458.1534423828125,183.45420837402344,495.7178039550781,0,200,0
2.310706649,458.1379699707031,184.27621459960938,495.71258544921875,0,200,0
2.314706192,458.1203918457031,185.09786987304688,495.70123291015625,0,200,0
2.318581477,458.1001281738281,185.9173126220703,495.67767333984375,0,200,0
2.322755446,458.08367919921875,186.7342071533203,495.6658020019531,0,200,0
2.326662986,458.0683288574219,187.54327392578125,495.6451110839844,0,200,0
2.330691388,458.05194091796875,188.34927368164063,495.6208801269531,0,200,0
2.334817243,458.0404052734375,189.15670776367188,495.60894775390625,0,200,0
2.338817622,458.0248107910156,189.96035766601563,495.5923156738281,0,200,0
2.342738726,458.0132751464844,190.76406860351563,495.5806884765625,0,200,0
2.346935257,458.0021057128906,191.57305908203125,495.5804443359375,0,200,0
2.351130628,457.98602294921875,192.37733459472656,495.5792541503906,0,200,0
2.354838151,457.971923828125,193.17926025390625,495.5904235839844,0,200,0
2.359130463,457.9581298828125,193.98544311523438,495.6123962402344,0,200,0
2.363093869,457.9355773925781,194.79248046875,495.6289367675781,0,200,0
2.36691957,457.91412353515625,195.60406494140625,495.6484680175781,0,200,0
2.371259946,457.8941345214844,196.41575622558594,495.6661682128906,0,200,0
2.375075764,457.8721008300781,197.23011779785156,495.6786804199219,0,200,0
2.379079428,457.8539123535156,198.0476837158203,495.6869812011719,0,200,0
2.383292009,457.83160400390625,198.86611938476563,495.6800537109375,0,200,0
2.387200839,457.8174743652344,199.6874542236328,495.6748046875,0,200,0
2.391209097,457.8021545410156,200.50230407714844,495.6617431640625,0,200,0
2.3953806699999998,457.78558349609375,201.31265258789063,495.6440734863281,0,200,0
2.399285667,457.774658203125,202.12203979492188,495.63226318359375,0,200,0
2.403303773,457.7555236816406,202.9293670654297,495.60888671875,0,200,0
2.407459409,457.7438659667969,203.7401885986328,495.5950012207031,0,200,0
2.411550365,457.73052978515625,204.54844665527344,495.5837707519531,0,200,0
2.41534142,457.7142639160156,205.35536193847656,495.5695495605469,0,200,0
2.41955018,457.705078125,206.16481018066406,495.5675354003906,0,200,0
2.42346831,457.6893310546875,206.9722900390625,495.5625,0,200,0
2.427434807,457.6717529296875,207.78170776367188,495.56121826171875,0,200,0
2.431691729,457.6558532714844,208.5960235595703,495.56719970703125,0,200,0
2.435593378,457.6330871582031,209.40737915039063,495.5700378417969,0,200,0
2.439570897,457.61639404296875,210.21600341796875,495.5874328613281,0,200,0
2.443740662,457.5929260253906,211.02191162109375,495.59820556640625,0,200,0
2.447615147,457.5728454589844,211.83592224121094,495.6109313964844,0,200,0
2.451919076,457.5584411621094,212.65179443359375,495.62249755859375,0,200,0
2.4558507,457.5389099121094,213.46524047851563,495.6220397949219,0,200,0
2.459943955,457.5281066894531,214.2785186767578,495.6294860839844,0,200,0
2.463805608,457.5113220214844,215.0884552001953,495.6271057128906,0,200,0
2.467954457,457.49603271484375,215.89694213867188,495.6199645996094,0,200,0
2.4719035,457.4819641113281,216.70657348632813,495.6098937988281,0,200,0
2.475807695,457.46331787109375,217.51722717285156,495.5928649902344,0,200,0
2.480068673,457.4501647949219,218.32675170898438,495.5778503417969,0,200,0
2.48396523,457.43341064453125,219.133544921875,495.5606689453125,0,200,0
2.48794854,457.4210510253906,219.94334411621094,495.54888916015625,0,200,0
2.492224523,457.4042053222656,220.75543212890625,495.5369567871094,0,200,0
2.496015441,457.38671875,221.56666564941406,495.5299377441406,0,200,0
2.5000619349999997,457.3689270019531,222.3804473876953,495.5240783691406,0,200,0
2.504210575,457.346923828125,223.18948364257813,495.5182800292969,0,200,0
2.508304405,457.3300476074219,224.00048828125,495.52410888671875,0,200,0
2.512187126,457.3089294433594,224.81214904785156,495.5277099609375,0,200,0
2.516309459,457.2898254394531,225.62808227539063,495.53564453125,0,200,0
2.520217688,457.27569580078125,226.44265747070313,495.5473327636719,0,200,0
2.524208535,457.25946044921875,227.25296020507813,495.5602111816406,0,200,0
2.52843216,457.2440185546875,228.05946350097656,495.5737609863281,0,200,0
2.532395603,457.2286071777344,228.86416625976563,495.5808410644531,0,200,0
2.536326988,457.215576171875,229.67388916015625,495.5912780761719,0,200,0
2.540567432,457.199462890625,230.48269653320313,495.5909423828125,0,200,0
2.544416404,457.18634033203125,231.29022216796875,495.5844421386719,0,200,0
2.5483761940000003,457.1725769042969,232.0963592529297,495.5733947753906,0,200,0
2.55287188,457.1603088378906,232.90879821777344,495.56158447265625,0,200,0
2.55666645,457.141357421875,233.71897888183594,495.5461120605469,0,200,0
2.560504072,457.1229248046875,234.53382873535156,495.5312194824219,0,200,0
2.564736056,457.1075134277344,235.34837341308594,495.51995849609375,0,200,0
2.568656404,457.0876159667969,236.15728759765625,495.5101623535156,0,200,0
2.572651644,457.0723876953125,236.96871948242188,495.5037841796875,0,200,0
2.576810313,457.051025390625,237.77908325195313,495.4960021972656,0,200,0
2.580861373,457.0349426269531,238.59642028808594,495.49468994140625,0,200,0
2.58469392,457.0157775878906,239.4120635986328,495.49420166015625,0,200,0
2.5889166230000002,457.00054931640625,240.22906494140625,495.4979248046875,0,200,0
2.592896593,456.986572265625,241.04022216796875,495.5072021484375,0,200,0
2.596776791,456.9710998535156,241.8485870361328,495.5187683105469,0,200,0
2.6010083550000003,456.9561767578125,242.6566162109375,495.52880859375,0,200,0
2.605024547,456.9394836425781,243.46392822265625,495.5329284667969,0,200,0
2.6088836520000003,456.92327880859375,244.27423095703125,495.53692626953125,0,200,0
2.613255174,456.907958984375,245.08168029785156,495.5322265625,0,200,0
2.617006196,456.8964538574219,245.88555908203125,495.5310363769531,0,200,0
2.621006645,456.8802185058594,246.6891632080078,495.52362060546875,0,200,0
2.625195074,456.8661193847656,247.49905395507813,495.5188903808594,0,200,0
2.629136258,456.8475341796875,248.31109619140625,495.5080871582031,0,200,0
2.633071604,456.83148193359375,249.12454223632813,495.498046875,0,200,0
2.637299765,456.8146667480469,249.93589782714844,495.4874572753906,0,200,0
2.64121314,456.79779052734375,250.74868774414063,495.4764404296875,0,200,0
2.645171358,456.7790832519531,251.5623016357422,495.46533203125,0,200,0
2.649367245,456.7585144042969,252.3794403076172,495.4572448730469,0,200,0
2.653766398,456.73895263671875,253.1972198486328,495.4530944824219,0,200,0
2.657280518,456.7225341796875,254.0107421875,495.45611572265625,0,200,0
2.661487964,456.7037048339844,254.82186889648438,495.4544372558594,0,200,0
2.665373807,456.6876525878906,255.63284301757813,495.4545593261719,0,200,0
2.66935289,456.6714782714844,256.44610595703125,495.45526123046875,0,200,0
2.673623508,456.6567077636719,257.259033203125,495.4643859863281,0,200,0
2.677471149,456.641845703125,258.06512451171875,495.4715270996094,0,200,0
2.681485837,456.6292724609375,258.8707580566406,495.4797668457031,0,200,0
2.68568258,456.61322021484375,259.6761474609375,495.480224609375,0,200,0
2.689547645,456.6001281738281,260.47979736328125,495.4813232421875,0,200,0
2.693630401,456.5870666503906,261.2853088378906,495.4786682128906,0,200,0
2.6977629199999997,456.57122802734375,262.09442138671875,495.4718933105469,0,200,0
2.701826544,456.55401611328125,262.9022521972656,495.4634704589844,0,200,0
2.705640722,456.54071044921875,263.7153015136719,495.4593505859375,0,200,0
2.709880216,456.52423095703125,264.5248107910156,495.4519348144531,0,200,0
2.713812044,456.5073547363281,265.3382263183594,495.45068359375,0,200,0
2.717733257,456.48876953125,266.1535949707031,495.4435729980469,0,200,0
2.721952092,456.46966552734375,266.967041015625,495.4372863769531,0,200,0
2.725875371,456.4501037597656,267.78021240234375,495.42877197265625,0,200,0
2.729862855,456.4326477050781,268.5970764160156,495.4202880859375,0,200,0
2.734139849,456.4157409667969,269.4119567871094,495.4135437011719,0,200,0
2.7380046719999998,456.39544677734375,270.22784423828125,495.412109375,0,200,0
2.741961785,456.3777160644531,271.0405578613281,495.4114685058594,0,200,0
2.746143139,456.3605651855469,271.8531188964844,495.41497802734375,0,200,0
2.750242017,456.3443908691406,272.6621398925781,495.4127502441406,0,200,0
2.754318833,456.3338623046875,273.4652099609375,495.41180419921875,0,200,0
2.758071657,456.3172912597656,274.2698059082031,495.4134521484375,0,200,0
2.7621452619999998,456.3016662597656,275.07598876953125,495.4139709472656,0,200,0
2.76614189,456.28631591796875,275.8824768066406,495.4143981933594,0,200,0
2.770328837,456.27117919921875,276.68963623046875,495.4145812988281,0,200,0
2.774312911,456.2557678222656,277.4956359863281,495.41168212890625,0,200,0
2.778229311,456.24041748046875,278.3050231933594,495.40765380859375,0,200,0
2.7824685479999998,456.22454833984375,279.115234375,495.4009094238281,0,200,0
2.786336062,456.2100830078125,279.9261474609375,495.3978271484375,0,200,0
2.7902989700000003,456.1923522949219,280.7372741699219,495.3921203613281,0,200,0
2.794573421,456.173583984375,281.55487060546875,495.3877868652344,0,200,0
2.798560258,456.15460205078125,282.37066650390625,495.3835754394531,0,200,0
2.802449028,456.1395263671875,283.18280029296875,495.3752746582031,0,200,0
2.806654679,456.1238098144531,283.9964294433594,495.36627197265625,0,200,0
2.810499166,456.10614013671875,284.8101501464844,495.3677062988281,0,200,0
2.814574682,456.08685302734375,285.6241455078125,495.3674621582031,0,200,0
2.818677664,456.06573486328125,286.4388732910156,495.36358642578125,0,200,0
2.822689182,456.0498046875,287.2477111816406,495.3635559082031,0,200,0
2.826644028,456.03338623046875,288.05389404296875,495.36236572265625,0,200,0
2.83083623,456.0198059082031,288.86376953125,495.3631896972656,0,200,0
2.834786383,456.0055847167969,289.6708068847656,495.36175537109375,0,200,0
2.838717512,455.9914245605469,290.4785461425781,495.36083984375,0,200,0
2.8429843200000002,455.9756774902344,291.2853088378906,495.3560485839844,0,200,0
2.846978916,455.96343994140625,292.09375,495.3621826171875,0,200,0
2.85080126,455.9480285644531,292.90130615234375,495.3681945800781,0,200,0
2.855310422,455.9321594238281,293.7088623046875,495.3656005859375,0,200,0
2.8589298,455.9194641113281,294.520263671875,495.3622741699219,0,200,0
2.862928711,455.9023132324219,295.33209228515625,495.3559265136719,0,200,0
2.867127644,455.88726806640625,296.14813232421875,495.3526306152344,0,200,0
2.871023368,455.87017822265625,296.9610290527344,495.3453063964844,0,200,0
2.874982584,455.84991455078125,297.7734375,495.340576171875,0,200,0
2.879226064,455.8294982910156,298.5855712890625,495.3348388671875,0,200,0
2.883153017,455.8131408691406,299.3980407714844,495.32476806640625,0,200,0
2.887079134,455.79937744140625,300.2094421386719,495.3150634765625,0,200,0
2.891256806,455.7778015136719,301.017578125,495.3009033203125,0,200,0
2.895396245,455.7590026855469,301.8316650390625,495.3008117675781,0,200,0
2.899187433,455.74365234375,302.64385986328125,495.30120849609375,0,200,0
2.903427305,455.7319641113281,303.4519958496094,495.30029296875,0,200,0
2.907305462,455.7187805175781,304.2593078613281,495.2982482910156,0,200,0
2.911298811,455.70391845703125,305.0664978027344,495.2956237792969,0,200,0
2.915539427,455.6877746582031,305.8772277832031,495.2985534667969,0,200,0
2.919391076,455.6728515625,306.6866760253906,495.2997741699219,0,200,0
2.92340388,455.6578674316406,307.491943359375,495.3034362792969,0,200,0
2.927589889,455.6418762207031,308.2991027832031,495.2989196777344,0,200,0
2.931469028,455.62640380859375,309.10955810546875,495.29547119140625,0,200,0
2.93552749,455.611328125,309.9228515625,495.2931213378906,0,200,0
2.939653254,455.59136962890625,310.73480224609375,495.2918395996094,0,200,0
2.943709054,455.573974609375,311.54595947265625,495.2886962890625,0,200,0
2.947608876,455.5546569824219,312.35394287109375,495.2831115722656,0,200,0
2.9517786,455.5379943847656,313.1650695800781,495.27825927734375,0,200,0
2.955941014,455.5173034667969,313.97796630859375,495.2708435058594,0,200,0
2.959677551,455.50018310546875,314.7913818359375,495.2626953125,0,200,0
2.963885876,455.4860534667969,315.6024475097656,495.25738525390625,0,200,0
2.967764466,455.470947265625,316.4141845703125,495.25372314453125,0,200,0
2.971788284,455.457275390625,317.2249450683594,495.2583923339844,0,200,0
2.976030018,455.4383239746094,318.0346984863281,495.2566833496094,0,200,0
2.979876176,455.4227294921875,318.84423828125,495.2532958984375,0,200,0
2.983869552,455.409423828125,319.6514587402344,495.2491149902344,0,200,0
2.988056451,455.3946533203125,320.4577331542969,495.2412414550781,0,200,0
2.992156736,455.3805847167969,321.26446533203125,495.2349548339844,0,200,0
2.996014634,455.3633117675781,322.0749206542969,495.2353820800781,0,200,0
2.9999970620000003,455.3450927734375,322.8853759765625,495.23736572265625,0,200,0
3.004066609,455.3285217285156,323.69366455078125,495.2367858886719,0,200,0
3.008062205,455.31585693359375,324.500244140625,495.2290344238281,0,200,0
3.012265684,455.3010559082031,325.3105163574219,495.22662353515625,0,200,0
3.016222885,455.2843933105469,326.1202087402344,495.2231750488281,0,200,0
3.020160313,455.26434326171875,326.9347229003906,495.2270202636719,0,200,0
3.024388222,455.248046875,327.7486877441406,495.2239685058594,0,200,0
3.028256888,455.23095703125,328.55938720703125,495.21649169921875,0,200,0
3.032271486,455.2152404785156,329.3692321777344,495.2107238769531,0,200,0
3.03653175,455.2017822265625,330.1806335449219,495.2062072753906,0,200,0
3.040487134,455.1809997558594,330.994140625,495.1986999511719,0,200,0
3.044371604,455.16510009765625,331.80181884765625,495.1929931640625,0,200,0
3.048550444,455.1480407714844,332.61474609375,495.1885070800781,0,200,0
3.052437126,455.1322021484375,333.4232177734375,495.17779541015625,0,200,0
3.056722493,455.11602783203125,334.2327880859375,495.1712341308594,0,200,0
3.060622609,455.0995788574219,335.0408020019531,495.1733093261719,0,200,0
3.064585009,455.0841064453125,335.85089111328125,495.1745300292969,0,200,0
3.068527123,455.07073974609375,336.65850830078125,495.17620849609375,0,200,0
3.072736449,455.0530700683594,337.4676818847656,495.1741638183594,0,200,0
3.07670655,455.03424072265625,338.2773742675781,495.1686096191406,0,200,0
3.080612571,455.0212707519531,339.08935546875,495.1689147949219,0,200,0
3.084841326,455.0085144042969,339.8981628417969,495.1671447753906,0,200,0
3.088866269,454.9941101074219,340.7050476074219,495.1635437011719,0,200,0
3.092717135,454.97747802734375,341.51019287109375,495.1641540527344,0,200,0
3.097025462,454.96282958984375,342.32098388671875,495.16876220703125,0,200,0
3.100808428,454.9478454589844,343.1308288574219,495.1631774902344,0,200,0
3.104828372,454.9270324707031,343.9438781738281,495.15069580078125,0,200,0
3.109001171,454.9088134765625,344.75537109375,495.1397705078125,0,200,0
3.112957198,454.8963317871094,345.5650634765625,495.14141845703125,0,200,0
3.1170272,454.8809814453125,346.3739318847656,495.14404296875,0,200,0
3.121152313,454.86474609375,347.1842041015625,495.13677978515625,0,200,0
3.125049625,454.8479309082031,347.9961242675781,495.12762451171875,0,200,0
3.129009107,454.8306884765625,348.8063049316406,495.1199951171875,0,200,0
3.133228651,454.81317138671875,349.6176452636719,495.1167297363281,0,200,0
3.137386071,454.7972106933594,350.4239501953125,495.113525390625,0,200,0
3.1411229,454.78228759765625,351.23101806640625,495.11004638671875,0,200,0
3.145335381,454.7668762207031,352.04046630859375,495.1056823730469,0,200,0
3.149145696,454.7501525878906,352.84820556640625,495.0989685058594,0,200,0
3.153094359,454.7354431152344,353.6582336425781,495.09686279296875,0,200,0
3.157276531,454.7169189453125,354.4700927734375,495.0968322753906,0,200,0
3.1610379809999998,454.7010498046875,355.2805480957031,495.09844970703125,0,200,0
3.165329888,454.6870422363281,356.089599609375,495.0953063964844,0,200,0
3.169488394,454.67071533203125,356.8962097167969,495.0881652832031,0,200,0
3.173410455,454.65704345703125,357.7054443359375,495.0910949707031,0,200,0
3.177434863,454.6401062011719,358.5149841308594,495.09063720703125,0,200,0
3.181592624,454.6217346191406,359.32476806640625,495.0848083496094,0,200,0
3.18566567,454.6026611328125,360.13604736328125,495.0810241699219,0,200,0
3.189471239,454.58746337890625,360.9461364746094,495.0758972167969,0,200,0
3.193667203,454.56976318359375,361.7557067871094,495.0647888183594,0,200,0
3.197648519,454.55487060546875,362.5638732910156,495.0562438964844,0,200,0
3.201589826,454.5408630371094,363.3712158203125,495.0538330078125,0,200,0
3.205785277,454.5249328613281,364.1785583496094,495.05560302734375,0,200,0
3.209710842,454.5083312988281,364.98944091796875,495.0542297363281,0,200,0
3.21368523,454.4907531738281,365.7995910644531,495.04901123046875,0,200,0
3.217924338,454.4756164550781,366.6131286621094,495.04156494140625,0,200,0
3.221811336,454.4631042480469,367.42218017578125,495.036865234375,0,200,0
3.225771398,454.4510498046875,368.2281494140625,495.03961181640625,0,200,0
3.229983683,454.4339599609375,369.0333251953125,495.0380859375,0,200,0
3.234019245,454.4189453125,369.8460998535156,495.0353698730469,0,200,0
3.237929974,454.40032958984375,370.66033935546875,495.0262145996094,0,200,0
3.242071277,454.38128662109375,371.4687805175781,495.0174865722656,0,200,0
3.245978025,454.3677673339844,372.27978515625,495.0233459472656,0,200,0
3.249954028,454.34912109375,373.0872497558594,495.0198669433594,0,200,0
3.254153971,454.3330993652344,373.8973693847656,495.0168762207031,0,200,0
3.258363889,454.31707763671875,374.7056579589844,495.009765625,0,200,0
3.262052879,454.30084228515625,375.5152282714844,495.0051574707031,0,200,0
3.266292117,454.286376953125,376.3252258300781,495.0015869140625,0,200,0
3.270158484,454.26654052734375,377.13055419921875,494.9921875,0,200,0
3.274140213,454.247802734375,377.9417724609375,494.9862365722656,0,200,0
3.278413875,454.233154296875,378.7536926269531,494.9814758300781,0,200,0
3.282388777,454.2184143066406,379.5606994628906,494.9763488769531,0,200,0
3.2862779890000002,454.20306396484375,380.3635559082031,494.9725036621094,0,200,0
3.290442024,454.1877746582031,381.17041015625,494.971923828125,0,200,0
3.294352118,454.1713562011719,381.98309326171875,494.969970703125,0,200,0
3.29838964,454.15362548828125,382.791748046875,494.96405029296875,0,200,0
3.302529698,454.1367492675781,383.60205078125,494.95458984375,0,200,0
3.306532105,454.1255798339844,384.40863037109375,494.95123291015625,0,200,0
3.310423124,454.1098327636719,385.21453857421875,494.9510803222656,0,200,0
3.31464571,454.0932312011719,386.0231018066406,494.95501708984375,0,200,0
3.318578003,454.0777893066406,386.8310241699219,494.9548034667969,0,200,0
3.32252814,454.0615234375,387.639404296875,494.9508972167969,0,200,0
3.326835916,454.04791259765625,388.44708251953125,494.94061279296875,0,200,0
3.330789138,454.0343933105469,389.2574768066406,494.9425354003906,0,200,0
3.334628017,454.01580810546875,390.07269287109375,494.9466552734375,0,200,0
3.338914704,453.99725341796875,390.884521484375,494.9440612792969,0,200,0
3.342710286,453.98095703125,391.69073486328125,494.9349060058594,0,200,0
3.346733294,453.9700927734375,392.4978942871094,494.9312744140625,0,200,0
3.350949871,453.9515075683594,393.30816650390625,494.9248962402344,0,200,0
3.354865942,453.9295349121094,394.1180419921875,494.91436767578125,0,200,0
3.359125543,453.9127502441406,394.9298095703125,494.9111022949219,0,200,0
3.36304467,453.8970947265625,395.73834228515625,494.9047546386719,0,200,0
3.366924267,453.882080078125,396.5423583984375,494.8981018066406,0,200,0
3.370921071,453.8656921386719,397.35107421875,494.8902282714844,0,200,0
3.375121307,453.8535461425781,398.15545654296875,494.88641357421875,0,200,0
3.379245169,453.83740234375,398.9620361328125,494.8805847167969,0,200,0
3.38302352,453.8255310058594,399.76898193359375,494.8733825683594,0,200,0
3.387055657,453.8086853027344,400.5772399902344,494.8724060058594,0,200,0
3.391180248,453.79278564453125,401.3896179199219,494.8760986328125,0,200,0
3.395117613,453.77459716796875,402.1964416503906,494.87176513671875,0,200,0
3.399379362,453.75640869140625,403.0036926269531,494.86773681640625,0,200,0
3.403248254,453.7423400878906,403.8102722167969,494.8633117675781,0,200,0
3.407248949,453.7270812988281,404.61627197265625,494.85333251953125,0,200,0
3.41147428,453.71038818359375,405.4267578125,494.8459167480469,0,200,0
3.415307191,453.6932678222656,406.23724365234375,494.84930419921875,0,200,0
3.419365145,453.67535400390625,407.046630859375,494.85528564453125,0,200,0
3.423500167,453.6595458984375,407.856689453125,494.85546875,0,200,0
3.427578946,453.6420593261719,408.6636047363281,494.84466552734375,0,200,0
3.431391107,453.630859375,409.47442626953125,494.8398742675781,0,200,0
3.435621432,453.6115417480469,410.28094482421875,494.835205078125,0,200,0
3.439571141,453.59478759765625,411.09112548828125,494.8360900878906,0,200,0
3.443503802,453.581298828125,411.9010314941406,494.83258056640625,0,200,0
3.447699423,453.5667419433594,412.7041931152344,494.8215026855469,0,200,0
3.451602296,453.55047607421875,413.5104064941406,494.8154296875,0,200,0
3.455562745,453.5365295410156,414.3170166015625,494.8139953613281,0,200,0
3.460085792,453.5185241699219,415.12847900390625,494.8125915527344,0,200,0
3.463701396,453.50018310546875,415.9347229003906,494.8024597167969,0,200,0
3.4676888359999998,453.4897766113281,416.7383728027344,494.7969665527344,0,200,0
3.471875941,453.4762878417969,417.5422058105469,494.7901611328125,0,200,0
3.475937899,453.4604797363281,418.3478088378906,494.7834167480469,0,200,0
3.479881579,453.44403076171875,419.1598815917969,494.7784118652344,0,200,0
3.484023272,453.42327880859375,419.9718322753906,494.7687072753906,0,200,0
3.487922738,453.40625,420.7796936035156,494.7655944824219,0,200,0
3.491884284,453.3926696777344,421.5947570800781,494.77166748046875,0,200,0
3.496163999,453.3744812011719,422.4012451171875,494.7705078125,0,200,0
3.50007564,453.3568420410156,423.2088623046875,494.76483154296875,0,200,0
3.503967548,453.3427429199219,424.0139465332031,494.75921630859375,0,200,0
3.508231739,453.3240966796875,424.8226318359375,494.7505798339844,0,200,0
3.512093686,453.3066101074219,425.6322326660156,494.7432861328125,0,200,0
3.516066878,453.2884521484375,426.4426574707031,494.74298095703125,0,200,0
3.5203513109999998,453.2730407714844,427.252197265625,494.7496337890625,0,200,0
3.524328885,453.254638671875,428.0587158203125,494.7464599609375,0,200,0
3.528194853,453.2388610839844,428.86505126953125,494.7359313964844,0,200,0
3.53235462,453.2283630371094,429.6686706542969,494.73077392578125,0,200,0
3.536273256,453.2140808105469,430.47344970703125,494.7310485839844,0,200,0
3.540320034,453.19940185546875,431.2801513671875,494.73046875,0,200,0
3.544450753,453.18389892578125,432.08831787109375,494.7244873046875,0,200,0
3.548418789,453.1712646484375,432.8964538574219,494.7196044921875,0,200,0
3.552371478,453.1527099609375,433.7021484375,494.712646484375,0,200,0
3.556596735,453.13848876953125,434.50830078125,494.71026611328125,0,200,0
3.560746949,453.125,435.3125,494.7019958496094,0,200,0
3.564495564,453.1073913574219,436.1182861328125,494.69384765625,0,200,0
3.568668297,453.090576171875,436.9313049316406,494.6896057128906,0,200,0
3.572698178,453.07183837890625,437.73883056640625,494.6861267089844,0,200,0
3.576616141,453.05841064453125,438.5446472167969,494.6816711425781,0,200,0
3.580851333,453.04327392578125,439.35186767578125,494.67144775390625,0,200,0
3.5846767760000002,453.0286865234375,440.16015625,494.6686096191406,0,200,0
3.588652981,453.00714111328125,440.97332763671875,494.6651611328125,0,200,0
3.592867809,452.9862365722656,441.7851867675781,494.6614074707031,0,200,0
3.596773965,452.96881103515625,442.59259033203125,494.6576843261719,0,200,0
3.600903633,452.9529113769531,443.3960876464844,494.6478271484375,0,200,0
3.604958559,452.9425964355469,444.20050048828125,494.640869140625,0,200,0
3.6088783209999997,452.9292907714844,445.00775146484375,494.63641357421875,0,200,0
3.612849248,452.91455078125,445.8157958984375,494.6404724121094,0,200,0
3.617023721,452.89715576171875,446.6227111816406,494.6428527832031,0,200,0
3.621244596,452.8792724609375,447.4271545410156,494.6412048339844,0,200,0
3.62495088,452.8669128417969,448.2290344238281,494.62811279296875,0,200,0
3.629193888,452.8573303222656,449.0341796875,494.62249755859375,0,200,0
3.633035837,452.8405456542969,449.8397216796875,494.6219482421875,0,200,0
3.637028389,452.8271789550781,450.64312744140625,494.6219482421875,0,200,0
3.641285859,452.81256103515625,451.4536437988281,494.6205749511719,0,200,0
3.64517646,452.7967529296875,452.2601318359375,494.6113586425781,0,200,0
3.649173293,452.7767028808594,453.07244873046875,494.6112976074219,0,200,0
3.6533713370000003,452.75830078125,453.8835754394531,494.6128845214844,0,200,0
3.657246212,452.7362365722656,454.6898193359375,494.6033630371094,0,200,0
3.661475821,452.7178039550781,455.4968566894531,494.5909729003906,0,200,0
3.665436416,452.70172119140625,456.30755615234375,494.5888671875,0,200,0
3.669503157,452.68377685546875,457.1118469238281,494.5821228027344,0,200,0
3.67335029,452.6671142578125,457.91705322265625,494.5697937011719,0,200,0
3.677532356,452.6510009765625,458.72869873046875,494.56298828125,0,200,0
3.681485391,452.6358337402344,459.53558349609375,494.56011962890625,0,200,0
3.685416189,452.62335205078125,460.3370666503906,494.5602111816406,0,200,0
3.689613124,452.609375,461.1418762207031,494.5573425292969,0,200,0
3.693544498,452.59490966796875,461.9450988769531,494.5489196777344,0,200,0
3.697522015,452.5807189941406,462.74993896484375,494.5354919433594,0,200,0
3.701795037,452.56683349609375,463.5556945800781,494.5270080566406,0,200,0
3.705675366,452.5495910644531,464.3611145019531,494.5228576660156,0,200,0
3.709625468,452.53753662109375,465.165283203125,494.52996826171875,0,200,0
3.713786633,452.5220642089844,465.9674377441406,494.5303649902344,0,200,0
3.71778933,452.5102233886719,466.7747497558594,494.5242919921875,0,200,0
3.721779975,452.4965515136719,467.5843200683594,494.5240173339844,0,200,0
3.725907374,452.4781494140625,468.39312744140625,494.5237731933594,0,200,0
3.729876612,452.45660400390625,469.201904296875,494.522216796875,0,200,0
3.733794364,452.4360046386719,470.0130920410156,494.51824951171875,0,200,0
3.7379943,452.4183654785156,470.8207702636719,494.50946044921875,0,200,0
3.741989191,452.40496826171875,471.62518310546875,494.5091552734375,0,200,0
3.745878619,452.3885192871094,472.4327087402344,494.5072326660156,0,200,0
3.7501623349999997,452.3716125488281,473.2360534667969,494.4962463378906,0,200,0
3.753993214,452.352294921875,474.0458679199219,494.4893798828125,0,200,0
3.75797475,452.3357238769531,474.852783203125,494.48480224609375,0,200,0
3.762467547,452.316650390625,475.65936279296875,494.4766845703125,0,200,0
3.766224964,452.30499267578125,476.4615173339844,494.4610595703125,0,200,0
3.770150113,452.2900695800781,477.2625427246094,494.4516296386719,0,200,0
3.774290214,452.27557373046875,478.06451416015625,494.4470520019531,0,200,0
3.778203566,452.2630615234375,478.8681945800781,494.4469299316406,0,200,0
3.782238955,452.2501220703125,479.67095947265625,494.4399108886719,0,200,0
3.786374384,452.23052978515625,480.47918701171875,494.4318542480469,0,200,0
3.790369637,452.2174987792969,481.2874755859375,494.4270935058594,0,200,0
3.794290675,452.1998291015625,482.09423828125,494.422607421875,0,200,0
3.798476085,452.1835021972656,482.900146484375,494.42431640625,0,200,0
3.802425682,452.1672058105469,483.7067565917969,494.4287109375,0,200,0
3.806368987,452.1508483886719,484.5136413574219,494.42596435546875,0,200,0
3.8106211439999997,452.1322021484375,485.32196044921875,494.4167785644531,0,200,0
3.81462807,452.11676025390625,486.1315002441406,494.4197082519531,0,200,0
3.818470337,452.098876953125,486.9356994628906,494.41973876953125,0,200,0
3.822753576,452.082763671875,487.7427062988281,494.4175109863281,0,200,0
3.826617497,452.0690612792969,488.5465087890625,494.4103698730469,0,200,0
3.830600489,452.0503845214844,489.35040283203125,494.40521240234375,0,200,0
3.834785911,452.032958984375,490.15740966796875,494.40411376953125,0,200,0
3.8387099019999997,452.0143127441406,490.9607849121094,494.3901062011719,0,200,0
3.8427195210000002,451.99884033203125,491.7623596191406,494.3800964355469,0,200,0
3.846868377,451.9862976074219,492.56585693359375,494.37152099609375,0,200,0
3.8508046670000002,451.9697265625,493.36688232421875,494.36151123046875,0,200,0
3.8547418799999997,451.9571533203125,494.1756286621094,494.35614013671875,0,200,0
3.858911562,451.9422302246094,494.9766845703125,494.3421630859375,0,200,0
3.863296508,451.9288330078125,495.7787780761719,494.339111328125,0,200,0
3.8668677320000002,451.9140930175781,496.5860595703125,494.34320068359375,0,200,0
3.871067821,451.895263671875,497.3875732421875,494.3312072753906,0,200,0
3.874959386,451.8782043457031,498.1938171386719,494.32196044921875,0,200,0
3.878911349,451.8585510253906,499.0047302246094,494.3158264160156,0,200,0
3.883206951,451.8399658203125,499.8127746582031,494.3101806640625,0,200,0
3.88704637,451.82489013671875,500.6198425292969,494.3185729980469,0,200,0
3.891060297,451.8090515136719,501.4219970703125,494.3197021484375,0,200,0
3.895321659,451.7954406738281,502.22247314453125,494.3147888183594,0,200,0
3.899121563,451.7823486328125,503.02911376953125,494.3099670410156,0,200,0
3.9031596029999998,451.76214599609375,503.8384094238281,494.3106384277344,0,200,0
3.907288597,451.7449645996094,504.64410400390625,494.31146240234375,0,200,0
3.911371179,451.73077392578125,505.4458312988281,494.3106384277344,0,200,0
3.915202703,451.7140808105469,506.25390625,494.30657958984375,0,200,0
3.919405808,451.70367431640625,507.0559387207031,494.3056640625,0,200,0
3.923373499,451.68780517578125,507.85809326171875,494.3008117675781,0,200,0
3.927287003,451.6717834472656,508.664306640625,494.2924499511719,0,200,0
3.931486348,451.6543884277344,509.4665832519531,494.2815246582031,0,200,0
3.935424053,451.6381530761719,510.2667236328125,494.273681640625,0,200,0
3.939422837,451.6180725097656,511.0746765136719,494.2589416503906,0,200,0
3.943663619,451.6025390625,511.8804626464844,494.2457580566406,0,200,0
3.947488758,451.5859375,512.6834106445313,494.2367248535156,0,200,0
3.951510087,451.57073974609375,513.4873657226563,494.2357177734375,0,200,0
3.9556709310000002,451.55340576171875,514.2874145507813,494.22216796875,0,200,0
3.959720589,451.5365905761719,515.09228515625,494.2131042480469,0,200,0
3.963851267,451.517333984375,515.8959350585938,494.19818115234375,0,200,0
3.967764384,451.49884033203125,516.7029418945313,494.1897888183594,0,200,0
3.971704901,451.4862365722656,517.5070190429688,494.1988525390625,0,200,0
3.975663647,451.4710693359375,518.3096313476563,494.20208740234375,0,200,0
3.979961097,451.4577331542969,519.1178588867188,494.20477294921875,0,200,0
3.983865598,451.44110107421875,519.923583984375,494.19976806640625,0,200,0
3.9877762839999997,451.42437744140625,520.7286987304688,494.1998596191406,0,200,0
3.992047048,451.4091491699219,521.5369262695313,494.209228515625,0,200,0
3.995878698,451.3902282714844,522.3394165039063,494.2040100097656,0,200,0
3.999877549,451.3786315917969,523.1425170898438,494.2021789550781,0,200,0
4.004140071,451.3639221191406,523.9454956054688,494.2024230957031,0,200,0
4.008134519,451.3471984863281,524.74560546875,494.1961364746094,0,200,0
4.011979066,451.3314514160156,525.5491333007813,494.1917724609375,0,200,0
4.015981598,451.3124694824219,526.3505249023438,494.1742248535156,0,200,0
4.020076749,451.2969970703125,527.151123046875,494.1601867675781,0,200,0
4.024151342,451.284912109375,527.9469604492188,494.1446838378906,0,200,0
4.028246974,451.2703857421875,528.7525024414063,494.13299560546875,0,200,0
4.032200673,451.2506408691406,529.55859375,494.1282043457031,0,200,0
4.0361824649999996,451.2332458496094,530.3616333007813,494.1240234375,0,200,0
4.040360199,451.2126159667969,531.1694946289063,494.11566162109375,0,200,0
4.044318684,451.1924743652344,531.9743041992188,494.1014099121094,0,200,0
4.048250194,451.179443359375,532.7785034179688,494.0933837890625,0,200,0
4.052467678,451.163818359375,533.5820922851563,494.09161376953125,0,200,0
4.05651926,451.1485900878906,534.3834228515625,494.09393310546875,0,200,0
4.060322474,451.1305847167969,535.1880493164063,494.09613037109375,0,200,0
4.064837395,451.1109924316406,535.995361328125,494.0896911621094,0,200,0
4.068463808,451.09368896484375,536.8016967773438,494.09295654296875,0,200,0
4.072459962,451.0780334472656,537.6029663085938,494.0950622558594,0,200,0
4.076643761,451.0625915527344,538.4027099609375,494.0948181152344,0,200,0
4.080570878,451.04888916015625,539.2017822265625,494.0883483886719,0,200,0
4.084657362,451.03240966796875,540.002197265625,494.08197021484375,0,200,0
4.088729554,451.0149230957031,540.8080444335938,494.0823974609375,0,200,0
4.092667565,451.0028076171875,541.60791015625,494.07952880859375,0,200,0
4.096656961,450.9898986816406,542.4073486328125,494.0749206542969,0,200,0
4.100824637,450.97369384765625,543.2094116210938,494.0691223144531,0,200,0
4.104956832,450.9559326171875,544.010009765625,494.0543518066406,0,200,0
4.108778219,450.93817138671875,544.8171997070313,494.0479431152344,0,200,0
4.112977309,450.9178771972656,545.621826171875,494.0355529785156,0,200,0
4.11678605,450.9021301269531,546.4237060546875,494.02947998046875,0,200,0
4.120828624,450.8827819824219,547.2269897460938,494.0176086425781,0,200,0
4.125105023,450.86175537109375,548.03173828125,494.00030517578125,0,200,0
4.12895074,450.8454895019531,548.8340454101563,493.98590087890625,0,200,0
4.132956988,450.8287048339844,549.6350708007813,493.9759826660156,0,200,0
4.137150019,450.8098449707031,550.4337768554688,493.97900390625,0,200,0
4.141038293,450.79229736328125,551.234375,493.9687194824219,0,200,0
4.145001107,450.7729797363281,552.0408325195313,493.95928955078125,0,200,0
4.149249284,450.7577209472656,552.8428344726563,493.9584045410156,0,200,0
4.153319933,450.7438659667969,553.6489868164063,493.9696350097656,0,200,0
4.157061535,450.72918701171875,554.4481201171875,493.9725646972656,0,200,0
4.161328295,450.7140808105469,555.2479248046875,493.9760437011719,0,200,0
4.165472731,450.6976318359375,556.0519409179688,493.98455810546875,0,200,0
4.169225921,450.6817321777344,556.8526611328125,493.984130859375,0,-200,0
4.173400307,450.66925048828125,557.654541015625,493.9886779785156,0,-200,0
4.177448411,450.65093994140625,558.4548950195313,493.98016357421875,0,-200,0
4.18146566,450.63629150390625,559.2559204101563,493.9736022949219,0,-200,0
4.185751151,450.62127685546875,560.054443359375,493.9544372558594,0,-200,0
4.189602406,450.6096496582031,560.8497924804688,493.9429931640625,0,-200,0
4.193556718,450.59234619140625,561.6448974609375,493.9298095703125,0,-200,0
4.197722192,450.5762023925781,562.4335327148438,493.9205627441406,0,-200,0
4.201772036,450.5887756347656,563.1629638671875,493.9524841308594,0,-200,0
4.205596998,450.64569091796875,563.7869262695313,494.0651550292969,0,-200,0
4.209744006,450.7365417480469,564.2949829101563,494.20928955078125,0,-200,0
4.213675037,450.8436279296875,564.666259765625,494.34271240234375,0,-200,0
4.217639055,450.97259521484375,564.8700561523438,494.51806640625,0,-200,0
4.221822906,451.1118469238281,564.8722534179688,494.6793518066406,0,-200,0
4.225861374,451.1572570800781,564.741455078125,494.7042236328125,0,-200,0
4.229782383,451.0854187011719,564.6094970703125,494.63677978515625,0,-200,0
4.233978949,450.9427185058594,564.3519897460938,494.5374755859375,0,-200,0
4.237868437,450.8067321777344,563.884765625,494.41510009765625,0,-200,0
4.241814386,450.6708679199219,563.3023681640625,494.24505615234375,0,-200,0
4.246092055,450.51336669921875,562.6389770507813,494.0414733886719,0,-200,0
4.25008478,450.383056640625,561.8897094726563,493.89398193359375,0,-200,0
4.25399041,450.3332214355469,561.0302124023438,493.8379211425781,0,-200,0
4.257941287,450.33843994140625,560.1074829101563,493.8002624511719,0,-200,0
4.262026145,450.3448181152344,559.2013549804688,493.744384765625,0,-200,0
4.266311349,450.3540954589844,558.3075561523438,493.73675537109375,0,-200,0
4.270206263,450.38446044921875,557.426025390625,493.7957763671875,0,-200,0
4.274220739,450.4329833984375,556.5431518554688,493.8541259765625,0,-200,0
4.278117744,450.4908447265625,555.6695556640625,493.90728759765625,0,-200,0
4.282326527,450.5344543457031,554.8136596679688,493.976806640625,0,-200,0
4.286271399,450.5382080078125,553.9984130859375,494.05572509765625,0,-200,0
4.290198097,450.5224609375,553.2145385742188,494.1099853515625,0,-200,0
4.294428086,450.4888610839844,552.4373168945313,494.1363830566406,0,-200,0
4.298461206,450.4519958496094,551.6434936523438,494.13397216796875,0,-200,0
4.302370647,450.4124450683594,550.8631591796875,494.12750244140625,0,-200,0
4.306619216,450.355224609375,550.074951171875,494.0846252441406,0,-200,0
4.3104131500000005,450.2967529296875,549.2779541015625,494.0162048339844,0,-200,0
4.314424097,450.2590026855469,548.4818115234375,493.9421691894531,0,-200,0
4.318628268,450.2290954589844,547.6697998046875,493.880126953125,0,-200,0
4.322539199,450.1993408203125,546.8499755859375,493.8240966796875,0,-200,0
4.326602156,450.17169189453125,546.0421752929688,493.78662109375,0,-200,0
4.330703302,450.1416931152344,545.229248046875,493.7494201660156,0,-200,0
4.334639985,450.1175842285156,544.4149780273438,493.7231140136719,0,-200,0
4.338604469,450.1014099121094,543.60009765625,493.7117614746094,0,-200,0
4.342806926,450.0838928222656,542.7944946289063,493.73077392578125,0,-200,0
4.346895082,450.0702209472656,541.9854736328125,493.7662353515625,0,-200,0
4.350701283,450.0627136230469,541.1737060546875,493.7982177734375,0,-200,0
4.354942324,450.0704040527344,540.3558349609375,493.8390197753906,0,-200,0
4.35888244,450.0856018066406,539.524658203125,493.879150390625,0,-200,0
4.3628064779999995,450.1056823730469,538.6914672851563,493.9194641113281,0,-200,0
4.367281738,450.1097106933594,537.8651123046875,493.9462585449219,0,-200,0
4.370940182,450.114501953125,537.0396728515625,493.95941162109375,0,-200,0
4.374925648,450.1194152832031,536.2157592773438,493.9621276855469,0,-200,0
4.379213032,450.11444091796875,535.3936767578125,493.9518127441406,0,-200,0
4.3830045890000005,450.0924377441406,534.5829467773438,493.9363708496094,0,-200,0
4.386981567,450.0552978515625,533.7816772460938,493.9158630371094,0,-200,0
4.3912362,450.01434326171875,532.9846801757813,493.89373779296875,0,-200,0
4.395277082,449.9619445800781,532.1876831054688,493.8526611328125,0,-200,0
4.399102069,449.9163513183594,531.3997192382813,493.8323974609375,0,-200,0
4.403342232,449.873291015625,530.6048583984375,493.8094787597656,0,-200,0
4.407250798,449.8464050292969,529.8014526367188,493.789306640625,0,-200,0
4.411178855,449.82537841796875,529.0045166015625,493.7712707519531,0,-200,0
4.415369676,449.8037109375,528.201416015625,493.74481201171875,0,-200,0
4.419313474,449.7928466796875,527.3915405273438,493.7358093261719,0,-200,0
4.4233100180000005,449.7754211425781,526.5802001953125,493.732177734375,0,-200,0
4.427558326,449.76226806640625,525.7706909179688,493.7241516113281,0,-200,0
4.431351901,449.74749755859375,524.9572143554688,493.7166748046875,0,-200,0
4.435403541,449.73455810546875,524.14111328125,493.7115478515625,0,-200,0
4.439562056,449.72833251953125,523.32470703125,493.72161865234375,0,-200,0
4.443617995,449.7255554199219,522.5010375976563,493.7341613769531,0,-200,0
4.447612135,449.728515625,521.6820068359375,493.7612609863281,0,-200,0
4.451690129,449.7273254394531,520.8568725585938,493.7759704589844,0,-200,0
4.455597384,449.7264709472656,520.036865234375,493.8045349121094,0,-200,0
4.459537897,449.7166442871094,519.2177734375,493.814453125,0,-200,0
4.463824056,449.70135498046875,518.4042358398438,493.82159423828125,0,-200,0
4.467967736,449.6936950683594,517.5921630859375,493.8337707519531,0,-200,0
4.471684796,449.6773681640625,516.7833251953125,493.8253479003906,0,-200,0
4.475896879,449.6471862792969,515.986572265625,493.80828857421875,0,-200,0
4.479719944,449.6103515625,515.193603515625,493.7884521484375,0,-200,0
4.483754513,449.57196044921875,514.3975219726563,493.7651672363281,0,-200,0
4.488024908,449.5396728515625,513.5948486328125,493.7308654785156,0,-200,0
4.492008522,449.5112609863281,512.7921142578125,493.6935729980469,0,-200,0
4.495885644,449.4893493652344,511.9892272949219,493.66668701171875,0,-200,0
4.500086786,449.46771240234375,511.1842041015625,493.649169921875,0,-200,0
4.503952212,449.44952392578125,510.3775329589844,493.6424865722656,0,-200,0
4.508015864,449.4364318847656,509.56719970703125,493.6352844238281,0,-200,0
4.512153042,449.4276123046875,508.7572937011719,493.6302795410156,0,-200,0
4.516096667,449.4210510253906,507.94439697265625,493.6313781738281,0,-200,0
4.520039552,449.4037780761719,507.1324768066406,493.6339416503906,0,-200,0
4.5242774390000005,449.39349365234375,506.3193359375,493.6419372558594,0,-200,0
4.528217541,449.39105224609375,505.50286865234375,493.6520690917969,0,-200,0
4.532128092,449.3865966796875,504.6829528808594,493.6654052734375,0,-200,0
4.536358779,449.3783264160156,503.86578369140625,493.67926025390625,0,-200,0
4.54039684,449.3683776855469,503.0521240234375,493.6830139160156,0,-200,0
4.5442531840000004,449.3555603027344,502.2392883300781,493.68798828125,0,-200,0
4.548519065,449.3450012207031,501.4248962402344,493.6972351074219,0,-200,0
4.55233752,449.3307189941406,500.6124267578125,493.69781494140625,0,-200,0
4.556349555,449.3171081542969,499.8019714355469,493.6883544921875,0,-200,0
4.560518119,449.2956237792969,498.9972229003906,493.6836242675781,0,-200,0
4.564461112,449.27105712890625,498.19647216796875,493.6781311035156,0,-200,0
4.568787199,449.24578857421875,497.3961181640625,493.6639709472656,0,-200,0
4.5726620879999995,449.2171630859375,496.6019592285156,493.64239501953125,0,-200,0
4.576585694,449.1899719238281,495.80419921875,493.6130065917969,0,-200,0
4.580517945,449.1609191894531,494.9999084472656,493.5768127441406,0,-200,0
4.584719019,449.1416320800781,494.1973876953125,493.5655822753906,0,-200,0
4.588824959,449.1275939941406,493.3878173828125,493.5511474609375,0,-200,0
4.592668868,449.1141662597656,492.576171875,493.5374450683594,0,-200,0
4.596880577,449.09625244140625,491.771240234375,493.5299072265625,0,-200,0
4.6007174939999995,449.0765075683594,490.9638977050781,493.5222473144531,0,-200,0
4.604714427,449.0601806640625,490.1557312011719,493.5267028808594,0,-200,0
4.60899172,449.0442810058594,489.3428649902344,493.52899169921875,0,-200,0
4.612855155,449.0358581542969,488.5291748046875,493.537109375,0,-200,0
4.616828925,449.0309143066406,487.7151184082031,493.5559387207031,0,-200,0
4.621030796,449.0265808105469,486.8990478515625,493.57037353515625,0,-200,0
4.624926812,449.0216979980469,486.0926513671875,493.5868225097656,0,-200,0
4.628972663,449.00970458984375,485.280029296875,493.5995788574219,0,-200,0
4.6331443100000005,448.9977722167969,484.4679260253906,493.6033630371094,0,-200,0
4.637209319,448.98736572265625,483.6588134765625,493.6029968261719,0,-200,0
4.641022512,448.96807861328125,482.84832763671875,493.58331298828125,0,-200,0
4.645009123,448.9501647949219,482.0404357910156,493.5716857910156,0,-200,0
4.649183201,448.93023681640625,481.2375793457031,493.5653381347656,0,-200,0
4.653225606,448.9022521972656,480.4350891113281,493.54541015625,0,-200,0
4.657318533,448.8747863769531,479.6353759765625,493.5213317871094,0,-200,0
4.661240601,448.8487243652344,478.8321838378906,493.492919921875,0,-200,0
4.665201934,448.8269958496094,478.0267333984375,493.46881103515625,0,-200,0
4.669676209,448.807373046875,477.2231750488281,493.4540100097656,0,-200,0
4.673316296,448.7882385253906,476.41595458984375,493.4448547363281,0,-200,0
4.677318806,448.7755126953125,475.6115417480469,493.4389953613281,0,-200,0
4.681481318,448.7588806152344,474.8072204589844,493.4309387207031,0,-200,0
4.6855513030000004,448.75018310546875,473.99542236328125,493.43414306640625,0,-200,0
4.689463316,448.7412414550781,473.1893005371094,493.44683837890625,0,-200,0
4.693625186,448.7294006347656,472.37347412109375,493.44451904296875,0,-200,0
4.697546066,448.7198791503906,471.56427001953125,493.4553527832031,0,-200,0
4.701470856,448.71270751953125,470.75323486328125,493.46759033203125,0,-200,0
4.705673129,448.69708251953125,469.9368591308594,493.471923828125,0,-200,0
4.7096644439999995,448.68463134765625,469.1254577636719,493.4749450683594,0,-200,0
4.713590127,448.6707763671875,468.3155517578125,493.4755859375,0,-200,0
4.7178236810000005,448.6540222167969,467.506103515625,493.473388671875,0,-200,0
4.721675289,448.64215087890625,466.6968688964844,493.4751281738281,0,-200,0
4.725672829,448.6254577636719,465.889404296875,493.46722412109375,0,-200,0
4.729948182,448.6037902832031,465.081787109375,493.4481506347656,0,-200,0
4.733933078,448.577880859375,464.28912353515625,493.4444885253906,0,-200,0
4.737894925,448.555419921875,463.4853515625,493.4320373535156,0,-200,0
4.741991801,448.5354309082031,462.679931640625,493.4154357910156,0,-200,0
4.745863878,448.5225830078125,461.87158203125,493.400390625,0,-200,0
4.749946325,448.50421142578125,461.0679626464844,493.3761901855469,0,-200,0
4.754088298,448.4812316894531,460.2697448730469,493.3565979003906,0,-200,0
4.758021927,448.4598388671875,459.4698791503906,493.3500061035156,0,-200,0
4.761973048,448.4383544921875,458.6656799316406,493.3455810546875,0,-200,0
4.766188751,448.42584228515625,457.8577880859375,493.34515380859375,0,-200,0
4.770354395,448.41119384765625,457.0474853515625,493.3411560058594,0,-200,0
4.774061377,448.3985900878906,456.2347106933594,493.3392639160156,0,-200,0
4.778298445,448.3847351074219,455.4256896972656,493.3460693359375,0,-200,0
4.782341788,448.3699645996094,454.619140625,493.3515319824219,0,-200,0
4.786172025,448.3591613769531,453.8070373535156,493.3550109863281,0,-200,0
4.790447536,448.3498840332031,452.9976501464844,493.3660888671875,0,-200,0
4.794267931,448.3377380371094,452.1894836425781,493.37359619140625,0,-200,0
4.798276497,448.3249816894531,451.3787841796875,493.3728942871094,0,-200,0
4.802421217,448.309814453125,450.5731201171875,493.3697509765625,0,-200,0
4.806382546,448.29681396484375,449.7650451660156,493.3706970214844,0,-200,0
4.810435716,448.2801818847656,448.95745849609375,493.3662109375,0,-200,0
4.814554381,448.2633972167969,448.1536560058594,493.3549499511719,0,-200,0
4.818476496,448.2433166503906,447.3505859375,493.3352966308594,0,-200,0
4.822426128,448.22607421875,446.5449523925781,493.3227844238281,0,-200,0
4.826641817,448.2049560546875,445.7403259277344,493.3122253417969,0,-200,0
4.830743734,448.1862487792969,444.9352111816406,493.30169677734375,0,-200,0
4.83454882,448.17144775390625,444.1337890625,493.2933044433594,0,-200,0
4.838806973,448.1475830078125,443.3291015625,493.2718505859375,0,-200,0
4.842732881,448.1279296875,442.5264587402344,493.2537536621094,0,-200,0
4.846663059,448.1103210449219,441.7223205566406,493.2493896484375,0,-200,0
4.850914306,448.09381103515625,440.91473388671875,493.24444580078125,0,-200,0
4.854801371,448.08074951171875,440.1044921875,493.24566650390625,0,-200,0
4.858755983,448.0693359375,439.2972106933594,493.25079345703125,0,-200,0
4.862963844,448.0533142089844,438.4910888671875,493.2481994628906,0,-200,0
4.866882161,448.0425720214844,437.68408203125,493.25299072265625,0,-200,0
4.871133359,448.0284729003906,436.87353515625,493.2587585449219,0,-200,0
4.87506535,448.01446533203125,436.06707763671875,493.2615966796875,0,-200,0
4.879127207,448.0009765625,435.2633361816406,493.2642517089844,0,-200,0
4.882932985,447.9876403808594,434.45758056640625,493.2680358886719,0,-200,0
4.886966439,447.9775695800781,433.6454772949219,493.2672119140625,0,-200,0
4.89113272,447.9695739746094,432.8377685546875,493.2702941894531,0,-200,0
4.895027521,447.9510498046875,432.0341796875,493.2603454589844,0,-200,0
4.899251159,447.9279479980469,431.23291015625,493.24932861328125,0,-200,0
4.903176409,447.90887451171875,430.4382629394531,493.248046875,0,-200,0
4.907146672,447.8880615234375,429.6342468261719,493.2329406738281,0,-200,0
4.911426872,447.86737060546875,428.82733154296875,493.21221923828125,0,-200,0
4.915218803,447.8519592285156,428.02239990234375,493.2015686035156,0,-200,0
4.919226548,447.8315124511719,427.2218017578125,493.19500732421875,0,-200,0
4.923404908,447.8085021972656,426.4165344238281,493.1813049316406,0,-200,0
4.927466554,447.79168701171875,425.6145935058594,493.17706298828125,0,-200,0
4.931364941,447.777587890625,424.8084411621094,493.1661682128906,0,-200,0
4.935513881,447.76080322265625,423.9996032714844,493.15325927734375,0,-200,0
4.939428635,447.748779296875,423.195068359375,493.1487731933594,0,-200,0
4.943365702,447.736083984375,422.3856506347656,493.1512451171875,0,-200,0
4.947660617,447.7203674316406,421.5757141113281,493.1541442871094,0,-200,0
4.951593105,447.7093811035156,420.7699890136719,493.1593017578125,0,-200,0
4.955506748,447.6981506347656,419.9615783691406,493.1629333496094,0,-200,0
4.959712393,447.685546875,419.1500244140625,493.1648254394531,0,-200,0
4.963600971,447.67657470703125,418.34576416015625,493.1725769042969,0,-200,0
4.967588484,447.6632080078125,417.53961181640625,493.1731872558594,0,-200,0
4.972097455,447.64569091796875,416.7310485839844,493.1643981933594,0,-200,0
4.975844208,447.6341552734375,415.9302978515625,493.164794921875,0,-200,0
4.97971907,447.6169128417969,415.1265563964844,493.1627502441406,0,-200,0
4.983884934,447.5917663574219,414.3232421875,493.14923095703125,0,-200,0
4.987762768,447.5741882324219,413.521240234375,493.1387634277344,0,-200,0
4.991834747,447.557373046875,412.71734619140625,493.1266174316406,0,-200,0
4.99597039,447.5386962890625,411.91009521484375,493.1187438964844,0,-200,0
4.999964015,447.5207824707031,411.10809326171875,493.1128845214844,0,-200,0
5.003877228,447.5035095214844,410.3058166503906,493.10400390625,0,-200,0
5.008108263,447.4852600097656,409.5039978027344,493.0879211425781,0,-200,0
5.012020957,447.4663391113281,408.7046813964844,493.08203125,0,-200,0
5.015947707,447.4493103027344,407.9045104980469,493.083984375,0,-200,0
5.020206964,447.4344177246094,407.09356689453125,493.079345703125,0,-200,0
5.024230986,447.4241943359375,406.2821044921875,493.0740966796875,0,-200,0
5.02808576,447.41400146484375,405.4745178222656,493.06854248046875,0,-200,0
5.032439798,447.3988952636719,404.671630859375,493.064453125,0,-200,0
5.036195687,447.38275146484375,403.8685302734375,493.0633544921875,0,-200,0
5.040208702,447.3686218261719,403.0640869140625,493.0654296875,0,-200,0
5.044346279,447.35302734375,402.25341796875,493.0676574707031,0,-200,0
5.048297133,447.3400573730469,401.4428405761719,493.062255859375,0,-200,0
5.05232819,447.3246154785156,400.6438293457031,493.0627746582031,0,-200,0
5.056500013,447.3066101074219,399.8400573730469,493.0624694824219,0,-200,0
5.060388314,447.28515625,399.0346374511719,493.0555114746094,0,-200,0
5.06435484,447.2685241699219,398.23114013671875,493.0545349121094,0,-200,0
5.068536426,447.25506591796875,397.4288330078125,493.0481262207031,0,-200,0
5.072868712,447.2358703613281,396.62750244140625,493.0393371582031,0,-200,0
5.076538473,447.2149658203125,395.82525634765625,493.0346374511719,0,-200,0
5.080701735,447.1981506347656,395.0235290527344,493.0339050292969,0,-200,0
5.08456286,447.1810607910156,394.2191162109375,493.02362060546875,0,-200,0
5.08854398,447.1659240722656,393.413330078125,493.0096740722656,0,-200,0
5.0928432279999996,447.15423583984375,392.61126708984375,493.00946044921875,0,-200,0
5.096704984,447.1360778808594,391.804931640625,493.0049133300781,0,-200,0
5.100688108,447.1216125488281,390.99578857421875,493.00067138671875,0,-200,0
5.104879428,447.1097412109375,390.1887512207031,492.9930419921875,0,-200,0
5.108770426,447.0974426269531,389.3836364746094,492.98583984375,0,-200,0
5.112817452,447.0837097167969,388.5771484375,492.9840087890625,0,-200,0
5.11700814,447.07025146484375,387.7694091796875,492.9873352050781,0,-200,0
5.121046427,447.0565490722656,386.965087890625,492.9880676269531,0,-200,0
5.12485984,447.036865234375,386.1600646972656,492.9792785644531,0,-200,0
5.12907111,447.0240173339844,385.3563232421875,492.9766845703125,0,-200,0
5.133019186,447.0119323730469,384.55474853515625,492.97467041015625,0,-200,0
5.13694763,446.9899597167969,383.74774169921875,492.9596862792969,0,-200,0
5.141186076,446.9685363769531,382.9483947753906,492.96038818359375,0,-200,0
5.145063927,446.949462890625,382.1517028808594,492.9639892578125,0,-200,0
5.149047077,446.92919921875,381.3467102050781,492.95245361328125,0,-200,0
5.153395256,446.9136962890625,380.5411071777344,492.9459533691406,0,-200,0
5.157110805,446.8996887207031,379.73687744140625,492.94403076171875,0,-200,0
5.161017372,446.8803405761719,378.9378967285156,492.94366455078125,0,-200,0
5.165287943,446.8567199707031,378.1390380859375,492.9360656738281,0,-200,0
5.169341906,446.84259033203125,377.33599853515625,492.9299621582031,0,-200,0
5.173465384,446.8304748535156,376.529052734375,492.9244689941406,0,-200,0
5.177438552,446.8140563964844,375.72259521484375,492.916259765625,0,-200,0
5.18131277,446.7991638183594,374.9195251464844,492.9190979003906,0,-200,0
5.185310449,446.7854919433594,374.11309814453125,492.9177551269531,0,-200,0
5.189515993,446.771240234375,373.30322265625,492.90826416015625,0,-200,0
5.193518568,446.7626953125,372.49737548828125,492.90496826171875,0,-200,0
5.197429328,446.7524108886719,371.69085693359375,492.912109375,0,-200,0
5.201647958,446.7357482910156,370.8830261230469,492.91015625,0,-200,0
5.20552083,446.71551513671875,370.0801086425781,492.9031677246094,0,-200,0
5.209508228,446.7009582519531,369.28009033203125,492.89605712890625,0,-200,0
5.213790234,446.6851501464844,368.4789733886719,492.89544677734375,0,-200,0
5.217761835,446.66455078125,367.67108154296875,492.8868713378906,0,-200,0
5.221694947,446.6477966308594,366.86993408203125,492.8887023925781,0,-200,0
5.225825751,446.628662109375,366.0704345703125,492.8827209472656,0,-200,0
5.229701796,446.606689453125,365.2706298828125,492.8697814941406,0,-200,0
5.233772809,446.5888977050781,364.4665222167969,492.8583679199219,0,-200,0
5.237892943,446.5768737792969,363.666259765625,492.856689453125,0,-200,0
5.241859865,446.5624694824219,362.8606262207031,492.8489990234375,0,-200,0
5.245828242,446.5438232421875,362.0535583496094,492.84368896484375,0,-200,0
5.250041717,446.5295715332031,361.2480773925781,492.8443298339844,0,-200,0
5.253959035,446.5202941894531,360.4437561035156,492.84051513671875,0,-200,0
5.257883699,446.50372314453125,359.63995361328125,492.83477783203125,0,-200,0
5.262128557,446.48675537109375,358.83782958984375,492.8310852050781,0,-200,0
5.266182838,446.4727478027344,358.03887939453125,492.835693359375,0,-200,0
5.270004554,446.4566650390625,357.23126220703125,492.8336181640625,0,-200,0
5.274499272,446.44354248046875,356.4190368652344,492.8226623535156,0,-200,0
5.278110375,446.43121337890625,355.61798095703125,492.8228759765625,0,-200,0
5.282111462,446.4117126464844,354.8167724609375,492.8227844238281,0,-200,0
5.286282136,446.3920593261719,354.01898193359375,492.8225402832031,0,-200,0
5.290213616,446.3746337890625,353.2166748046875,492.8212585449219,0,-200,0
5.294258202,446.36077880859375,352.41168212890625,492.81817626953125,0,-200,0
5.298389986,446.3471984863281,351.6131896972656,492.8161926269531,0,-200,0
5.302302377,446.3263854980469,350.81109619140625,492.8114013671875,0,-200,0
5.306318115,446.3059387207031,350.00799560546875,492.8072204589844,0,-200,0
5.310480994,446.29058837890625,349.2060852050781,492.80072021484375,0,-200,0
5.314596882,446.2747497558594,348.40240478515625,492.790283203125,0,-200,0
5.318380572,446.2532653808594,347.59649658203125,492.7752380371094,0,-200,0
5.322611243,446.2380676269531,346.7962341308594,492.77569580078125,0,-200,0
5.326602181,446.2213439941406,345.9934387207031,492.7747802734375,0,-200,0
5.330459428,446.2066955566406,345.1853942871094,492.76947021484375,0,-200,0
5.334730659,446.1927795410156,344.3766174316406,492.76043701171875,0,-200,0
5.338584616,446.1810302734375,343.5744323730469,492.7545471191406,0,-200,0
5.342603475,446.1690673828125,342.770751953125,492.7490234375,0,-200,0
5.346814623,446.1520690917969,341.9652099609375,492.7395935058594,0,-200,0
5.350700209,446.13616943359375,341.1620178222656,492.7395935058594,0,-200,0
5.354736979,446.1234130859375,340.3584899902344,492.74359130859375,0,-200,0
5.358848522,446.10858154296875,339.5548095703125,492.7445373535156,0,-200,0
5.3629558920000004,446.09295654296875,338.7526550292969,492.7397155761719,0,-200,0
5.366727847,446.07940673828125,337.9513854980469,492.74224853515625,0,-200,0
5.3709813969999995,446.06256103515625,337.15179443359375,492.74615478515625,0,-200,0
5.375169953,446.045166015625,336.3511047363281,492.7427062988281,0,-200,0
5.378877697,446.0225830078125,335.5532531738281,492.7366638183594,0,-200,0
5.3830928,446.0067138671875,334.7512512207031,492.73236083984375,0,-200,0
5.386972739,445.9958801269531,333.9482421875,492.7321472167969,0,-200,0
5.390968069,445.97747802734375,333.14642333984375,492.7236328125,0,-200,0
5.395259041,445.955078125,332.3416748046875,492.7155456542969,0,-200,0
5.399065967,445.9388427734375,331.5449523925781,492.7138977050781,0,-200,0
5.40309094,445.9212646484375,330.7425842285156,492.70574951171875,0,-200,0
5.407260426,445.9064025878906,329.93560791015625,492.6951599121094,0,-200,0
5.411394899,445.8911437988281,329.1305847167969,492.692138671875,0,-200,0
5.415229919,445.8744812011719,328.3284912109375,492.6922607421875,0,-200,0
5.419367705,445.8583984375,327.5244445800781,492.6884460449219,0,-200,0
5.4233238440000004,445.84490966796875,326.7182312011719,492.6810607910156,0,-200,0
5.427246166,445.83282470703125,325.9105529785156,492.672607421875,0,-200,0
5.431427156,445.8190612792969,325.10888671875,492.6713562011719,0,-200,0
5.435433611,445.802490234375,324.3092041015625,492.6742858886719,0,-200,0
5.439261227,445.7840881347656,323.5063781738281,492.6724548339844,0,-200,0
5.4435648180000005,445.769287109375,322.7035827636719,492.6702880859375,0,-200,0
5.447441228,445.7552185058594,321.8987731933594,492.6653747558594,0,-200,0
5.451426869,445.7404479980469,321.09490966796875,492.6608581542969,0,-200,0
5.455710542,445.7203674316406,320.2944030761719,492.6546630859375,0,-200,0
5.459674816,445.7046813964844,319.49517822265625,492.6512451171875,0,-200,0
5.463556238,445.6868591308594,318.69390869140625,492.6495666503906,0,-200,0
5.467744827,445.67254638671875,317.8926086425781,492.65216064453125,0,-200,0
5.471637779,445.6566162109375,317.0884094238281,492.6468200683594,0,-200,0
5.475899281,445.6404724121094,316.2846984863281,492.64215087890625,0,-200,0
5.479838662,445.6296691894531,315.483642578125,492.6421813964844,0,-200,0
5.483768932,445.6114501953125,314.6812744140625,492.6346740722656,0,-200,0
5.487696858,445.5904235839844,313.8808898925781,492.6311950683594,0,-200,0
5.491931383,445.5740661621094,313.0787048339844,492.6246032714844,0,-200,0
5.4959571,445.55853271484375,312.27532958984375,492.6189270019531,0,-200,0
5.499849767,445.5421142578125,311.4670104980469,492.610107421875,0,-200,0
5.504050166,445.52117919921875,310.6645202636719,492.6043395996094,0,-200,0
5.508082624,445.5022277832031,309.8673400878906,492.60565185546875,0,-200,0
5.511941267,445.4880676269531,309.0640563964844,492.603271484375,0,-200,0
5.515975981,445.4749450683594,308.2585144042969,492.6014404296875,0,-200,0
5.520037202,445.4615173339844,307.4578552246094,492.5980529785156,0,-200,0
5.524018312,445.44415283203125,306.6571350097656,492.59417724609375,0,-200,0
5.528211772,445.4278869628906,305.85919189453125,492.597412109375,0,-200,0
5.532147163,445.41180419921875,305.05450439453125,492.5944519042969,0,-200,0
5.5361805870000005,445.39697265625,304.24896240234375,492.58935546875,0,-200,0
5.540341358,445.38043212890625,303.4492492675781,492.58245849609375,0,-200,0
5.544207097,445.3642272949219,302.6504821777344,492.57659912109375,0,-200,0
5.548194078,445.348388671875,301.84832763671875,492.5735168457031,0,-200,0
5.552389789,445.33349609375,301.04510498046875,492.5753173828125,0,-200,0
5.556528955,445.3212585449219,300.2406005859375,492.5755920410156,0,-200,0
5.560301552,445.3056335449219,299.4377136230469,492.5709228515625,0,-200,0
5.5645221750000005,445.2908630371094,298.6346740722656,492.568603515625,0,-200,0
5.56840932,445.2744445800781,297.83477783203125,492.5621032714844,0,-200,0
5.5723751,445.2564392089844,297.0321350097656,492.5511779785156,0,-200,0
5.576873105,445.2430114746094,296.2301025390625,492.54559326171875,0,-200,0
5.5805335419999995,445.2262268066406,295.42730712890625,492.5469970703125,0,-200,0
5.584519859,445.2076721191406,294.62237548828125,492.5419921875,0,-200,0
5.588699184,445.1924743652344,293.82183837890625,492.53961181640625,0,-200,0
5.5925989959999995,445.1711730957031,293.0233459472656,492.5344543457031,0,-200,0
5.596666614,445.1561279296875,292.2215576171875,492.5368347167969,0,-200,0
5.600917218,445.14129638671875,291.41552734375,492.5330505371094,0,-200,0
5.60487019,445.1238708496094,290.6128234863281,492.5308837890625,0,-200,0
5.608679732,445.1042785644531,289.81365966796875,492.52734375,0,-200,0
5.61291173,445.0838623046875,289.0165710449219,492.5230407714844,0,-200,0
5.616858763,445.0724182128906,288.21331787109375,492.5221252441406,0,-200,0
5.62077977,445.05560302734375,287.40966796875,492.5151672363281,0,-200,0
5.625007518,445.0393981933594,286.60601806640625,492.5097961425781,0,-200,0
5.628896188,445.0221862792969,285.8072509765625,492.5094299316406,0,-200,0
5.632883391,445.0061340332031,285.0039367675781,492.50714111328125,0,-200,0
5.637183271,444.99176025390625,284.1988525390625,492.50140380859375,0,-200,0
5.640977509,444.9792175292969,283.3956604003906,492.49658203125,0,-200,0
5.644991805,444.9620056152344,282.5943908691406,492.49139404296875,0,-200,0
5.6491749559999995,444.94677734375,281.7915344238281,492.4954528808594,0,-200,0
5.653273372,444.9299621582031,280.990234375,492.49456787109375,0,-200,0
5.657139723,444.9150085449219,280.1866149902344,492.4891662597656,0,-200,0
5.661292852,444.8994445800781,279.3869934082031,492.4861755371094,0,-200,0
5.6652145449999995,444.8858337402344,278.5863037109375,492.4842834472656,0,-200,0
5.669161621,444.8688049316406,277.7847595214844,492.4818115234375,0,-200,0
5.673361053,444.852783203125,276.9810485839844,492.4810791015625,0,-200,0
5.677568347,444.8349914550781,276.17938232421875,492.48095703125,0,-200,0
5.681277582,444.81842041015625,275.3785400390625,492.48016357421875,0,-200,0
5.685508297,444.8021545410156,274.5763244628906,492.4748229980469,0,-200,0
5.689358459,444.78125,273.7725524902344,492.463623046875,0,-200,0
5.693374987,444.7621765136719,272.9723815917969,492.4577331542969,0,-200,0
5.697613415,444.74517822265625,272.17138671875,492.4529113769531,0,-200,0
5.701583734,444.7323303222656,271.3688659667969,492.44610595703125,0,-200,0
5.705552646,444.71307373046875,270.56658935546875,492.4415283203125,0,-200,0
5.709666654,444.6950378417969,269.7665100097656,492.44110107421875,0,-200,0
5.713554131,444.6773376464844,268.965576171875,492.4366455078125,0,-200,0
5.717614242,444.6658020019531,268.1614990234375,492.4348449707031,0,-200,0
5.721734833,444.64971923828125,267.3594970703125,492.4322814941406,0,-200,0
5.7256989659999995,444.634765625,266.5600280761719,492.4308166503906,0,-200,0
5.7296420999999995,444.6172180175781,265.7591552734375,492.4291076660156,0,-200,0
5.733860463,444.6044006347656,264.9586181640625,492.4312438964844,0,-200,0
5.737796488,444.5858459472656,264.1554260253906,492.42724609375,0,-200,0
5.741719697,444.5683898925781,263.3544616699219,492.41900634765625,0,-200,0
5.74594147,444.5519104003906,262.5527038574219,492.4146728515625,0,-200,0
5.750009852,444.5374755859375,261.7511901855469,492.41412353515625,0,-200,0
5.7538309420000004,444.51898193359375,260.94866943359375,492.4120178222656,0,-200,0
5.75810333,444.5039367675781,260.1462097167969,492.4111328125,0,-200,0
5.761936056,444.4903869628906,259.345703125,492.4111328125,0,-200,0
5.765929863,444.4732971191406,258.5403747558594,492.40264892578125,0,-200,0
5.770158525,444.4620361328125,257.74285888671875,492.4045104980469,0,-200,0
5.774070514,444.4455261230469,256.9429931640625,492.40557861328125,0,-200,0
5.77830815,444.4273376464844,256.14288330078125,492.40338134765625,0,-200,0
5.782259497,444.41314697265625,255.33839416503906,492.4036865234375,0,-200,0
5.786151025,444.3943786621094,254.537109375,492.3954162597656,0,-200,0
5.7902073739999995,444.377685546875,253.73941040039063,492.3901672363281,0,-200,0
5.794317669,444.3601379394531,252.9373779296875,492.38433837890625,0,-200,0
5.798431556,444.3443298339844,252.13262939453125,492.3804931640625,0,-200,0
5.802212568,444.3247375488281,251.3308563232422,492.3771667480469,0,-200,0
5.806470072,444.3050537109375,250.5348358154297,492.3767395019531,0,-200,0
5.810327675,444.2867431640625,249.73245239257813,492.3730163574219,0,-200,0
5.814292554,444.2729187011719,248.92823791503906,492.3697204589844,0,-200,0
5.818560418,444.2561340332031,248.1258544921875,492.3681640625,0,-200,0
5.822424723,444.2362365722656,247.3241424560547,492.3621520996094,0,-200,0
5.826449767,444.221923828125,246.52175903320313,492.3580322265625,0,-200,0
5.830608884,444.2087097167969,245.7190399169922,492.3534851074219,0,-200,0
5.834542057,444.19036865234375,244.91650390625,492.3475036621094,0,-200,0
5.838575627,444.17645263671875,244.11361694335938,492.34979248046875,0,-200,0
5.842679019,444.1584777832031,243.31202697753906,492.3504638671875,0,-200,0
5.846799005,444.14263916015625,242.51287841796875,492.3471984863281,0,-200,0
5.850601199,444.12677001953125,241.71102905273438,492.3421325683594,0,-200,0
5.85482868,444.1116943359375,240.9081573486328,492.3419494628906,0,-200,0
5.858748512,444.0958251953125,240.10385131835938,492.3388977050781,0,-200,0
5.862679954,444.0782165527344,239.30264282226563,492.336669921875,0,-200,0
5.866891211,444.0638732910156,238.502197265625,492.3350524902344,0,-200,0
5.870820367,444.0476379394531,237.69871520996094,492.3313903808594,0,-200,0
5.874874823,444.0326232910156,236.8965606689453,492.32916259765625,0,-200,0
5.879311295,444.0152282714844,236.09710693359375,492.3254089355469,0,-200,0
5.882901027,443.9962158203125,235.3002166748047,492.3237609863281,0,-200,0
5.886876766,443.982421875,234.49801635742188,492.3215026855469,0,-200,0
5.8912686480000005,443.9668273925781,233.69613647460938,492.3226013183594,0,-200,0
5.89522325,443.95263671875,232.89862060546875,492.3212585449219,0,-200,0
5.898990163,443.93280029296875,232.0988006591797,492.3175048828125,0,-200,0
5.903245498,443.9173583984375,231.2960662841797,492.3139343261719,0,-200,0
5.907132709,443.8995056152344,230.49349975585938,492.30853271484375,0,-200,0
5.911088002,443.88446044921875,229.69308471679688,492.3111572265625,0,-200,0
5.915257205,443.8686828613281,228.8919219970703,492.3128662109375,0,-200,0
5.919292478,443.8525695800781,228.08798217773438,492.3077697753906,0,-200,0
5.923191583,443.8336486816406,227.28651428222656,492.3011474609375,0,-200,0
5.927406136,443.8157653808594,226.4862518310547,492.2987365722656,0,-200,0
5.9312828920000005,443.7981872558594,225.68739318847656,492.2933654785156,0,-200,0
5.935263037,443.7829895019531,224.88287353515625,492.28692626953125,0,-200,0
5.939733919,443.7686462402344,224.0789337158203,492.2890930175781,0,-200,0
5.943704619,443.7493591308594,223.2753143310547,492.28192138671875,0,-200,0
5.947402469,443.7331237792969,222.4744110107422,492.2812194824219,0,-200,0
5.951574337,443.71624755859375,221.67279052734375,492.2768859863281,0,-200,0
5.955473177,443.70050048828125,220.87290954589844,492.2758483886719,0,-200,0
5.959527499,443.6850891113281,220.07122802734375,492.27423095703125,0,-200,0
5.963655658,443.66961669921875,219.26966857910156,492.27142333984375,0,-200,0
5.967644426,443.6518859863281,218.46653747558594,492.26513671875,0,-200,0
5.971539774,443.6363220214844,217.67147827148438,492.2625732421875,0,-200,0
5.975771561,443.617919921875,216.8688201904297,492.2567443847656,0,-200,0
5.980067163,443.6033630371094,216.06607055664063,492.2588195800781,0,-200,0
5.983673167,443.5874938964844,215.26434326171875,492.25872802734375,0,-200,0
5.987858442,443.5668640136719,214.46678161621094,492.2572326660156,0,-200,0
5.991907027,443.5541076660156,213.6689453125,492.2548828125,0,-200,0
5.995742483,443.537109375,212.86758422851563,492.2529602050781,0,-200,0
6.000130155,443.521484375,212.06491088867188,492.2523498535156,0,-200,0
6.003872915,443.5079040527344,211.26333618164063,492.2523498535156,0,-200,0
6.007866745,443.492919921875,210.461181640625,492.2513732910156,0,-200,0
6.012056523,443.47454833984375,209.65924072265625,492.24774169921875,0,-200,0
6.015931974,443.458251953125,208.8613739013672,492.2449035644531,0,-200,0
6.020043195,443.445556640625,208.0596466064453,492.2470397949219,0,-200,0
6.024177008,443.4272155761719,207.2566375732422,492.23779296875,0,-200,0
6.028080294,443.41357421875,206.45518493652344,492.2386779785156,0,-200,0
6.032041574,443.397216796875,205.6538543701172,492.2389221191406,0,-200,0
6.036242359,443.382080078125,204.8527069091797,492.2362365722656,0,-200,0
6.040356827,443.36376953125,204.0509490966797,492.2338562011719,0,-200,0
6.044133497,443.34674072265625,203.24607849121094,492.2310791015625,0,-200,0
6.048371291,443.3302001953125,202.4430389404297,492.2252502441406,0,-200,0
6.052239816,443.3132019042969,201.64015197753906,492.221435546875,0,-200,0
6.056215568,443.2958679199219,200.84495544433594,492.2186584472656,0,-200,0
6.06048551,443.2760009765625,200.04458618164063,492.2164001464844,0,-200,0
6.064355077,443.2607421875,199.24232482910156,492.2176818847656,0,-200,0
6.068340345,443.2411804199219,198.4397430419922,492.2103271484375,0,-200,0
6.072508201,443.22613525390625,197.63980102539063,492.21099853515625,0,-200,0
6.076427678,443.2073669433594,196.84136962890625,492.2091979980469,0,-200,0
6.080698445,443.1919860839844,196.03790283203125,492.2026672363281,0,-200,0
6.084707668,443.177978515625,195.2351531982422,492.2018127441406,0,-200,0
6.088704738,443.1595764160156,194.43511962890625,492.1999816894531,0,-200,0
6.092532303,443.14276123046875,193.63287353515625,492.2005920410156,0,-200,0
6.09676906,443.1231994628906,192.83045959472656,492.19683837890625,0,-200,0
6.100662517,443.1083068847656,192.0337677001953,492.19842529296875,0,-200,0
6.104611958,443.089599609375,191.22991943359375,492.1942138671875,0,-200,0
6.108848812,443.07177734375,190.4265899658203,492.1899719238281,0,-200,0
6.112794644,443.060546875,189.62513732910156,492.1951599121094,0,-200,0
6.116738333,443.0392150878906,188.8209686279297,492.1860656738281,0,-200,0
6.12101941,443.0245361328125,188.01870727539063,492.1818542480469,0,-200,0
6.124812045,443.0119323730469,187.21994018554688,492.180908203125,0,-200,0
6.128821681,442.9908752441406,186.4186553955078,492.1712951660156,0,-200,0
6.133016108,442.9793395996094,185.61595153808594,492.17633056640625,0,-200,0
6.137060068,442.9635925292969,184.81307983398438,492.1783447265625,0,-200,0
6.140981768,442.94317626953125,184.01377868652344,492.1728820800781,0,-200,0
6.144942281,442.92987060546875,183.21255493164063,492.1753234863281,0,-200,0
6.14905377,442.91424560546875,182.4124298095703,492.1730041503906,0,-200,0
6.152959534,442.899169921875,181.61233520507813,492.17279052734375,0,-200,0
6.15718734,442.881103515625,180.81256103515625,492.1725769042969,0,-200,0
6.161138792,442.86456298828125,180.01397705078125,492.1737060546875,0,-200,0
6.16472771,442.8478088378906,179.21363830566406,492.1716613769531,0,-200,0
6.169017222,442.83111572265625,178.41065979003906,492.1687927246094,0,-200,0
6.172844094,442.81884765625,177.6085662841797,492.16900634765625,0,-200,0
6.176834523,442.8000183105469,176.80532836914063,492.1637268066406,0,-200,0
6.181331449,442.7831726074219,176.00421142578125,492.16265869140625,0,-200,0
6.185119633,442.76824951171875,175.20635986328125,492.1610412597656,0,-200,0
6.189078344,442.75006103515625,174.403076171875,492.156494140625,0,-200,0
6.19332954,442.7345886230469,173.6036376953125,492.1538391113281,0,-200,0
6.197174151,442.7217712402344,172.80088806152344,492.1548156738281,0,-200,0
6.201232846,442.70123291015625,171.99855041503906,492.1497802734375,0,-200,0
6.205413907,442.6849670410156,171.19601440429688,492.14947509765625,0,-200,0
6.209432521,442.668701171875,170.39414978027344,492.1451416015625,0,-200,0
6.21351253,442.65264892578125,169.59031677246094,492.14068603515625,0,-200,0
6.217683781,442.6344299316406,168.78616333007813,492.1385498046875,0,-200,0
6.2216255,442.6170654296875,167.98629760742188,492.1336364746094,0,-200,0
6.225559529,442.5995788574219,167.18865966796875,492.1343688964844,0,-200,0
6.229748463,442.5818176269531,166.38597106933594,492.1368103027344,0,-200,0
6.233823522,442.5650939941406,165.5835418701172,492.1334533691406,0,-200,0
6.237682272,442.54815673828125,164.78538513183594,492.1319885253906,0,-200,0
6.241946035,442.5309143066406,163.98379516601563,492.1292724609375,0,-200,0
6.245772154,442.5115661621094,163.18191528320313,492.12640380859375,0,-200,0
6.24981527,442.498779296875,162.3805389404297,492.1270751953125,0,-200,0
6.254063582,442.48138427734375,161.57749938964844,492.12335205078125,0,-200,0
6.257877419,442.463623046875,160.77581787109375,492.1179504394531,0,-200,0
6.261933213,442.4508361816406,159.9792938232422,492.12115478515625,0,-200,0
6.266090943,442.4311828613281,159.1769256591797,492.11614990234375,0,-200,0
6.269995962,442.4136047363281,158.3739013671875,492.11376953125,0,-200,0
6.273937948,442.4012145996094,157.57177734375,492.1197814941406,0,-200,0
6.278164149,442.38214111328125,156.7687225341797,492.1148986816406,0,-200,0
6.282483368,442.36431884765625,155.96421813964844,492.1105041503906,0,200,0
6.286056043,442.34967041015625,155.16514587402344,492.1121826171875,0,200,0
6.290379982,442.3316650390625,154.36297607421875,492.1099548339844,0,200,0
6.294242382,442.3128662109375,153.55958557128906,492.10675048828125,0,200,0
6.298159409,442.30255126953125,152.75863647460938,492.1087951660156,0,200,0
6.302447642,442.2840270996094,151.95770263671875,492.1048278808594,0,200,0
6.306258775,442.2654113769531,151.1572265625,492.09991455078125,0,200,0
6.310299834,442.2550354003906,150.37808227539063,492.0962219238281,0,200,0
6.314438498,442.2340393066406,149.66299438476563,492.0791931152344,0,200,0
6.318353737,442.21807861328125,149.05992126464844,492.0574951171875,0,200,0
6.322394659,442.1965026855469,148.58909606933594,492.0391540527344,0,200,0
6.326553315,442.1715393066406,148.24472045898438,492.0133972167969,0,200,0
6.330610408,442.1489562988281,148.07188415527344,491.9898681640625,0,200,0
6.334446483,442.13348388671875,148.0702362060547,491.97222900390625,0,200,0
6.338674573,442.1446533203125,148.19114685058594,491.9978332519531,0,200,0
6.342622146,442.15277099609375,148.38470458984375,492.013671875,0,200,0
6.34655286,442.1662292480469,148.70599365234375,492.0425109863281,0,200,0
6.350741542,442.1800231933594,149.2001495361328,492.0803527832031,0,200,0
6.354671557,442.18804931640625,149.79742431640625,492.0968017578125,0,200,0
6.358714839,442.2024230957031,150.47006225585938,492.12164306640625,0,200,0
6.362951605,442.2114562988281,151.23280334472656,492.1408996582031,0,200,0
6.366743105,442.20916748046875,152.07833862304688,492.1451721191406,0,200,0
6.370745897,442.20404052734375,152.947265625,492.14678955078125,0,200,0
6.374933041,442.1994323730469,153.7957000732422,492.146728515625,0,200,0
6.379087232,442.1929931640625,154.62557983398438,492.1413879394531,0,200,0
6.383183777,442.18023681640625,155.46209716796875,492.13055419921875,0,200,0
6.387073667,442.1616516113281,156.29469299316406,492.1128234863281,0,200,0
6.390963533,442.1344909667969,157.12425231933594,492.0924377441406,0,200,0
6.39492477,442.112548828125,157.94869995117188,492.0736999511719,0,200,0
6.399138547,442.10516357421875,158.7565460205078,492.0643005371094,0,200,0
6.403175775,442.0979919433594,159.54246520996094,492.0606994628906,0,200,0
6.407044698,442.0863952636719,160.3238525390625,492.0549011230469,0,200,0
6.41128563,442.0761413574219,161.1085205078125,492.0574645996094,0,200,0
6.415124814,442.06658935546875,161.89625549316406,492.0665283203125,0,200,0
6.419144975,442.0496520996094,162.68873596191406,492.0713195800781,0,200,0
6.42341822,442.0314636230469,163.4887237548828,492.0853271484375,0,200,0
6.427360355,442.00946044921875,164.30340576171875,492.102783203125,0,200,0
6.431250584,441.984130859375,165.1206817626953,492.1121826171875,0,200,0
6.43543792,441.9674072265625,165.93435668945313,492.1199035644531,0,200,0
6.439319284,441.9537048339844,166.7467498779297,492.1271057128906,0,200,0
6.443373231,441.9344482421875,167.55892944335938,492.1309509277344,0,200,0
6.447475925,441.9128112792969,168.37985229492188,492.1263732910156,0,200,0
6.451455114,441.89227294921875,169.21287536621094,492.116943359375,0,200,0
6.455400428,441.86505126953125,170.04576110839844,492.0912170410156,0,200,0
6.459613186,441.8434753417969,170.87452697753906,492.0665283203125,0,200,0
6.463603152,441.8250732421875,171.6942596435547,492.04608154296875,0,200,0
6.467499316,441.80615234375,172.51089477539063,492.0315246582031,0,200,0
6.471676893,441.7920227050781,173.32058715820313,492.015869140625,0,200,0
6.475746033,441.78216552734375,174.12217712402344,492.00439453125,0,200,0
6.479609508,441.77496337890625,174.92137145996094,491.9937438964844,0,200,0
6.48418409,441.7646484375,175.72276306152344,491.99005126953125,0,200,0
6.487718158,441.75054931640625,176.5279998779297,491.9914855957031,0,200,0
6.49170064,441.7308044433594,177.3264923095703,491.9931945800781,0,200,0
6.495869434,441.7141418457031,178.12315368652344,492.0031433105469,0,200,0
6.499822245,441.6994323730469,178.92465209960938,492.0185852050781,0,200,0
6.503777661,441.67578125,179.73141479492188,492.029296875,0,200,0
6.508029217,441.655029296875,180.54823303222656,492.0454406738281,0,200,0
6.511915779,441.6334228515625,181.36717224121094,492.06292724609375,0,200,0
6.515878724,441.6095275878906,182.18345642089844,492.0661315917969,0,200,0
6.520088033,441.59185791015625,182.99810791015625,492.0719909667969,0,200,0
6.524203334,441.5746154785156,183.81199645996094,492.06866455078125,0,200,0
6.527955311,441.5523986816406,184.6312713623047,492.05621337890625,0,200,0
6.532221788,441.5355529785156,185.455322265625,492.04827880859375,0,200,0
6.5360950859999996,441.51446533203125,186.2696533203125,492.0289306640625,0,200,0
6.540100042,441.4989929199219,187.0814208984375,492.0114440917969,0,200,0
6.544337875,441.4840393066406,187.89341735839844,491.99481201171875,0,200,0
6.5482704290000004,441.4677429199219,188.70289611816406,491.9765625,0,200,0
6.5521950669999995,441.45184326171875,189.5115509033203,491.9568786621094,0,200,0
6.556369155,441.4430236816406,190.31874084472656,491.94744873046875,0,200,0
6.560269859,441.4293518066406,191.1201934814453,491.93548583984375,0,200,0
6.564318779,441.4183654785156,191.9270782470703,491.94390869140625,0,200,0
6.5684380749999995,441.4035339355469,192.7378692626953,491.9546813964844,0,200,0
6.572521684,441.3794860839844,193.54466247558594,491.9606018066406,0,200,0
6.576354591,441.3646545410156,194.3534698486328,491.9811706542969,0,200,0
6.580554737,441.3380432128906,195.15919494628906,491.9939880371094,0,200,0
6.584727014,441.3140869140625,195.96929931640625,492.0082092285156,0,200,0
6.588469131,441.2941589355469,196.78318786621094,492.0251770019531,0,200,0
6.592695717,441.2705383300781,197.59991455078125,492.0274353027344,0,200,0
6.596606736,441.2537536621094,198.4178009033203,492.0289001464844,0,200,0
6.600535526,441.23876953125,199.23143005371094,492.02471923828125,0,200,0
6.60484606,441.2247619628906,200.0425262451172,492.0134582519531,0,200,0
6.608644115,441.2127380371094,200.85714721679688,492.00555419921875,0,200,0
6.612661582,441.1963195800781,201.66934204101563,491.9919738769531,0,200,0
6.61684295,441.18121337890625,202.47705078125,491.97705078125,0,200,0
6.620898481,441.1651306152344,203.2818603515625,491.9638671875,0,200,0
6.624812843,441.14544677734375,204.09117126464844,491.9425354003906,0,200,0
6.628934526,441.1320495605469,204.905517578125,491.9295349121094,0,200,0
6.632949058,441.1156921386719,205.71861267089844,491.918701171875,0,200,0
6.636847474,441.10235595703125,206.52597045898438,491.9127502441406,0,200,0
6.641039926,441.0889892578125,207.3380126953125,491.91668701171875,0,200,0
6.645046151,441.070068359375,208.14598083496094,491.9206237792969,0,200,0
6.648939499,441.04986572265625,208.95755004882813,491.92864990234375,0,200,0
6.65330102,441.0245056152344,209.77035522460938,491.93267822265625,0,200,0
6.6570330680000005,441.0037841796875,210.58233642578125,491.9422302246094,0,200,0
6.661012273,440.984375,211.39605712890625,491.95086669921875,0,200,0
6.665290801,440.9666748046875,212.20962524414063,491.9630126953125,0,200,0
6.669272775,440.9502258300781,213.02183532714844,491.97406005859375,0,200,0
6.673200138,440.93646240234375,213.8338623046875,491.97705078125,0,200,0
6.677340512,440.92291259765625,214.6434783935547,491.97808837890625,0,200,0
6.681232648,440.9093017578125,215.45001220703125,491.9710388183594,0,200,0
6.6854759040000005,440.8954162597656,216.25701904296875,491.9613342285156,0,200,0
6.689414211,440.8847351074219,217.06568908691406,491.9520568847656,0,200,0
6.693392866,440.86627197265625,217.87429809570313,491.9343566894531,0,200,0
6.697329251,440.8499755859375,218.68777465820313,491.92169189453125,0,200,0
6.701533526,440.8309020996094,219.49468994140625,491.90496826171875,0,200,0
6.70548193,440.8136901855469,220.3031005859375,491.89453125,0,200,0
6.7093998500000005,440.79315185546875,221.11581420898438,491.8874206542969,0,200,0
6.713618756,440.7732238769531,221.9273223876953,491.87921142578125,0,200,0
6.717674907,440.7581481933594,222.74453735351563,491.880859375,0,200,0
6.7215007700000005,440.7362060546875,223.55734252929688,491.8768615722656,0,200,0
6.725775027,440.7205505371094,224.37294006347656,491.8872985839844,0,200,0
6.729590751,440.70001220703125,225.18882751464844,491.8959655761719,0,200,0
6.733626232,440.6819763183594,226.00338745117188,491.9075927734375,0,200,0
6.737854947,440.6630554199219,226.81605529785156,491.91748046875,0,200,0
6.741723002,440.6449279785156,227.62388610839844,491.9261474609375,0,200,0
6.745760021,440.6340637207031,228.42967224121094,491.9332275390625,0,200,0
6.749927817,440.61602783203125,229.23455810546875,491.9304504394531,0,200,0
6.753818926,440.60443115234375,230.04391479492188,491.9320068359375,0,200,0
6.75777043,440.5872802734375,230.85107421875,491.92132568359375,0,200,0
6.76198065,440.5731506347656,231.65988159179688,491.9142150878906,0,200,0
6.766111008,440.5602722167969,232.46839904785156,491.906494140625,0,200,0
6.769899931,440.54095458984375,233.27633666992188,491.89300537109375,0,200,0
6.773923287,440.5245361328125,234.0854034423828,491.8824768066406,0,200,0
6.778002481,440.5058898925781,234.8971405029297,491.8740234375,0,200,0
6.78199775,440.48681640625,235.71365356445313,491.86260986328125,0,200,0
6.786464924,440.4699401855469,236.52609252929688,491.8530578613281,0,200,0
6.790148848,440.4537658691406,237.34060668945313,491.84942626953125,0,200,0
6.79411497,440.4327392578125,238.15377807617188,491.8409118652344,0,200,0
6.798301029,440.4162292480469,238.97442626953125,491.84686279296875,0,200,0
6.802197418,440.3968505859375,239.78982543945313,491.8495178222656,0,200,0
6.806245993,440.38134765625,240.60365295410156,491.8599853515625,0,200,0
6.810372328,440.3638000488281,241.41265869140625,491.8616027832031,0,200,0
6.814427095,440.35150146484375,242.22134399414063,491.8659973144531,0,200,0
6.818279494,440.3336486816406,243.0287628173828,491.86895751953125,0,200,0
6.822477625,440.31591796875,243.83856201171875,491.8717346191406,0,200,0
6.8264531779999995,440.29974365234375,244.64605712890625,491.8726501464844,0,200,0
6.830393352,440.2854919433594,245.44862365722656,491.8720397949219,0,200,0
6.83458074,440.2708740234375,246.25555419921875,491.8662414550781,0,200,0
6.838490044,440.2547912597656,247.06346130371094,491.8581848144531,0,200,0
6.842505277,440.23876953125,247.8737335205078,491.84967041015625,0,200,0
6.84677173,440.22271728515625,248.68243408203125,491.8435974121094,0,200,0
6.850562774,440.2067565917969,249.4969024658203,491.8346252441406,0,200,0
6.854573862,440.190673828125,250.31036376953125,491.8260192871094,0,200,0
6.858760471,440.1725769042969,251.1217041015625,491.82086181640625,0,200,0
6.8628172240000005,440.1538391113281,251.9333038330078,491.8099670410156,0,200,0
6.866733799,440.1367492675781,252.75221252441406,491.80511474609375,0,200,0
6.870854551,440.11358642578125,253.570556640625,491.7984924316406,0,200,0
6.874802097,440.0962219238281,254.38455200195313,491.8038635253906,0,200,0
6.878740288,440.0793151855469,255.1949920654297,491.8063659667969,0,200,0
6.882944814,440.06365966796875,256.0074768066406,491.811767578125,0,200,0
6.887198426,440.0445556640625,256.8197021484375,491.8147888183594,0,200,0
6.890867263,440.02911376953125,257.6280517578125,491.81878662109375,0,200,0
6.895100468,440.01031494140625,258.4356384277344,491.8172912597656,0,200,0
6.898931525,439.9980163574219,259.24273681640625,491.8187255859375,0,200,0
6.902934534,439.9822082519531,260.0472412109375,491.814697265625,0,200,0
6.907239883,439.97003173828125,260.8580017089844,491.8151550292969,0,200,0
6.911195086,439.95196533203125,261.667724609375,491.81182861328125,0,200,0
6.915079012,439.9360656738281,262.47833251953125,491.8111267089844,0,200,0
6.91927726,439.91864013671875,263.282958984375,491.8066101074219,0,200,0
6.923182599,439.90576171875,264.094482421875,491.801025390625,0,200,0
6.92725416,439.8885192871094,264.90582275390625,491.78997802734375,0,200,0
6.93132956,439.8730163574219,265.72296142578125,491.7819519042969,0,200,0
6.93527588,439.85394287109375,266.53924560546875,491.77587890625,0,200,0
6.939237917,439.8368225097656,267.3522644042969,491.77471923828125,0,200,0
6.943424822,439.8157043457031,268.1658935546875,491.7687072753906,0,200,0
6.94738205,439.7999572753906,268.98065185546875,491.7700500488281,0,200,0
6.9513234409999995,439.7813415527344,269.7908630371094,491.7602844238281,0,200,0
6.9555260279999995,439.7649230957031,270.6031494140625,491.7566223144531,0,200,0
6.95955018,439.7460021972656,271.4146423339844,491.7520751953125,0,200,0
6.963427656,439.7297668457031,272.2255859375,491.7552795410156,0,200,0
6.967722746,439.7173767089844,273.03326416015625,491.7572326660156,0,200,0
6.971497749,439.70257568359375,273.83721923828125,491.754638671875,0,200,0
6.975537452,439.68524169921875,274.6444091796875,491.7508239746094,0,200,0
6.9797021820000005,439.6680603027344,275.45416259765625,491.7480163574219,0,200,0
6.983651994,439.65264892578125,276.26397705078125,491.7507629394531,0,200,0
6.987886413,439.63580322265625,277.072509765625,491.74847412109375,0,200,0
6.9918607040000005,439.6222839355469,277.88140869140625,491.7503356933594,0,200,0
6.995738242,439.6017150878906,278.6908264160156,491.74267578125,0,200,0
6.999684133,439.5859680175781,279.50689697265625,491.7401123046875,0,200,0
7.003900811,439.5700378417969,280.3218688964844,491.7354736328125,0,200,0
7.008057951,439.5526123046875,281.13604736328125,491.73162841796875,0,200,0
7.011870806,439.53289794921875,281.9465026855469,491.7262878417969,0,200,0
7.016064428,439.5138854980469,282.757568359375,491.72021484375,0,200,0
7.019930914,439.4954528808594,283.57391357421875,491.7174072265625,0,200,0
7.023892421,439.477294921875,284.38702392578125,491.7113342285156,0,200,0
7.028158787,439.45654296875,285.1998291015625,491.7027893066406,0,200,0
7.032097321,439.43792724609375,286.00750732421875,491.6950988769531,0,200,0
7.036038355,439.4249267578125,286.8141784667969,491.692138671875,0,200,0
7.040221131,439.4113464355469,287.6242370605469,491.6930236816406,0,200,0
7.044120697,439.3971252441406,288.4316101074219,491.6966857910156,0,200,0
7.048161534,439.3828430175781,289.2373046875,491.70330810546875,0,200,0
7.052279208,439.3664855957031,290.0453186035156,491.7009582519531,0,200,0
7.056351006,439.3511962890625,290.85784912109375,491.70306396484375,0,200,0
7.060209658,439.33935546875,291.6697692871094,491.7018737792969,0,200,0
7.064401207,439.32684326171875,292.47650146484375,491.6985168457031,0,200,0
7.068351005,439.3099670410156,293.28173828125,491.6944885253906,0,200,0
7.072276251,439.2919616699219,294.0966796875,491.69610595703125,0,200,0
7.07653014,439.2709655761719,294.91156005859375,491.6910400390625,0,200,0
7.080409372,439.2539978027344,295.7244567871094,491.6823425292969,0,200,0
7.084372381,439.2362976074219,296.5351257324219,491.6717224121094,0,200,0
7.088877205,439.2184753417969,297.34771728515625,491.6647033691406,0,200,0
7.092495904,439.1998291015625,298.159912109375,491.6607360839844,0,200,0
7.096546429,439.1823425292969,298.9726257324219,491.6571960449219,0,200,0
7.100668327,439.1641845703125,299.7851257324219,491.6508483886719,0,200,0
7.104738826,439.1474304199219,300.5978088378906,491.6466369628906,0,200,0
7.108657214,439.1336669921875,301.4082946777344,491.6426086425781,0,200,0
7.112768652,439.1187438964844,302.21624755859375,491.6419677734375,0,200,0
7.116782865,439.1048889160156,303.0263366699219,491.63909912109375,0,200,0
7.120673211,439.08624267578125,303.83453369140625,491.6394348144531,0,200,0
7.124873914,439.0700378417969,304.64453125,491.6343688964844,0,200,0
7.12884484,439.0566101074219,305.45220947265625,491.6302490234375,0,200,0
7.132761271,439.0420837402344,306.2623596191406,491.628173828125,0,200,0
7.137102762,439.0234069824219,307.0728454589844,491.63134765625,0,200,0
7.140870593,439.0038757324219,307.88067626953125,491.6308288574219,0,200,0
7.144858273,438.9892883300781,308.6871032714844,491.6304016113281,0,200,0
7.149144074,438.9744873046875,309.49761962890625,491.6271667480469,0,200,0
7.153158789,438.9553527832031,310.3101501464844,491.62152099609375,0,200,0
7.157018053,438.9372253417969,311.1261291503906,491.6191101074219,0,200,0
7.161145151,438.919189453125,311.9356689453125,491.6116027832031,0,200,0
7.164713027,438.9076232910156,312.74609375,491.61212158203125,0,200,0
7.168765857,438.88958740234375,313.55938720703125,491.61175537109375,0,200,0
7.172968075,438.87091064453125,314.3713073730469,491.60821533203125,0,200,0
7.176933354,438.8533935546875,315.1842956542969,491.60076904296875,0,200,0
7.180881252,438.83477783203125,315.99658203125,491.5933532714844,0,200,0
7.185076407,438.8175048828125,316.80419921875,491.58306884765625,0,200,0
7.18927656,438.80377197265625,317.6129150390625,491.58282470703125,0,200,0
7.193007532,438.784912109375,318.4195556640625,491.5794982910156,0,200,0
7.19722709,438.7669677734375,319.2296142578125,491.57708740234375,0,200,0
7.20131265,438.7490234375,320.036865234375,491.5703125,0,200,0
7.205202625,438.73297119140625,320.8471984863281,491.5662536621094,0,200,0
7.209522218,438.7196044921875,321.6576843261719,491.56439208984375,0,200,0
7.213401811,438.70452880859375,322.4637756347656,491.5660705566406,0,200,0
7.21743574,438.6885681152344,323.27557373046875,491.56878662109375,0,200,0
7.22168979,438.6706848144531,324.0876159667969,491.5648193359375,0,200,0
7.2255678979999995,438.6535949707031,324.8979797363281,491.5588684082031,0,200,0
7.229614161,438.6386413574219,325.7115783691406,491.5596618652344,0,200,0
7.233701788,438.6202697753906,326.5213623046875,491.5535888671875,0,200,0
7.237659163,438.6015319824219,327.328857421875,491.54718017578125,0,200,0
7.241613141,438.583984375,328.13824462890625,491.5408630371094,0,200,0
7.245819354,438.5674133300781,328.9501647949219,491.5325622558594,0,200,0
7.249969917,438.55462646484375,329.75860595703125,491.52630615234375,0,200,0
7.253731327,438.53668212890625,330.56671142578125,491.5225830078125,0,200,0
7.257985992,438.51751708984375,331.3796691894531,491.5196838378906,0,200,0
7.261837074,438.500732421875,332.190673828125,491.5187683105469,0,200,0
7.265823337,438.48712158203125,333.00164794921875,491.5166320800781,0,200,0
7.270092457,438.47320556640625,333.8063049316406,491.5089416503906,0,200,0
7.273943355,438.4578857421875,334.6160583496094,491.5020446777344,0,200,0
7.277943821,438.4412536621094,335.4257507324219,491.49945068359375,0,200,0
7.282154395,438.4249572753906,336.239501953125,491.5032043457031,0,200,0
7.286039565,438.40606689453125,337.0481872558594,491.5054931640625,0,200,0
7.290293367,438.38970947265625,337.85699462890625,491.5049743652344,0,200,0
7.294248179,438.3784484863281,338.66351318359375,491.50396728515625,0,200,0
7.29829846,438.3607482910156,339.4720458984375,491.4960021972656,0,200,0
7.302119102,438.3426513671875,340.28839111328125,491.4901428222656,0,200,0
7.306391949,438.3275451660156,341.09906005859375,491.48944091796875,0,200,0
7.310292435,438.3104553222656,341.9116516113281,491.4918212890625,0,200,0
7.314195873,438.29364013671875,342.721923828125,491.4897766113281,0,200,0
7.318415327,438.2774658203125,343.5306091308594,491.478515625,0,200,0
7.322342505,438.2605285644531,344.34088134765625,491.4701843261719,0,200,0
7.326337773,438.2454833984375,345.1513671875,491.46636962890625,0,200,0
7.330583946,438.2270202636719,345.9599609375,491.45965576171875,0,200,0
7.334399647,438.2068176269531,346.7685546875,491.4515686035156,0,200,0
7.33842307,438.1918029785156,347.57794189453125,491.44677734375,0,200,0
7.342588112,438.1774597167969,348.3879089355469,491.4427795410156,0,200,0
7.346668892,438.1604919433594,349.1986389160156,491.4361572265625,0,200,0
7.350568738,438.145751953125,350.0056457519531,491.4322814941406,0,200,0
7.35469004,438.1295166015625,350.8116455078125,491.42822265625,0,200,0
7.358644933,438.1171875,351.62139892578125,491.42486572265625,0,200,0
7.362585116,438.10321044921875,352.4292907714844,491.4204406738281,0,200,0
7.366791601,438.0846862792969,353.2418212890625,491.42266845703125,0,200,0
7.370756018,438.0656433105469,354.05194091796875,491.42449951171875,0,200,0
7.374699964,438.05145263671875,354.85986328125,491.4261169433594,0,200,0
7.378933121,438.03656005859375,355.6643981933594,491.4207458496094,0,200,0
7.382785687,438.01849365234375,356.47271728515625,491.4139709472656,0,200,0
7.386770628,438.00250244140625,357.28692626953125,491.4108581542969,0,200,0
7.391358034,437.98126220703125,358.0990295410156,491.3986511230469,0,200,0
7.395061198,437.96392822265625,358.90887451171875,491.3984680175781,0,200,0
7.398885171,437.9488525390625,359.72052001953125,491.4002380371094,0,200,0
7.402911275,437.9338684082031,360.5288391113281,491.400634765625,0,200,0
7.407006203,437.9166564941406,361.33746337890625,491.3952941894531,0,200,0
7.411131303,437.9006042480469,362.149169921875,491.38409423828125,0,200,0
7.415183188,437.8843994140625,362.9622497558594,491.3820495605469,0,200,0
7.419160373,437.8686828613281,363.7693786621094,491.38287353515625,0,200,0
7.423136477,437.8478698730469,364.57659912109375,491.376708984375,0,200,0
7.427274623,437.8334045410156,365.38629150390625,491.3697204589844,0,200,0
7.431242714,437.81915283203125,366.1968688964844,491.366455078125,0,200,0
7.435167271,437.80126953125,367.0030822753906,491.3551330566406,0,200,0
7.4393875959999995,437.7862854003906,367.8116760253906,491.3565979003906,0,200,0
7.443410137,437.76983642578125,368.6212463378906,491.35333251953125,0,200,0
7.4472672,437.75531005859375,369.43182373046875,491.3510437011719,0,200,0
7.451530904,437.73773193359375,370.2426452636719,491.3439636230469,0,200,0
7.455353813,437.7232971191406,371.0526123046875,491.34332275390625,0,200,0
7.4593735930000005,437.7067565917969,371.8607482910156,491.3412780761719,0,200,0
7.463552458,437.69195556640625,372.6697692871094,491.3375549316406,0,200,0
7.467490825,437.6770324707031,373.4749450683594,491.3289794921875,0,200,0
7.471507999,437.661865234375,374.2835998535156,491.3209533691406,0,200,0
7.475675267,437.6462707519531,375.0919189453125,491.31976318359375,0,200,0
7.47957616,437.6246643066406,375.9045715332031,491.3153991699219,0,200,0
7.483550661,437.6068420410156,376.71832275390625,491.31390380859375,0,200,0
7.487723719,437.5915832519531,377.52691650390625,491.30767822265625,0,200,0
7.492097362,437.57855224609375,378.33465576171875,491.3018493652344,0,200,0
7.495826907,437.5628967285156,379.1421203613281,491.2929992675781,0,200,0
7.499909308,437.5441589355469,379.9529113769531,491.2866516113281,0,200,0
7.503750282,437.5268249511719,380.7656555175781,491.2904968261719,0,200,0
7.507737203,437.50823974609375,381.5736083984375,491.2908630371094,0,200,0
7.511924209,437.4917297363281,382.3789367675781,491.2880554199219,0,200,0
7.51586247,437.4770812988281,383.1888732910156,491.2850341796875,0,200,0
7.519888818,437.46636962890625,383.99932861328125,491.279541015625,0,200,0
7.524067175,437.4482116699219,384.80682373046875,491.27642822265625,0,200,0
7.5279152830000005,437.43414306640625,385.61279296875,491.2782287597656,0,200,0
7.531922204,437.41949462890625,386.42047119140625,491.2761535644531,0,200,0
7.536141978,437.4031066894531,387.2294921875,491.2677917480469,0,200,0
7.540207491,437.3856506347656,388.04052734375,491.26177978515625,0,200,0
7.544036513,437.3697509765625,388.8485412597656,491.25860595703125,0,200,0
7.548245848,437.35504150390625,389.6567687988281,491.25408935546875,0,200,0
7.552197469,437.3382873535156,390.4624328613281,491.2481384277344,0,200,0
7.556096342,437.32415771484375,391.2711486816406,491.2422790527344,0,200,0
7.560376393,437.3060302734375,392.0806884765625,491.2349548339844,0,200,0
7.564247528,437.2860412597656,392.89019775390625,491.2252197265625,0,200,0
7.568219582,437.27008056640625,393.70098876953125,491.22125244140625,0,200,0
7.5725037440000005,437.2548522949219,394.51080322265625,491.21502685546875,0,200,0
7.576320213,437.239013671875,395.32159423828125,491.20941162109375,0,200,0
7.580351739,437.2216491699219,396.1302185058594,491.20697021484375,0,200,0
7.584483818,437.20733642578125,396.9392395019531,491.2120666503906,0,200,0
7.588570167,437.1913757324219,397.7490539550781,491.2113952636719,0,200,0
7.592701509,437.171875,398.5525817871094,491.19964599609375,0,200,0
7.596677295,437.1568298339844,399.3630676269531,491.1947021484375,0,200,0
7.600623316,437.1431884765625,400.17559814453125,491.193115234375,0,200,0
7.604504008,437.1234436035156,400.98150634765625,491.18585205078125,0,200,0
7.6087090360000005,437.1089172363281,401.78643798828125,491.18524169921875,0,200,0
7.612676957,437.0994567871094,402.5931701660156,491.1924743652344,0,200,0
7.616641532,437.0849914550781,403.4002685546875,491.1894226074219,0,200,0
7.620866616,437.0673828125,404.21124267578125,491.1769104003906,0,200,0
7.62471176,437.0509948730469,405.02069091796875,491.17266845703125,0,200,0
7.6286985099999995,437.0360107421875,405.8310241699219,491.1766662597656,0,200,0
7.632993091,437.0195007324219,406.6367492675781,491.1748352050781,0,200,0
7.636992279,437.00030517578125,407.4462585449219,491.1647033691406,0,200,0
7.640823575,436.9856262207031,408.2535095214844,491.15435791015625,0,200,0
7.645034005,436.9678039550781,409.06121826171875,491.14715576171875,0,200,0
7.64890495,436.950927734375,409.87078857421875,491.1443176269531,0,200,0
7.65296257,436.93487548828125,410.6804504394531,491.14263916015625,0,200,0
7.657095408,436.9156799316406,411.48974609375,491.134033203125,0,200,0
7.661077997,436.89764404296875,412.2997131347656,491.1280212402344,0,200,0
7.665023525,436.8814392089844,413.1087951660156,491.1252136230469,0,200,0
7.669214062,436.8667907714844,413.915771484375,491.1213684082031,0,200,0
7.673202748,436.8487243652344,414.7191162109375,491.1075439453125,0,200,0
7.677118829,436.83477783203125,415.528564453125,491.1058044433594,0,200,0
7.68130516,436.8185729980469,416.3407287597656,491.1081237792969,0,200,0
7.685368586,436.80206298828125,417.14599609375,491.10406494140625,0,200,0
7.689216011,436.7842712402344,417.9534606933594,491.10101318359375,0,200,0
7.693691596,436.7688903808594,418.76007080078125,491.0961608886719,0,200,0
7.697293928,436.7573547363281,419.5641174316406,491.0885314941406,0,200,0
7.701295474,436.7428283691406,420.370361328125,491.0803527832031,0,200,0
7.70550813,436.7273864746094,421.178955078125,491.0800476074219,0,200,0
7.709415208,436.7137451171875,421.984619140625,491.08087158203125,0,200,0
7.713419709,436.6980285644531,422.7900695800781,491.0782470703125,0,200,0
7.7175967100000005,436.683837890625,423.5978698730469,491.0735778808594,0,200,0
7.7215101839999996,436.6686096191406,424.40570068359375,491.061767578125,0,200,0
7.725466941,436.6493225097656,425.21539306640625,491.0554504394531,0,200,0
7.7296676479999995,436.63153076171875,426.0291442871094,491.0594177246094,0,200,0
7.733776911,436.6142883300781,426.8391418457031,491.05584716796875,0,200,0
7.73755902,436.5972595214844,427.6468505859375,491.048583984375,0,200,0
7.741778771,436.5844421386719,428.4544372558594,491.0442199707031,0,200,0
7.745677451,436.5677795410156,429.2629699707031,491.0437316894531,0,200,0
7.7496628229999995,436.543701171875,430.0706787109375,491.0357971191406,0,200,0
7.753916592,436.5270080566406,430.8788757324219,491.0296936035156,0,200,0
7.757790207,436.5101623535156,431.6884460449219,491.02496337890625,0,200,0
7.761783876,436.4945983886719,432.4908142089844,491.0161437988281,0,200,0
7.765974781,436.4820861816406,433.29766845703125,491.0140686035156,0,200,0
7.769918289,436.4720764160156,434.10357666015625,491.0111083984375,0,200,0
7.7739256789999995,436.4585266113281,434.90740966796875,490.9984130859375,0,200,0
7.778064599,436.4422302246094,435.7133483886719,490.9956359863281,0,200,0
7.782140329,436.4271545410156,436.5211181640625,491.0008850097656,0,200,0
7.7859750420000005,436.40814208984375,437.3264465332031,490.993896484375,0,200,0
7.790261339,436.3904113769531,438.1353759765625,490.9854736328125,0,200,0
7.794334338,436.3746032714844,438.94024658203125,490.9765930175781,0,200,0
7.798054428,436.3603210449219,439.7472839355469,490.9678649902344,0,200,0
7.80226802,436.34527587890625,440.55413818359375,490.96636962890625,0,200,0
7.8061712,436.3300476074219,441.3631591796875,490.9700927734375,0,200,0
7.810167215,436.31109619140625,442.1741943359375,490.97052001953125,0,200,0
7.81443322,436.2920227050781,442.9831848144531,490.9642639160156,0,200,0
7.818241337,436.276123046875,443.7935791015625,490.9613342285156,0,200,0
7.822250892,436.25921630859375,444.6017150878906,490.9554443359375,0,200,0
7.826421324,436.2411193847656,445.4095153808594,490.95458984375,0,200,0
7.830495861,436.22784423828125,446.2166748046875,490.9555358886719,0,200,0
7.83441473,436.2091369628906,447.0242004394531,490.94879150390625,0,200,0
7.838550193,436.1936950683594,447.83135986328125,490.9393615722656,0,200,0
7.842458559,436.1791687011719,448.63922119140625,490.9375915527344,0,200,0
7.846465993,436.1663818359375,449.44268798828125,490.9329833984375,0,200,0
7.85063762,436.153564453125,450.24151611328125,490.9208679199219,0,200,0
7.854636408,436.1409606933594,451.0472106933594,490.9178771972656,0,200,0
7.858537096,436.1249084472656,451.85260009765625,490.9139709472656,0,200,0
7.862760206,436.105712890625,452.6622619628906,490.902587890625,0,200,0
7.866676679,436.0918884277344,453.4685974121094,490.8929443359375,0,200,0
7.870617249,436.0756530761719,454.2712707519531,490.88427734375,0,200,0
7.8750113840000004,436.06341552734375,455.07525634765625,490.8838195800781,0,200,0
7.878889871,436.0484619140625,455.8813171386719,490.8835754394531,0,200,0
7.882764877,436.0282287597656,456.6922302246094,490.8765869140625,0,200,0
7.886964244,436.00860595703125,457.50341796875,490.87237548828125,0,200,0
7.890836949,435.9904479980469,458.3177490234375,490.8670349121094,0,200,0
7.895199981,435.9693298339844,459.12347412109375,490.85589599609375,0,200,0
7.899028437,435.95367431640625,459.931884765625,490.85986328125,0,200,0
7.902990176,435.935546875,460.74017333984375,490.8674621582031,0,200,0
7.906919863,435.91900634765625,461.54193115234375,490.8586730957031,0,200,0
7.911173354,435.9071350097656,462.3517761230469,490.8533020019531,0,200,0
7.91508903,435.8931884765625,463.1592102050781,490.84918212890625,0,200,0
7.919049737,435.8779602050781,463.966796875,490.8520812988281,0,200,0
7.923258072,435.8636474609375,464.7706298828125,490.8499755859375,0,200,0
7.927267599,435.85028076171875,465.5733337402344,490.84356689453125,0,200,0
7.931125605,435.8354797363281,466.37860107421875,490.8335266113281,0,200,0
7.935400843,435.8232421875,467.1837158203125,490.83050537109375,0,200,0
7.939223281,435.8092041015625,467.9829406738281,490.8232421875,0,200,0
7.943258689,435.7930603027344,468.78778076171875,490.813720703125,0,200,0
7.947397893,435.779052734375,469.5953063964844,490.8070373535156,0,200,0
7.951333655,435.7612609863281,470.4049377441406,490.801513671875,0,200,0
7.955344655,435.7461242675781,471.2135314941406,490.796630859375,0,200,0
7.959520608,435.7267150878906,472.02069091796875,490.782958984375,0,200,0
7.96343028,435.7071228027344,472.8255615234375,490.77545166015625,0,200,0
7.967382476,435.68804931640625,473.6361389160156,490.7772216796875,0,200,0
7.971580329,435.66937255859375,474.444091796875,490.77642822265625,0,200,0
7.9756951780000005,435.6483154296875,475.2500305175781,490.7663269042969,0,200,0
7.9795823949999996,435.6318664550781,476.0579528808594,490.76019287109375,0,200,0
7.983695806,435.6169738769531,476.86346435546875,490.75128173828125,0,200,0
7.987596496,435.6059875488281,477.6665344238281,490.7496337890625,0,200,0
7.991567661,435.5937805175781,478.46978759765625,490.7542419433594,0,200,0
7.996067085,435.5784606933594,479.2728271484375,490.7544250488281,0,200,0
7.99971336,435.5637512207031,480.07818603515625,490.7482604980469,0,200,0
8.003673809,435.5481872558594,480.8839111328125,490.7397155761719,0,200,0
8.007893252,435.5316162109375,481.68927001953125,490.7388000488281,0,200,0
8.011779027,435.5168151855469,482.4932861328125,490.7375183105469,0,200,0
8.01576457,435.50665283203125,483.2974548339844,490.7358093261719,0,200,0
8.02000025,435.4976806640625,484.0998229980469,490.7278747558594,0,200,0
8.024071098,435.48187255859375,484.90625,490.7247009277344,0,200,0
8.027864419,435.4642028808594,485.7178039550781,490.7244873046875,0,200,0
