time,feedback_position_x,feedback_position_y,feedback_position_z,setpoint_speed_z,setpoint_speed_y,setpoint_speed_z
0.0039291,466.83538818359375,556.3509521484375,497.4938659667969,0,-100,0
0.007896134,466.83587646484375,556.3515625,497.49267578125,0,-100,0
0.012375659,466.83551025390625,556.35107421875,497.49267578125,0,-100,0
0.016209762,466.8352966308594,556.350830078125,497.49505615234375,0,-100,0
0.02016167,466.8356628417969,556.351318359375,497.49505615234375,0,-100,0
0.024333265,466.83538818359375,556.3509521484375,497.4938659667969,0,-100,0
0.02822442,466.8341369628906,556.3494262695313,497.4918212890625,0,-100,0
0.032210704,466.8379821777344,556.3316040039063,497.4903869628906,0,-100,0
0.036380587,466.8469543457031,556.3099975585938,497.5129699707031,0,-100,0
0.040273934,466.86419677734375,556.2505493164063,497.541748046875,0,-100,0
0.044312725,466.8948974609375,556.150634765625,497.5587158203125,0,-100,0
0.048561337,466.9275817871094,556.0192260742188,497.5888671875,0,-100,0
0.052514168,466.95269775390625,555.8500366210938,497.63031005859375,0,-100,0
0.056350403,466.9627990722656,555.6469116210938,497.65582275390625,0,-100,0
0.060605062,466.9543762207031,555.4360961914063,497.6393127441406,0,-100,0
0.064671348,466.9233703613281,555.2007446289063,497.6117248535156,0,-100,0
0.068686365,466.8855285644531,554.9208374023438,497.5852966308594,0,-100,0
0.073118462,466.8560791015625,554.60302734375,497.5522155761719,0,-100,0
0.076776515,466.8245849609375,554.2614135742188,497.5068359375,0,-100,0
0.08073622,466.7942810058594,553.8983764648438,497.4749755859375,0,-100,0
0.085044401,466.773681640625,553.5133056640625,497.46820068359375,0,-100,0
0.088908904,466.7674865722656,553.1039428710938,497.4640197753906,0,-100,0
0.093059544,466.7681884765625,552.6875,497.4507751464844,0,-100,0
0.097137175,466.7682189941406,552.2738647460938,497.4412841796875,0,-100,0
0.10106859,466.7684326171875,551.8640747070313,497.44970703125,0,-100,0
0.104982951,466.7811584472656,551.4500732421875,497.462646484375,0,-100,0
0.109287785,466.79266357421875,551.033935546875,497.4743957519531,0,-100,0
0.113300961,466.8018493652344,550.6207885742188,497.49578857421875,0,-100,0
0.117045239,466.80084228515625,550.2158203125,497.5128173828125,0,-100,0
0.121204423,466.79400634765625,549.8191528320313,497.52850341796875,0,-100,0
0.125137896,466.7886962890625,549.421142578125,497.5387878417969,0,-100,0
0.129076117,466.7857971191406,549.0159301757813,497.5392761230469,0,-100,0
0.133420996,466.7794189453125,548.6090087890625,497.529052734375,0,-100,0
0.137229201,466.7703857421875,548.2098388671875,497.5180358886719,0,-100,0
0.14133529,466.75372314453125,547.8143310546875,497.50054931640625,0,-100,0
0.145508105,466.7449645996094,547.4122314453125,497.4805603027344,0,-100,0
0.149455595,466.7390441894531,547.0021362304688,497.465087890625,0,-100,0
0.153557139,466.736328125,546.5938720703125,497.4501953125,0,-100,0
0.157653218,466.72918701171875,546.1904296875,497.437255859375,0,-100,0
0.161636319,466.71929931640625,545.7889404296875,497.4272155761719,0,-100,0
0.165557237,466.7088928222656,545.39599609375,497.42266845703125,0,-100,0
0.169713504,466.6999206542969,544.9957275390625,497.42156982421875,0,-100,0
0.174037133,466.69818115234375,544.5908813476563,497.4324951171875,0,-100,0
0.17758336,466.6961669921875,544.1890258789063,497.4405822753906,0,-100,0
0.181845472,466.69354248046875,543.7841186523438,497.448974609375,0,-100,0
0.185713009,466.692626953125,543.3792114257813,497.4625549316406,0,-100,0
0.18973785,466.69708251953125,542.9701538085938,497.4765625,0,-100,0
0.194014666,466.7020263671875,542.5592041015625,497.49029541015625,0,-100,0
0.197831575,466.7088928222656,542.1475830078125,497.49774169921875,0,-100,0
0.201786667,466.7132873535156,541.7359008789063,497.5048828125,0,-100,0
0.20603862,466.7106628417969,541.329345703125,497.5052490234375,0,-100,0
0.210023982,466.7064514160156,540.9258422851563,497.5062561035156,0,-100,0
0.213803466,466.6990051269531,540.523193359375,497.5071105957031,0,-100,0
0.217716129,466.69427490234375,540.1155395507813,497.4970703125,0,-100,0
0.221680928,466.692138671875,539.7071533203125,497.4845275878906,0,-100,0
0.225643694,466.686279296875,539.302490234375,497.4739685058594,0,-100,0
0.22988474,466.6741638183594,538.9067993164063,497.4727783203125,0,-100,0
0.23383555,466.658203125,538.5137939453125,497.474365234375,0,-100,0
0.237827412,466.64703369140625,538.1122436523438,497.4623718261719,0,-100,0
0.241978263,466.64495849609375,537.706298828125,497.4569091796875,0,-100,0
0.245901992,466.6465759277344,537.2994995117188,497.45428466796875,0,-100,0
0.249886234,466.64208984375,536.8964233398438,497.4463195800781,0,-100,0
0.254228392,466.6366271972656,536.4954223632813,497.4481201171875,0,-100,0
0.258268733,466.6304931640625,536.0935668945313,497.43988037109375,0,-100,0
0.262142412,466.62445068359375,535.6914672851563,497.439453125,0,-100,0
0.266291125,466.6183166503906,535.2865600585938,497.4428405761719,0,-100,0
0.270301489,466.6149597167969,534.8817749023438,497.4432067871094,0,-100,0
0.274595275,466.6183776855469,534.4696655273438,497.4496154785156,0,-100,0
0.278565667,466.62335205078125,534.0538330078125,497.45013427734375,0,-100,0
0.282458981,466.62762451171875,533.6473388671875,497.45751953125,0,-100,0
0.286470775,466.62957763671875,533.239501953125,497.462890625,0,-100,0
0.290637244,466.63262939453125,532.8341064453125,497.4626770019531,0,-100,0
0.294647347,466.6298828125,532.4280395507813,497.46087646484375,0,-100,0
0.298491071,466.6259765625,532.0274658203125,497.4597473144531,0,-100,0
0.302748521,466.6160583496094,531.6263427734375,497.4583435058594,0,-100,0
0.306794083,466.6089172363281,531.2254028320313,497.46209716796875,0,-100,0
0.310662131,466.60736083984375,530.8193359375,497.4615173339844,0,-100,0
0.314959872,466.5996398925781,530.41455078125,497.455078125,0,-100,0
0.318778269,466.5885009765625,530.0173950195313,497.4508056640625,0,-100,0
0.322699942,466.5751953125,529.6213989257813,497.44293212890625,0,-100,0
0.32694011,466.56402587890625,529.2234497070313,497.4405212402344,0,-100,0
0.330840986,466.55706787109375,528.8212890625,497.4346008300781,0,-100,0
0.334943477,466.5586242675781,528.4105834960938,497.42724609375,0,-100,0
0.338997242,466.5548095703125,528.0035400390625,497.4250183105469,0,-100,0
0.342990073,466.54779052734375,527.6033935546875,497.42138671875,0,-100,0
0.346871261,466.54119873046875,527.1997680664063,497.4161682128906,0,-100,0
0.351138851,466.53271484375,526.7969970703125,497.4117431640625,0,-100,0
0.355223684,466.5325927734375,526.3900146484375,497.41717529296875,0,-100,0
0.359045067,466.5356140136719,525.9769897460938,497.4231872558594,0,-100,0
0.363241064,466.5386962890625,525.5670166015625,497.42706298828125,0,-100,0
0.367175774,466.54052734375,525.1581420898438,497.4278869628906,0,-100,0
0.371064815,466.5372314453125,524.7543334960938,497.43634033203125,0,-100,0
0.375598308,466.532958984375,524.3494262695313,497.4389343261719,0,-100,0
0.379221399,466.5360107421875,523.9439086914063,497.441650390625,0,-100,0
0.38322951,466.53668212890625,523.5384521484375,497.4366455078125,0,-100,0
0.387390473,466.5324401855469,523.1341552734375,497.43505859375,0,-100,0
0.391342293,466.5256652832031,522.7302856445313,497.4325256347656,0,-100,0
0.395347225,466.51824951171875,522.3289184570313,497.4314270019531,0,-100,0
0.399510898,466.5110778808594,521.9268798828125,497.4259033203125,0,-100,0
0.40350814,466.5062561035156,521.5257568359375,497.421630859375,0,-100,0
0.407400517,466.4927062988281,521.1265258789063,497.40869140625,0,-100,0
0.41158195,466.4864807128906,520.7271118164063,497.40704345703125,0,-100,0
0.41561788,466.4779052734375,520.3262329101563,497.3990478515625,0,-100,0
0.419464457,466.47369384765625,519.9224243164063,497.3994140625,0,-100,0
0.423714084,466.4694519042969,519.521240234375,497.4093322753906,0,-100,0
0.427644337,466.4620361328125,519.1197509765625,497.41064453125,0,-100,0
0.431584153,466.4529724121094,518.7186889648438,497.41021728515625,0,-100,0
0.43588168,466.4490966796875,518.31689453125,497.4135437011719,0,-100,0
0.43972106,466.44781494140625,517.91015625,497.4146423339844,0,-100,0
0.443586584,466.4501647949219,517.500732421875,497.4175720214844,0,-100,0
0.447996825,466.4503173828125,517.0888671875,497.4108581542969,0,-100,0
0.451922484,466.4416809082031,516.686767578125,497.40216064453125,0,-100,0
0.455899052,466.4390869140625,516.284912109375,497.4018859863281,0,-100,0
0.459958169,466.4334716796875,515.8802490234375,497.3930358886719,0,-100,0
0.463920619,466.43133544921875,515.4728393554688,497.3891296386719,0,-100,0
0.46784264,466.4335021972656,515.0593872070313,497.38653564453125,0,-100,0
0.47208359,466.4336853027344,514.6522827148438,497.3878173828125,0,-100,0
0.476276203,466.42425537109375,514.2517700195313,497.38995361328125,0,-100,0
0.480009884,466.4144592285156,513.8568725585938,497.3878173828125,0,-100,0
0.48415123,466.4078674316406,513.4552001953125,497.3835144042969,0,-100,0
0.488090349,466.40460205078125,513.049560546875,497.39080810546875,0,-100,0
0.492022298,466.40460205078125,512.639892578125,497.38470458984375,0,-100,0
0.496375326,466.3981018066406,512.2393188476563,497.3836669921875,0,-100,0
0.500281347,466.39154052734375,511.8380126953125,497.3832702636719,0,-100,0
0.504193301,466.3800354003906,511.43878173828125,497.377197265625,0,-100,0
0.508357117,466.3733825683594,511.037353515625,497.37615966796875,0,-100,0
0.512293977,466.3705749511719,510.63482666015625,497.37921142578125,0,-100,0
0.516298738,466.3692932128906,510.2297058105469,497.3743896484375,0,-100,0
0.520480964,466.36767578125,509.82366943359375,497.3761901855469,0,-100,0
0.524372437,466.3658752441406,509.4179992675781,497.372314453125,0,-100,0
0.528389367,466.3620910644531,509.0141906738281,497.37481689453125,0,-100,0
0.532613874,466.3565979003906,508.6109619140625,497.3812255859375,0,-100,0
0.536570697,466.3524475097656,508.2085876464844,497.38116455078125,0,-100,0
0.540427303,466.3499450683594,507.80224609375,497.37872314453125,0,-100,0
0.544658048,466.3506164550781,507.39312744140625,497.37640380859375,0,-100,0
0.548703266,466.3489685058594,506.9867248535156,497.3779602050781,0,-100,0
0.552565164,466.3501892089844,506.57965087890625,497.3821716308594,0,-100,0
0.556844771,466.3466491699219,506.1757507324219,497.38397216796875,0,-100,0
0.560686562,466.33575439453125,505.7739562988281,497.381591796875,0,-100,0
0.56458155,466.32611083984375,505.37664794921875,497.3780822753906,0,-100,0
0.568852417,466.3143005371094,504.97747802734375,497.3702392578125,0,-100,0
0.572749306,466.31329345703125,504.5738220214844,497.3669128417969,0,-100,0
0.577095146,466.3158264160156,504.16546630859375,497.3672180175781,0,-100,0
0.580946049,466.3099365234375,503.7601623535156,497.3542175292969,0,-100,0
0.584869028,466.2979431152344,503.3592529296875,497.35076904296875,0,-100,0
0.588766801,466.2869873046875,502.9615173339844,497.3520202636719,0,-100,0
0.593046755,466.2828369140625,502.5582275390625,497.3510437011719,0,-100,0
0.59715767,466.2816162109375,502.1524963378906,497.3546447753906,0,-100,0
0.60095579,466.2848205566406,501.7411193847656,497.352783203125,0,-100,0
0.605110061,466.2825012207031,501.3383483886719,497.3545837402344,0,-100,0
0.609059593,466.27703857421875,500.93548583984375,497.3529968261719,0,-100,0
0.61298518,466.2725524902344,500.5343017578125,497.34991455078125,0,-100,0
0.617329053,466.272705078125,500.1261291503906,497.34454345703125,0,-100,0
0.621129628,466.2762451171875,499.7190246582031,497.34564208984375,0,-100,0
0.625141156,466.2738037109375,499.3095703125,497.33721923828125,0,-100,0
0.629307191,466.2684020996094,498.90753173828125,497.3347473144531,0,-100,0
0.633246506,466.263427734375,498.5071716308594,497.3420104980469,0,-100,0
0.637358325,466.25927734375,498.1026916503906,497.3428039550781,0,-100,0
0.641422816,466.2589111328125,497.6931457519531,497.34112548828125,0,-100,0
0.645418539,466.259521484375,497.28887939453125,497.33905029296875,0,-100,0
0.649336412,466.25347900390625,496.88812255859375,497.3372497558594,0,-100,0
0.653498375,466.24346923828125,496.4894714355469,497.34027099609375,0,-100,0
0.657549932,466.23748779296875,496.0896911621094,497.3431091308594,0,-100,0
0.661374616,466.2322998046875,495.6875,497.3440856933594,0,-100,0
0.665628056,466.22796630859375,495.28216552734375,497.343505859375,0,-100,0
0.669512005,466.2232666015625,494.88006591796875,497.3410339355469,0,-100,0
0.673523006,466.2171630859375,494.47943115234375,497.3368835449219,0,-100,0
0.678016214,466.21002197265625,494.0766906738281,497.33673095703125,0,-100,0
0.681652791,466.2074279785156,493.669921875,497.3330078125,0,-100,0
0.68556684,466.2036437988281,493.26708984375,497.333984375,0,-100,0
0.689817289,466.202392578125,492.8608093261719,497.3310852050781,0,-100,0
0.693866132,466.1973876953125,492.45574951171875,497.32562255859375,0,-100,0
0.697815389,466.1925048828125,492.0528259277344,497.3260803222656,0,-100,0
0.701879666,466.1893005371094,491.6464538574219,497.32861328125,0,-100,0
0.705808772,466.1875915527344,491.2393493652344,497.3223876953125,0,-100,0
0.7097711,466.1846008300781,490.83563232421875,497.3224182128906,0,-100,0
0.714009551,466.1777038574219,490.4340515136719,497.3161315917969,0,-100,0
0.717961053,466.17474365234375,490.0303955078125,497.3144226074219,0,-100,0
0.721949262,466.1744384765625,489.6240539550781,497.3164367675781,0,-100,0
0.72607513,466.1728820800781,489.2159423828125,497.31597900390625,0,-100,0
0.730019907,466.1675720214844,488.81646728515625,497.3156433105469,0,-100,0
0.733964153,466.1576843261719,488.4161071777344,497.3181457519531,0,-100,0
0.738282909,466.1473083496094,488.017578125,497.31268310546875,0,-100,0
0.742255956,466.1461181640625,487.615966796875,497.3080749511719,0,-100,0
0.746101957,466.1437683105469,487.2099609375,497.3076477050781,0,-100,0
0.750259996,466.1385192871094,486.80438232421875,497.3011779785156,0,-100,0
0.754192901,466.1329345703125,486.4021301269531,497.30059814453125,0,-100,0
0.758220147,466.1241455078125,486.0052795410156,497.3049621582031,0,-100,0
0.762378464,466.12152099609375,485.6034851074219,497.3081970214844,0,-100,0
0.76629044,466.1198425292969,485.19598388671875,497.3075256347656,0,-100,0
0.770294711,466.1201477050781,484.78924560546875,497.30902099609375,0,-100,0
0.774440604,466.1207580566406,484.38482666015625,497.3097839355469,0,-100,0
0.778713836,466.1139831542969,483.9828796386719,497.3091735839844,0,-100,0
0.782346994,466.1083679199219,483.5827331542969,497.3087463378906,0,-100,0
0.78659264,466.1047058105469,483.17999267578125,497.3006896972656,0,-100,0
0.790623195,466.1003112792969,482.77508544921875,497.292724609375,0,-100,0
0.794491712,466.09722900390625,482.37017822265625,497.29290771484375,0,-100,0
0.79874926,466.09381103515625,481.964599609375,497.28533935546875,0,-100,0
0.802550532,466.08935546875,481.5602111816406,497.2840270996094,0,-100,0
0.806542793,466.0888366699219,481.1544189453125,497.2874755859375,0,-100,0
0.810812502,466.0810546875,480.75189208984375,497.2826232910156,0,-100,0
0.814628347,466.0772399902344,480.35101318359375,497.28741455078125,0,-100,0
0.818788716,466.06939697265625,479.95166015625,497.2828369140625,0,-100,0
0.822854853,466.0666809082031,479.5516662597656,497.2874450683594,0,-100,0
0.826874924,466.06268310546875,479.14697265625,497.2895812988281,0,-100,0
0.830699049,466.0556945800781,478.7430725097656,497.2838134765625,0,-100,0
0.834959327,466.0499267578125,478.34100341796875,497.28033447265625,0,-100,0
0.839036873,466.03948974609375,477.9408264160156,497.281982421875,0,-100,0
0.842870471,466.0312805175781,477.5399169921875,497.2768859863281,0,-100,0
0.847023726,466.03155517578125,477.13458251953125,497.27587890625,0,-100,0
0.850962215,466.0255432128906,476.72540283203125,497.2701416015625,0,-100,0
0.854915016,466.0238037109375,476.3215026855469,497.2684326171875,0,-100,0
0.85921829,466.0186767578125,475.9173583984375,497.2664489746094,0,-100,0
0.863026726,466.01678466796875,475.5119934082031,497.26788330078125,0,-100,0
0.867082025,466.0196533203125,475.104736328125,497.2632141113281,0,-100,0
0.871277606,466.02032470703125,474.6966247558594,497.2634582519531,0,-100,0
0.87514748,466.01702880859375,474.2936706542969,497.26690673828125,0,-100,0
0.87938644,466.00872802734375,473.89520263671875,497.26458740234375,0,-100,0
0.883355683,466.002685546875,473.495849609375,497.262939453125,0,-100,0
0.887348572,466.0018005371094,473.09002685546875,497.26312255859375,0,-100,0
0.891201265,466.0040283203125,472.681396484375,497.2618713378906,0,-100,0
0.895409928,466.0022888183594,472.2766418457031,497.2643127441406,0,-100,0
0.899446252,465.99554443359375,471.8767395019531,497.27099609375,0,-100,0
0.903279486,465.9875183105469,471.47698974609375,497.2671203613281,0,-100,0
0.907545063,465.9822692871094,471.0736389160156,497.26763916015625,0,-100,0
0.91151273,465.97857666015625,470.67303466796875,497.26763916015625,0,-100,0
0.915514216,465.97802734375,470.2691345214844,497.267822265625,0,-100,0
0.919719115,465.974365234375,469.8631286621094,497.2630920410156,0,-100,0
0.923539028,465.96923828125,469.4638977050781,497.2619934082031,0,-100,0
0.927487824,465.9653015136719,469.0594787597656,497.25555419921875,0,-100,0
0.931801248,465.9581604003906,468.6563415527344,497.2571105957031,0,-100,0
0.935751893,465.95489501953125,468.254638671875,497.25848388671875,0,-100,0
0.939756559,465.9495544433594,467.8507995605469,497.2543640136719,0,-100,0
0.943601935,465.9451599121094,467.4450988769531,497.2545166015625,0,-100,0
0.947746473,465.9428405761719,467.03912353515625,497.25579833984375,0,-100,0
0.95168633,465.9395751953125,466.6357421875,497.2532653808594,0,-100,0
0.955919537,465.9372253417969,466.2322998046875,497.25079345703125,0,-100,0
0.959862557,465.93212890625,465.8299255371094,497.248046875,0,-100,0
0.96385652,465.9270935058594,465.4249267578125,497.2408447265625,0,-100,0
0.967982144,465.9273376464844,465.0197448730469,497.2401123046875,0,-100,0
0.971917604,465.92364501953125,464.6118469238281,497.23126220703125,0,-100,0
0.975869285,465.9178771972656,464.2098388671875,497.228515625,0,-100,0
0.980433523,465.9086608886719,463.8109130859375,497.23040771484375,0,-100,0
0.984120719,465.90478515625,463.406982421875,497.2317810058594,0,-100,0
0.98799569,465.9012145996094,463.0047302246094,497.2317199707031,0,-100,0
0.992172858,465.8990478515625,462.59698486328125,497.2323913574219,0,-100,0
0.996117346,465.8955078125,462.1918029785156,497.2275390625,0,-100,0
1.000127518,465.888671875,461.7926330566406,497.2261047363281,0,-100,0
1.004295062,465.88494873046875,461.3932189941406,497.23486328125,0,-100,0
1.008184263,465.87890625,460.98663330078125,497.2295227050781,0,-100,0
1.012219966,465.8778076171875,460.5834655761719,497.22991943359375,0,-100,0
1.016436173,465.8778076171875,460.17828369140625,497.23187255859375,0,-100,0
1.020424672,465.8733215332031,459.7751770019531,497.22772216796875,0,-100,0
1.024263115,465.8702087402344,459.37371826171875,497.22723388671875,0,-100,0
1.028492081,465.86505126953125,458.9698181152344,497.22589111328125,0,-100,0
1.032486002,465.86279296875,458.5699157714844,497.2265319824219,0,-100,0
1.036422327,465.8578186035156,458.1676940917969,497.2222595214844,0,-100,0
1.040691344,465.8537902832031,457.7641296386719,497.2265625,0,-100,0
1.044472789,465.85040283203125,457.36065673828125,497.2254943847656,0,-100,0
1.048433217,465.84490966796875,456.9580383300781,497.22064208984375,0,-100,0
1.052698956,465.8387756347656,456.55438232421875,497.2210998535156,0,-100,0
1.056563858,465.83233642578125,456.15509033203125,497.22576904296875,0,-100,0
1.060732893,465.8299255371094,455.7496337890625,497.2218322753906,0,-100,0
1.064776215,465.8258056640625,455.34454345703125,497.2184143066406,0,-100,0
1.06870116,465.8227233886719,454.9434814453125,497.2182922363281,0,-100,0
1.072614101,465.8150329589844,454.54168701171875,497.21240234375,0,-100,0
1.076879583,465.80902099609375,454.14190673828125,497.2130126953125,0,-100,0
1.081187808,465.80487060546875,453.73651123046875,497.21478271484375,0,-100,0
1.084821799,465.8017272949219,453.333251953125,497.2145690917969,0,-100,0
1.088943995,465.7959289550781,452.93212890625,497.21575927734375,0,-100,0
1.092890428,465.7907409667969,452.5293884277344,497.21337890625,0,-100,0
1.096817125,465.78851318359375,452.1236877441406,497.2036437988281,0,-100,0
1.1011552980000001,465.7870178222656,451.7173767089844,497.20184326171875,0,-100,0
1.104941675,465.7843322753906,451.31024169921875,497.197998046875,0,-100,0
1.109069335,465.7825927734375,450.9027099609375,497.19232177734375,0,-100,0
1.113099622,465.78106689453125,450.5025634765625,497.19793701171875,0,-100,0
1.116997253,465.7702941894531,450.1016540527344,497.1922607421875,0,-100,0
1.120840697,465.7646179199219,449.6965026855469,497.19189453125,0,-100,0
1.124908173,465.7640075683594,449.293212890625,497.1952819824219,0,-100,0
1.128925904,465.7605285644531,448.8883361816406,497.19378662109375,0,-100,0
1.132851369,465.7541198730469,448.4869689941406,497.1905822753906,0,-100,0
1.137033897,465.7476501464844,448.08673095703125,497.1929626464844,0,-100,0
1.141022036,465.74139404296875,447.6854248046875,497.19110107421875,0,-100,0
1.144931245,465.7369384765625,447.2834777832031,497.1858825683594,0,-100,0
1.1492161379999999,465.7382507324219,446.8806457519531,497.1861877441406,0,-100,0
1.153115381,465.7355651855469,446.47601318359375,497.18438720703125,0,-100,0
1.157179967,465.7326965332031,446.0723876953125,497.17742919921875,0,-100,0
1.161428691,465.7295837402344,445.6689453125,497.180908203125,0,-100,0
1.165300253,465.7224426269531,445.2679443359375,497.1832580566406,0,-100,0
1.169294247,465.71966552734375,444.8680725097656,497.1866760253906,0,-100,0
1.173596161,465.71063232421875,444.4668273925781,497.18475341796875,0,-100,0
1.177672262,465.7105712890625,444.0608215332031,497.1828308105469,0,-100,0
1.18198105,465.7078857421875,443.6560974121094,497.17864990234375,0,-100,0
1.1857531749999999,465.7078552246094,443.2516784667969,497.18280029296875,0,-100,0
1.189667237,465.701416015625,442.84747314453125,497.18255615234375,0,-100,0
1.193593118,465.69818115234375,442.44580078125,497.1799621582031,0,-100,0
1.197849723,465.6967468261719,442.04364013671875,497.1809997558594,0,-100,0
1.201798944,465.691650390625,441.6383361816406,497.1791076660156,0,-100,0
1.205831833,465.69036865234375,441.2336730957031,497.17822265625,0,-100,0
1.209907736,465.6866455078125,440.8304443359375,497.1764221191406,0,-100,0
1.213870611,465.6827087402344,440.42388916015625,497.1759033203125,0,-100,0
1.217786614,465.6773681640625,440.02069091796875,497.1718444824219,0,-100,0
1.2221201879999999,465.673828125,439.61859130859375,497.1710205078125,0,-100,0
1.226037655,465.667724609375,439.2178039550781,497.1719055175781,0,-100,0
1.229947253,465.6607360839844,438.8132019042969,497.1639709472656,0,-100,0
1.234109282,465.6572265625,438.4130859375,497.1668395996094,0,-100,0
1.238028378,465.651123046875,438.00750732421875,497.1648864746094,0,-100,0
1.242067713,465.6498107910156,437.6025085449219,497.1658935546875,0,-100,0
1.246202456,465.6457214355469,437.1953125,497.1583251953125,0,-100,0
1.250102782,465.64007568359375,436.7929382324219,497.1573791503906,0,-100,0
1.254137419,465.6373291015625,436.3909912109375,497.15594482421875,0,-100,0
1.258288136,465.6309509277344,435.9860534667969,497.1480712890625,0,-100,0
1.262299081,465.6299133300781,435.5797424316406,497.1533508300781,0,-100,0
1.26615722,465.6257629394531,435.1776428222656,497.1545104980469,0,-100,0
1.270425526,465.6204833984375,434.7738952636719,497.1514892578125,0,-100,0
1.2744041400000001,465.6144714355469,434.37152099609375,497.1501770019531,0,-100,0
1.2783261719999999,465.6100769042969,433.96771240234375,497.15264892578125,0,-100,0
1.282791435,465.6078186035156,433.56787109375,497.1549377441406,0,-100,0
1.286425576,465.6009216308594,433.16571044921875,497.14910888671875,0,-100,0
1.290465465,465.5999450683594,432.7652893066406,497.1517639160156,0,-100,0
1.29459731,465.5936279296875,432.3643798828125,497.1448974609375,0,-100,0
1.2984945319999999,465.5904235839844,431.9608154296875,497.1445617675781,0,-100,0
1.302513475,465.59039306640625,431.5581359863281,497.1498718261719,0,-100,0
1.306695101,465.5863952636719,431.15216064453125,497.1463928222656,0,-100,0
1.310626533,465.58306884765625,430.7528381347656,497.15167236328125,0,-100,0
1.3146113750000001,465.5780334472656,430.34991455078125,497.1541442871094,0,-100,0
1.318809226,465.5730895996094,429.9482116699219,497.1510314941406,0,-100,0
1.322898904,465.5701904296875,429.5445556640625,497.1480712890625,0,-100,0
1.326708143,465.5658264160156,429.1416015625,497.1482238769531,0,-100,0
1.330857991,465.5610656738281,428.7374267578125,497.14422607421875,0,-100,0
1.334807834,465.5560607910156,428.3349914550781,497.13873291015625,0,-100,0
1.33875171,465.5550842285156,427.932861328125,497.143798828125,0,-100,0
1.3430848260000001,465.5510559082031,427.52752685546875,497.13812255859375,0,-100,0
1.346876535,465.5493469238281,427.1204528808594,497.1309509277344,0,-100,0
1.350863655,465.5469055175781,426.7189025878906,497.13531494140625,0,-100,0
1.355061085,465.53778076171875,426.31732177734375,497.13323974609375,0,-100,0
1.358973244,465.5318908691406,425.9173278808594,497.1345520019531,0,-100,0
1.363021938,465.52593994140625,425.51519775390625,497.1314697265625,0,-100,0
1.367192982,465.5207824707031,425.11505126953125,497.1351013183594,0,-100,0
1.371183636,465.51959228515625,424.71221923828125,497.13604736328125,0,-100,0
1.375104277,465.5175476074219,424.30731201171875,497.1297912597656,0,-100,0
1.379253946,465.51080322265625,423.9051208496094,497.1344299316406,0,-100,0
1.383498984,465.5063781738281,423.5011901855469,497.130126953125,0,-100,0
1.387155682,465.50311279296875,423.0971374511719,497.1249694824219,0,-100,0
1.391363635,465.49591064453125,422.6938171386719,497.12274169921875,0,-100,0
1.395332016,465.49267578125,422.29364013671875,497.12347412109375,0,-100,0
1.399284695,465.4884033203125,421.8921203613281,497.1188659667969,0,-100,0
1.403542802,465.4799499511719,421.4855041503906,497.1115417480469,0,-100,0
1.407383205,465.47894287109375,421.0843811035156,497.116455078125,0,-100,0
1.411312998,465.4728088378906,420.6830139160156,497.10736083984375,0,-100,0
1.415569289,465.4678649902344,420.2806701660156,497.1077575683594,0,-100,0
1.419586021,465.4644470214844,419.879150390625,497.11279296875,0,-100,0
1.423587832,465.4594421386719,419.4757995605469,497.1069641113281,0,-100,0
1.427655411,465.4599304199219,419.074462890625,497.1103210449219,0,-100,0
1.4315727599999999,465.4542541503906,418.6671447753906,497.1094665527344,0,-100,0
1.435511146,465.457275390625,418.2607421875,497.1133728027344,0,-100,0
1.439779287,465.45513916015625,417.8548889160156,497.1093444824219,0,-100,0
1.443762564,465.4488830566406,417.4537353515625,497.1080017089844,0,-100,0
1.447685815,465.44195556640625,417.058837890625,497.1083679199219,0,-100,0
1.4518404440000001,465.437255859375,416.6533203125,497.1012268066406,0,-100,0
1.455775886,465.4383544921875,416.2477111816406,497.107421875,0,-100,0
1.459700508,465.43719482421875,415.84295654296875,497.11151123046875,0,-100,0
1.464050247,465.4329833984375,415.4380798339844,497.1084289550781,0,-100,0
1.467962786,465.4267578125,415.038330078125,497.1091003417969,0,-100,0
1.471864898,465.4202575683594,414.6368713378906,497.1065979003906,0,-100,0
1.4760193799999999,465.4176940917969,414.2362060546875,497.1090393066406,0,-100,0
1.479956155,465.4169006347656,413.8294677734375,497.1041564941406,0,-100,0
1.484217493,465.4150085449219,413.4244689941406,497.1021728515625,0,-100,0
1.488129423,465.4114074707031,413.024658203125,497.1014709472656,0,-100,0
1.492033355,465.4043884277344,412.6237487792969,497.09844970703125,0,-100,0
1.496052322,465.3984375,412.2210388183594,497.09893798828125,0,-100,0
1.500291703,465.39581298828125,411.8168029785156,497.10113525390625,0,-100,0
1.50423972,465.3904113769531,411.4151916503906,497.0989685058594,0,-100,0
1.50808315,465.3839111328125,411.0137634277344,497.0999755859375,0,-100,0
1.512325159,465.3780212402344,410.61163330078125,497.1002502441406,0,-100,0
1.516310461,465.3763732910156,410.20806884765625,497.0978698730469,0,-100,0
1.520249383,465.3746032714844,409.80303955078125,497.0961608886719,0,-100,0
1.524486206,465.3735046386719,409.3951416015625,497.0946960449219,0,-100,0
1.528329673,465.3702087402344,408.9951171875,497.0922546386719,0,-100,0
1.5322685059999999,465.36077880859375,408.5939636230469,497.08612060546875,0,-100,0
1.536531364,465.3559875488281,408.1956787109375,497.0849609375,0,-100,0
1.540437928,465.3552551269531,407.78704833984375,497.0760192871094,0,-100,0
1.544513202,465.3544616699219,407.3779602050781,497.0709228515625,0,-100,0
1.548608142,465.354248046875,406.9760437011719,497.0775146484375,0,-100,0
1.552519854,465.34454345703125,406.57720947265625,497.077392578125,0,-100,0
1.5564771469999998,465.33648681640625,406.1784973144531,497.07183837890625,0,-100,0
1.560759649,465.3330078125,405.775634765625,497.0733947753906,0,-100,0
1.5648836959999999,465.333251953125,405.3675537109375,497.07366943359375,0,-100,0
1.568625687,465.3326721191406,404.9623107910156,497.0699462890625,0,-100,0
1.5725695119999998,465.3264465332031,404.5603942871094,497.068115234375,0,-100,0
1.576728709,465.32000732421875,404.1625061035156,497.07196044921875,0,-100,0
1.580680911,465.3155822753906,403.761962890625,497.07000732421875,0,-100,0
1.585300543,465.31231689453125,403.3558044433594,497.0655517578125,0,-100,0
1.588803978,465.31329345703125,402.9559631347656,497.07366943359375,0,-100,0
1.5928124110000002,465.3038024902344,402.5521545410156,497.067138671875,0,-100,0
1.5969783400000002,465.2975769042969,402.1538391113281,497.06201171875,0,-100,0
1.600911073,465.29833984375,401.7525329589844,497.06817626953125,0,-100,0
1.604933943,465.2933654785156,401.3465881347656,497.06585693359375,0,-100,0
1.609092948,465.29412841796875,400.9436340332031,497.0681457519531,0,-100,0
1.613095951,465.2908630371094,400.546142578125,497.06842041015625,0,-100,0
1.617001084,465.2842102050781,400.1421203613281,497.0668640136719,0,-100,0
1.6211813830000001,465.2784118652344,399.7400207519531,497.0654296875,0,-100,0
1.6252011,465.2769775390625,399.3373107910156,497.0636291503906,0,-100,0
1.6290462460000001,465.272216796875,398.9352722167969,497.06536865234375,0,-100,0
1.633293619,465.2648010253906,398.5312194824219,497.0635986328125,0,-100,0
1.637211321,465.2597351074219,398.131103515625,497.06134033203125,0,-100,0
1.641190868,465.25634765625,397.7296142578125,497.0599060058594,0,-100,0
1.6454331880000002,465.25347900390625,397.3197021484375,497.0541076660156,0,-100,0
1.6492919910000001,465.2548522949219,396.9130554199219,497.05169677734375,0,-100,0
1.653224313,465.2515869140625,396.51116943359375,497.0552062988281,0,-100,0
1.6574993409999998,465.2413330078125,396.1098937988281,497.05340576171875,0,-100,0
1.6614887569999999,465.23785400390625,395.7109069824219,497.0596923828125,0,-100,0
1.665492427,465.2339782714844,395.3080139160156,497.0567932128906,0,-100,0
1.669653846,465.2301025390625,394.9023742675781,497.0564270019531,0,-100,0
1.673473813,465.2290954589844,394.502685546875,497.0627136230469,0,-100,0
1.6774253670000001,465.22052001953125,394.10302734375,497.05633544921875,0,-100,0
1.6816961689999999,465.2145690917969,393.6997375488281,497.0514221191406,0,-100,0
1.685880285,465.2116394042969,393.29638671875,497.0525207519531,0,-100,0
1.689606529,465.20880126953125,392.89031982421875,497.0469055175781,0,-100,0
1.693778542,465.2060852050781,392.48553466796875,497.0429382324219,0,-100,0
1.697700666,465.19921875,392.0821228027344,497.0391540527344,0,-100,0
1.701606419,465.194580078125,391.6824645996094,497.04156494140625,0,-100,0
1.705959955,465.18853759765625,391.28125,497.040283203125,0,-100,0
1.709877377,465.1826171875,390.8750915527344,497.0360107421875,0,-100,0
1.713806703,465.1811828613281,390.4715881347656,497.0387268066406,0,-100,0
1.717934273,465.1765441894531,390.0672302246094,497.03546142578125,0,-100,0
1.721877686,465.1695861816406,389.6642761230469,497.0304870605469,0,-100,0
1.725896372,465.16949462890625,389.2637023925781,497.03955078125,0,-100,0
1.730036997,465.1658935546875,388.858154296875,497.0314636230469,0,-100,0
1.7339630289999999,465.1625671386719,388.45703125,497.02850341796875,0,-100,0
1.737968311,465.1622619628906,388.0565185546875,497.03460693359375,0,-100,0
1.742131222,465.1563720703125,387.6494140625,497.0235900878906,0,-100,0
1.746152825,465.15826416015625,387.2491149902344,497.0268249511719,0,-100,0
1.750009481,465.1535339355469,386.84375,497.0231628417969,0,-100,0
1.7542444069999998,465.1502990722656,386.4405822753906,497.0264892578125,0,-100,0
1.758249516,465.1470031738281,386.0429992675781,497.03033447265625,0,-100,0
1.762166444,465.1385192871094,385.6392822265625,497.02520751953125,0,-100,0
1.7664032779999999,465.1353454589844,385.2364501953125,497.0268859863281,0,-100,0
1.770255316,465.1357116699219,384.8347473144531,497.029052734375,0,-100,0
1.77427538,465.1302185058594,384.4315185546875,497.0211181640625,0,-100,0
1.778450002,465.12744140625,384.029296875,497.0257568359375,0,-100,0
1.78232833,465.1258850097656,383.6247253417969,497.0296630859375,0,-100,0
1.78665473,465.1220397949219,383.22088623046875,497.0234069824219,0,-100,0
1.79055805,465.1210021972656,382.8211364746094,497.0276184082031,0,-100,0
1.7944535560000001,465.1134948730469,382.4179382324219,497.0243225097656,0,-100,0
1.798389032,465.1090087890625,382.0168762207031,497.0238952636719,0,-100,0
1.8026296099999999,465.1078186035156,381.61279296875,497.02227783203125,0,-100,0
1.806744429,465.10076904296875,381.20947265625,497.0155944824219,0,-100,0
1.8105749370000002,465.0970153808594,380.8114929199219,497.0190734863281,0,-100,0
1.814525444,465.0902099609375,380.4120788574219,497.0162353515625,0,-100,0
1.8186631549999999,465.08355712890625,380.00714111328125,497.0132141113281,0,-100,0
1.822581013,465.0814514160156,379.60333251953125,497.0167541503906,0,-100,0
1.826959516,465.07940673828125,379.1983947753906,497.0158996582031,0,-100,0
1.830701888,465.07373046875,378.7938537597656,497.00677490234375,0,-100,0
1.834756045,465.0730285644531,378.3922119140625,497.0146789550781,0,-100,0
1.8389079860000002,465.0643005371094,377.99029541015625,497.0133972167969,0,-100,0
1.8428215369999998,465.0626220703125,377.58563232421875,497.0076904296875,0,-100,0
1.846852264,465.0594482421875,377.1836853027344,497.0088195800781,0,-100,0
1.8510166959999999,465.05279541015625,376.7778015136719,497.0041809082031,0,-100,0
1.855050001,465.0509033203125,376.3761901855469,497.0026550292969,0,-100,0
1.85892307,465.0467529296875,375.9715881347656,496.9994201660156,0,-100,0
1.86311171,465.04150390625,375.5694274902344,496.99908447265625,0,-100,0
1.867131107,465.0419921875,375.16705322265625,497.00640869140625,0,-100,0
1.8709629030000001,465.0340881347656,374.7670593261719,497.0024108886719,0,-100,0
1.875198272,465.0264587402344,374.36688232421875,496.9967956542969,0,-100,0
1.879180259,465.02239990234375,373.96697998046875,497.0045471191406,0,-100,0
1.883121289,465.01318359375,373.56182861328125,496.9942321777344,0,-100,0
1.887548582,465.0124816894531,373.1587219238281,496.9927978515625,0,-100,0
1.891231511,465.01031494140625,372.7555236816406,496.993896484375,0,-100,0
1.895150777,465.0052490234375,372.3510437011719,496.9876708984375,0,-100,0
1.899397003,465.00274658203125,371.95050048828125,496.9875183105469,0,-100,0
1.9034135559999998,464.99603271484375,371.5475769042969,496.98529052734375,0,-100,0
1.907423997,464.9902648925781,371.1457824707031,496.9875793457031,0,-100,0
1.9114767270000002,464.98944091796875,370.74462890625,496.98956298828125,0,-100,0
1.915332042,464.98199462890625,370.3428955078125,496.9857482910156,0,-100,0
1.919375741,464.9761962890625,369.9449768066406,496.9909362792969,0,-100,0
1.9236097989999998,464.97540283203125,369.54345703125,496.99664306640625,0,-100,0
1.927631376,464.9736633300781,369.1370849609375,496.99139404296875,0,-100,0
1.931529078,464.9704284667969,368.7335510253906,496.9925842285156,0,-100,0
1.9357107789999999,464.96624755859375,368.3360900878906,496.9986267089844,0,-100,0
1.939666414,464.96240234375,367.9291076660156,496.9916687011719,0,-100,0
1.943545733,464.9616394042969,367.5248718261719,496.9888000488281,0,-100,0
1.947911204,464.9617614746094,367.1209716796875,496.9911193847656,0,-100,0
1.951808573,464.9540710449219,366.719970703125,496.9851989746094,0,-100,0
1.955715382,464.9523620605469,366.3196105957031,496.982421875,0,-100,0
1.959861802,464.9472961425781,365.9134216308594,496.97735595703125,0,-100,0
1.963923818,464.94256591796875,365.50848388671875,496.9754638671875,0,-100,0
1.967825159,464.94122314453125,365.1065979003906,496.98272705078125,0,-100,0
1.971972482,464.93359375,364.7059326171875,496.9763488769531,0,-100,0
1.975879623,464.9268798828125,364.30328369140625,496.9746398925781,0,-100,0
1.979894587,464.927978515625,363.90289306640625,496.9836120605469,0,-100,0
1.984055209,464.9230041503906,363.4952392578125,496.97418212890625,0,-100,0
1.98827591,464.919189453125,363.0930480957031,496.9715270996094,0,-100,0
1.9919414949999998,464.9156188964844,362.6943664550781,496.9798583984375,0,-100,0
1.996162016,464.9083557128906,362.28948974609375,496.973388671875,0,-100,0
2.000166864,464.9048156738281,361.8899841308594,496.97528076171875,0,-100,0
2.00406179,464.9031677246094,361.490234375,496.97686767578125,0,-100,0
2.008332374,464.89678955078125,361.0841979980469,496.9730529785156,0,-100,0
2.012172292,464.8933410644531,360.68292236328125,496.9730224609375,0,-100,0
2.016094872,464.88690185546875,360.2789611816406,496.9682922363281,0,-100,0
2.020361797,464.8836364746094,359.8721008300781,496.9651794433594,0,-100,0
2.024252118,464.8837890625,359.4696960449219,496.9676513671875,0,-100,0
2.028366427,464.8764953613281,359.0646667480469,496.9580078125,0,-100,0
2.032418508,464.8713073730469,358.6666564941406,496.9542541503906,0,-100,0
2.036368746,464.87042236328125,358.26507568359375,496.9627990722656,0,-100,0
2.040289722,464.865478515625,357.85443115234375,496.9548645019531,0,-100,0
2.044519262,464.8630676269531,357.45025634765625,496.95001220703125,0,-100,0
2.048733242,464.8604736328125,357.05413818359375,496.95538330078125,0,-100,0
2.052454937,464.849609375,356.6512756347656,496.9529113769531,0,-100,0
2.05642257,464.84344482421875,356.2480773925781,496.9469909667969,0,-100,0
2.060579423,464.843017578125,355.84539794921875,496.95166015625,0,-100,0
2.064543361,464.83819580078125,355.4417724609375,496.94781494140625,0,-100,0
2.068939808,464.833984375,355.0411376953125,496.9445495605469,0,-100,0
2.072654832,464.834716796875,354.6438903808594,496.94903564453125,0,-100,0
2.076675147,464.8263244628906,354.2371520996094,496.9424743652344,0,-100,0
2.080818569,464.8260803222656,353.83416748046875,496.94989013671875,0,-100,0
2.084744247,464.8226013183594,353.4339904785156,496.9546813964844,0,-100,0
2.08898414,464.8148498535156,353.0316467285156,496.94488525390625,0,-100,0
2.092951069,464.8120422363281,352.6333923339844,496.95025634765625,0,-100,0
2.096927994,464.8118896484375,352.2289733886719,496.9560241699219,0,-100,0
2.10085938,464.8063659667969,351.8244323730469,496.9462890625,0,-100,0
2.10500942,464.8014831542969,351.4234619140625,496.94525146484375,0,-100,0
2.109015884,464.7965393066406,351.0262756347656,496.9515075683594,0,-100,0
2.112879975,464.7909851074219,350.62200927734375,496.94525146484375,0,-100,0
2.117038734,464.78997802734375,350.22003173828125,496.944580078125,0,-100,0
2.120873006,464.78570556640625,349.8208312988281,496.9450988769531,0,-100,0
2.124954032,464.7807922363281,349.4166259765625,496.9456787109375,0,-100,0
2.129196927,464.78082275390625,349.01239013671875,496.94866943359375,0,-100,0
2.133063985,464.77862548828125,348.6045837402344,496.9436950683594,0,-100,0
2.137001981,464.7737121582031,348.19793701171875,496.9429626464844,0,-100,0
2.141258863,464.77154541015625,347.80267333984375,496.9517517089844,0,-100,0
2.14527032,464.76416015625,347.40386962890625,496.9479064941406,0,-100,0
2.149303869,464.758544921875,346.999755859375,496.94427490234375,0,-100,0
2.153483999,464.7587585449219,346.6011047363281,496.94970703125,0,-100,0
2.157342926,464.7504577636719,346.1963806152344,496.9455871582031,0,-100,0
2.161245339,464.742919921875,345.7953186035156,496.93426513671875,0,-100,0
2.165510314,464.7393493652344,345.39202880859375,496.9344787597656,0,-100,0
2.169477582,464.7348327636719,344.9869689941406,496.93304443359375,0,-100,0
2.173394344,464.7315673828125,344.5811462402344,496.9285888671875,0,-100,0
2.177580179,464.7317810058594,344.1830139160156,496.92852783203125,0,-100,0
2.181533421,464.7242736816406,343.779541015625,496.9276123046875,0,-100,0
2.185446817,464.7167053222656,343.3797607421875,496.92913818359375,0,-100,0
2.190038525,464.7152099609375,342.97662353515625,496.9276123046875,0,-100,0
2.193756022,464.7095031738281,342.57135009765625,496.9222717285156,0,-100,0
2.197635293,464.7040100097656,342.1686096191406,496.9233093261719,0,-100,0
2.201573017,464.7039794921875,341.7688293457031,496.9302673339844,0,-100,0
2.205743404,464.69940185546875,341.3633728027344,496.9192810058594,0,-100,0
2.209764376,464.6976318359375,340.95892333984375,496.91839599609375,0,-100,0
2.213919841,464.6968994140625,340.5576171875,496.92919921875,0,-100,0
2.217806508,464.6905212402344,340.15380859375,496.9246520996094,0,-100,0
2.22182918,464.6853332519531,339.7464904785156,496.9117736816406,0,-100,0
2.225984506,464.6842346191406,339.3480224609375,496.9179992675781,0,-100,0
2.229952446,464.67816162109375,338.94342041015625,496.91497802734375,0,-100,0
2.233869421,464.6690673828125,338.54107666015625,496.9074401855469,0,-100,0
2.238111572,464.6697082519531,338.1400451660156,496.9108581542969,0,-100,0
2.242099885,464.6654357910156,337.7350769042969,496.9081115722656,0,-100,0
2.2460350350000002,464.65863037109375,337.3320007324219,496.90643310546875,0,-100,0
2.250265583,464.65789794921875,336.9329833984375,496.9076232910156,0,-100,0
2.254109988,464.65155029296875,336.529541015625,496.9017639160156,0,-100,0
2.258099057,464.64459228515625,336.123291015625,496.8990173339844,0,-100,0
2.262279817,464.6467590332031,335.7260437011719,496.91094970703125,0,-100,0
2.266165709,464.6421813964844,335.32354736328125,496.9030456542969,0,-100,0
2.270270281,464.6385803222656,334.92071533203125,496.9007568359375,0,-100,0
2.274350599,464.639404296875,334.5200500488281,496.9117126464844,0,-100,0
2.278286582,464.63165283203125,334.11761474609375,496.9101867675781,0,-100,0
2.2822101,464.62274169921875,333.71600341796875,496.90087890625,0,-100,0
2.286442323,464.6240539550781,333.3173828125,496.9077453613281,0,-100,0
2.290816016,464.6213684082031,332.91546630859375,496.9124755859375,0,-100,0
2.2943944849999998,464.6169128417969,332.510009765625,496.9046325683594,0,-100,0
2.298550347,464.6162109375,332.10888671875,496.9053955078125,0,-100,0
2.302516692,464.6134948730469,331.7079772949219,496.90899658203125,0,-100,0
2.306438623,464.6051940917969,331.30413818359375,496.9061279296875,0,-100,0
2.310794831,464.6034851074219,330.9005432128906,496.90643310546875,0,-100,0
2.314532988,464.60150146484375,330.4964904785156,496.905517578125,0,-100,0
2.318565011,464.5927734375,330.09332275390625,496.9023132324219,0,-100,0
2.322763831,464.5897521972656,329.6905517578125,496.9028015136719,0,-100,0
2.326696808,464.5903625488281,329.28997802734375,496.9049987792969,0,-100,0
2.330703539,464.58428955078125,328.8849792480469,496.896240234375,0,-100,0
2.334861075,464.5787048339844,328.48468017578125,496.8968505859375,0,-100,0
2.338867945,464.57177734375,328.0898132324219,496.89910888671875,0,-100,0
2.342860819,464.564453125,327.6896057128906,496.8907775878906,0,-100,0
2.346917706,464.5592041015625,327.28515625,496.8877258300781,0,-100,0
2.350949205,464.5601806640625,326.8808288574219,496.89874267578125,0,-100,0
2.354801585,464.5552673339844,326.4753112792969,496.8943176269531,0,-100,0
2.359042865,464.5509033203125,326.0726013183594,496.8929138183594,0,-100,0
2.362894084,464.55133056640625,325.67413330078125,496.9000549316406,0,-100,0
2.366958555,464.5447998046875,325.2711486816406,496.90167236328125,0,-100,0
2.371202615,464.53875732421875,324.868896484375,496.8988037109375,0,-100,0
2.375045315,464.5358581542969,324.47174072265625,496.8975524902344,0,-100,0
2.37898747,464.5265808105469,324.0711669921875,496.8945007324219,0,-100,0
2.383229054,464.5218811035156,323.6641540527344,496.89349365234375,0,-100,0
2.387253185,464.52099609375,323.2620849609375,496.89154052734375,0,-100,0
2.39145145,464.5146484375,322.8586120605469,496.88360595703125,0,-100,0
2.395325797,464.5117492675781,322.4551696777344,496.8810119628906,0,-100,0
2.39924734,464.51092529296875,322.0508728027344,496.88385009765625,0,-100,0
2.4031869869999998,464.50732421875,321.6469421386719,496.8785705566406,0,-100,0
2.407446221,464.5009765625,321.2467346191406,496.86920166015625,0,-100,0
2.411396548,464.49591064453125,320.8470764160156,496.8724365234375,0,-100,0
2.415325208,464.49468994140625,320.44183349609375,496.8752136230469,0,-100,0
2.419501191,464.4891662597656,320.03594970703125,496.8677978515625,0,-100,0
2.423443884,464.48529052734375,319.6347961425781,496.86883544921875,0,-100,0
2.4274212459999998,464.4818115234375,319.2356872558594,496.8722839355469,0,-100,0
2.431749251,464.474853515625,318.8316650390625,496.870361328125,0,-100,0
2.435653224,464.4764099121094,318.4286804199219,496.87115478515625,0,-100,0
2.439522804,464.4770812988281,318.0261535644531,496.8736267089844,0,-100,0
2.44349088,464.4684753417969,317.62200927734375,496.873779296875,0,-100,0
2.447731461,464.4609680175781,317.2203369140625,496.8742370605469,0,-100,0
2.451589325,464.4593200683594,316.8216552734375,496.8741455078125,0,-100,0
2.455821662,464.4538879394531,316.41815185546875,496.8667297363281,0,-100,0
2.459699092,464.4497375488281,316.0152893066406,496.86749267578125,0,-100,0
2.463754535,464.4472351074219,315.6169128417969,496.8727111816406,0,-100,0
2.467880605,464.4440002441406,315.21337890625,496.87030029296875,0,-100,0
2.471888824,464.4394836425781,314.806884765625,496.8611755371094,0,-100,0
2.47576693,464.4375,314.40692138671875,496.8675537109375,0,-100,0
2.479989833,464.4339294433594,314.0090026855469,496.8723449707031,0,-100,0
2.484013159,464.4295654296875,313.60394287109375,496.8642883300781,0,-100,0
2.487902631,464.43035888671875,313.19903564453125,496.8626403808594,0,-100,0
2.492385627,464.428955078125,312.79705810546875,496.8685607910156,0,-100,0
2.496026554,464.4207763671875,312.3955993652344,496.8642578125,0,-100,0
2.499932168,464.4166564941406,311.99359130859375,496.86065673828125,0,-100,0
2.504205865,464.4144287109375,311.59521484375,496.8614807128906,0,-100,0
2.50809629,464.4087829589844,311.1893310546875,496.8595275878906,0,-100,0
2.512177303,464.40380859375,310.78643798828125,496.862548828125,0,-100,0
2.5162487909999998,464.4024658203125,310.3876647949219,496.8657531738281,0,-100,0
2.52019636,464.3975524902344,309.98651123046875,496.8605651855469,0,-100,0
2.524122196,464.389892578125,309.5827331542969,496.85687255859375,0,-100,0
2.528378051,464.38909912109375,309.1808166503906,496.8600769042969,0,-100,0
2.5325662859999998,464.3893127441406,308.7801818847656,496.86041259765625,0,-100,0
2.536287242,464.3788146972656,308.37677001953125,496.8497619628906,0,-100,0
2.540469164,464.3776550292969,307.97430419921875,496.8588562011719,0,-100,0
2.544380011,464.3733825683594,307.5707092285156,496.8622131347656,0,-100,0
2.548326584,464.3657531738281,307.167724609375,496.8517150878906,0,-100,0
2.552778306,464.358642578125,306.7689208984375,496.85015869140625,0,-100,0
2.556463011,464.35430908203125,306.36932373046875,496.85504150390625,0,-100,0
2.560496536,464.3471374511719,305.9683837890625,496.85479736328125,0,-100,0
2.5646515020000002,464.3409423828125,305.5654296875,496.8484802246094,0,-100,0
2.5685760760000003,464.34210205078125,305.162109375,496.8487854003906,0,-100,0
2.572517736,464.34100341796875,304.755859375,496.8514404296875,0,-100,0
2.576784038,464.33660888671875,304.3442077636719,496.842529296875,0,-100,0
2.580794556,464.3354187011719,303.945556640625,496.84417724609375,0,-100,0
2.584681254,464.33123779296875,303.54644775390625,496.8446044921875,0,-100,0
2.588856502,464.31939697265625,303.1451416015625,496.8396301269531,0,-100,0
2.593078747,464.3172912597656,302.7449951171875,496.84417724609375,0,-100,0
2.596730833,464.31549072265625,302.34619140625,496.8476257324219,0,-100,0
2.600926572,464.31005859375,301.941162109375,496.842529296875,0,-100,0
2.604841468,464.3028259277344,301.5373229980469,496.8395080566406,0,-100,0
2.608860676,464.30352783203125,301.134765625,496.84356689453125,0,-100,0
2.613113548,464.30126953125,300.7302551269531,496.84326171875,0,-100,0
2.616958359,464.2925720214844,300.3283386230469,496.8333740234375,0,-100,0
2.620900651,464.2869873046875,299.9311828613281,496.8362121582031,0,-100,0
2.625169357,464.282958984375,299.5300598144531,496.83831787109375,0,-100,0
2.629140305,464.2777099609375,299.1255798339844,496.8280944824219,0,-100,0
2.633142863,464.2779541015625,298.7223815917969,496.8299255371094,0,-100,0
2.637313449,464.2764892578125,298.32171630859375,496.8341369628906,0,-100,0
2.641154624,464.2712707519531,297.9159851074219,496.8295593261719,0,-100,0
2.645106643,464.26531982421875,297.5097961425781,496.8204345703125,0,-100,0
2.649352431,464.2637634277344,297.11187744140625,496.82098388671875,0,-100,0
2.653311716,464.26092529296875,296.70806884765625,496.8256530761719,0,-100,0
2.657266287,464.2557678222656,296.3040466308594,496.8244323730469,0,-100,0
2.661415318,464.2548522949219,295.90240478515625,496.8280029296875,0,-100,0
2.66534228,464.25390625,295.5050964355469,496.8301696777344,0,-100,0
2.669278349,464.2489929199219,295.1005859375,496.83099365234375,0,-100,0
2.673641184,464.2450866699219,294.6958312988281,496.8310546875,0,-100,0
2.6775324940000003,464.2460632324219,294.2929382324219,496.8330383300781,0,-100,0
2.681440596,464.2419128417969,293.8951416015625,496.8297424316406,0,-100,0
2.685617774,464.236572265625,293.4904479980469,496.827392578125,0,-100,0
2.6895475319999997,464.23272705078125,293.0906982421875,496.83074951171875,0,-100,0
2.693501219,464.2309265136719,292.69195556640625,496.8302307128906,0,-100,0
2.697748342,464.2252197265625,292.2891845703125,496.823486328125,0,-100,0
2.701626268,464.2211608886719,291.8858947753906,496.82220458984375,0,-100,0
2.705649421,464.2194519042969,291.4850769042969,496.82830810546875,0,-100,0
2.709806109,464.2132568359375,291.0816955566406,496.8228759765625,0,-100,0
2.713847795,464.2061767578125,290.67999267578125,496.81854248046875,0,-100,0
2.717694346,464.20123291015625,290.2799072265625,496.813720703125,0,-100,0
2.722002454,464.2032165527344,289.8782653808594,496.82220458984375,0,-100,0
2.725945088,464.1955261230469,289.4727783203125,496.81671142578125,0,-100,0
2.729823585,464.19073486328125,289.0718994140625,496.8128356933594,0,-100,0
2.734096836,464.1881103515625,288.6726989746094,496.8157958984375,0,-100,0
2.737910971,464.1860656738281,288.2679443359375,496.8183898925781,0,-100,0
2.7418606199999997,464.1802062988281,287.86236572265625,496.81646728515625,0,-100,0
2.7461191019999998,464.1776123046875,287.45977783203125,496.8168029785156,0,-100,0
2.750004316,464.1756591796875,287.05670166015625,496.8133850097656,0,-100,0
2.75410816,464.1683349609375,286.6506042480469,496.81182861328125,0,-100,0
2.75816688,464.1628112792969,286.2514343261719,496.81396484375,0,-100,0
2.762114397,464.15771484375,285.8565368652344,496.8143310546875,0,-100,0
2.766056567,464.1524658203125,285.45758056640625,496.81304931640625,0,-100,0
2.770299478,464.1454162597656,285.0523376464844,496.80914306640625,0,-100,0
2.77439877,464.14471435546875,284.6506042480469,496.81597900390625,0,-100,0
2.778206713,464.1437072753906,284.2478332519531,496.8096618652344,0,-100,0
2.782365013,464.1378173828125,283.8436279296875,496.80267333984375,0,-100,0
2.786290034,464.13372802734375,283.4414367675781,496.80303955078125,0,-100,0
2.790246378,464.1313781738281,283.04241943359375,496.80999755859375,0,-100,0
2.794809596,464.120849609375,282.6417541503906,496.8043212890625,0,-100,0
2.798382067,464.11474609375,282.2417297363281,496.79791259765625,0,-100,0
2.802394771,464.1108093261719,281.8402404785156,496.79730224609375,0,-100,0
2.806661495,464.1087646484375,281.4341125488281,496.80084228515625,0,-100,0
2.810681088,464.1025085449219,281.0312805175781,496.7984619140625,0,-100,0
2.814428189,464.0989074707031,280.6260681152344,496.7936096191406,0,-100,0
2.8186975629999997,464.097412109375,280.2206726074219,496.7922058105469,0,-100,0
2.822706016,464.0943298339844,279.8194274902344,496.795654296875,0,-100,0
2.826718406,464.0884094238281,279.4216613769531,496.7964782714844,0,-100,0
2.8305953329999998,464.0822448730469,279.01739501953125,496.7918395996094,0,-100,0
2.834795302,464.0837707519531,278.6144104003906,496.7920227050781,0,-100,0
2.8386410890000002,464.080322265625,278.2106018066406,496.79266357421875,0,-100,0
2.842860983,464.0728454589844,277.80767822265625,496.7931823730469,0,-100,0
2.846773511,464.07122802734375,277.4061584472656,496.79730224609375,0,-100,0
2.850792283,464.0705261230469,277.00311279296875,496.7967529296875,0,-100,0
2.855033572,464.0621337890625,276.6000061035156,496.79095458984375,0,-100,0
2.858886775,464.0578918457031,276.19964599609375,496.7970886230469,0,-100,0
2.862821642,464.0550537109375,275.79986572265625,496.79791259765625,0,-100,0
2.867084393,464.0518798828125,275.3983154296875,496.7935791015625,0,-100,0
2.871065539,464.0439453125,274.9961242675781,496.7890319824219,0,-100,0
2.875071407,464.0417785644531,274.5958557128906,496.794921875,0,-100,0
2.879135459,464.04150390625,274.1946105957031,496.798828125,0,-100,0
2.883085091,464.0364074707031,273.790771484375,496.791748046875,0,-100,0
2.887004598,464.0344543457031,273.3861389160156,496.7875671386719,0,-100,0
2.891249766,464.0296630859375,272.9837341308594,496.7872619628906,0,-100,0
2.895456551,464.02557373046875,272.58447265625,496.79058837890625,0,-100,0
2.899176846,464.022216796875,272.177490234375,496.7835998535156,0,-100,0
2.903336037,464.0199890136719,271.775146484375,496.7813415527344,0,-100,0
2.907283231,464.0164489746094,271.37469482421875,496.7810363769531,0,-100,0
2.911286488,464.0125427246094,270.9743347167969,496.7852478027344,0,-100,0
2.915546659,464.0072937011719,270.570556640625,496.7857360839844,0,-100,0
2.919447543,464.00677490234375,270.169189453125,496.7869567871094,0,-100,0
2.923361614,464.00115966796875,269.76934814453125,496.7886047363281,0,-100,0
2.92753716,463.9953918457031,269.36553955078125,496.78424072265625,0,-100,0
2.931461669,463.99017333984375,268.96478271484375,496.7864990234375,0,-100,0
2.935496479,463.98931884765625,268.5632629394531,496.7845153808594,0,-100,0
2.9396740980000002,463.98638916015625,268.1620788574219,496.78533935546875,0,-100,0
2.943505976,463.9834899902344,267.7611083984375,496.7865905761719,0,-100,0
2.947559833,463.97705078125,267.35968017578125,496.78997802734375,0,-100,0
2.951727698,463.974365234375,266.9559326171875,496.7894287109375,0,-100,0
2.955746351,463.97186279296875,266.55621337890625,496.7858581542969,0,-100,0
2.959607835,463.9621887207031,266.15557861328125,496.7802734375,0,-100,0
2.963868515,463.9557189941406,265.7558898925781,496.7790832519531,0,-100,0
2.967852707,463.9507751464844,265.3550720214844,496.78192138671875,0,-100,0
2.971730227,463.94696044921875,264.950439453125,496.7767028808594,0,-100,0
2.976007368,463.9439392089844,264.5429992675781,496.7712707519531,0,-100,0
2.979840413,463.941162109375,264.13665771484375,496.7719421386719,0,-100,0
2.983801668,463.9403381347656,263.7376403808594,496.77838134765625,0,-100,0
2.988028838,463.9330139160156,263.3340148925781,496.7729797363281,0,-100,0
2.991910473,463.9287414550781,262.9317932128906,496.7682189941406,0,-100,0
2.996233572,463.9273681640625,262.5332946777344,496.7707824707031,0,-100,0
3.000088663,463.9202575683594,262.1348571777344,496.77081298828125,0,-100,0
3.004039785,463.9122314453125,261.7320556640625,496.7672424316406,0,-100,0
3.007975256,463.9114990234375,261.32720947265625,496.7639465332031,0,-100,0
3.012215942,463.90875244140625,260.92327880859375,496.76580810546875,0,-100,0
3.016392828,463.90496826171875,260.5202941894531,496.7641906738281,0,-100,0
3.020138838,463.8973388671875,260.1200866699219,496.7637023925781,0,-100,0
3.024284753,463.8907470703125,259.721923828125,496.7615966796875,0,-100,0
3.028215547,463.8894348144531,259.3205871582031,496.76202392578125,0,-100,0
3.032155627,463.886962890625,258.9166259765625,496.75872802734375,0,-100,0
3.036502403,463.8824462890625,258.5129089355469,496.7604675292969,0,-100,0
3.040293168,463.87799072265625,258.1060791015625,496.75653076171875,0,-100,0
3.044315192,463.8764953613281,257.7047119140625,496.75341796875,0,-100,0
3.048485357,463.8731689453125,257.30316162109375,496.75457763671875,0,-100,0
3.052423252,463.8682861328125,256.89990234375,496.7542724609375,0,-100,0
3.056421122,463.8636474609375,256.49884033203125,496.7560729980469,0,-100,0
3.060629577,463.8594055175781,256.095947265625,496.7592468261719,0,-100,0
3.064615158,463.8550109863281,255.69387817382813,496.7557067871094,0,-100,0
3.068507737,463.84942626953125,255.28970336914063,496.75250244140625,0,-100,0
3.072470978,463.8460998535156,254.88587951660156,496.7528381347656,0,-100,0
3.076698906,463.8434753417969,254.4804229736328,496.7530212402344,0,-100,0
3.0805674339999998,463.838134765625,254.07960510253906,496.7533874511719,0,-100,0
3.084801165,463.8332214355469,253.67701721191406,496.7514343261719,0,-100,0
3.088678946,463.8285827636719,253.2777557373047,496.7494812011719,0,-100,0
3.0927092,463.82855224609375,252.87783813476563,496.75677490234375,0,-100,0
3.097207133,463.8250427246094,252.47451782226563,496.75274658203125,0,-100,0
3.100861729,463.8203430175781,252.07322692871094,496.7490234375,0,-100,0
3.104738626,463.81549072265625,251.6750030517578,496.7469482421875,0,-100,0
3.108982431,463.8136901855469,251.2758331298828,496.74871826171875,0,-100,0
3.112998913,463.8078918457031,250.87368774414063,496.7510070800781,0,-100,0
3.11693716,463.80517578125,250.46771240234375,496.7490234375,0,-100,0
3.121005262,463.8016052246094,250.06503295898438,496.7471618652344,0,-100,0
3.12471526,463.7995300292969,249.6652069091797,496.7508544921875,0,-100,0
3.128598769,463.7950134277344,249.26145935058594,496.7516174316406,0,-100,0
3.1328878749999998,463.79180908203125,248.85986328125,496.7523498535156,0,-100,0
3.136875173,463.7882995605469,248.457275390625,496.7505187988281,0,-100,0
3.140800586,463.78973388671875,248.05416870117188,496.7529602050781,0,-100,0
3.14498543,463.7850036621094,247.6520538330078,496.7522888183594,0,-100,0
3.148925992,463.7782897949219,247.25148010253906,496.7520751953125,0,-100,0
3.152879921,463.7737121582031,246.85345458984375,496.75103759765625,0,-100,0
3.157221675,463.770263671875,246.45404052734375,496.749755859375,0,-100,0
3.161146367,463.766357421875,246.05184936523438,496.74786376953125,0,-100,0
3.165086788,463.7608642578125,245.6485137939453,496.7460632324219,0,-100,0
3.16926579,463.7572021484375,245.24417114257813,496.74560546875,0,-100,0
3.173251787,463.755126953125,244.84210205078125,496.7434997558594,0,-100,0
3.177363628,463.75054931640625,244.4418182373047,496.7402648925781,0,-100,0
3.18150395,463.745849609375,244.04122924804688,496.73870849609375,0,-100,0
3.185503928,463.74078369140625,243.64358520507813,496.73974609375,0,-100,0
3.189472996,463.73565673828125,243.24388122558594,496.7436828613281,0,-100,0
3.193648006,463.7322082519531,242.83970642089844,496.74169921875,0,-100,0
3.197887818,463.727783203125,242.43588256835938,496.7375183105469,0,-100,0
3.201525014,463.7266845703125,242.03182983398438,496.73773193359375,0,-100,0
3.205858858,463.72454833984375,241.62582397460938,496.7424621582031,0,-100,0
3.2097821,463.7187194824219,241.2215576171875,496.7388000488281,0,-100,0
3.213660237,463.71282958984375,240.82659912109375,496.7375183105469,0,-100,0
3.217930315,463.7080383300781,240.42291259765625,496.73309326171875,0,-100,0
3.221768076,463.7086181640625,240.02056884765625,496.7353820800781,0,-100,0
3.225713875,463.7049560546875,239.61581420898438,496.7394104003906,0,-100,0
3.229953327,463.70050048828125,239.20977783203125,496.7347106933594,0,-100,0
3.233857861,463.6966552734375,238.8083038330078,496.7286071777344,0,-100,0
3.237941386,463.6949768066406,238.40821838378906,496.7309875488281,0,-100,0
3.241997467,463.6893005371094,238.00692749023438,496.7333068847656,0,-100,0
3.245950649,463.68145751953125,237.60482788085938,496.73187255859375,0,-100,0
3.249898049,463.67474365234375,237.2052459716797,496.7283630371094,0,-100,0
3.254157649,463.6723937988281,236.8031768798828,496.72601318359375,0,-100,0
3.258212899,463.6698913574219,236.40016174316406,496.7269592285156,0,-100,0
3.2620457480000002,463.662841796875,235.99679565429688,496.72357177734375,0,-100,0
3.266218067,463.6591796875,235.59210205078125,496.725341796875,0,-100,0
3.270142654,463.65618896484375,235.1902618408203,496.7235412597656,0,-100,0
3.274060404,463.6515197753906,234.79232788085938,496.7220764160156,0,-100,0
3.278422859,463.6482238769531,234.39089965820313,496.7220153808594,0,-100,0
3.282209345,463.642822265625,233.98367309570313,496.7197265625,0,-100,0
3.286220034,463.6376953125,233.57745361328125,496.72125244140625,0,-100,0
3.29050567,463.6351623535156,233.17784118652344,496.7212219238281,0,-100,0
3.294336536,463.628662109375,232.7759246826172,496.71563720703125,0,-100,0
3.298583034,463.6246337890625,232.3716583251953,496.7146911621094,0,-100,0
3.302534267,463.62017822265625,231.9708251953125,496.7192077636719,0,-100,0
3.306539353,463.6171875,231.57041931152344,496.72296142578125,0,-100,0
3.310451437,463.6121826171875,231.16818237304688,496.7193603515625,0,-100,0
3.31457808,463.6086730957031,230.765869140625,496.7174987792969,0,-100,0
3.318621073,463.6037902832031,230.36538696289063,496.7159423828125,0,-100,0
3.322464004,463.5992736816406,229.9636688232422,496.71875,0,-100,0
3.326734639,463.59783935546875,229.55992126464844,496.7181396484375,0,-100,0
3.330632773,463.5921325683594,229.1593017578125,496.7123718261719,0,-100,0
3.334638641,463.58782958984375,228.76077270507813,496.7096252441406,0,-100,0
3.3388899,463.5826721191406,228.36154174804688,496.70953369140625,0,-100,0
3.342684903,463.5791015625,227.95948791503906,496.7125244140625,0,-100,0
3.346661082,463.5736083984375,227.5590057373047,496.7133483886719,0,-100,0
3.350909587,463.5701599121094,227.15316772460938,496.712890625,0,-100,0
3.354923726,463.5700378417969,226.74705505371094,496.7120056152344,0,-100,0
3.358911731,463.56640625,226.34498596191406,496.7119445800781,0,-100,0
3.362976487,463.560791015625,225.94500732421875,496.71551513671875,0,-100,0
3.366908216,463.5579833984375,225.54393005371094,496.7152404785156,0,-100,0
3.370848191,463.5525817871094,225.14129638671875,496.7115783691406,0,-100,0
3.375089415,463.54962158203125,224.74014282226563,496.7121887207031,0,-100,0
3.379062034,463.54656982421875,224.33975219726563,496.7127380371094,0,-100,0
3.383000135,463.5428161621094,223.93655395507813,496.71160888671875,0,-100,0
3.387186475,463.5372619628906,223.53225708007813,496.7112731933594,0,-100,0
3.391113094,463.53466796875,223.12905883789063,496.7084655761719,0,-100,0
3.3951238999999998,463.5318603515625,222.72882080078125,496.7097473144531,0,-100,0
3.399587771,463.5273132324219,222.32965087890625,496.7088317871094,0,-100,0
3.40330666,463.52069091796875,221.92864990234375,496.71051025390625,0,-100,0
3.407224976,463.5176086425781,221.52687072753906,496.7142333984375,0,-100,0
3.411359107,463.5169677734375,221.12277221679688,496.7152099609375,0,-100,0
3.415284123,463.51422119140625,220.72015380859375,496.71112060546875,0,-100,0
3.419328061,463.5096130371094,220.31687927246094,496.71270751953125,0,-100,0
3.423485014,463.5041809082031,219.91122436523438,496.7128601074219,0,-100,0
3.42735868,463.5003356933594,219.5089111328125,496.7149963378906,0,-100,0
3.431405491,463.4988098144531,219.11109924316406,496.7174072265625,0,-100,0
3.435551186,463.49298095703125,218.70834350585938,496.7127990722656,0,-100,0
3.439595112,463.4912109375,218.30511474609375,496.713623046875,0,-100,0
3.443416105,463.4872131347656,217.90203857421875,496.71435546875,0,-100,0
3.447688748,463.4828186035156,217.49977111816406,496.7165832519531,0,-100,0
3.45170604,463.47991943359375,217.09732055664063,496.71282958984375,0,-100,0
3.455595959,463.47503662109375,216.69639587402344,496.7092590332031,0,-100,0
3.4598629819999998,463.4710388183594,216.29556274414063,496.7060241699219,0,-100,0
3.463685867,463.4676818847656,215.89315795898438,496.7096252441406,0,-100,0
3.467632185,463.4609680175781,215.4910888671875,496.7060241699219,0,-100,0
3.471856945,463.4561462402344,215.08909606933594,496.7001647949219,0,-100,0
3.475761794,463.4512939453125,214.68841552734375,496.69696044921875,0,-100,0
3.479932787,463.44476318359375,214.28375244140625,496.69049072265625,0,-100,0
3.483955204,463.4429016113281,213.88258361816406,496.6950988769531,0,-100,0
3.4878811450000002,463.43829345703125,213.4801483154297,496.6968688964844,0,-100,0
3.491817332,463.4322204589844,213.0810546875,496.6949157714844,0,-100,0
3.496051007,463.4297180175781,212.6771697998047,496.6948547363281,0,-100,0
3.500361329,463.427734375,212.2732696533203,496.69537353515625,0,-100,0
3.50400013,463.4252624511719,211.87179565429688,496.6961364746094,0,-100,0
3.508121215,463.4196472167969,211.46730041503906,496.69610595703125,0,-100,0
3.512056303,463.4159851074219,211.0644073486328,496.6961669921875,0,-100,0
3.51599366,463.41217041015625,210.6648712158203,496.6916198730469,0,-100,0
3.520333756,463.40753173828125,210.2669677734375,496.6913757324219,0,-100,0
3.524125346,463.4013671875,209.86692810058594,496.6908264160156,0,-100,0
3.528134734,463.3965148925781,209.46421813964844,496.69183349609375,0,-100,0
3.532331815,463.3911437988281,209.05796813964844,496.692626953125,0,-100,0
3.536246984,463.388671875,208.65455627441406,496.68890380859375,0,-100,0
3.540275775,463.3843078613281,208.25547790527344,496.68585205078125,0,-100,0
3.544439445,463.3837585449219,207.85595703125,496.68914794921875,0,-100,0
3.548464005,463.3778381347656,207.4560546875,496.689697265625,0,-100,0
3.552352537,463.3719482421875,207.05657958984375,496.69415283203125,0,-100,0
3.5564995489999998,463.3670349121094,206.6537322998047,496.6910095214844,0,-100,0
3.560561763,463.36846923828125,206.2520294189453,496.691650390625,0,-100,0
3.5644558330000002,463.3641052246094,205.8465576171875,496.6880187988281,0,-100,0
3.568629063,463.3601989746094,205.43963623046875,496.6864013671875,0,-100,0
3.572509842,463.3533935546875,205.03839111328125,496.6862487792969,0,-100,0
3.576531432,463.3470458984375,204.6380615234375,496.685546875,0,-100,0
3.580820002,463.34295654296875,204.23744201660156,496.6817626953125,0,-100,0
3.584726912,463.3398742675781,203.8351287841797,496.67828369140625,0,-100,0
3.58859086,463.33758544921875,203.4289093017578,496.67724609375,0,-100,0
3.592838477,463.332763671875,203.02610778808594,496.6773376464844,0,-100,0
3.596832908,463.32818603515625,202.6215362548828,496.6763610839844,0,-100,0
3.60102458,463.32659912109375,202.21934509277344,496.6751708984375,0,-100,0
3.604919306,463.3221435546875,201.8201141357422,496.6737060546875,0,-100,0
3.60884723,463.31494140625,201.41995239257813,496.6720275878906,0,-100,0
3.612773477,463.3089294433594,201.01870727539063,496.6683654785156,0,-100,0
3.617019238,463.306884765625,200.61651611328125,496.6725158691406,0,-100,0
3.620981642,463.30352783203125,200.2140655517578,496.6746826171875,0,-100,0
3.624927778,463.2980041503906,199.81015014648438,496.67071533203125,0,-100,0
3.629075548,463.29669189453125,199.4066925048828,496.66864013671875,0,-100,0
3.633022918,463.29327392578125,199.00787353515625,496.6700744628906,0,-100,0
3.636956053,463.2879943847656,198.60720825195313,496.67095947265625,0,-100,0
3.641286275,463.28753662109375,198.20303344726563,496.6745910644531,0,-100,0
3.645207161,463.2848815917969,197.8011016845703,496.6727294921875,0,-100,0
3.649122979,463.2806701660156,197.40084838867188,496.6704406738281,0,-100,0
3.653279343,463.27825927734375,196.99636840820313,496.6708068847656,0,-100,0
3.657220207,463.2733154296875,196.59475708007813,496.67254638671875,0,-100,0
3.661236849,463.2691345214844,196.19320678710938,496.676025390625,0,-100,0
3.665389085,463.2640380859375,195.79095458984375,496.6771240234375,0,-100,0
3.669358716,463.260498046875,195.38966369628906,496.67559814453125,0,-100,0
3.673299888,463.2563171386719,194.98728942871094,496.6765441894531,0,-100,0
3.67747083,463.2524108886719,194.58738708496094,496.6767883300781,0,-100,0
3.681500552,463.25048828125,194.18333435058594,496.67901611328125,0,-100,0
3.6853158390000003,463.245849609375,193.78048706054688,496.68023681640625,0,-100,0
3.689690293,463.2396545410156,193.38088989257813,496.6797180175781,0,-100,0
3.69361437,463.2371520996094,192.9831085205078,496.6810302734375,0,-100,0
3.697516225,463.2326354980469,192.58523559570313,496.6810607910156,0,-100,0
3.701971092,463.22991943359375,192.1836700439453,496.6802673339844,0,-100,0
3.7056334,463.22491455078125,191.7756805419922,496.6788330078125,0,-100,0
3.70953491,463.22137451171875,191.36805725097656,496.6765441894531,0,-100,0
3.713795339,463.2158203125,190.9665985107422,496.6696472167969,0,-100,0
3.7176844239999998,463.2124328613281,190.56887817382813,496.6699523925781,0,-100,0
3.721794605,463.2089538574219,190.16822814941406,496.6709289550781,0,-100,0
3.725933405,463.2037353515625,189.76663208007813,496.6690368652344,0,-100,0
3.729795324,463.19873046875,189.36383056640625,496.6705017089844,0,-100,0
3.733761196,463.1960754394531,188.9606475830078,496.6698913574219,0,-100,0
3.737963731,463.1939697265625,188.5569305419922,496.6695556640625,0,-100,0
3.7420413249999998,463.192138671875,188.15252685546875,496.6690979003906,0,-100,0
3.745877301,463.1856994628906,187.75112915039063,496.67083740234375,0,-100,0
3.750039207,463.17779541015625,187.35096740722656,496.66943359375,0,-100,0
3.7540143070000003,463.17291259765625,186.95074462890625,496.6724853515625,0,-100,0
3.757906915,463.16998291015625,186.5499725341797,496.6747741699219,0,-100,0
3.762254222,463.16766357421875,186.1450653076172,496.67132568359375,0,-100,0
3.766043801,463.165771484375,185.73902893066406,496.6724548339844,0,-100,0
3.770049249,463.1585693359375,185.33729553222656,496.6715087890625,0,-100,0
3.774321608,463.1545104980469,184.93295288085938,496.6707763671875,0,-100,0
3.778179874,463.1490783691406,184.53135681152344,496.6679992675781,0,-100,0
3.78220337,463.1449890136719,184.1347198486328,496.6690673828125,0,-100,0
3.786352716,463.14129638671875,183.7338104248047,496.6651306152344,0,-100,0
3.790374483,463.13800048828125,183.33078002929688,496.6647033691406,0,-100,0
3.794267617,463.1347351074219,182.9269256591797,496.6654052734375,0,-100,0
3.798410292,463.13128662109375,182.52069091796875,496.6642150878906,0,-100,0
3.8026805980000002,463.1291198730469,182.1193084716797,496.6678161621094,0,-100,0
3.806313244,463.12335205078125,181.71728515625,496.66064453125,0,-100,0
3.810568759,463.11956787109375,181.3167724609375,496.65533447265625,0,-100,0
3.814410395,463.11663818359375,180.91427612304688,496.6564636230469,0,-100,0
3.818460726,463.1127624511719,180.51219177246094,496.65679931640625,0,-100,0
3.822729774,463.10711669921875,180.1106414794922,496.6575622558594,0,-100,0
3.826561251,463.10321044921875,179.70953369140625,496.6604309082031,0,-100,0
3.830501488,463.0969543457031,179.30416870117188,496.6558532714844,0,-100,0
3.834769622,463.0928649902344,178.90243530273438,496.6528015136719,0,-100,0
3.838777836,463.08599853515625,178.50192260742188,496.6529846191406,0,-100,0
3.842731166,463.08209228515625,178.10121154785156,496.6536560058594,0,-100,0
3.846822748,463.0796203613281,177.69830322265625,496.65802001953125,0,-100,0
3.850766443,463.0762634277344,177.29373168945313,496.6578063964844,0,-100,0
3.854685216,463.07379150390625,176.8897247314453,496.65435791015625,0,-100,0
3.858978394,463.0697021484375,176.4894256591797,496.6509704589844,0,-100,0
3.8629069769999997,463.0643615722656,176.09141540527344,496.6498107910156,0,-100,0
3.866835724,463.0604553222656,175.6947021484375,496.65264892578125,0,-100,0
3.870986914,463.05517578125,175.2906036376953,496.651123046875,0,-100,0
3.874943672,463.05133056640625,174.88522338867188,496.6514587402344,0,-100,0
3.878924671,463.0485534667969,174.47950744628906,496.6458435058594,0,-100,0
3.883224624,463.04254150390625,174.07888793945313,496.6417541503906,0,-100,0
3.88713555,463.0363464355469,173.679443359375,496.6410217285156,0,-100,0
3.8910160510000003,463.03253173828125,173.2805938720703,496.64080810546875,0,-100,0
3.895182138,463.028564453125,172.87840270996094,496.6418762207031,0,-100,0
3.899038767,463.0235900878906,172.47406005859375,496.6437072753906,0,-100,0
3.903377549,463.0208740234375,172.07276916503906,496.64337158203125,0,-100,0
3.9073465069999997,463.0186462402344,171.6678924560547,496.6426086425781,0,-100,0
3.911199524,463.0170593261719,171.2649688720703,496.6421203613281,0,-100,0
3.915260055,463.01458740234375,170.864501953125,496.64691162109375,0,-100,0
3.919382613,463.0096435546875,170.4633331298828,496.64642333984375,0,-100,0
3.9234087840000003,463.0048828125,170.06248474121094,496.6466979980469,0,-100,0
3.927267254,463.0013427734375,169.66024780273438,496.6461181640625,0,-100,0
3.931512959,462.9969482421875,169.2580108642578,496.6450500488281,0,-100,0
3.935520302,462.9961242675781,168.85472106933594,496.64520263671875,0,-100,0
3.939411135,462.9916076660156,168.4488525390625,496.6422424316406,0,-100,0
3.9437617080000003,462.986572265625,168.04551696777344,496.64111328125,0,-100,0
3.9475234280000002,462.9830627441406,167.64598083496094,496.6459045410156,0,-100,0
3.951441303,462.9763488769531,167.24752807617188,496.6438293457031,0,-100,0
3.955698338,462.972900390625,166.8469696044922,496.64111328125,0,-100,0
3.959595452,462.9714660644531,166.44534301757813,496.6413269042969,0,-100,0
3.9638363930000002,462.9684143066406,166.0393829345703,496.6410217285156,0,-100,0
3.967746167,462.96484375,165.63494873046875,496.6417541503906,0,-100,0
3.971715089,462.9595031738281,165.23509216308594,496.6420593261719,0,-100,0
3.975650905,462.95355224609375,164.83424377441406,496.64202880859375,0,-100,0
3.979883201,462.952880859375,164.43003845214844,496.64349365234375,0,-100,0
3.983993853,462.9502868652344,164.0298614501953,496.6441650390625,0,-100,0
3.987814879,462.9454650878906,163.62661743164063,496.6415710449219,0,-100,0
3.991960772,462.94097900390625,163.22320556640625,496.6415710449219,0,-100,0
3.995904485,462.93646240234375,162.82102966308594,496.64276123046875,0,-100,0
3.999829891,462.93084716796875,162.42066955566406,496.6418762207031,0,-100,0
4.00438317,462.92913818359375,162.0198974609375,496.6437683105469,0,-100,0
4.007979905,462.92626953125,161.6179656982422,496.64031982421875,0,-100,0
4.011995553,462.92254638671875,161.2174530029297,496.6413879394531,0,-100,0
4.016150579,462.9196472167969,160.8134307861328,496.6413269042969,0,-100,0
4.020090778,462.9149475097656,160.41053771972656,496.6401672363281,0,-100,0
4.024123692,462.91204833984375,160.00949096679688,496.6426696777344,0,-100,0
4.028255168,462.9083557128906,159.60887145996094,496.64361572265625,0,-100,0
4.032282822,462.9028625488281,159.20932006835938,496.6425476074219,0,-100,0
4.036192166,462.89898681640625,158.80857849121094,496.6399230957031,0,-100,0
4.040332258,462.8960876464844,158.40293884277344,496.6407470703125,0,-100,0
4.044370021,462.8924865722656,157.99676513671875,496.6415710449219,0,-100,0
4.048299329,462.8858642578125,157.59524536132813,496.6397705078125,0,-100,0
4.052459305,462.88092041015625,157.1955108642578,496.64117431640625,0,-100,0
4.056330176,462.8783264160156,156.79629516601563,496.6468505859375,0,-100,0
4.06037909,462.87347412109375,156.39553833007813,496.6435546875,0,-100,0
4.064640395,462.8706359863281,155.9947052001953,496.64202880859375,0,100,0
4.068462579,462.8699645996094,155.58982849121094,496.6434326171875,0,100,0
4.072416157,462.8658752441406,155.18504333496094,496.64349365234375,0,100,0
4.07667182,462.86151123046875,154.78184509277344,496.6445007324219,0,100,0
4.080682576,462.8574523925781,154.38243103027344,496.6451110839844,0,100,0
4.084627813,462.8505554199219,153.97982788085938,496.6417236328125,0,100,0
4.088524189,462.8479309082031,153.578857421875,496.6401672363281,0,100,0
4.092673587,462.8418273925781,153.19764709472656,496.6325378417969,0,100,0
4.096610279,462.8345031738281,152.861328125,496.6222229003906,0,100,0
4.100862109,462.82855224609375,152.57118225097656,496.60943603515625,0,100,0
4.105031444,462.8199462890625,152.33071899414063,496.59619140625,0,100,0
4.108788353,462.81536865234375,152.1568603515625,496.5850524902344,0,100,0
4.112977739,462.8091125488281,152.07269287109375,496.5726013183594,0,100,0
4.116860026,462.80035400390625,152.0730743408203,496.56280517578125,0,100,0
4.120782176,462.814453125,152.13848876953125,496.5934143066406,0,100,0
4.12509149,462.81976318359375,152.25083923339844,496.59619140625,0,100,0
4.128711235,462.82586669921875,152.4197235107422,496.6051330566406,0,100,0
4.132639446,462.84356689453125,152.6521759033203,496.6387939453125,0,100,0
4.136847449,462.84979248046875,152.93670654296875,496.65643310546875,0,100,0
4.1407738,462.8507995605469,153.26852416992188,496.66583251953125,0,100,0
4.14481353,462.8522033691406,153.65057373046875,496.6771240234375,0,100,0
4.148968382,462.8515319824219,154.06015014648438,496.6789245605469,0,100,0
4.152977105,462.8497619628906,154.4801483154297,496.67926025390625,0,100,0
4.156895936,462.85076904296875,154.90557861328125,496.6853332519531,0,100,0
4.161086846,462.84716796875,155.33131408691406,496.6851501464844,0,100,0
4.165121243,462.8431396484375,155.74627685546875,496.677978515625,0,100,0
4.169009733,462.84039306640625,156.15731811523438,496.67034912109375,0,100,0
4.173307776,462.8318786621094,156.56626892089844,496.66253662109375,0,100,0
4.177331115,462.82568359375,156.97732543945313,496.6551513671875,0,100,0
4.181283104,462.8228759765625,157.38172912597656,496.65185546875,0,100,0
4.185621009,462.8196716308594,157.77874755859375,496.64508056640625,0,100,0
4.18944124,462.8176574707031,158.16744995117188,496.6418151855469,0,100,0
4.193375446,462.8205871582031,158.54664611816406,496.6407165527344,0,100,0
4.197644081,462.8207702636719,158.92807006835938,496.6405334472656,0,100,0
4.201514822,462.815673828125,159.3251495361328,496.6463928222656,0,100,0
4.205847365,462.8058166503906,159.73472595214844,496.65118408203125,0,100,0
4.209714499,462.79962158203125,160.143310546875,496.65643310546875,0,100,0
4.213615426,462.7956848144531,160.5499725341797,496.6591491699219,0,100,0
4.217561687,462.7934875488281,160.9519805908203,496.6629638671875,0,100,0
4.221820843,462.791259765625,161.35467529296875,496.66632080078125,0,100,0
4.225929119,462.7873840332031,161.760498046875,496.6641845703125,0,100,0
4.229734781,462.7786560058594,162.17678833007813,496.6640625,0,100,0
4.2339133350000004,462.7675476074219,162.59144592285156,496.6590881347656,0,100,0
4.237862995,462.7601318359375,163.00515747070313,496.6496887207031,0,100,0
4.24174662,462.7528076171875,163.42262268066406,496.6416015625,0,100,0
4.246106869,462.7466125488281,163.83387756347656,496.6335754394531,0,100,0
4.249883929,462.74310302734375,164.23806762695313,496.62353515625,0,100,0
4.25392537,462.742431640625,164.63998413085938,496.6156005859375,0,100,0
4.258144933,462.7413024902344,165.03553771972656,496.60931396484375,0,100,0
4.262017356,462.7394104003906,165.4310302734375,496.60601806640625,0,100,0
4.266041155,462.73504638671875,165.8278350830078,496.60247802734375,0,100,0
4.270158602,462.73101806640625,166.2274932861328,496.60186767578125,0,100,0
4.274185959,462.7283630371094,166.62484741210938,496.60107421875,0,100,0
4.278103359,462.7247314453125,167.0205841064453,496.602294921875,0,100,0
4.282262157,462.719970703125,167.42059326171875,496.60723876953125,0,100,0
4.286281395,462.71087646484375,167.82533264160156,496.6162414550781,0,100,0
4.290142023,462.7043762207031,168.2306671142578,496.62225341796875,0,100,0
4.294377886,462.70062255859375,168.63673400878906,496.6291809082031,0,100,0
4.298257823,462.6950378417969,169.0433807373047,496.6334533691406,0,100,0
4.302283321,462.6915283203125,169.45098876953125,496.6340637207031,0,100,0
4.306761823,462.6862487792969,169.8612060546875,496.63226318359375,0,100,0
4.310420037,462.6811828613281,170.27273559570313,496.6331481933594,0,100,0
4.31432696,462.676025390625,170.67941284179688,496.6282653808594,0,100,0
4.318578915,462.67138671875,171.08453369140625,496.62030029296875,0,100,0
4.322622204,462.6695556640625,171.49288940429688,496.6142883300781,0,100,0
4.32649292,462.6665954589844,171.8975372314453,496.60260009765625,0,100,0
4.3304593780000005,462.6632385253906,172.29771423339844,496.5909423828125,0,100,0
4.334597068,462.66015625,172.70127868652344,496.5838317871094,0,100,0
4.338510677,462.6546936035156,173.10313415527344,496.5794982910156,0,100,0
4.342852593,462.6502990722656,173.50408935546875,496.57891845703125,0,100,0
4.346756073,462.6475524902344,173.90391540527344,496.5793762207031,0,100,0
4.350679783,462.6417541503906,174.30377197265625,496.57916259765625,0,100,0
4.354841476,462.6365966796875,174.70257568359375,496.5819091796875,0,100,0
4.3587974769999995,462.6328430175781,175.10418701171875,496.5860290527344,0,100,0
4.362709212,462.62799072265625,175.51014709472656,496.5954895019531,0,100,0
4.367076171,462.6209716796875,175.9165496826172,496.6058654785156,0,100,0
4.370952457,462.61505126953125,176.32664489746094,496.6132507324219,0,100,0
4.37488125,462.6092529296875,176.73703002929688,496.6159362792969,0,100,0
4.37903085,462.60711669921875,177.140380859375,496.616943359375,0,100,0
4.382977287,462.60198974609375,177.5458984375,496.6137390136719,0,100,0
4.38699838,462.60028076171875,177.94784545898438,496.6133728027344,0,100,0
4.391144628,462.5975341796875,178.35215759277344,496.6122131347656,0,100,0
4.39504245,462.59222412109375,178.7603302001953,496.6072082519531,0,100,0
4.399036623,462.5871887207031,179.1647491455078,496.60101318359375,0,100,0
4.403217659,462.5833435058594,179.56884765625,496.5924072265625,0,100,0
4.407481669,462.5782165527344,179.97218322753906,496.5807189941406,0,100,0
4.411110222,462.5771789550781,180.37374877929688,496.578369140625,0,100,0
4.415349806,462.5713195800781,180.77728271484375,496.5735168457031,0,100,0
4.419356838,462.5656433105469,181.18055725097656,496.5733947753906,0,100,0
4.423249608,462.56329345703125,181.5823211669922,496.572509765625,0,100,0
4.427596346,462.5574035644531,181.98751831054688,496.57098388671875,0,100,0
4.431358794,462.5508117675781,182.39474487304688,496.5717468261719,0,100,0
4.4352906260000005,462.5483093261719,182.79969787597656,496.5763854980469,0,100,0
4.439562572,462.54364013671875,183.20407104492188,496.58740234375,0,100,0
4.443424529,462.5420227050781,183.6057586669922,496.5978698730469,0,100,0
4.447483362,462.5372314453125,184.01104736328125,496.6040344238281,0,100,0
4.4516340979999995,462.5345764160156,184.41998291015625,496.6103820800781,0,100,0
4.455538813,462.5307312011719,184.82510375976563,496.6104736328125,0,100,0
4.459490546,462.5288391113281,185.22764587402344,496.612060546875,0,100,0
4.463770579,462.5270690917969,185.6299591064453,496.6135559082031,0,100,0
4.467838423,462.52239990234375,186.02978515625,496.6068115234375,0,100,0
4.471663981,462.5169677734375,186.43368530273438,496.6021728515625,0,100,0
4.4758119690000004,462.50994873046875,186.83718872070313,496.5929870605469,0,100,0
4.479743812,462.507080078125,187.24102783203125,496.5877685546875,0,100,0
4.483662457,462.50164794921875,187.64306640625,496.5787658691406,0,100,0
4.488019912,462.498046875,188.04762268066406,496.5733642578125,0,100,0
4.491813348,462.49249267578125,188.45213317871094,496.5712585449219,0,100,0
4.495827394,462.48712158203125,188.85800170898438,496.5723876953125,0,100,0
4.49999064,462.48309326171875,189.26206970214844,496.5730285644531,0,100,0
4.503964052,462.48046875,189.66693115234375,496.57550048828125,0,100,0
4.508174475,462.4769287109375,190.07534790039063,496.5801086425781,0,100,0
4.5121117139999996,462.47296142578125,190.4817352294922,496.583251953125,0,100,0
4.516171042,462.4667663574219,190.8853759765625,496.5909118652344,0,100,0
4.520027658,462.46588134765625,191.2888641357422,496.5968933105469,0,100,0
4.524186868,462.4621276855469,191.69139099121094,496.59881591796875,0,100,0
4.528200872,462.4583435058594,192.09312438964844,496.5989990234375,0,100,0
4.532154626,462.4548034667969,192.49778747558594,496.595947265625,0,100,0
4.5363110540000005,462.44873046875,192.90269470214844,496.59423828125,0,100,0
4.540183159,462.4429931640625,193.30902099609375,496.5931701660156,0,100,0
4.544228617,462.43707275390625,193.7134552001953,496.5901184082031,0,100,0
4.54849241,462.4356994628906,194.11532592773438,496.5840148925781,0,100,0
4.552373917,462.4332275390625,194.51597595214844,496.5775451660156,0,100,0
4.556249325,462.4297790527344,194.91798400878906,496.57135009765625,0,100,0
4.560536035,462.4258728027344,195.32579040527344,496.5709228515625,0,100,0
4.564517808,462.4197082519531,195.73397827148438,496.5716857910156,0,100,0
4.568495331,462.4169616699219,196.1375274658203,496.5730285644531,0,100,0
4.572582074,462.41302490234375,196.54452514648438,496.57232666015625,0,100,0
4.576522985,462.4079284667969,196.9512939453125,496.5693664550781,0,100,0
4.580459456,462.40399169921875,197.3556365966797,496.5710144042969,0,100,0
4.584684285,462.39947509765625,197.7594757080078,496.576904296875,0,100,0
4.588667657,462.39410400390625,198.16372680664063,496.58087158203125,0,100,0
4.592605371,462.39044189453125,198.5684356689453,496.5838317871094,0,100,0
4.596774789,462.3869323730469,198.97186279296875,496.583984375,0,100,0
4.600711609,462.3818664550781,199.3769989013672,496.5790710449219,0,100,0
4.604639405,462.3779602050781,199.78025817871094,496.58026123046875,0,100,0
4.6091873979999995,462.3761901855469,200.17835998535156,496.5826416015625,0,100,0
4.612872279,462.3721923828125,200.5789031982422,496.5806579589844,0,100,0
4.616812142,462.3681335449219,200.98336791992188,496.578125,0,100,0
4.620964,462.3616943359375,201.39022827148438,496.57177734375,0,100,0
4.624893115,462.35992431640625,201.79408264160156,496.5688781738281,0,100,0
4.6289149720000005,462.35638427734375,202.1968994140625,496.56646728515625,0,100,0
4.633079659,462.35211181640625,202.5996551513672,496.5640869140625,0,100,0
4.637049954,462.348388671875,203.00448608398438,496.5615539550781,0,100,0
4.640965895,462.3426818847656,203.40867614746094,496.5548095703125,0,100,0
4.645136196,462.3377380371094,203.8155975341797,496.5489807128906,0,100,0
4.649167205,462.3334045410156,204.220947265625,496.54815673828125,0,100,0
4.653016741,462.3301696777344,204.6259307861328,496.5504150390625,0,100,0
4.657284098,462.3223571777344,205.03236389160156,496.5529479980469,0,100,0
4.661274719,462.3177795410156,205.4362335205078,496.5523681640625,0,100,0
4.665181344,462.3147277832031,205.84104919433594,496.5539245605469,0,100,0
4.669404896,462.3123779296875,206.24322509765625,496.55426025390625,0,100,0
4.673275519,462.3076171875,206.64512634277344,496.5559997558594,0,100,0
4.677236548,462.3033142089844,207.05282592773438,496.5636901855469,0,100,0
4.681458916,462.2978820800781,207.45652770996094,496.56646728515625,0,100,0
4.685342436,462.2939147949219,207.86007690429688,496.5650634765625,0,100,0
4.689453112,462.2940368652344,208.26043701171875,496.5644836425781,0,100,0
4.69354198,462.2926025390625,208.66139221191406,496.5643310546875,0,100,0
4.697443814,462.2884521484375,209.06459045410156,496.5631408691406,0,100,0
4.701403478,462.28265380859375,209.47262573242188,496.56298828125,0,100,0
4.7056808629999995,462.277099609375,209.87893676757813,496.5604248046875,0,100,0
4.709979457,462.2734680175781,210.2890167236328,496.55938720703125,0,100,0
4.713574593,462.269775390625,210.69668579101563,496.5563659667969,0,100,0
4.717730948,462.2652282714844,211.09994506835938,496.55242919921875,0,100,0
4.721762165,462.2613220214844,211.50108337402344,496.5532531738281,0,100,0
4.725590402,462.25726318359375,211.90611267089844,496.55462646484375,0,100,0
4.729947694,462.2523498535156,212.3099822998047,496.5543518066406,0,100,0
4.733749068,462.2470397949219,212.71717834472656,496.5523986816406,0,100,0
4.73775479,462.2416687011719,213.12298583984375,496.5487365722656,0,100,0
4.74190072,462.2381591796875,213.52560424804688,496.55096435546875,0,100,0
4.745872352,462.2320861816406,213.9299774169922,496.5549011230469,0,100,0
4.749873422,462.2301940917969,214.3328094482422,496.5619812011719,0,100,0
4.754034638,462.22705078125,214.7336883544922,496.55926513671875,0,100,0
4.758031455,462.22210693359375,215.13885498046875,496.5555114746094,0,100,0
4.761935283,462.2210388183594,215.5417938232422,496.5598449707031,0,100,0
4.766109931,462.2174987792969,215.94435119628906,496.5625305175781,0,100,0
4.770095918,462.2137756347656,216.3508758544922,496.5621337890625,0,100,0
4.773988366,462.2076110839844,216.7560272216797,496.5578308105469,0,100,0
4.778214492,462.20477294921875,217.1597137451172,496.5509338378906,0,100,0
4.782106554,462.19921875,217.5645751953125,496.546142578125,0,100,0
4.786146208,462.1962890625,217.96823120117188,496.5473327636719,0,100,0
4.790460233,462.1907653808594,218.3731231689453,496.54412841796875,0,100,0
4.794267499,462.1842956542969,218.7794189453125,496.54296875,0,100,0
4.798188085,462.18017578125,219.18655395507813,496.540771484375,0,100,0
4.802446511,462.1775207519531,219.58872985839844,496.5389404296875,0,100,0
4.806586721,462.17449951171875,219.9920654296875,496.54327392578125,0,100,0
4.810696233,462.1740417480469,220.39361572265625,496.5472106933594,0,100,0
4.814540719,462.1688232421875,220.79808044433594,496.5466003417969,0,100,0
4.81846468,462.1658020019531,221.20497131347656,496.5522155761719,0,100,0
4.822398376,462.1659240722656,221.6075897216797,496.5564880371094,0,100,0
4.826737459,462.1617736816406,222.01123046875,496.5578918457031,0,100,0
4.830660926,462.1571960449219,222.41432189941406,496.5604248046875,0,100,0
4.834547442,462.151611328125,222.81886291503906,496.5609436035156,0,100,0
4.838720828,462.1455993652344,223.2229461669922,496.5606994628906,0,100,0
4.842666351,462.1429443359375,223.6256103515625,496.5594787597656,0,100,0
4.846591903,462.1401062011719,224.02627563476563,496.55755615234375,0,100,0
4.8509438,462.1326904296875,224.4354248046875,496.5544738769531,0,100,0
4.854826352,462.12481689453125,224.8440399169922,496.55218505859375,0,100,0
4.858747349,462.1223449707031,225.24737548828125,496.5511474609375,0,100,0
4.862919278,462.1185607910156,225.65029907226563,496.5457458496094,0,100,0
4.866838711,462.11737060546875,226.05313110351563,496.54278564453125,0,100,0
4.870887078,462.1149597167969,226.45620727539063,496.5389404296875,0,100,0
4.875011934,462.1092834472656,226.86456298828125,496.5415954589844,0,100,0
4.878915936,462.1031188964844,227.26963806152344,496.5411376953125,0,100,0
4.8829409219999995,462.09771728515625,227.67701721191406,496.53814697265625,0,100,0
4.887123509,462.0936584472656,228.08204650878906,496.5345764160156,0,100,0
4.8911179019999995,462.0901794433594,228.48597717285156,496.5369873046875,0,100,0
4.8949694919999995,462.08587646484375,228.88699340820313,496.5353698730469,0,100,0
4.899220686,462.080322265625,229.29156494140625,496.5361328125,0,100,0
4.903236483,462.0791320800781,229.69192504882813,496.53375244140625,0,100,0
4.907153435,462.07568359375,230.09475708007813,496.53143310546875,0,100,0
4.911691305,462.0707092285156,230.5015106201172,496.5318298339844,0,100,0
4.915247421,462.06842041015625,230.90826416015625,496.53814697265625,0,100,0
4.91917226,462.0631408691406,231.3099365234375,496.53741455078125,0,100,0
4.923403865,462.06109619140625,231.71514892578125,496.5376281738281,0,100,0
4.927293607,462.0564880371094,232.1204376220703,496.5340881347656,0,100,0
4.931344896,462.0549621582031,232.52316284179688,496.5354919433594,0,100,0
4.935483161,462.0497741699219,232.9298553466797,496.536376953125,0,100,0
4.939424953,462.0437316894531,233.33583068847656,496.5355529785156,0,100,0
4.943353222,462.0401611328125,233.7383575439453,496.5308837890625,0,100,0
4.947628695,462.0365295410156,234.1422119140625,496.529541015625,0,100,0
4.951724473,462.03173828125,234.54747009277344,496.5267333984375,0,100,0
4.9555011350000004,462.0270690917969,234.9530792236328,496.52569580078125,0,100,0
4.959484381,462.0219421386719,235.35369873046875,496.52008056640625,0,100,0
4.963629217,462.0169677734375,235.75796508789063,496.5174255371094,0,100,0
4.967580513,462.0149230957031,236.1635284423828,496.51422119140625,0,100,0
4.97190593,462.00994873046875,236.5706329345703,496.5159912109375,0,100,0
4.975682235,462.0045166015625,236.97219848632813,496.518798828125,0,100,0
4.97971368,461.9998779296875,237.37445068359375,496.5190124511719,0,100,0
4.983884396,461.99847412109375,237.77809143066406,496.518798828125,0,100,0
4.987824045,461.9963073730469,238.18052673339844,496.5152893066406,0,100,0
4.991830522,461.99530029296875,238.5827178955078,496.5181579589844,0,100,0
4.995986817,461.9878234863281,238.9874267578125,496.52020263671875,0,100,0
5.000002689,461.9844970703125,239.39234924316406,496.5238342285156,0,100,0
5.003930122,461.981689453125,239.7949981689453,496.5196838378906,0,100,0
5.008062713,461.9775390625,240.19949340820313,496.5179138183594,0,100,0
5.012268428,461.9729919433594,240.6074676513672,496.51678466796875,0,100,0
5.016039932,461.966552734375,241.0118865966797,496.5166931152344,0,100,0
5.02018014,461.96405029296875,241.415283203125,496.515625,0,100,0
5.024069327,461.9608459472656,241.81973266601563,496.51446533203125,0,100,0
5.028069407,461.9591979980469,242.22471618652344,496.5147705078125,0,100,0
5.032340646,461.95391845703125,242.6331787109375,496.51318359375,0,100,0
5.036187917,461.9500427246094,243.0409698486328,496.51385498046875,0,100,0
5.040121234,461.9468688964844,243.44432067871094,496.51727294921875,0,100,0
5.044378378,461.9413757324219,243.84617614746094,496.51214599609375,0,100,0
5.048374997,461.9378356933594,244.2482147216797,496.50958251953125,0,100,0
5.052351945,461.9364013671875,244.65052795410156,496.5107421875,0,100,0
5.056406606,461.92926025390625,245.0580291748047,496.5149230957031,0,100,0
5.060407536,461.92254638671875,245.46266174316406,496.51544189453125,0,100,0
5.064310577,461.9171142578125,245.86595153808594,496.512939453125,0,100,0
5.068559329,461.91339111328125,246.27333068847656,496.5148010253906,0,100,0
5.072539353,461.90887451171875,246.67771911621094,496.51556396484375,0,100,0
5.076464241,461.90850830078125,247.08119201660156,496.52020263671875,0,100,0
5.080665924,461.9063720703125,247.48060607910156,496.5152587890625,0,100,0
5.084570425,461.9045715332031,247.88331604003906,496.5143737792969,0,100,0
5.088499789,461.9005432128906,248.2879638671875,496.5130920410156,0,100,0
5.092859104,461.8940124511719,248.69558715820313,496.5135498046875,0,100,0
5.09677063,461.8868713378906,249.10317993164063,496.5127258300781,0,100,0
5.100721997,461.88134765625,249.50677490234375,496.5086364746094,0,100,0
5.104835769,461.87652587890625,249.9121551513672,496.50738525390625,0,100,0
5.108764461,461.8721618652344,250.3158416748047,496.5060729980469,0,100,0
5.11300117,461.8684387207031,250.7178497314453,496.5054931640625,0,100,0
5.11693582,461.8631896972656,251.12274169921875,496.5057373046875,0,100,0
5.120848144,461.8587341308594,251.5300750732422,496.50604248046875,0,100,0
5.124774809,461.8569641113281,251.9346160888672,496.5085144042969,0,100,0
5.128620353,461.8532409667969,252.33837890625,496.5072021484375,0,100,0
5.132717568,461.8490295410156,252.7433319091797,496.5093688964844,0,100,0
5.136621809,461.84686279296875,253.14846801757813,496.51080322265625,0,100,0
5.141112105,461.8432312011719,253.5497283935547,496.5089111328125,0,100,0
5.145163184,461.8373107910156,253.95289611816406,496.506103515625,0,100,0
5.149038627,461.83319091796875,254.3555450439453,496.5054931640625,0,100,0
5.153286774,461.830078125,254.76315307617188,496.51092529296875,0,100,0
5.157158468,461.82470703125,255.16751098632813,496.5093994140625,0,100,0
5.161073603,461.8200988769531,255.5731201171875,496.50543212890625,0,100,0
5.165322944,461.81671142578125,255.97450256347656,496.5008239746094,0,100,0
5.169194071,461.8147888183594,256.37469482421875,496.5030212402344,0,100,0
5.173326596,461.8114929199219,256.7767333984375,496.5047302246094,0,100,0
5.177373464,461.8037414550781,257.1811828613281,496.4992980957031,0,100,0
5.181340209,461.79876708984375,257.58575439453125,496.4935607910156,0,100,0
5.185421474,461.7958679199219,257.9917907714844,496.4971008300781,0,100,0
5.189566672,461.78765869140625,258.39691162109375,496.49462890625,0,100,0
5.193624949,461.7834167480469,258.7998962402344,496.49212646484375,0,100,0
5.197416483,461.7779846191406,259.2060241699219,496.4919738769531,0,100,0
5.201607585,461.776611328125,259.6106262207031,496.4888916015625,0,100,0
5.205640605,461.771484375,260.01397705078125,496.4891052246094,0,100,0
5.209464909,461.7685852050781,260.4183349609375,496.4917907714844,0,100,0
5.214042578,461.7646484375,260.8218078613281,496.485595703125,0,100,0
5.217622341,461.76171875,261.22967529296875,496.48480224609375,0,100,0
5.221643298,461.7568359375,261.63787841796875,496.48760986328125,0,100,0
5.225758626,461.7525329589844,262.0385437011719,496.48583984375,0,100,0
5.229726077,461.7517395019531,262.439697265625,496.490478515625,0,100,0
5.233755294,461.7503356933594,262.842041015625,496.4896240234375,0,100,0
5.237902998,461.7456970214844,263.2498779296875,496.4881286621094,0,100,0
5.241910906,461.741455078125,263.6517639160156,496.4866943359375,0,100,0
5.245825476,461.7372741699219,264.056884765625,496.4853210449219,0,100,0
5.249967406,461.7326354980469,264.4638366699219,496.4836730957031,0,100,0
5.254072073,461.7281494140625,264.8700256347656,496.4779357910156,0,100,0
5.257854813,461.7239685058594,265.27435302734375,496.4757080078125,0,100,0
5.262070968,461.7178955078125,265.67962646484375,496.4752197265625,0,100,0
5.265971648,461.7149963378906,266.0799560546875,496.47503662109375,0,100,0
5.269990509,461.7117614746094,266.4827575683594,496.47235107421875,0,100,0
5.2742361110000004,461.7091979980469,266.8868713378906,496.4674987792969,0,100,0
5.278083178,461.7035827636719,267.29302978515625,496.466552734375,0,100,0
5.282040945,461.6984558105469,267.7003479003906,496.4735107421875,0,100,0
5.286286929,461.6900939941406,268.1078796386719,496.4717712402344,0,100,0
5.290364971,461.6872863769531,268.5083312988281,496.4706115722656,0,100,0
5.294282443,461.6867370605469,268.91156005859375,496.47216796875,0,100,0
5.298327358,461.6815185546875,269.31707763671875,496.4757080078125,0,100,0
5.302306746,461.6765441894531,269.7183837890625,496.47442626953125,0,100,0
5.306236847,461.6722412109375,270.1220703125,496.4753112792969,0,100,0
5.310493458,461.6692199707031,270.52984619140625,496.4771728515625,0,100,0
5.314669608,461.66607666015625,270.9354553222656,496.4757995605469,0,100,0
5.318402661,461.6654052734375,271.33685302734375,496.47723388671875,0,100,0
5.322551175,461.661865234375,271.73809814453125,496.4753723144531,0,100,0
5.32645645,461.66046142578125,272.1445007324219,496.47540283203125,0,100,0
5.330437446,461.65606689453125,272.5487976074219,496.4726867675781,0,100,0
5.334778273,461.6513671875,272.95263671875,496.4712219238281,0,100,0
5.338697457,461.6448974609375,273.3575744628906,496.4710998535156,0,100,0
5.34258382,461.6404113769531,273.76275634765625,496.47088623046875,0,100,0
5.346739649,461.63623046875,274.1695861816406,496.4691162109375,0,100,0
5.350668607,461.63092041015625,274.57373046875,496.467041015625,0,100,0
5.354683985,461.6303405761719,274.9761657714844,496.4670715332031,0,100,0
5.358862834,461.62677001953125,275.3795166015625,496.46441650390625,0,100,0
5.362731717,461.62353515625,275.7857971191406,496.4627990722656,0,100,0
5.366753926,461.6186218261719,276.18597412109375,496.4606628417969,0,100,0
5.370913309,461.614990234375,276.5908203125,496.46551513671875,0,100,0
5.374954619,461.6091613769531,276.99346923828125,496.4643249511719,0,100,0
5.378810396,461.6036071777344,277.3953857421875,496.46099853515625,0,100,0
5.383020509,461.6002197265625,277.7965087890625,496.45953369140625,0,100,0
5.387078263,461.5976257324219,278.2026062011719,496.46441650390625,0,100,0
5.390977669,461.5918884277344,278.6089782714844,496.4669494628906,0,100,0
5.395305748,461.5874328613281,279.01275634765625,496.4691467285156,0,100,0
5.399054836,461.5828857421875,279.4168701171875,496.465576171875,0,100,0
5.4029887,461.58160400390625,279.82012939453125,496.4684143066406,0,100,0
5.407264668,461.577392578125,280.22503662109375,496.46771240234375,0,100,0
5.411120313,461.57220458984375,280.630859375,496.4654235839844,0,100,0
5.415456955,461.5679016113281,281.0381164550781,496.4643859863281,0,100,0
5.419342939,461.5630187988281,281.4422912597656,496.4608459472656,0,100,0
5.423257051,461.55975341796875,281.849609375,496.462890625,0,100,0
5.427175115,461.55511474609375,282.2515563964844,496.4601745605469,0,100,0
5.431441754,461.55169677734375,282.6563720703125,496.4561767578125,0,100,0
5.435551912,461.549560546875,283.059814453125,496.4549560546875,0,100,0
5.439350442,461.5412902832031,283.4647216796875,496.45220947265625,0,100,0
5.443508592,461.5347900390625,283.87164306640625,496.4520263671875,0,100,0
5.447406411,461.5330505371094,284.2750549316406,496.4552917480469,0,100,0
5.451385004,461.52886962890625,284.67974853515625,496.453369140625,0,100,0
5.455737115,461.52239990234375,285.0845642089844,496.4504089355469,0,100,0
5.4595173710000005,461.5206298828125,285.4871520996094,496.45233154296875,0,100,0
5.463545436,461.5213317871094,285.885986328125,496.4552917480469,0,100,0
5.46771559,461.51904296875,286.2869567871094,496.4491271972656,0,100,0
5.471662991,461.5140380859375,286.6902770996094,496.446044921875,0,100,0
5.47566597,461.5081787109375,287.098876953125,496.44622802734375,0,100,0
5.479918452,461.5019836425781,287.5057067871094,496.4447021484375,0,100,0
5.483849852,461.4970703125,287.9106750488281,496.4395446777344,0,100,0
5.487753855,461.4957275390625,288.3150329589844,496.43865966796875,0,100,0
5.491914187,461.49249267578125,288.7191467285156,496.4397277832031,0,100,0
5.495930197,461.4864807128906,289.12554931640625,496.44073486328125,0,100,0
5.4998135470000005,461.48236083984375,289.52978515625,496.4412536621094,0,100,0
5.504038581,461.47686767578125,289.9365539550781,496.43896484375,0,100,0
5.5079142789999995,461.4722900390625,290.3429260253906,496.4424133300781,0,100,0
5.511924855,461.4678649902344,290.7478942871094,496.439697265625,0,100,0
5.516381504,461.4644470214844,291.1488342285156,496.4390869140625,0,100,0
5.520045249,461.4608459472656,291.5531311035156,496.4372863769531,0,100,0
5.523984619,461.459228515625,291.9577331542969,496.4358825683594,0,100,0
5.528208627,461.4546203613281,292.35888671875,496.4346923828125,0,100,0
5.5322270190000005,461.4510192871094,292.7641296386719,496.43670654296875,0,100,0
5.536217179,461.44854736328125,293.1672668457031,496.4351806640625,0,100,0
5.5402630219999995,461.44427490234375,293.57208251953125,496.4313049316406,0,100,0
5.544238296,461.43646240234375,293.97430419921875,496.4269714355469,0,100,0
5.548167114,461.4349670410156,294.3790283203125,496.4316101074219,0,100,0
5.552403208,461.4294738769531,294.7834167480469,496.4298095703125,0,100,0
5.55636739,461.4263610839844,295.18206787109375,496.4236145019531,0,100,0
5.560319682,461.4224548339844,295.58624267578125,496.42327880859375,0,100,0
5.564554484,461.4200744628906,295.9910583496094,496.4254150390625,0,100,0
5.568395221,461.417724609375,296.3968505859375,496.4273681640625,0,100,0
5.572362787,461.414306640625,296.79974365234375,496.4241638183594,0,100,0
5.576701508,461.41131591796875,297.20574951171875,496.42462158203125,0,100,0
5.580627767,461.405517578125,297.6108703613281,496.4258728027344,0,100,0
5.584499237,461.3998107910156,298.0188903808594,496.4276428222656,0,100,0
5.588475623,461.3965759277344,298.422607421875,496.4256286621094,0,100,0
5.592600282,461.3936462402344,298.8280334472656,496.42681884765625,0,100,0
5.596614072,461.3875427246094,299.23114013671875,496.42620849609375,0,100,0
5.600744711,461.38250732421875,299.63336181640625,496.42626953125,0,100,0
5.604677929,461.3807067871094,300.0354919433594,496.4273681640625,0,100,0
5.608711402,461.378173828125,300.4399719238281,496.4280700683594,0,100,0
5.61285095,461.37158203125,300.8477783203125,496.42578125,0,100,0
5.617112601,461.3651123046875,301.2547302246094,496.42425537109375,0,100,0
5.620765659,461.36346435546875,301.65765380859375,496.4234313964844,0,100,0
5.624965621,461.3614807128906,302.0555725097656,496.42108154296875,0,100,0
5.628983051,461.3574523925781,302.4587707519531,496.42095947265625,0,100,0
5.632888567,461.3507995605469,302.8637390136719,496.4202880859375,0,100,0
5.637152456,461.34942626953125,303.26806640625,496.41839599609375,0,100,0
5.64098936,461.3434143066406,303.6690673828125,496.4137268066406,0,100,0
5.6449314390000005,461.337890625,304.07513427734375,496.416015625,0,100,0
5.649190308,461.33209228515625,304.48321533203125,496.4183044433594,0,100,0
5.653053388,461.3246765136719,304.8899230957031,496.41461181640625,0,100,0
5.657184143,461.3208312988281,305.2923278808594,496.4128112792969,0,100,0
5.661238422,461.318115234375,305.69647216796875,496.41265869140625,0,100,0
5.665192057,461.3164367675781,306.100341796875,496.41357421875,0,100,0
5.669179688,461.3134765625,306.50115966796875,496.4129333496094,0,100,0
5.67337206,461.31060791015625,306.9073791503906,496.4142150878906,0,100,0
5.677418384,461.3085632324219,307.31451416015625,496.41607666015625,0,100,0
5.681279638,461.3003234863281,307.7210693359375,496.4115905761719,0,100,0
5.685424007,461.29425048828125,308.1255798339844,496.40777587890625,0,100,0
5.689395501,461.294677734375,308.5251159667969,496.40673828125,0,100,0
5.693305567,461.2907409667969,308.9271545410156,496.4068603515625,0,100,0
5.69764872,461.2818908691406,309.33270263671875,496.4048767089844,0,100,0
5.701426817,461.27691650390625,309.7379150390625,496.4043273925781,0,100,0
5.705465203,461.2763366699219,310.13995361328125,496.4068603515625,0,100,0
5.7096718939999995,461.272216796875,310.543212890625,496.4063720703125,0,100,0
5.713591994,461.2658996582031,310.9510498046875,496.4076843261719,0,100,0
5.717512338,461.26275634765625,311.35308837890625,496.4060974121094,0,100,0
5.721777755,461.2618713378906,311.7536315917969,496.4002990722656,0,100,0
5.725735542,461.2557373046875,312.1548767089844,496.3967590332031,0,100,0
5.729671049,461.25189208984375,312.56317138671875,496.39764404296875,0,100,0
5.7338556480000005,461.2461853027344,312.97052001953125,496.3951110839844,0,100,0
5.737846254,461.244140625,313.37420654296875,496.3925476074219,0,100,0
5.741696397,461.24267578125,313.779296875,496.3930358886719,0,100,0
5.7459393,461.2392578125,314.18463134765625,496.3954772949219,0,100,0
5.749829634,461.23223876953125,314.5904846191406,496.39605712890625,0,100,0
5.753879009,461.22784423828125,314.9925842285156,496.3886413574219,0,100,0
5.758117746,461.226806640625,315.3966979980469,496.39111328125,0,100,0
5.761948634,461.22314453125,315.7992858886719,496.39141845703125,0,100,0
5.765886943,461.2173156738281,316.2033386230469,496.3863830566406,0,100,0
5.770129536,461.2171325683594,316.6083679199219,496.3866271972656,0,100,0
5.7742222949999995,461.2169494628906,317.00848388671875,496.38720703125,0,100,0
5.778138875,461.21197509765625,317.41217041015625,496.3876647949219,0,100,0
5.782185348,461.2083740234375,317.81903076171875,496.39080810546875,0,100,0
5.786143676,461.205078125,318.2245178222656,496.3867492675781,0,100,0
5.790084903,461.19964599609375,318.6256408691406,496.3815612792969,0,100,0
5.794321966,461.196533203125,319.0286560058594,496.3837890625,0,100,0
5.79828138,461.19268798828125,319.4334411621094,496.3850402832031,0,100,0
5.802244348,461.1864013671875,319.8388366699219,496.3783264160156,0,100,0
5.80637089,461.182373046875,320.2415466308594,496.3778076171875,0,100,0
5.810331447,461.1805114746094,320.6447448730469,496.38018798828125,0,100,0
5.814265519,461.1755676269531,321.0500793457031,496.3804931640625,0,100,0
5.818847713,461.16851806640625,321.4569396972656,496.3781433105469,0,100,0
5.822554182,461.165771484375,321.86383056640625,496.3778076171875,0,100,0
5.826403574,461.1614074707031,322.2699279785156,496.3816223144531,0,100,0
5.830625929,461.1559143066406,322.6729431152344,496.3788146972656,0,100,0
5.834538442,461.1537780761719,323.0772399902344,496.3794860839844,0,100,0
5.838480828,461.1514892578125,323.48187255859375,496.3799743652344,0,100,0
5.842784828,461.1438903808594,323.88433837890625,496.37884521484375,0,100,0
5.846601623,461.1412048339844,324.28466796875,496.3787536621094,0,100,0
5.850649979,461.13751220703125,324.6912536621094,496.3799743652344,0,100,0
5.854754984,461.1305847167969,325.0945739746094,496.3740234375,0,100,0
5.858904398,461.12603759765625,325.4992370605469,496.3725891113281,0,100,0
5.862661428,461.1219177246094,325.9071350097656,496.37005615234375,0,100,0
5.866902883,461.1175842285156,326.3106994628906,496.3675842285156,0,100,0
5.870923823,461.1128234863281,326.71148681640625,496.364501953125,0,100,0
5.874806585,461.1109619140625,327.1114196777344,496.3676452636719,0,100,0
5.879066176,461.1105651855469,327.5159912109375,496.3689880371094,0,100,0
5.88293926,461.10479736328125,327.91912841796875,496.36358642578125,0,100,0
5.886852597,461.1006774902344,328.3250732421875,496.3631286621094,0,100,0
5.891087433,461.0945129394531,328.7305908203125,496.3647766113281,0,100,0
5.894980505,461.0898132324219,329.134765625,496.36578369140625,0,100,0
5.899081292,461.0827941894531,329.5389709472656,496.3641357421875,0,100,0
5.903162235,461.08172607421875,329.94378662109375,496.3648681640625,0,100,0
5.90712113,461.07745361328125,330.3472595214844,496.3669738769531,0,100,0
5.9110080289999996,461.0742492675781,330.756591796875,496.370361328125,0,100,0
5.915274098,461.0705871582031,331.1612243652344,496.3710021972656,0,100,0
5.919614886,461.06512451171875,331.5641784667969,496.3678283691406,0,100,0
5.923218999,461.0581970214844,331.970458984375,496.3646545410156,0,100,0
5.927346859,461.0546875,332.376220703125,496.3643493652344,0,100,0
5.931284961,461.0516662597656,332.7759094238281,496.3581237792969,0,100,0
5.935227565,461.0498962402344,333.1761169433594,496.3594970703125,0,100,0
5.93946985,461.0452575683594,333.5827331542969,496.3619079589844,0,100,0
5.943526781,461.04150390625,333.9896545410156,496.3639221191406,0,100,0
5.947398424,461.0362243652344,334.38970947265625,496.3592834472656,0,100,0
5.951553152,461.03326416015625,334.7958068847656,496.3604431152344,0,100,0
5.955585555,461.0288391113281,335.1965026855469,496.3582458496094,0,100,0
5.959444785,461.0230712890625,335.5985107421875,496.3517761230469,0,100,0
5.963866201,461.01959228515625,336.0025939941406,496.34783935546875,0,100,0
5.967683021,461.01837158203125,336.4092712402344,496.3507080078125,0,100,0
5.971591946,461.013916015625,336.8139343261719,496.34942626953125,0,100,0
5.975725046,461.0116271972656,337.2198486328125,496.3463134765625,0,100,0
5.9797668040000005,461.0097351074219,337.6236877441406,496.3499755859375,0,100,0
5.983616688,461.0060119628906,338.0224304199219,496.3473815917969,0,100,0
5.987865023,461.0015563964844,338.42437744140625,496.3500061035156,0,100,0
5.991748313,460.9990234375,338.8321533203125,496.3496398925781,0,100,0
5.995761391,460.9915771484375,339.23394775390625,496.3447265625,0,100,0
6.000022833,460.9878234863281,339.6408386230469,496.34503173828125,0,100,0
6.003875447,460.98681640625,340.0459899902344,496.3466491699219,0,100,0
6.007807332,460.97882080078125,340.4504089355469,496.3419494628906,0,100,0
6.012064739,460.9736022949219,340.85308837890625,496.3407897949219,0,100,0
6.016070017,460.9725341796875,341.2578430175781,496.3460998535156,0,100,0
6.020257823,460.96759033203125,341.66278076171875,496.34149169921875,0,100,0
6.024077566,460.9605407714844,342.0637512207031,496.3330078125,0,100,0
6.028060929,460.96087646484375,342.4685363769531,496.33636474609375,0,100,0
6.031984169,460.9559020996094,342.8717041015625,496.33795166015625,0,100,0
6.036231163,460.9503479003906,343.27410888671875,496.3316650390625,0,100,0
6.040182654,460.946044921875,343.68328857421875,496.3314514160156,0,100,0
6.04416567,460.9399108886719,344.0887451171875,496.3289794921875,0,100,0
6.048386217,460.9335632324219,344.48944091796875,496.3240661621094,0,100,0
6.052254667,460.93487548828125,344.8935852050781,496.3294372558594,0,100,0
6.056179851,460.930419921875,345.29498291015625,496.3255920410156,0,100,0
6.060562768,460.9242248535156,345.69830322265625,496.3224792480469,0,100,0
6.064424549,460.9238586425781,346.1020812988281,496.3258972167969,0,100,0
6.068314346,460.9211730957031,346.5059814453125,496.3244934082031,0,100,0
6.072527877,460.915283203125,346.9090576171875,496.3219909667969,0,100,0
6.07642769,460.9112854003906,347.316650390625,496.32891845703125,0,100,0
6.080478814,460.9040222167969,347.7243347167969,496.32989501953125,0,100,0
6.084624329,460.89703369140625,348.1241149902344,496.3241271972656,0,100,0
6.088491114,460.896240234375,348.52972412109375,496.3260192871094,0,100,0
6.092543384,460.8934326171875,348.9333801269531,496.326416015625,0,100,0
6.096671359,460.88995361328125,349.336181640625,496.3223876953125,0,100,0
6.100702628,460.886474609375,349.7406921386719,496.3241271972656,0,100,0
6.104574458,460.884765625,350.1434631347656,496.32550048828125,0,100,0
6.108818206,460.8765563964844,350.5471496582031,496.3209533691406,0,100,0
6.112821129,460.8719787597656,350.9539794921875,496.321044921875,0,100,0
6.116756668,460.8667907714844,351.3578186035156,496.3171081542969,0,100,0
6.121178865,460.8611755371094,351.75897216796875,496.3148193359375,0,100,0
6.124825001,460.8605651855469,352.1635437011719,496.3183288574219,0,100,0
6.128675621,460.8561096191406,352.56829833984375,496.3162841796875,0,100,0
6.132614764,460.8489990234375,352.9742126464844,496.31256103515625,0,100,0
6.136539251,460.8479309082031,353.3808898925781,496.3179931640625,0,100,0
6.140654269,460.8467102050781,353.78350830078125,496.3166198730469,0,100,0
6.144721249,460.8392028808594,354.1858825683594,496.3092346191406,0,100,0
6.148677221,460.8375244140625,354.5924072265625,496.3121643066406,0,100,0
6.152710674,460.83514404296875,354.9966735839844,496.3134460449219,0,100,0
6.156877441,460.8342590332031,355.39532470703125,496.3079833984375,0,100,0
6.161037778,460.83441162109375,355.7986145019531,496.3115234375,0,100,0
6.164880202,460.8284912109375,356.20599365234375,496.316650390625,0,100,0
6.169067244,460.8199157714844,356.609619140625,496.3104553222656,0,100,0
6.173071423,460.81756591796875,357.01416015625,496.3119812011719,0,100,0
6.176955116,460.8155822753906,357.4129638671875,496.3112487792969,0,100,0
6.181388394,460.80889892578125,357.817626953125,496.3100280761719,0,100,0
6.185221118,460.80413818359375,358.224853515625,496.3095397949219,0,100,0
6.189280302,460.7999572753906,358.63287353515625,496.3082580566406,0,100,0
6.19343677,460.79486083984375,359.03485107421875,496.3050231933594,0,100,0
6.197372286,460.79486083984375,359.44183349609375,496.30523681640625,0,100,0
6.201401082,460.79266357421875,359.8438720703125,496.2996826171875,0,100,0
6.205587645,460.7879333496094,360.2464294433594,496.2971496582031,0,100,0
6.209608316,460.7849426269531,360.6492614746094,496.2986145019531,0,100,0
6.213479987,460.7814636230469,361.0513916015625,496.29815673828125,0,100,0
6.217423967,460.7771911621094,361.45318603515625,496.2934875488281,0,100,0
6.221894255,460.7735290527344,361.860107421875,496.29302978515625,0,100,0
6.225530474,460.762451171875,362.2665100097656,496.28729248046875,0,100,0
6.229768399,460.7587585449219,362.6698303222656,496.2820739746094,0,100,0
6.233655291,460.7592468261719,363.0688781738281,496.2825012207031,0,100,0
6.237770832,460.7548828125,363.46728515625,496.28240966796875,0,100,0
6.241945867,460.7505187988281,363.87249755859375,496.2832336425781,0,100,0
6.245775111,460.7475891113281,364.2806396484375,496.2840270996094,0,100,0
6.249721359,460.74053955078125,364.68511962890625,496.2792663574219,0,100,0
6.253946647,460.738037109375,365.0849609375,496.2826843261719,0,100,0
6.2579675869999996,460.73590087890625,365.48895263671875,496.2840881347656,0,100,0
6.261957577,460.728271484375,365.8925476074219,496.2769470214844,0,100,0
6.266025283,460.72039794921875,366.3021240234375,496.27923583984375,0,100,0
6.269970826,460.71923828125,366.707275390625,496.2825927734375,0,100,0
6.273929796,460.71435546875,367.1098327636719,496.27813720703125,0,100,0
6.278138914,460.7109680175781,367.5152893066406,496.2789611816406,0,100,0
6.282097963,460.70452880859375,367.9208679199219,496.27850341796875,0,100,0
6.286045653,460.6979675292969,368.3209228515625,496.2698059082031,0,100,0
6.290207796,460.6972351074219,368.72589111328125,496.2680969238281,0,100,0
6.29413903,460.6960144042969,369.12799072265625,496.27008056640625,0,100,0
6.298107374,460.6889953613281,369.5323181152344,496.2700500488281,0,100,0
6.302430467,460.6851806640625,369.9381103515625,496.2728271484375,0,100,0
6.306343137,460.6807556152344,370.3437194824219,496.2702331542969,0,100,0
6.310235027,460.6765441894531,370.7469482421875,496.2678527832031,0,100,0
6.314400185,460.6719970703125,371.15460205078125,496.26849365234375,0,100,0
6.318352534,460.6692199707031,371.5568542480469,496.2639465332031,0,100,0
6.322681201,460.66729736328125,371.959228515625,496.2663879394531,0,100,0
6.32656357,460.66668701171875,372.3617248535156,496.2705383300781,0,100,0
6.330423208,460.6634521484375,372.7608642578125,496.2702941894531,0,100,0
6.334428558,460.66131591796875,373.1656799316406,496.2687072753906,0,100,0
6.338596371,460.65594482421875,373.5711669921875,496.270263671875,0,100,0
6.342704659,460.6493225097656,373.9751281738281,496.2696533203125,0,100,0
6.346487991,460.64654541015625,374.3804931640625,496.27301025390625,0,100,0
6.350737998,460.6418151855469,374.7830810546875,496.2712707519531,0,100,0
6.354738095,460.63446044921875,375.18756103515625,496.268798828125,0,100,0
6.358662302,460.631103515625,375.5934143066406,496.2684020996094,0,100,0
6.362888699,460.6280212402344,375.9998779296875,496.2690124511719,0,100,0
6.36672237,460.6213684082031,376.40155029296875,496.2607116699219,0,100,0
6.370684532,460.6182861328125,376.8094482421875,496.26483154296875,0,100,0
6.374926106,460.61376953125,377.2150573730469,496.2637023925781,0,100,0
6.378817917,460.6076965332031,377.6175231933594,496.2564392089844,0,100,0
6.382906036,460.6070251464844,378.02252197265625,496.2624816894531,0,100,0
6.386982805,460.6017761230469,378.42266845703125,496.2622375488281,0,100,0
6.390933094,460.6003723144531,378.8240966796875,496.2610778808594,0,100,0
6.394856681,460.5953063964844,379.22650146484375,496.2612609863281,0,100,0
6.399118749,460.5884704589844,379.6292724609375,496.2573547363281,0,100,0
6.403204413,460.5849609375,380.0373229980469,496.2545471191406,0,100,0
6.40701814,460.5838317871094,380.43817138671875,496.2517395019531,0,100,0
6.411151119,460.57781982421875,380.8419189453125,496.25201416015625,0,100,0
6.4151188,460.5765075683594,381.2484436035156,496.2529602050781,0,100,0
6.419055234,460.5747375488281,381.65423583984375,496.2525939941406,0,100,0
6.423614961,460.5710754394531,382.0565490722656,496.24871826171875,0,100,0
6.427315067,460.568115234375,382.458251953125,496.25213623046875,0,100,0
6.43120276,460.56298828125,382.8614501953125,496.24810791015625,0,100,0
6.435376195,460.5575256347656,383.26409912109375,496.2424011230469,0,100,0
6.439293046,460.55560302734375,383.66998291015625,496.2437744140625,0,100,0
6.443269352,460.5513610839844,384.0697326660156,496.2400207519531,0,100,0
6.447489594,460.54766845703125,384.4740905761719,496.2356872558594,0,100,0
6.451505904,460.5411376953125,384.880859375,496.2353515625,0,100,0
6.455394946,460.5350646972656,385.28173828125,496.2332458496094,0,100,0
6.459584003,460.53448486328125,385.6851806640625,496.2327575683594,0,100,0
6.463610014,460.5279846191406,386.08935546875,496.2266540527344,0,100,0
6.467435035,460.5249938964844,386.4930419921875,496.2308044433594,0,100,0
6.47170918,460.5226135253906,386.90057373046875,496.2367248535156,0,100,0
6.475613333,460.5191650390625,387.3037414550781,496.2339782714844,0,100,0
6.479604615,460.5164794921875,387.70574951171875,496.2322082519531,0,100,0
6.483876855,460.5128173828125,388.1109619140625,496.2342529296875,0,100,0
6.487708498,460.5050964355469,388.51239013671875,496.2291259765625,0,100,0
6.491630515,460.50042724609375,388.9182434082031,496.2256164550781,0,100,0
6.495854646,460.5007629394531,389.3218688964844,496.2311706542969,0,100,0
6.499889652,460.4935302734375,389.7240295410156,496.22332763671875,0,100,0
6.503904884,460.491455078125,390.1292724609375,496.2257080078125,0,100,0
6.507951494,460.4838562011719,390.53485107421875,496.2242736816406,0,100,0
6.511885619,460.47637939453125,390.937744140625,496.2241516113281,0,100,0
6.515826329,460.4734802246094,391.34112548828125,496.22412109375,0,100,0
6.520062711,460.4708251953125,391.7435607910156,496.2198791503906,0,100,0
6.52425731,460.4700622558594,392.14642333984375,496.22027587890625,0,100,0
6.528000419,460.4677429199219,392.5498352050781,496.2171325683594,0,100,0
6.532209115,460.4615173339844,392.9540100097656,496.2178039550781,0,100,0
6.536083785,460.4599914550781,393.3587951660156,496.2221984863281,0,100,0
6.540003898,460.4580383300781,393.7605285644531,496.2237243652344,0,100,0
6.544360115,460.4537048339844,394.1636047363281,496.21942138671875,0,100,0
6.548260534,460.44915771484375,394.57061767578125,496.22174072265625,0,100,0
6.552176275,460.4407043457031,394.9762268066406,496.21795654296875,0,100,0
6.556352779,460.4352722167969,395.3801574707031,496.21820068359375,0,100,0
6.560260177,460.4344177246094,395.7815246582031,496.21722412109375,0,100,0
6.56428439,460.4270935058594,396.1806945800781,496.2125244140625,0,100,0
6.568417719,460.42291259765625,396.5868225097656,496.2100524902344,0,100,0
6.572328643,460.4197082519531,396.98944091796875,496.21002197265625,0,100,0
6.576363874,460.4143981933594,397.39141845703125,496.205322265625,0,100,0
6.580545974,460.4141540527344,397.798095703125,496.2080993652344,0,100,0
6.584560201,460.40869140625,398.2012939453125,496.2052307128906,0,100,0
6.58837996,460.40283203125,398.60919189453125,496.20404052734375,0,100,0
6.592637817,460.3981628417969,399.0146179199219,496.2074279785156,0,100,0
6.59664381,460.3934326171875,399.4150695800781,496.2059631347656,0,100,0
6.600585062,460.3918151855469,399.81610107421875,496.20501708984375,0,100,0
6.604813036,460.388427734375,400.2220458984375,496.20648193359375,0,100,0
6.60866248,460.38140869140625,400.626220703125,496.2068176269531,0,100,0
6.61258022,460.3786315917969,401.033447265625,496.2088317871094,0,100,0
6.616918916,460.3734436035156,401.4334716796875,496.2023010253906,0,100,0
6.620714555,460.37249755859375,401.8363037109375,496.2008056640625,0,100,0
6.625010124,460.3697509765625,402.23907470703125,496.197265625,0,100,0
6.628921189,460.36431884765625,402.64227294921875,496.1922912597656,0,100,0
6.632832368,460.3603515625,403.0472717285156,496.19427490234375,0,100,0
6.636768457,460.35943603515625,403.44970703125,496.1955871582031,0,100,0
6.641024763,460.3588562011719,403.8472595214844,496.1934814453125,0,100,0
6.645126255,460.35601806640625,404.2544250488281,496.1941833496094,0,100,0
6.648926802,460.3454284667969,404.661865234375,496.1859130859375,0,100,0
6.653070051,460.3404846191406,405.0668640136719,496.1828308105469,0,100,0
6.657028233,460.3365783691406,405.46929931640625,496.1812438964844,0,100,0
6.660977587,460.336669921875,405.865966796875,496.1795654296875,0,100,0
6.6653023000000005,460.3338928222656,406.2733154296875,496.1824951171875,0,100,0
6.6691051120000004,460.3262939453125,406.68048095703125,496.1790466308594,0,100,0
6.673137709,460.31951904296875,407.08868408203125,496.1813659667969,0,100,0
6.677302766,460.318115234375,407.4911804199219,496.1858825683594,0,100,0
6.681216264,460.3126525878906,407.8911437988281,496.17828369140625,0,100,0
6.6852540860000005,460.3126220703125,408.2962341308594,496.181884765625,0,100,0
6.689408591,460.30767822265625,408.70062255859375,496.1836853027344,0,100,0
6.693421927,460.30242919921875,409.10321044921875,496.1800842285156,0,100,0
6.697334551,460.3023376464844,409.50787353515625,496.1827392578125,0,100,0
6.701582879,460.298583984375,409.9063720703125,496.17633056640625,0,100,0
6.705517503,460.2944641113281,410.3119812011719,496.1763000488281,0,100,0
6.709345486,460.2917785644531,410.7175598144531,496.173095703125,0,100,0
6.713619633,460.2845458984375,411.1194152832031,496.17108154296875,0,100,0
6.717504097,460.2815246582031,411.52001953125,496.1712341308594,0,100,0
6.721621929,460.2796630859375,411.918701171875,496.16558837890625,0,100,0
6.725999476,460.2767333984375,412.32373046875,496.1643981933594,0,100,0
6.729638941,460.2718811035156,412.730224609375,496.16558837890625,0,100,0
6.733539683,460.2647705078125,413.13720703125,496.16009521484375,0,100,0
6.737792497,460.26214599609375,413.5444641113281,496.1661071777344,0,100,0
6.741816418,460.2569580078125,413.9452209472656,496.1648254394531,0,100,0
6.745803611,460.2547912597656,414.34332275390625,496.1654968261719,0,100,0
6.749865924,460.2523498535156,414.7479553222656,496.1668701171875,0,100,0
6.75380684,460.2408752441406,415.1519775390625,496.16046142578125,0,100,0
6.757755566,460.2349548339844,415.5604553222656,496.1625671386719,0,100,0
6.761982364,460.2312927246094,415.96356201171875,496.1641845703125,0,100,0
6.765965197,460.2266845703125,416.3643798828125,496.1614074707031,0,100,0
6.769904573,460.22332763671875,416.7658996582031,496.1617431640625,0,100,0
6.77410529,460.2166748046875,417.16949462890625,496.1559143066406,0,100,0
6.77797458,460.2120361328125,417.5763244628906,496.1539001464844,0,100,0
6.7819067440000005,460.2113342285156,417.977294921875,496.15472412109375,0,100,0
6.786276359,460.2110900878906,418.3790283203125,496.1524658203125,0,100,0
6.790190453,460.2104797363281,418.7847595214844,496.1562805175781,0,100,0
6.794107503,460.20306396484375,419.1886901855469,496.1551818847656,0,100,0
6.798251637,460.1995849609375,419.5950927734375,496.1587829589844,0,100,0
6.802196171,460.19378662109375,419.9964294433594,496.15411376953125,0,100,0
6.8063090729999995,460.1905517578125,420.4012145996094,496.154541015625,0,100,0
6.8103419259999995,460.1886291503906,420.80596923828125,496.1593017578125,0,100,0
6.8142522979999995,460.1800231933594,421.2074279785156,496.1512451171875,0,100,0
6.818278892,460.1776428222656,421.6124267578125,496.1515808105469,0,100,0
6.82242994,460.1746520996094,422.0164794921875,496.1509094238281,0,100,0
6.826790807,460.17291259765625,422.4146423339844,496.14764404296875,0,100,0
6.830321913,460.1710510253906,422.82037353515625,496.1487121582031,0,100,0
6.834550781,460.1662902832031,423.2230224609375,496.14508056640625,0,100,0
6.838551249,460.1622314453125,423.62908935546875,496.1478576660156,0,100,0
6.8424714479999995,460.15850830078125,424.03662109375,496.14727783203125,0,100,0
6.846459313,460.1527099609375,424.4368896484375,496.14300537109375,0,100,0
6.850600803,460.1518249511719,424.8412170410156,496.14312744140625,0,100,0
6.854508893,460.1448974609375,425.2452697753906,496.1361083984375,0,100,0
6.858755098,460.14080810546875,425.6506042480469,496.1372985839844,0,100,0
6.862634117,460.13482666015625,426.0570068359375,496.1388854980469,0,100,0
6.866724839,460.1280517578125,426.45819091796875,496.12884521484375,0,100,0
6.870839581,460.12701416015625,426.860107421875,496.1322021484375,0,100,0
6.874759437,460.11871337890625,427.26129150390625,496.12982177734375,0,100,0
6.87869361,460.1143493652344,427.66815185546875,496.1292724609375,0,100,0
6.882933977,460.1083679199219,428.0730895996094,496.1292724609375,0,100,0
6.887022075,460.1052551269531,428.47613525390625,496.1273193359375,0,100,0
6.890828857,460.1052551269531,428.8807067871094,496.1283264160156,0,100,0
6.895001418,460.10125732421875,429.2811279296875,496.1242370605469,0,100,0
6.898951676,460.09814453125,429.6835021972656,496.12274169921875,0,100,0
6.902890989,460.093505859375,430.0888671875,496.1233215332031,0,100,0
6.907244576,460.0871887207031,430.4915466308594,496.1193542480469,0,100,0
6.911096386,460.08502197265625,430.8975830078125,496.1199645996094,0,100,0
6.915043225,460.08123779296875,431.29913330078125,496.1220397949219,0,100,0
6.919197474,460.07989501953125,431.70318603515625,496.1212463378906,0,100,0
6.923134237,460.0749206542969,432.1026916503906,496.1151428222656,0,100,0
6.927370227,460.07061767578125,432.50726318359375,496.113037109375,0,100,0
6.931335397,460.06768798828125,432.9084777832031,496.1071472167969,0,100,0
6.935334023,460.06329345703125,433.3112487792969,496.1064453125,0,100,0
6.939224035,460.0617370605469,433.71856689453125,496.11474609375,0,100,0
6.943389154,460.0550537109375,434.1224060058594,496.1124572753906,0,100,0
6.947429301,460.05059814453125,434.5286560058594,496.1123962402344,0,100,0
6.951263598,460.04840087890625,434.92645263671875,496.11138916015625,0,100,0
6.955523974,460.04339599609375,435.32281494140625,496.1064758300781,0,100,0
6.959402417,460.04266357421875,435.7276916503906,496.11126708984375,0,100,0
6.963438163,460.035400390625,436.131103515625,496.1085205078125,0,100,0
6.967668628,460.0301818847656,436.53912353515625,496.10809326171875,0,100,0
6.971547586,460.0279846191406,436.9429016113281,496.1064147949219,0,100,0
6.975460948,460.02740478515625,437.34442138671875,496.10931396484375,0,100,0
6.979725246,460.02569580078125,437.7477111816406,496.1083984375,0,100,0
6.983741122,460.0204772949219,438.149658203125,496.1019287109375,0,100,0
6.987729261,460.0155334472656,438.5589294433594,496.1097106933594,0,100,0
6.9917731530000005,460.00848388671875,438.9632568359375,496.10784912109375,0,100,0
6.99576,460.0052490234375,439.36395263671875,496.1068115234375,0,100,0
6.999673674,460.0028381347656,439.7674865722656,496.11065673828125,0,100,0
7.003925218,459.991943359375,440.1708679199219,496.1055603027344,0,100,0
7.007882862,459.9887390136719,440.5760498046875,496.1082458496094,0,100,0
7.011816878,459.9842529296875,440.9760437011719,496.0989685058594,0,100,0
7.016003447,459.9834289550781,441.37664794921875,496.0963134765625,0,100,0
7.019922397,459.9791259765625,441.7800598144531,496.0926513671875,0,100,0
7.023852475,459.9742126464844,442.18585205078125,496.08990478515625,0,100,0
7.02839105,459.9679260253906,442.5941467285156,496.0933837890625,0,100,0
7.032099501,459.9616394042969,442.99676513671875,496.0887145996094,0,100,0
7.036013023,459.9623718261719,443.4013977050781,496.0953674316406,0,100,0
7.040158326,459.9608459472656,443.79827880859375,496.08929443359375,0,100,0
7.04411818,459.9591064453125,444.2012023925781,496.08477783203125,0,100,0
7.048125273,459.9537048339844,444.60614013671875,496.0823669433594,0,100,0
7.052268517,459.94671630859375,445.0090026855469,496.0809631347656,0,100,0
7.056171099,459.944091796875,445.4139099121094,496.08349609375,0,100,0
7.060206589,459.9437561035156,445.81195068359375,496.0785827636719,0,100,0
7.064346311,459.94061279296875,446.217041015625,496.0792541503906,0,100,0
7.068371909,459.9344177246094,446.6169128417969,496.07440185546875,0,100,0
7.072224655,459.92852783203125,447.02349853515625,496.07257080078125,0,100,0
7.076480336,459.9227600097656,447.4305419921875,496.0741882324219,0,100,0
7.080562163,459.9173583984375,447.8340148925781,496.0731506347656,0,100,0
7.084398719,459.9163818359375,448.239501953125,496.0748596191406,0,100,0
7.088435269,459.9122314453125,448.6414794921875,496.0726318359375,0,100,0
7.092483497,459.90936279296875,449.0466613769531,496.0762023925781,0,100,0
7.096405435,459.9039306640625,449.4498291015625,496.0689697265625,0,100,0
7.100787931,459.9000549316406,449.85308837890625,496.06695556640625,0,100,0
7.104562486,459.8976135253906,450.25555419921875,496.0730285644531,0,100,0
7.108680619,459.89495849609375,450.6563415527344,496.06890869140625,0,100,0
7.112744779,459.89111328125,451.0624694824219,496.06695556640625,0,100,0
7.1166680939999996,459.8852233886719,451.4669189453125,496.0632629394531,0,100,0
7.120651429,459.8795166015625,451.8736572265625,496.0579833984375,0,100,0
7.12484457,459.87744140625,452.2738952636719,496.0571594238281,0,100,0
7.129117542,459.87554931640625,452.6781311035156,496.06304931640625,0,100,0
7.132727583,459.8719482421875,453.0792541503906,496.0647277832031,0,100,0
7.136556869,459.86724853515625,453.4796447753906,496.0582275390625,0,100,0
7.140479645,459.8602600097656,453.8886413574219,496.0626220703125,0,100,0
7.144457385,459.85400390625,454.2900085449219,496.0578308105469,0,100,0
7.148789846,459.85552978515625,454.6924743652344,496.06298828125,0,100,0
7.152577712,459.85382080078125,455.0885314941406,496.06109619140625,0,100,0
7.156645653,459.8465576171875,455.4942321777344,496.0570373535156,0,100,0
7.160868421,459.84136962890625,455.89898681640625,496.05279541015625,0,100,0
7.16481295,459.8343200683594,456.3020935058594,496.0477600097656,0,100,0
7.168847196,459.8326416015625,456.70758056640625,496.04888916015625,0,100,0
7.173043527,459.8309631347656,457.1071472167969,496.04571533203125,0,100,0
7.177119267,459.8299865722656,457.5094909667969,496.0527648925781,0,100,0
7.181052402,459.8249206542969,457.9134521484375,496.0528259277344,0,100,0
7.185249877,459.81280517578125,458.3204345703125,496.0503845214844,0,100,0
7.189303021,459.8099365234375,458.72198486328125,496.05108642578125,0,100,0
7.193184169,459.8062744140625,459.12225341796875,496.04913330078125,0,100,0
7.197433383,459.8065185546875,459.5250244140625,496.0485534667969,0,100,0
7.201297075,459.8035583496094,459.9266662597656,496.0469970703125,0,100,0
7.205352102,459.79864501953125,460.333740234375,496.0464172363281,0,100,0
7.209581843,459.78924560546875,460.7358093261719,496.03619384765625,0,100,0
7.213426436,459.7853698730469,461.14111328125,496.0381774902344,0,100,0
7.217359495,459.78228759765625,461.5432434082031,496.04180908203125,0,100,0
7.221630233,459.7801208496094,461.94744873046875,496.0423583984375,0,100,0
7.225673099,459.7752990722656,462.3511047363281,496.039794921875,0,100,0
7.229858913,459.7720947265625,462.75238037109375,496.03472900390625,0,100,0
7.233709602,459.7671813964844,463.15667724609375,496.0298156738281,0,100,0
7.237617001,459.7621154785156,463.5549011230469,496.0265808105469,0,100,0
7.241569354,459.760986328125,463.9610900878906,496.0297546386719,0,100,0
7.245817327,459.7598876953125,464.36138916015625,496.02374267578125,0,100,0
7.249777441,459.7555236816406,464.76763916015625,496.02398681640625,0,100,0
7.253742244,459.7498779296875,465.1711730957031,496.025390625,0,100,0
7.257884871,459.7475280761719,465.5748596191406,496.02398681640625,0,100,0
7.261820713,459.7467956542969,465.97509765625,496.0226745605469,0,100,0
7.265753191,459.7442932128906,466.3766784667969,496.0232849121094,0,100,0
7.270094571,459.7409973144531,466.7822570800781,496.0252380371094,0,100,0
7.274024172,459.73272705078125,467.18585205078125,496.0222473144531,0,100,0
7.277926575,459.7302551269531,467.592041015625,496.0263671875,0,100,0
7.282061238,459.72418212890625,467.9913024902344,496.0205078125,0,100,0
7.285999076,459.7224426269531,468.3953857421875,496.02093505859375,0,100,0
7.290097543,459.7167053222656,468.79754638671875,496.02166748046875,0,100,0
7.294178905,459.7145690917969,469.1983337402344,496.0187683105469,0,100,0
7.298077203,459.710205078125,469.599853515625,496.0111389160156,0,100,0
7.3020927669999995,459.7017822265625,470.0057678222656,496.0074157714844,0,100,0
7.306280444,459.69781494140625,470.4138488769531,496.0064392089844,0,100,0
7.310294474,459.6902770996094,470.8177185058594,496.0077819824219,0,100,0
7.314134431,459.6877136230469,471.2225341796875,496.0136413574219,0,100,0
7.318375728,459.6806945800781,471.625,496.00665283203125,0,100,0
7.32239622,459.6786193847656,472.0264587402344,496.0067138671875,0,100,0
7.326300806,459.6768798828125,472.4278259277344,496.0059814453125,0,100,0
7.330787762,459.6697692871094,472.8311462402344,496.003662109375,0,100,0
7.334402227,459.6679382324219,473.2348937988281,496.0057067871094,0,100,0
7.33829985,459.66510009765625,473.6379089355469,496.0030822753906,0,100,0
7.342583824,459.65972900390625,474.0414123535156,495.9998779296875,0,100,0
7.346474938,459.65740966796875,474.4429931640625,495.99755859375,0,100,0
7.350601266,459.6533203125,474.8458251953125,495.9981689453125,0,100,0
7.354647886,459.6480712890625,475.24871826171875,495.9931640625,0,100,0
7.358600389,459.6468200683594,475.6551513671875,495.99810791015625,0,100,0
7.362531845,459.64324951171875,476.0558776855469,495.996826171875,0,100,0
7.366746809,459.6385192871094,476.4621887207031,496.0039367675781,0,100,0
7.370854755,459.6297912597656,476.8638000488281,495.9971618652344,0,100,0
7.374714973,459.6270751953125,477.2673645019531,495.9992980957031,0,100,0
7.378840321,459.6236877441406,477.6679382324219,495.9953308105469,0,100,0
7.382782273,459.6231384277344,478.067138671875,495.9941101074219,0,100,0
7.38670863,459.62066650390625,478.4693298339844,495.9908447265625,0,100,0
7.391040699,459.6169738769531,478.8733215332031,495.9886169433594,0,100,0
7.394862484,459.6106262207031,479.2776794433594,495.9891662597656,0,100,0
7.398876304,459.6047058105469,479.6810302734375,495.9902038574219,0,100,0
7.403027515,459.6044616699219,480.0850830078125,495.989013671875,0,100,0
7.406959435,459.59820556640625,480.48876953125,495.98602294921875,0,100,0
7.410987726,459.59307861328125,480.8940124511719,495.9825439453125,0,100,0
7.415153303,459.59051513671875,481.2957763671875,495.978759765625,0,100,0
7.419151897,459.5860900878906,481.7015380859375,495.9808654785156,0,100,0
7.423062491,459.5821228027344,482.10162353515625,495.9793395996094,0,100,0
7.42723812,459.57672119140625,482.50518798828125,495.9734191894531,0,100,0
7.431477212,459.5700988769531,482.9078369140625,495.9718017578125,0,100,0
7.435103023,459.5650939941406,483.308837890625,495.96917724609375,0,100,0
7.439336824,459.5609436035156,483.71197509765625,495.9677429199219,0,100,0
7.443229327,459.5585021972656,484.1145324707031,495.97039794921875,0,100,0
7.447291305,459.5538635253906,484.51971435546875,495.97137451171875,0,100,0
7.451499855,459.5458068847656,484.9226379394531,495.96612548828125,0,100,0
7.455340107,459.5400390625,485.3282775878906,495.967041015625,0,100,0
7.459319817,459.5382080078125,485.7286071777344,495.96435546875,0,100,0
7.463549921,459.5389099121094,486.1302795410156,495.9665222167969,0,100,0
7.467565967,459.5351867675781,486.5330505371094,495.9668273925781,0,100,0
7.471553578,459.5292053222656,486.93707275390625,495.9646911621094,0,100,0
7.475411546,459.521484375,487.3410949707031,495.9565734863281,0,100,0
7.479627225,459.51910400390625,487.74468994140625,495.9554748535156,0,100,0
7.483485225,459.5184326171875,488.14361572265625,495.949462890625,0,100,0
7.487740294,459.5191345214844,488.5458984375,495.951171875,0,100,0
7.491699968,459.5133361816406,488.9515075683594,495.95477294921875,0,100,0
7.495635395,459.50836181640625,489.3544006347656,495.95416259765625,0,100,0
7.499821495,459.50128173828125,489.7574462890625,495.94970703125,0,100,0
7.503762591,459.4969482421875,490.1595153808594,495.9470520019531,0,100,0
7.507668174,459.49737548828125,490.5618591308594,495.9490966796875,0,100,0
7.512027569,459.49237060546875,490.9654235839844,495.948974609375,0,100,0
7.515965984,459.48870849609375,491.3664245605469,495.94866943359375,0,100,0
7.519859575,459.4837341308594,491.7724609375,495.9452209472656,0,100,0
7.523991695,459.4837341308594,492.1737976074219,495.9446105957031,0,100,0
7.527932234,459.4814758300781,492.57464599609375,495.9429626464844,0,100,0
7.5321751500000005,459.4788513183594,492.9815368652344,495.944091796875,0,100,0
7.5361233930000004,459.4735107421875,493.38287353515625,495.9432373046875,0,100,0
7.539999985,459.4697265625,493.7887878417969,495.94854736328125,0,100,0
7.544025056,459.4645080566406,494.18817138671875,495.94732666015625,0,100,0
7.548179258,459.4602355957031,494.5927429199219,495.9492492675781,0,100,0
7.552175982,459.4537048339844,494.9957275390625,495.9449462890625,0,100,0
7.556060476,459.45147705078125,495.39605712890625,495.941162109375,0,100,0
7.560302778,459.4472961425781,495.796630859375,495.9368896484375,0,100,0
7.5644005960000005,459.44329833984375,496.1995849609375,495.9325866699219,0,100,0
7.568214695,459.43682861328125,496.6022033691406,495.9316711425781,0,100,0
7.572475442,459.433837890625,497.0107421875,495.9369201660156,0,100,0
7.576306392,459.4290466308594,497.4120788574219,495.9341735839844,0,100,0
7.580226177,459.4256591796875,497.8151550292969,495.9335632324219,0,100,0
7.584580271,459.4228820800781,498.2164611816406,495.9314880371094,0,100,0
7.588387989,459.4156494140625,498.621826171875,495.9259033203125,0,100,0
7.592503534,459.4104309082031,499.02886962890625,495.9295654296875,0,100,0
7.596582918,459.4046325683594,499.4317626953125,495.9285583496094,0,100,0
7.600530156,459.40313720703125,499.8311462402344,495.9242248535156,0,100,0
7.604466946,459.3995361328125,500.2303771972656,495.9211730957031,0,100,0
7.608672443,459.39422607421875,500.6318664550781,495.9176330566406,0,100,0
7.612772683,459.3871154785156,501.0377197265625,495.9132995605469,0,100,0
7.616612817,459.3814697265625,501.4435119628906,495.9158935546875,0,100,0
7.620769195,459.37750244140625,501.8466796875,495.91461181640625,0,100,0
7.624712591,459.37994384765625,502.2454833984375,495.9128723144531,0,100,0
7.628647829,459.3776550292969,502.6435241699219,495.910888671875,0,100,0
7.633170433,459.3728332519531,503.0477600097656,495.91357421875,0,100,0
7.636752275,459.3686218261719,503.4501037597656,495.91015625,0,100,0
7.640740373,459.3680419921875,503.8538513183594,495.9141540527344,0,100,0
7.644948981,459.36151123046875,504.25738525390625,495.9090881347656,0,100,0
7.648890619,459.3599548339844,504.6588134765625,495.9084167480469,0,100,0
7.652898948,459.3593444824219,505.0597839355469,495.90728759765625,0,100,0
7.657050072,459.3557434082031,505.46551513671875,495.90264892578125,0,100,0
7.661070156,459.35394287109375,505.8629455566406,495.9035949707031,0,100,0
7.664975299,459.3457946777344,506.2702331542969,495.907470703125,0,100,0
7.669206011,459.3384094238281,506.6748352050781,495.9020080566406,0,100,0
7.673148224,459.3322448730469,507.0821533203125,495.90478515625,0,100,0
7.677010084,459.32537841796875,507.484130859375,495.9004211425781,0,100,0
7.681234141,459.32281494140625,507.8854675292969,495.8980712890625,0,100,0
7.6851430050000005,459.320556640625,508.28240966796875,495.8912048339844,0,100,0
7.689173431,459.31695556640625,508.6862487792969,495.89019775390625,0,100,0
7.6934252,459.31005859375,509.0904235839844,495.88751220703125,0,100,0
7.697287318,459.3052978515625,509.4994201660156,495.8908386230469,0,100,0
7.701206376,459.298095703125,509.9033203125,495.8891296386719,0,100,0
7.705472996,459.2980651855469,510.3004455566406,495.8874816894531,0,100,0
7.709482784,459.2973937988281,510.7005310058594,495.8917236328125,0,100,0
7.7134744699999995,459.29534912109375,511.1050720214844,495.896484375,0,100,0
7.7175004529999995,459.2854919433594,511.5111389160156,495.89703369140625,0,100,0
7.721470126,459.2763977050781,511.91949462890625,495.8971252441406,0,100,0
7.725383777,459.2735900878906,512.3153076171875,495.886962890625,0,100,0
7.729684216,459.2755432128906,512.7141723632813,495.8886413574219,0,100,0
7.733878433,459.2758483886719,513.1101684570313,495.8827209472656,0,100,0
7.737563579,459.27099609375,513.5156860351563,495.8804931640625,0,100,0
7.7417309979999995,459.25946044921875,513.9202270507813,495.8763732910156,0,100,0
7.745654464,459.25177001953125,514.3262329101563,495.8777160644531,0,100,0
7.749595117,459.2495422363281,514.7258911132813,495.87664794921875,0,100,0
7.753954382,459.2516784667969,515.125732421875,495.87823486328125,0,100,0
7.7578586210000005,459.25091552734375,515.5277709960938,495.87298583984375,0,100,0
7.761759059,459.2442626953125,515.935546875,495.8725280761719,0,100,0
7.765897152,459.23760986328125,516.3385009765625,495.8707275390625,0,100,0
7.769842065,459.2329406738281,516.7421875,495.8702087402344,0,100,0
7.77396562,459.2291564941406,517.1431884765625,495.8699951171875,0,100,0
7.778052184,459.230224609375,517.5440063476563,495.87152099609375,0,100,0
7.781915179,459.2270202636719,517.9424438476563,495.8652648925781,0,100,0
7.785943655,459.22479248046875,518.3451538085938,495.86785888671875,0,100,0
7.790107593,459.2193603515625,518.7478637695313,495.86474609375,0,100,0
7.7941225450000005,459.2106018066406,519.156982421875,495.8674011230469,0,100,0
7.797982638,459.2039489746094,519.558837890625,495.8625183105469,0,100,0
7.80220882,459.2021789550781,519.9615478515625,495.8614196777344,0,100,0
7.806215139,459.1994323730469,520.3605346679688,495.8578186035156,0,100,0
7.810110327,459.1980895996094,520.7583618164063,495.85723876953125,0,100,0
7.814392887,459.1910095214844,521.1620483398438,495.8529357910156,0,100,0
7.818231501,459.185302734375,521.5699462890625,495.85235595703125,0,100,0
7.82215288,459.1763610839844,521.9761962890625,495.8444519042969,0,100,0
7.826411272,459.17120361328125,522.38134765625,495.8454284667969,0,100,0
7.830285539,459.168701171875,522.7796630859375,495.8489990234375,0,100,0
7.834654057,459.16815185546875,523.1793823242188,495.85150146484375,0,100,0
7.838503126,459.1656188964844,523.5784301757813,495.8507995605469,0,100,0
7.8424219090000005,459.163330078125,523.9788208007813,495.84735107421875,0,100,0
7.846357922,459.1523132324219,524.3851318359375,495.8437194824219,0,100,0
7.85062035,459.1421203613281,524.791748046875,495.84124755859375,0,100,0
7.854709123,459.13787841796875,525.193115234375,495.83807373046875,0,100,0
7.8585916000000005,459.1412353515625,525.5923461914063,495.83575439453125,0,100,0
7.862669088,459.14349365234375,525.9895629882813,495.83331298828125,0,100,0
7.866608738,459.1424865722656,526.3897705078125,495.829833984375,0,100,0
7.870572385,459.13140869140625,526.799072265625,495.8291931152344,0,100,0
7.874882621,459.1253967285156,527.2033081054688,495.83648681640625,0,100,0
7.878678561,459.1210632324219,527.6067504882813,495.8375244140625,0,100,0
7.882700302,459.12237548828125,528.0045166015625,495.838623046875,0,100,0
7.886894155,459.1222839355469,528.4024658203125,495.8380432128906,0,100,0
7.890840412,459.11883544921875,528.803955078125,495.83380126953125,0,100,0
7.894801869,459.1126403808594,529.210693359375,495.8373718261719,0,100,0
7.89899229,459.1067810058594,529.6130981445313,495.8284912109375,0,100,0
7.902998597,459.09820556640625,530.0206909179688,495.8288879394531,0,100,0
7.906901856,459.0930480957031,530.4196166992188,495.8287353515625,0,100,0
7.911058762,459.09295654296875,530.822509765625,495.8323974609375,0,100,0
7.915070459,459.0870666503906,531.22412109375,495.82904052734375,0,100,0
7.918965463,459.08465576171875,531.6251831054688,495.82440185546875,0,100,0
7.923152126,459.0794677734375,532.0285034179688,495.81793212890625,0,100,0
7.927080553,459.0705871582031,532.4339599609375,495.8194580078125,0,100,0
7.931047385,459.063232421875,532.8395385742188,495.82000732421875,0,100,0
7.935555488,459.055908203125,533.243408203125,495.8145751953125,0,100,0
7.939191148,459.0517883300781,533.6450805664063,495.81451416015625,0,100,0
7.943201419,459.047607421875,534.0419921875,495.8089599609375,0,100,0
7.947377172,459.04736328125,534.4437255859375,495.81097412109375,0,100,0
7.951366723,459.0447692871094,534.8461303710938,495.8131103515625,0,100,0
7.9553033509999995,459.0384521484375,535.2509155273438,495.8121032714844,0,100,0
7.959453796,459.0293884277344,535.6548461914063,495.806396484375,0,100,0
7.963369024,459.0272216796875,536.0568237304688,495.8076477050781,0,100,0
7.9673336599999995,459.02838134765625,536.4536743164063,495.8054504394531,0,100,0
7.971584964,459.0265197753906,536.8546142578125,495.8076171875,0,100,0
7.9755387970000005,459.0248718261719,537.2529907226563,495.80194091796875,0,100,0
7.979471315,459.0154113769531,537.6593017578125,495.79779052734375,0,100,0
7.983646739,459.00750732421875,538.0624389648438,495.7900695800781,0,100,0
7.9875932039999995,459.0052795410156,538.4674682617188,495.79302978515625,0,100,0
7.991502733,459.0021057128906,538.8707885742188,495.798828125,0,100,0
7.9958493409999996,459.0033874511719,539.2691040039063,495.80218505859375,0,100,0
7.999771035,459.00238037109375,539.6703491210938,495.79779052734375,0,100,0
8.003667089,458.99267578125,540.0763549804688,495.79766845703125,0,100,0
8.007838559,458.9815368652344,540.483154296875,495.7943420410156,0,100,0
8.011782843,458.9773864746094,540.8858642578125,495.7926025390625,0,100,0
8.015795499,458.9776306152344,541.2847290039063,495.7877502441406,0,100,0
8.019947326,458.9796142578125,541.6817626953125,495.78289794921875,0,100,0
8.02386664,458.975341796875,542.0833740234375,495.7796325683594,0,100,0
8.027890897,458.9686584472656,542.48779296875,495.7786865234375,0,100,0
8.032018958,458.9615173339844,542.8939819335938,495.7804870605469,0,100,0
8.036251341,458.95843505859375,543.2948608398438,495.78302001953125,0,100,0
8.039907729,458.95361328125,543.697265625,495.78094482421875,0,100,0
8.044134857,458.9532775878906,544.0956420898438,495.78680419921875,0,100,0
8.048215879,458.94586181640625,544.499755859375,495.7825927734375,0,100,0
8.052040446,458.94012451171875,544.902099609375,495.7831726074219,0,100,0
8.056315199,458.93731689453125,545.3029174804688,495.7784729003906,0,100,0
8.060134133,458.9334716796875,545.703857421875,495.77069091796875,0,100,0
8.064107732,458.9276123046875,546.1069946289063,495.7745056152344,0,100,0
8.068338651,458.9219665527344,546.5098266601563,495.7738952636719,0,100,0
8.07222412,458.9147033691406,546.9141235351563,495.7709655761719,0,100,0
8.076328515,458.91046142578125,547.3160400390625,495.7680358886719,0,100,0
8.08037614,458.9080810546875,547.71728515625,495.7624206542969,0,100,0
8.084340333,458.905029296875,548.1201782226563,495.76348876953125,0,100,0
8.088266314,458.90313720703125,548.5206909179688,495.7619323730469,0,100,0
8.092534399,458.8956604003906,548.92431640625,495.7566223144531,0,100,0
8.096610663,458.88677978515625,549.3287963867188,495.7571716308594,0,100,0
8.100474603,458.88299560546875,549.7301635742188,495.7539367675781,0,100,0
8.104408338,458.879638671875,550.13232421875,495.755615234375,0,100,0
8.108535863,458.8806457519531,550.531494140625,495.7562561035156,0,100,0
8.112478033,458.878662109375,550.9318237304688,495.75347900390625,0,100,0
8.116876944,458.87542724609375,551.3330078125,495.75445556640625,0,100,0
8.120642998,458.8689880371094,551.7413940429688,495.7564392089844,0,100,0
8.124634396,458.86187744140625,552.1441040039063,495.7502136230469,0,100,0
8.128799822,458.8592224121094,552.544921875,495.7534484863281,0,100,0
8.13268328,458.8584289550781,552.9451293945313,495.74554443359375,0,100,0
8.136893454,458.86016845703125,553.3442993164063,495.7457580566406,0,100,0
8.140829684,458.8567199707031,553.7452392578125,495.737060546875,0,100,0
8.144860585,458.8499755859375,554.1490478515625,495.7347106933594,0,100,0
8.148784927,458.84271240234375,554.5545654296875,495.7431640625,0,100,0
8.152991096,458.83477783203125,554.9576416015625,495.7421569824219,0,100,0
8.156946113,458.8315124511719,555.35791015625,495.74188232421875,0,100,0
8.160750273,458.8315124511719,555.7572021484375,495.7366943359375,0,100,0
8.165075839,458.82427978515625,556.1599731445313,495.7357177734375,0,100,0
8.168981731,458.8173522949219,556.5655517578125,495.7383728027344,0,-100,0
8.17300314,458.8133239746094,556.970703125,495.73687744140625,0,-100,0
8.17736254,458.8099365234375,557.3716430664063,495.7322998046875,0,-100,0
8.181193629,458.8084411621094,557.76953125,495.7265625,0,-100,0
8.18509385,458.806640625,558.1697387695313,495.72418212890625,0,-100,0
8.189283165,458.8016052246094,558.5729370117188,495.7294921875,0,-100,0
8.193314307,458.7951965332031,558.975830078125,495.73150634765625,0,-100,0
8.197321964,458.7932434082031,559.366455078125,495.7406921386719,0,-100,0
8.201360812,458.8102111816406,559.719482421875,495.77117919921875,0,-100,0
8.205286964,458.8575134277344,560.0054931640625,495.84112548828125,0,-100,0
8.209210296,458.9158935546875,560.2301635742188,495.92535400390625,0,-100,0
8.213508893,458.9715881347656,560.3939819335938,495.99383544921875,0,-100,0
8.217475567,459.0242919921875,560.4813232421875,496.068115234375,0,-100,0
8.221399332,459.0942687988281,560.457763671875,496.1282958984375,0,-100,0
8.225558649,459.1262512207031,560.3689575195313,496.10638427734375,0,-100,0
8.229503494,459.07562255859375,560.27685546875,496.04437255859375,0,-100,0
8.23344163,458.9852600097656,560.1555786132813,495.96923828125,0,-100,0
8.238031422,458.90277099609375,559.9405517578125,495.8837585449219,0,-100,0
8.241704696,458.8388671875,559.6490478515625,495.8009033203125,0,-100,0
8.245600816,458.78082275390625,559.31689453125,495.7151184082031,0,-100,0
8.249753576,458.7296142578125,558.9457397460938,495.6595153808594,0,-100,0
8.253695527,458.7182922363281,558.5228271484375,495.652099609375,0,-100,0
8.257698502,458.73480224609375,558.0774536132813,495.6414794921875,0,-100,0
8.261869428,458.74871826171875,557.6375732421875,495.62921142578125,0,-100,0
8.265745993,458.7579345703125,557.2119750976563,495.63568115234375,0,-100,0
8.269778595,458.76678466796875,556.8017578125,495.6793518066406,0,-100,0
8.273960487,458.7847595214844,556.3862915039063,495.7138366699219,0,-100,0
8.277960225,458.8026428222656,555.9680786132813,495.7415771484375,0,-100,0
8.281819626,458.8084411621094,555.5615844726563,495.7780456542969,0,-100,0
8.286049151,458.81072998046875,555.1587524414063,495.8133850097656,0,-100,0
8.290059356,458.8122863769531,554.7576904296875,495.8383483886719,0,-100,0
8.293958284,458.80224609375,554.3612060546875,495.841552734375,0,-100,0
8.298238373,458.78704833984375,553.9653930664063,495.8341979980469,0,-100,0
8.302062193,458.7657165527344,553.5711059570313,495.8127136230469,0,-100,0
8.305999792,458.7436828613281,553.1785278320313,495.7807312011719,0,-100,0
8.310251727,458.72802734375,552.7830810546875,495.751708984375,0,-100,0
8.314141408,458.715576171875,552.3832397460938,495.7217712402344,0,-100,0
8.318251935,458.7084655761719,551.977294921875,495.6930847167969,0,-100,0
8.322368902000001,458.70281982421875,551.5701904296875,495.66912841796875,0,-100,0
8.326261686,458.69281005859375,551.1663818359375,495.6453552246094,0,-100,0
8.330188764,458.6788024902344,550.7617797851563,495.6351318359375,0,-100,0
8.334432682,458.6676940917969,550.364013671875,495.6380615234375,0,-100,0
8.338746437,458.657470703125,549.9635620117188,495.64190673828125,0,-100,0
8.34236693,458.6497802734375,549.5643920898438,495.66192626953125,0,-100,0
8.346325651,458.6511535644531,549.163330078125,495.6912841796875,0,-100,0
8.350465903,458.6578063964844,548.752197265625,495.7165832519531,0,-100,0
8.354370884,458.67034912109375,548.3406372070313,495.7437438964844,0,-100,0
8.358747426,458.68475341796875,547.927490234375,495.76849365234375,0,-100,0
8.362527609,458.69537353515625,547.5155639648438,495.7875671386719,0,-100,0
8.366539013,458.70074462890625,547.1031494140625,495.79669189453125,0,-100,0
8.370718097,458.70587158203125,546.6903076171875,495.8016052246094,0,-100,0
8.374622966,458.7025146484375,546.283935546875,495.8041076660156,0,-100,0
8.378648869,458.69354248046875,545.8799438476563,495.79766845703125,0,-100,0
8.382829089,458.6780700683594,545.4760131835938,495.7746887207031,0,-100,0
8.386840796,458.65704345703125,545.0806884765625,495.7564697265625,0,-100,0
8.39073882,458.64141845703125,544.6845703125,495.75,0,-100,0
8.394869124,458.6263122558594,544.2863159179688,495.73724365234375,0,-100,0
8.398900985,458.615234375,543.8878784179688,495.7259521484375,0,-100,0
8.402782037,458.6060791015625,543.490966796875,495.7113342285156,0,-100,0
8.407009953,458.5992736816406,543.0908813476563,495.69757080078125,0,-100,0
8.410899665,458.59478759765625,542.690673828125,495.69378662109375,0,-100,0
8.414913464,458.59332275390625,542.2891235351563,495.6893005371094,0,-100,0
8.419168895,458.5935363769531,541.8857421875,495.68365478515625,0,-100,0
8.422982794,458.59051513671875,541.4808959960938,495.6817321777344,0,-100,0
8.427030627,458.5867919921875,541.0787963867188,495.69366455078125,0,-100,0
8.431201027,458.5863342285156,540.67041015625,495.7007141113281,0,-100,0
8.435197807,458.5814514160156,540.2655029296875,495.7078552246094,0,-100,0
8.439418611,458.58026123046875,539.854736328125,495.7138366699219,0,-100,0
8.443277459,458.58099365234375,539.4478149414063,495.7271728515625,0,-100,0
8.447232124,458.5787048339844,539.041748046875,495.7346496582031,0,-100,0
8.45113502,458.58251953125,538.6304321289063,495.7399597167969,0,-100,0
8.455409374,458.5899353027344,538.2188110351563,495.7457275390625,0,-100,0
8.459364635,458.5918884277344,537.8070068359375,495.7445983886719,0,-100,0
8.463307188,458.5966491699219,537.3981323242188,495.7519226074219,0,-100,0
8.467482315,458.5949401855469,536.9967041015625,495.757080078125,0,-100,0
8.471396407,458.5811767578125,536.59814453125,495.7535705566406,0,-100,0
8.475338269,458.5658264160156,536.2033081054688,495.7451477050781,0,-100,0
8.479672414,458.5476379394531,535.80859375,495.73199462890625,0,-100,0
8.48360781,458.5372009277344,535.4107666015625,495.7293395996094,0,-100,0
8.487531752,458.5287170410156,535.00830078125,495.7148132324219,0,-100,0
8.491684265,458.51495361328125,534.6072998046875,495.6983642578125,0,-100,0
8.495600418,458.5024719238281,534.2049560546875,495.6871032714844,0,-100,0
8.499620693,458.4950256347656,533.8047485351563,495.6789245605469,0,-100,0
8.503794851,458.4876403808594,533.40283203125,495.671875,0,-100,0
8.507705338,458.487060546875,532.9967651367188,495.67120361328125,0,-100,0
8.511705005,458.4891052246094,532.589111328125,495.6697082519531,0,-100,0
8.515856629,458.4858093261719,532.1826171875,495.67523193359375,0,-100,0
8.519869473,458.4855041503906,531.7759399414063,495.67889404296875,0,-100,0
8.523748769000001,458.4833068847656,531.3715209960938,495.6851501464844,0,-100,0
8.527982313999999,458.48681640625,530.9658203125,495.701416015625,0,-100,0
8.532045021,458.4907531738281,530.5537719726563,495.7049865722656,0,-100,0
8.535879627,458.49859619140625,530.1415405273438,495.71533203125,0,-100,0
8.54034235,458.50006103515625,529.7341918945313,495.7197570800781,0,-100,0
8.544007802,458.4981689453125,529.3319091796875,495.72357177734375,0,-100,0
8.547913925,458.49041748046875,528.932373046875,495.7287292480469,0,-100,0
8.552143896,458.4875183105469,528.5264892578125,495.727783203125,0,-100,0
8.556054142,458.4892883300781,528.1161499023438,495.7237854003906,0,-100,0
8.560153687,458.48583984375,527.7103881835938,495.7190856933594,0,-100,0
8.564229574,458.4737243652344,527.3134155273438,495.7032470703125,0,-100,0
8.568166225,458.4603576660156,526.9173583984375,495.6944274902344,0,-100,0
8.57214766,458.44439697265625,526.5185546875,495.6784362792969,0,-100,0
8.576371352,458.4361267089844,526.1189575195313,495.6704406738281,0,-100,0
8.580459915,458.4273376464844,525.7139892578125,495.6671447753906,0,-100,0
8.584265871,458.4197692871094,525.312744140625,495.66485595703125,0,-100,0
8.588459406,458.415283203125,524.9061279296875,495.6598205566406,0,-100,0
8.59236657,458.4140625,524.4986572265625,495.6610412597656,0,-100,0
8.596297571000001,458.412841796875,524.0914916992188,495.66339111328125,0,-100,0
8.60066825,458.4118957519531,523.6900634765625,495.6753234863281,0,-100,0
8.60444231,458.40576171875,523.2890625,495.67022705078125,0,-100,0
8.608452686,458.4004211425781,522.8823852539063,495.66552734375,0,-100,0
8.612621893,458.4035339355469,522.4734497070313,495.67083740234375,0,-100,0
8.616624288,458.4022521972656,522.0645751953125,495.6661376953125,0,-100,0
8.620611701,458.4055480957031,521.655029296875,495.67181396484375,0,-100,0
8.624728626,458.40521240234375,521.2468872070313,495.6755676269531,0,-100,0
8.62874922,458.4005432128906,520.8416137695313,495.67633056640625,0,-100,0
8.632645606,458.392578125,520.4391479492188,495.67437744140625,0,-100,0
8.636778579,458.386474609375,520.0379638671875,495.6705627441406,0,-100,0
8.641061231,458.38311767578125,519.63525390625,495.670166015625,0,-100,0
8.644690124,458.38458251953125,519.2254028320313,495.6725158691406,0,-100,0
8.648936657,458.3840026855469,518.816650390625,495.664794921875,0,-100,0
8.652808091,458.3728942871094,518.4222412109375,495.662841796875,0,-100,0
8.656844747,458.35650634765625,518.029296875,495.66265869140625,0,-100,0
8.661095202,458.344482421875,517.635498046875,495.6603088378906,0,-100,0
8.664905556,458.3392028808594,517.2308349609375,495.65557861328125,0,-100,0
8.668878431,458.3426208496094,516.8231811523438,495.6556091308594,0,-100,0
8.673117109,458.3409423828125,516.4152221679688,495.651611328125,0,-100,0
8.677173381,458.3377685546875,516.0120239257813,495.6546630859375,0,-100,0
8.681126397,458.3327941894531,515.6119384765625,495.6519775390625,0,-100,0
8.685187028,458.3251037597656,515.2063598632813,495.6488037109375,0,-100,0
8.689127355,458.32470703125,514.8018188476563,495.6548156738281,0,-100,0
8.693046479,458.3251037597656,514.3920288085938,495.6529235839844,0,-100,0
8.69733526,458.3249816894531,513.9852905273438,495.6534729003906,0,-100,0
8.701352483,458.32745361328125,513.5768432617188,495.65106201171875,0,-100,0
8.705220823,458.322509765625,513.1701049804688,495.6480712890625,0,-100,0
8.709380198,458.3188171386719,512.76708984375,495.6564636230469,0,-100,0
8.713318807,458.3150329589844,512.3634033203125,495.6603088378906,0,-100,0
8.717288198,458.3092346191406,511.9605712890625,495.65869140625,0,-100,0
8.721687489,458.30291748046875,511.556640625,495.65673828125,0,-100,0
8.725519266,458.29931640625,511.1531066894531,495.64678955078125,0,-100,0
8.729440986,458.29473876953125,510.74993896484375,495.6431579589844,0,-100,0
8.733384617,458.2906494140625,510.3465270996094,495.6365051269531,0,-100,0
8.737530452,458.2820739746094,509.9474182128906,495.631103515625,0,-100,0
8.741767175,458.2677001953125,509.549072265625,495.6248474121094,0,-100,0
8.74573064,458.25640869140625,509.1524658203125,495.6249694824219,0,-100,0
8.749593697,458.2518310546875,508.74603271484375,495.6207580566406,0,-100,0
8.75360893,458.2500305175781,508.3381042480469,495.6175537109375,0,-100,0
8.757786429,458.24896240234375,507.93243408203125,495.61529541015625,0,-100,0
8.761793158,458.24261474609375,507.5339660644531,495.6163024902344,0,-100,0
8.765632545,458.2352600097656,507.13140869140625,495.614501953125,0,-100,0
8.769884162,458.2314453125,506.7298278808594,495.6162109375,0,-100,0
8.773924911,458.232421875,506.32269287109375,495.6142578125,0,-100,0
8.777801856,458.2362976074219,505.9142150878906,495.6157531738281,0,-100,0
8.782079232,458.2383117675781,505.5052185058594,495.61199951171875,0,-100,0
8.785897418,458.2318115234375,505.1047668457031,495.61785888671875,0,-100,0
8.789852157,458.2273254394531,504.7030334472656,495.6221008300781,0,-100,0
8.794065038,458.2225646972656,504.29833984375,495.6256408691406,0,-100,0
8.797975894,458.2268371582031,503.8873596191406,495.6284484863281,0,-100,0
8.802080882,458.22979736328125,503.4793701171875,495.62554931640625,0,-100,0
8.806209844,458.22625732421875,503.07421875,495.622802734375,0,-100,0
8.810110932,458.21661376953125,502.6761779785156,495.62799072265625,0,-100,0
8.814042331,458.2019348144531,502.2779235839844,495.61956787109375,0,-100,0
8.818266144999999,458.1976013183594,501.8729553222656,495.61572265625,0,-100,0
8.822335825,458.1940612792969,501.4692687988281,495.6158752441406,0,-100,0
8.826211398,458.1910400390625,501.0644226074219,495.6072692871094,0,-100,0
8.83034531,458.18353271484375,500.66143798828125,495.602783203125,0,-100,0
8.834279553,458.1727600097656,500.26483154296875,495.6037902832031,0,-100,0
8.838224972,458.1641540527344,499.86456298828125,495.59747314453125,0,-100,0
8.842782578,458.1602478027344,499.4625244140625,495.6016540527344,0,-100,0
8.846350636,458.15673828125,499.0586853027344,495.5986633300781,0,-100,0
8.850363191,458.1541748046875,498.65289306640625,495.59710693359375,0,-100,0
8.854544516,458.15509033203125,498.2434387207031,495.5965576171875,0,-100,0
8.858494004,458.15570068359375,497.8380432128906,495.5997619628906,0,-100,0
8.8625125,458.15496826171875,497.42913818359375,495.59637451171875,0,-100,0
8.866670682,458.1520690917969,497.0269775390625,495.59539794921875,0,-100,0
8.870679455,458.1448059082031,496.6253967285156,495.5911865234375,0,-100,0
8.874563254,458.1372375488281,496.2237548828125,495.5912780761719,0,-100,0
8.878739018,458.13116455078125,495.818359375,495.58984375,0,-100,0
8.882736023,458.1349182128906,495.40966796875,495.59210205078125,0,-100,0
8.886602383,458.1329040527344,494.9997863769531,495.5865783691406,0,-100,0
8.890826407,458.12823486328125,494.6017761230469,495.5900573730469,0,-100,0
8.894735407,458.12109375,494.2061462402344,495.5861511230469,0,-100,0
8.898766019,458.11322021484375,493.8053283691406,495.58648681640625,0,-100,0
8.903007436,458.1129455566406,493.3998718261719,495.581787109375,0,-100,0
8.906857963,458.1116943359375,492.9944763183594,495.5793762207031,0,-100,0
8.910879203,458.1070861816406,492.5906677246094,495.5814208984375,0,-100,0
8.915041279,458.10296630859375,492.19012451171875,495.58258056640625,0,-100,0
8.919055548,458.0951843261719,491.7893981933594,495.579833984375,0,-100,0
8.923054188,458.0921630859375,491.3845520019531,495.5838317871094,0,-100,0
8.927133483,458.09088134765625,490.9752197265625,495.5785217285156,0,-100,0
8.931058009000001,458.090576171875,490.5711364746094,495.5796203613281,0,-100,0
8.934988231,458.0826110839844,490.1696472167969,495.5750732421875,0,-100,0
8.939222584,458.0767822265625,489.7669677734375,495.567626953125,0,-100,0
8.943430119,458.0740966796875,489.3623962402344,495.56689453125,0,-100,0
8.947180813,458.07562255859375,488.9542236328125,495.5613098144531,0,-100,0
8.951288192,458.07220458984375,488.5476379394531,495.55657958984375,0,-100,0
8.955253686,458.0694885253906,488.1450500488281,495.560546875,0,-100,0
8.95918108,458.06341552734375,487.74200439453125,495.5660705566406,0,-100,0
8.963520846,458.05694580078125,487.3379821777344,495.5622863769531,0,-100,0
8.967455219,458.0550537109375,486.931640625,495.5606384277344,0,-100,0
8.971340065,458.0517578125,486.52801513671875,495.5580749511719,0,-100,0
8.975309857,458.0460510253906,486.1239929199219,495.55572509765625,0,-100,0
8.979445621,458.0385437011719,485.7240295410156,495.5578918457031,0,-100,0
8.98348021,458.0330810546875,485.3228759765625,495.5575256347656,0,-100,0
8.987632929,458.02734375,484.91790771484375,495.5509948730469,0,-100,0
8.99150417,458.0253601074219,484.51361083984375,495.55096435546875,0,-100,0
8.995620768,458.0193786621094,484.1092834472656,495.5478210449219,0,-100,0
8.999697060999999,458.0135498046875,483.7091369628906,495.5457458496094,0,-100,0
9.003707785,458.0063781738281,483.308349609375,495.54278564453125,0,-100,0
9.007518999,458.00482177734375,482.9063720703125,495.5421142578125,0,-100,0
9.011826597,458.0013732910156,482.5006103515625,495.5372314453125,0,-100,0
9.015828937,457.99957275390625,482.10040283203125,495.5405578613281,0,-100,0
9.019688445,457.996337890625,481.6964111328125,495.5386962890625,0,-100,0
9.024007914,457.994140625,481.2920837402344,495.540283203125,0,-100,0
9.027827801,457.9937744140625,480.8861389160156,495.54278564453125,0,-100,0
9.031770747,457.990478515625,480.48046875,495.5410461425781,0,-100,0
9.035991957,457.9871826171875,480.0787353515625,495.5427551269531,0,-100,0
9.039899712,457.98065185546875,479.67767333984375,495.54083251953125,0,-100,0
9.044237111,457.9772033691406,479.27545166015625,495.53759765625,0,-100,0
9.048097362,457.9766845703125,478.8684997558594,495.5435485839844,0,-100,0
9.052030439,457.9739990234375,478.46148681640625,495.54254150390625,0,-100,0
9.055973631,457.96771240234375,478.058349609375,495.53924560546875,0,-100,0
9.060185617,457.96173095703125,477.66143798828125,495.5423583984375,0,-100,0
9.064269333,457.9538879394531,477.2610778808594,495.5413513183594,0,-100,0
9.068103106,457.9507751464844,476.85498046875,495.5350646972656,0,-100,0
9.07227047,457.9497985839844,476.4469299316406,495.53350830078125,0,-100,0
9.076212929,457.9462890625,476.04302978515625,495.52801513671875,0,-100,0
9.08021863,457.9393310546875,475.6394958496094,495.5249938964844,0,-100,0
9.084518179,457.9320373535156,475.242431640625,495.5306091308594,0,-100,0
9.088266748,457.9242858886719,474.83966064453125,495.5259704589844,0,-100,0
9.092287944,457.9185791015625,474.4349060058594,495.5218505859375,0,-100,0
9.096485692,457.91436767578125,474.031982421875,495.5245056152344,0,-100,0
9.100404889,457.9098205566406,473.6273193359375,495.5228576660156,0,-100,0
9.104341702,457.9071350097656,473.2212219238281,495.5200500488281,0,-100,0
9.108581765,457.9085998535156,472.8152770996094,495.51898193359375,0,-100,0
9.112601464,457.90313720703125,472.41168212890625,495.5138244628906,0,-100,0
9.116503907,457.8978271484375,472.0066833496094,495.508056640625,0,-100,0
9.120669289,457.8924865722656,471.6073913574219,495.508544921875,0,-100,0
9.124686624,457.8872985839844,471.2041931152344,495.501708984375,0,-100,0
9.128532262,457.8848876953125,470.79876708984375,495.5016174316406,0,-100,0
9.132784333,457.88079833984375,470.3937683105469,495.50445556640625,0,-100,0
9.136607825,457.8784484863281,469.99273681640625,495.5059814453125,0,-100,0
9.140329883,457.8670959472656,469.5918273925781,495.5033874511719,0,-100,0
9.144787756,457.8603515625,469.1950378417969,495.50830078125,0,-100,0
9.148444313,457.8601989746094,468.7919006347656,495.5082092285156,0,-100,0
9.152381965,457.85845947265625,468.3874206542969,495.5089111328125,0,-100,0
9.156621506,457.8574523925781,467.9814758300781,495.5091552734375,0,-100,0
9.160679771,457.85369873046875,467.5783996582031,495.5079345703125,0,-100,0
9.164696752,457.850341796875,467.1778259277344,495.511962890625,0,-100,0
9.168794801,457.8477783203125,466.77044677734375,495.5072326660156,0,-100,0
9.172719942,457.8482360839844,466.36468505859375,495.5066223144531,0,-100,0
9.176714538,457.84234619140625,465.96173095703125,495.50421142578125,0,-100,0
9.180998767,457.83453369140625,465.560791015625,495.5025634765625,0,-100,0
9.185049495,457.8284606933594,465.1574401855469,495.4970703125,0,-100,0
9.188994103,457.8280029296875,464.75311279296875,495.4996337890625,0,-100,0
9.193175085,457.8250427246094,464.345703125,495.49981689453125,0,-100,0
9.197175454,457.8241271972656,463.9415588378906,495.4959411621094,0,-100,0
9.201103882,457.8192443847656,463.53814697265625,495.4971618652344,0,-100,0
9.205516983,457.8144226074219,463.1370544433594,495.5005798339844,0,-100,0
9.209349728,457.81036376953125,462.7334899902344,495.4958801269531,0,-100,0
9.213266766,457.8052978515625,462.3318786621094,495.4952087402344,0,-100,0
9.217398062000001,457.8057861328125,461.9273986816406,495.4961242675781,0,-100,0
9.221330302,457.8002014160156,461.5224304199219,495.4888000488281,0,-100,0
9.225309279,457.7975158691406,461.1190185546875,495.4905090332031,0,-100,0
9.22955087,457.7892150878906,460.7156066894531,495.4876708984375,0,-100,0
9.23343358,457.78326416015625,460.31304931640625,495.4817810058594,0,-100,0
9.237460045,457.7756652832031,459.91021728515625,495.4814147949219,0,-100,0
9.24162328,457.7699890136719,459.50872802734375,495.4811706542969,0,-100,0
9.245875692,457.7664794921875,459.1053771972656,495.4766845703125,0,-100,0
9.249500147,457.76202392578125,458.7005310058594,495.4695129394531,0,-100,0
9.253754624,457.7596740722656,458.2972412109375,495.4692077636719,0,-100,0
9.257742488,457.7556457519531,457.8935546875,495.46337890625,0,-100,0
9.261655494,457.75128173828125,457.49249267578125,495.467529296875,0,-100,0
9.265892285,457.74896240234375,457.0851745605469,495.46771240234375,0,-100,0
9.269747419,457.748779296875,456.6802062988281,495.4678649902344,0,-100,0
9.273680626,457.7458190917969,456.2746276855469,495.4691162109375,0,-100,0
9.277908133,457.7402648925781,455.8738098144531,495.46881103515625,0,-100,0
9.281809415,457.7367858886719,455.4736022949219,495.4682922363281,0,-100,0
9.285922769,457.7327880859375,455.0698547363281,495.4676818847656,0,-100,0
9.290060135,457.7315673828125,454.6630859375,495.46514892578125,0,-100,0
9.294010326,457.72979736328125,454.2578125,495.4603271484375,0,-100,0
9.297870818,457.72540283203125,453.85906982421875,495.4611511230469,0,-100,0
9.302105148,457.7187194824219,453.45574951171875,495.45709228515625,0,-100,0
9.30620167,457.7164001464844,453.0536804199219,495.45501708984375,0,-100,0
9.310031175,457.71343994140625,452.65130615234375,495.4555969238281,0,-100,0
9.314185179,457.7103576660156,452.2456970214844,495.4588928222656,0,-100,0
9.318116319,457.7037048339844,451.84295654296875,495.4565734863281,0,-100,0
9.322039029,457.69793701171875,451.4397277832031,495.4556579589844,0,-100,0
9.326412359,457.69256591796875,451.04241943359375,495.46014404296875,0,-100,0
9.33020084,457.6880187988281,450.64019775390625,495.45391845703125,0,-100,0
9.334198597,457.6853332519531,450.2350769042969,495.45733642578125,0,-100,0
9.338365016000001,457.6790771484375,449.83270263671875,495.4584655761719,0,-100,0
9.342306079,457.67291259765625,449.4274597167969,495.4526672363281,0,-100,0
9.346566608,457.6693115234375,449.0232849121094,495.4512939453125,0,-100,0
9.350561174,457.6636657714844,448.6226501464844,495.45343017578125,0,-100,0
9.354511446,457.6601257324219,448.2193298339844,495.44989013671875,0,-100,0
9.358428495,457.65423583984375,447.8157043457031,495.445556640625,0,-100,0
9.362375273,457.6517028808594,447.40887451171875,495.4460144042969,0,-100,0
9.366591695,457.64837646484375,447.0050964355469,495.4383850097656,0,-100,0
9.370478977,457.6439208984375,446.6038818359375,495.4370422363281,0,-100,0
9.374767505,457.6366882324219,446.2021179199219,495.4368896484375,0,-100,0
9.378552274,457.6316223144531,445.8011169433594,495.43536376953125,0,-100,0
9.382597608,457.6305236816406,445.395751953125,495.4337158203125,0,-100,0
9.386865856,457.6248779296875,444.99151611328125,495.43182373046875,0,-100,0
9.390706304,457.61944580078125,444.5929260253906,495.4364013671875,0,-100,0
9.394641295,457.6142272949219,444.18878173828125,495.4296569824219,0,-100,0
9.398891772,457.61639404296875,443.7804260253906,495.4300842285156,0,-100,0
9.402900486,457.61407470703125,443.3747863769531,495.4259033203125,0,-100,0
9.406867403,457.609619140625,442.9726257324219,495.42535400390625,0,-100,0
9.410956805,457.60498046875,442.5696716308594,495.4288635253906,0,-100,0
9.414891985,457.5958251953125,442.17047119140625,495.42822265625,0,-100,0
9.418830971,457.5938720703125,441.7691955566406,495.4283752441406,0,-100,0
9.42306924,457.59088134765625,441.36297607421875,495.42803955078125,0,-100,0
9.427036607,457.5916748046875,440.95751953125,495.42938232421875,0,-100,0
9.430996001,457.5855407714844,440.55828857421875,495.42578125,0,-100,0
9.435144835,457.579345703125,440.1577453613281,495.42578125,0,-100,0
9.439088985,457.572509765625,439.7585144042969,495.4263916015625,0,-100,0
9.443025688,457.56982421875,439.35528564453125,495.42034912109375,0,-100,0
9.447578627,457.5718078613281,438.94927978515625,495.4238586425781,0,-100,0
9.451273384,457.57012939453125,438.542724609375,495.4261779785156,0,-100,0
9.455198283,457.567138671875,438.1385192871094,495.42401123046875,0,-100,0
9.459421106,457.55767822265625,437.7361145019531,495.421142578125,0,-100,0
9.463270146,457.5516052246094,437.3363952636719,495.4222106933594,0,-100,0
9.467263963,457.5474548339844,436.93646240234375,495.42413330078125,0,-100,0
9.471473007,457.5420227050781,436.5321960449219,495.419189453125,0,-100,0
9.47534808,457.5396423339844,436.12786865234375,495.4173583984375,0,-100,0
9.479359095,457.5343322753906,435.7244873046875,495.4100646972656,0,-100,0
9.483533921,457.5314636230469,435.3211669921875,495.41168212890625,0,-100,0
9.487567132,457.5261535644531,434.91766357421875,495.4085388183594,0,-100,0
9.491408177,457.524169921875,434.5151672363281,495.4028015136719,0,-100,0
9.495672677,457.5246887207031,434.1120300292969,495.40582275390625,0,-100,0
9.499676708,457.518798828125,433.70904541015625,495.4080810546875,0,-100,0
9.503572637,457.51507568359375,433.30682373046875,495.40863037109375,0,-100,0
9.507842125,457.511474609375,432.9016418457031,495.4049377441406,0,-100,0
9.511660926,457.5108947753906,432.49139404296875,495.403076171875,0,-100,0
9.515605721,457.5064392089844,432.0870361328125,495.3992919921875,0,-100,0
9.519849888,457.5018005371094,431.6861267089844,495.39678955078125,0,-100,0
9.523767756,457.4931640625,431.2868347167969,495.4000244140625,0,-100,0
9.527854168,457.4871520996094,430.88287353515625,495.3945007324219,0,-100,0
9.531923722,457.48541259765625,430.47747802734375,495.3909606933594,0,-100,0
9.535843994,457.4835510253906,430.0699157714844,495.3929748535156,0,-100,0
9.53981519,457.4797058105469,429.6657409667969,495.390625,0,-100,0
9.544039035,457.4751281738281,429.2653503417969,495.386474609375,0,-100,0
9.548347735,457.4703063964844,428.8617858886719,495.38543701171875,0,-100,0
9.551979326,457.46697998046875,428.4633483886719,495.390380859375,0,-100,0
9.556122377,457.46441650390625,428.05682373046875,495.38250732421875,0,-100,0
9.560047269,457.4621276855469,427.65679931640625,495.3880615234375,0,-100,0
9.56403681,457.4578857421875,427.2552490234375,495.38922119140625,0,-100,0
9.568322507,457.4527587890625,426.85400390625,495.3846130371094,0,-100,0
9.57210731,457.4497985839844,426.4518737792969,495.38629150390625,0,-100,0
9.576130525,457.4453430175781,426.04541015625,495.38800048828125,0,-100,0
9.580343883,457.44097900390625,425.6451110839844,495.3881530761719,0,-100,0
9.584254786,457.43695068359375,425.2438049316406,495.3837890625,0,-100,0
9.588260155,457.43035888671875,424.843017578125,495.3848571777344,0,-100,0
9.592401582,457.4277648925781,424.439697265625,495.3798522949219,0,-100,0
9.596452877,457.4260559082031,424.03424072265625,495.3761291503906,0,-100,0
9.600333146,457.4259033203125,423.63067626953125,495.38372802734375,0,-100,0
9.604294523,457.42022705078125,423.2239990234375,495.38037109375,0,-100,0
9.608530141,457.41650390625,422.8243103027344,495.3829650878906,0,-100,0
9.61235393,457.41180419921875,422.4264831542969,495.3876953125,0,-100,0
9.616612905,457.4063415527344,422.0210876464844,495.382080078125,0,-100,0
9.620505232,457.4032897949219,421.6165771484375,495.3800354003906,0,-100,0
9.624538696,457.3996887207031,421.2135314941406,495.3765563964844,0,-100,0
9.62877782,457.3950500488281,420.8106994628906,495.37396240234375,0,-100,0
9.6326112,457.3901062011719,420.40802001953125,495.3681945800781,0,-100,0
9.63654245,457.3870544433594,420.0081481933594,495.3670654296875,0,-100,0
9.640814388,457.38629150390625,419.6026916503906,495.3738098144531,0,-100,0
9.64481717,457.38134765625,419.1969299316406,495.3688049316406,0,-100,0
9.649028026,457.37689208984375,418.7961120605469,495.3680725097656,0,-100,0
9.652895188,457.3675537109375,418.39508056640625,495.3666076660156,0,-100,0
9.656804997,457.3614501953125,417.99737548828125,495.364501953125,0,-100,0
9.660728099,457.357666015625,417.594970703125,495.3636474609375,0,-100,0
9.66497937,457.3526916503906,417.1877746582031,495.3584289550781,0,-100,0
9.669033032,457.3514099121094,416.7867736816406,495.35882568359375,0,-100,0
9.672892936,457.34600830078125,416.38153076171875,495.3527526855469,0,-100,0
9.677090549,457.3432922363281,415.9798278808594,495.3498840332031,0,-100,0
9.681021068,457.3448791503906,415.5752258300781,495.3504333496094,0,-100,0
9.684950781,457.3390197753906,415.1706848144531,495.34320068359375,0,-100,0
9.68928189,457.33538818359375,414.77001953125,495.3463134765625,0,-100,0
9.69317545,457.3262634277344,414.36956787109375,495.3492126464844,0,-100,0
9.697110407,457.3205261230469,413.9685363769531,495.3456115722656,0,-100,0
9.70125985,457.3172912597656,413.56695556640625,495.3465270996094,0,-100,0
9.705160065,457.3113098144531,413.1615905761719,495.343017578125,0,-100,0
9.709255559,457.3103332519531,412.76031494140625,495.346435546875,0,-100,0
9.71339872,457.3049621582031,412.3609924316406,495.34576416015625,0,-100,0
9.717302674,457.3003845214844,411.95721435546875,495.3471984863281,0,-100,0
9.721267042000001,457.29693603515625,411.5547790527344,495.34857177734375,0,-100,0
9.725510821,457.2965087890625,411.1475524902344,495.3420104980469,0,-100,0
9.729503749,457.2991943359375,410.74334716796875,495.3468017578125,0,-100,0
9.733316687,457.2939758300781,410.3388671875,495.3457336425781,0,-100,0
9.737593668,457.2870788574219,409.94024658203125,495.3431701660156,0,-100,0
9.741608228,457.28265380859375,409.5411376953125,495.3450927734375,0,-100,0
9.745493773,457.2798156738281,409.1326904296875,495.34423828125,0,-100,0
9.749924318,457.2801208496094,408.7289733886719,495.34307861328125,0,-100,0
9.753679791,457.27752685546875,408.3230285644531,495.34039306640625,0,-100,0
9.757532657,457.2701416015625,407.92181396484375,495.3388366699219,0,-100,0
9.761768454,457.26629638671875,407.524169921875,495.3413391113281,0,-100,0
9.765664899,457.25848388671875,407.11932373046875,495.3345947265625,0,-100,0
9.769777609,457.2586364746094,406.7141418457031,495.33880615234375,0,-100,0
9.773882622,457.25616455078125,406.3092956542969,495.339111328125,0,-100,0
9.777756759,457.2513122558594,405.9049987792969,495.33148193359375,0,-100,0
9.781710865,457.24688720703125,405.50543212890625,495.3315124511719,0,-100,0
9.785964946,457.23846435546875,405.1026611328125,495.328369140625,0,-100,0
9.790057655,457.2368469238281,404.703125,495.32843017578125,0,-100,0
9.793928046,457.232177734375,404.30126953125,495.3277893066406,0,-100,0
9.79804456,457.2264404296875,403.8987121582031,495.3316650390625,0,-100,0
9.801974255,457.2203063964844,403.4986267089844,495.3298645019531,0,-100,0
9.80586662,457.21429443359375,403.09271240234375,495.3214416503906,0,-100,0
9.810247234,457.21380615234375,402.6866149902344,495.3277282714844,0,-100,0
9.814059776,457.21319580078125,402.2783203125,495.3242492675781,0,-100,0
9.818071417,457.2073974609375,401.87591552734375,495.3159484863281,0,-100,0
9.822221274,457.2047119140625,401.47674560546875,495.32025146484375,0,-100,0
9.826162815,457.1937561035156,401.0753173828125,495.3127746582031,0,-100,0
9.830166942,457.1931457519531,400.6714782714844,495.3075866699219,0,-100,0
9.834329059,457.194580078125,400.2637634277344,495.308837890625,0,-100,0
9.838440455,457.1912841796875,399.85614013671875,495.30767822265625,0,-100,0
9.842270436,457.184814453125,399.45758056640625,495.31060791015625,0,-100,0
9.846216216,457.1781005859375,399.0585632324219,495.31134033203125,0,-100,0
9.850655812,457.17230224609375,398.65753173828125,495.3143005371094,0,-100,0
9.854332202,457.1732482910156,398.2540588378906,495.3149719238281,0,-100,0
9.858622176,457.1699523925781,397.845947265625,495.30816650390625,0,-100,0
9.862442164,457.1669616699219,397.4461669921875,495.31231689453125,0,-100,0
9.866466802,457.160400390625,397.04803466796875,495.310791015625,0,-100,0
9.870708682,457.1556091308594,396.6427307128906,495.30242919921875,0,-100,0
9.874550367,457.1539611816406,396.2420654296875,495.3027038574219,0,-100,0
9.878466125,457.1489562988281,395.83868408203125,495.301025390625,0,-100,0
9.882736674,457.1451110839844,395.4360046386719,495.2966613769531,0,-100,0
9.886731504,457.1407165527344,395.0377502441406,495.2948913574219,0,-100,0
9.890701332999999,457.1335754394531,394.6351318359375,495.2962341308594,0,-100,0
9.894788448,457.13165283203125,394.2298889160156,495.30023193359375,0,-100,0
9.898729997,457.1301574707031,393.8248291015625,495.2967529296875,0,-100,0
9.902675075,457.1262512207031,393.4249572753906,495.29931640625,0,-100,0
9.906900322,457.1210632324219,393.02325439453125,495.30267333984375,0,-100,0
9.910839973,457.1115417480469,392.6233825683594,495.2971496582031,0,-100,0
9.914822558000001,457.1141662597656,392.222900390625,495.3025207519531,0,-100,0
9.91900993,457.1116943359375,391.8177795410156,495.3060302734375,0,-100,0
9.922927682,457.1060791015625,391.4131774902344,495.3011169433594,0,-100,0
9.926865414,457.10028076171875,391.0149230957031,495.2981872558594,0,-100,0
9.931199639999999,457.0968933105469,390.6077880859375,495.2994384765625,0,-100,0
9.935082551,457.09307861328125,390.2019958496094,495.29541015625,0,-100,0
9.939027438,457.0935974121094,389.7950134277344,495.2914123535156,0,-100,0
9.943245797,457.08709716796875,389.39312744140625,495.2886047363281,0,-100,0
9.947180173,457.08197021484375,388.9932861328125,495.291259765625,0,-100,0
9.951356018,457.0733337402344,388.5947570800781,495.28240966796875,0,-100,0
9.955424376,457.072021484375,388.19000244140625,495.2797546386719,0,-100,0
9.959193235,457.0685729980469,387.7895812988281,495.2836608886719,0,-100,0
9.963197087,457.0620422363281,387.3870849609375,495.2806701660156,0,-100,0
9.967474907,457.05865478515625,386.9873046875,495.2777099609375,0,-100,0
9.971414681,457.05474853515625,386.58343505859375,495.2794189453125,0,-100,0
9.975264358,457.04730224609375,386.17742919921875,495.27490234375,0,-100,0
9.97951017,457.0484619140625,385.7752990722656,495.27960205078125,0,-100,0
9.98355293,457.0433349609375,385.3726501464844,495.27886962890625,0,-100,0
9.987451651,457.0360107421875,384.9685974121094,495.2699279785156,0,-100,0
9.991657491,457.0329895019531,384.5707092285156,495.2767028808594,0,-100,0
9.995521913,457.02685546875,384.16754150390625,495.27239990234375,0,-100,0
9.999450669,457.0239562988281,383.76153564453125,495.2696838378906,0,-100,0
10.003712869,457.019775390625,383.35772705078125,495.2718811035156,0,-100,0
10.007559187,457.0168762207031,382.9531555175781,495.2679443359375,0,-100,0
10.011701187,457.0126037597656,382.5522155761719,495.2696228027344,0,-100,0
10.015787452,457.00738525390625,382.14788818359375,495.2693176269531,0,-100,0
10.019698963,457.004150390625,381.7440185546875,495.2654724121094,0,-100,0
10.023641285,457.0043640136719,381.34344482421875,495.2672424316406,0,-100,0
10.027880505,456.99871826171875,380.93682861328125,495.2616271972656,0,-100,0
10.031966109,456.9964599609375,380.53485107421875,495.2593688964844,0,-100,0
10.035791384,456.99664306640625,380.1352844238281,495.2603454589844,0,-100,0
10.039949511,456.9912109375,379.72845458984375,495.2562255859375,0,-100,0
10.04392504,456.9880065917969,379.3304443359375,495.2630310058594,0,-100,0
10.047897883,456.9851989746094,378.929443359375,495.2659912109375,0,-100,0
10.052396954,456.97833251953125,378.5238952636719,495.26080322265625,0,-100,0
10.055980409,456.9751892089844,378.1211242675781,495.2658386230469,0,-100,0
10.059992083,456.9727783203125,377.717041015625,495.2673034667969,0,-100,0
10.064188524,456.9683532714844,377.3145446777344,495.2628173828125,0,-100,0
10.068078631,456.9633483886719,376.914306640625,495.26617431640625,0,-100,0
10.072108731,456.9606628417969,376.50726318359375,495.26373291015625,0,-100,0
10.076306227,456.9551696777344,376.10797119140625,495.26019287109375,0,-100,0
10.080274252,456.9516296386719,375.7040100097656,495.2557067871094,0,-100,0
10.084170578,456.9464111328125,375.3041076660156,495.25628662109375,0,-100,0
10.088335009,456.9454345703125,374.9007568359375,495.25360107421875,0,-100,0
10.092319977,456.9410400390625,374.499267578125,495.2475280761719,0,-100,0
10.096196683,456.9345703125,374.09576416015625,495.24700927734375,0,-100,0
10.100484764,456.9269714355469,373.6974792480469,495.2531433105469,0,-100,0
10.104331213,456.92181396484375,373.2942810058594,495.2440185546875,0,-100,0
10.108401366,456.9190673828125,372.8919677734375,495.2430725097656,0,-100,0
10.112634977,456.9211120605469,372.48724365234375,495.2510681152344,0,-100,0
10.116452055,456.91754150390625,372.0827331542969,495.2442321777344,0,-100,0
10.120480415,456.9123229980469,371.6794128417969,495.2402038574219,0,-100,0
10.124657464,456.908935546875,371.28009033203125,495.2463073730469,0,-100,0
10.128659373,456.90167236328125,370.87652587890625,495.24310302734375,0,-100,0
10.132692312,456.8980712890625,370.4719543457031,495.239501953125,0,-100,0
10.136650154,456.89447021484375,370.06842041015625,495.236328125,0,-100,0
10.140535966,456.8885803222656,369.6662902832031,495.2374572753906,0,-100,0
10.144294921,456.88543701171875,369.2645568847656,495.23712158203125,0,-100,0
10.148497771,456.8808288574219,368.85626220703125,495.2309875488281,0,-100,0
10.152745996,456.87841796875,368.45361328125,495.2315673828125,0,-100,0
10.156492781,456.87310791015625,368.0569763183594,495.23797607421875,0,-100,0
10.160635214,456.8655090332031,367.6537780761719,495.2272033691406,0,-100,0
10.164558635,456.858154296875,367.2568359375,495.22589111328125,0,-100,0
10.168502021,456.8568115234375,366.8542785644531,495.2311096191406,0,-100,0
10.172855594,456.8542785644531,366.4468078613281,495.2265625,0,-100,0
10.176784229,456.85479736328125,366.0443420410156,495.224609375,0,-100,0
10.180746623,456.8520202636719,365.6431884765625,495.22760009765625,0,-100,0
10.184872915,456.8409423828125,365.2385559082031,495.2209167480469,0,-100,0
10.188860409,456.83843994140625,364.8396911621094,495.2259216308594,0,-100,0
10.192944853,456.8340759277344,364.43682861328125,495.2209777832031,0,-100,0
10.197185484,456.82696533203125,364.036376953125,495.21722412109375,0,-100,0
10.201101632,456.82550048828125,363.637939453125,495.21868896484375,0,-100,0
10.205117069,456.8207092285156,363.2371826171875,495.21575927734375,0,-100,0
10.209286213,456.8168640136719,362.8297424316406,495.2152099609375,0,-100,0
10.213305442,456.8163757324219,362.4273986816406,495.22442626953125,0,-100,0
10.217256702,456.80963134765625,362.0247497558594,495.2222595214844,0,-100,0
10.221410013,456.8038330078125,361.6210021972656,495.22021484375,0,-100,0
10.225429861,456.8062744140625,361.217041015625,495.2271423339844,0,-100,0
10.229305692,456.8028564453125,360.8102111816406,495.2232666015625,0,-100,0
10.23356274,456.7979736328125,360.4118347167969,495.22149658203125,0,-100,0
10.237492522,456.7943115234375,360.010498046875,495.2241516113281,0,-100,0
10.241354667,456.7877502441406,359.6050109863281,495.2197265625,0,-100,0
10.245608933,456.787841796875,359.2024230957031,495.2177429199219,0,-100,0
10.249469941,456.7874450683594,358.79962158203125,495.2171325683594,0,-100,0
10.253853793,456.7788391113281,358.3971862792969,495.21380615234375,0,-100,0
10.257697493,456.7755126953125,357.9979248046875,495.2179260253906,0,-100,0
10.261624061,456.77239990234375,357.5947265625,495.2174072265625,0,-100,0
10.265556303,456.7671203613281,357.18963623046875,495.2149353027344,0,-100,0
10.269798143,456.76531982421875,356.78680419921875,495.2171936035156,0,-100,0
10.273909426,456.7570495605469,356.38360595703125,495.2093505859375,0,-100,0
10.277681645,456.75030517578125,355.9825134277344,495.2045593261719,0,-100,0
10.281887067,456.7470703125,355.5838623046875,495.2115783691406,0,-100,0
10.285799435,456.7428894042969,355.1813659667969,495.20977783203125,0,-100,0
10.289748345,456.73846435546875,354.7754211425781,495.2012634277344,0,-100,0
10.294097466,456.73748779296875,354.3753662109375,495.203369140625,0,-100,0
10.297890146,456.7297668457031,353.9718017578125,495.19793701171875,0,-100,0
10.301917175,456.7254943847656,353.5642395019531,495.1933288574219,0,-100,0
10.306035207,456.7261047363281,353.164306640625,495.19244384765625,0,-100,0
10.310005163,456.7208557128906,352.76019287109375,495.1916198730469,0,-100,0
10.314024014,456.7135925292969,352.359130859375,495.1945495605469,0,-100,0
10.318166787,456.71533203125,351.9603576660156,495.199462890625,0,-100,0
10.322252482,456.7112731933594,351.5518798828125,495.19293212890625,0,-100,0
10.326080394,456.7061767578125,351.1471862792969,495.1942138671875,0,-100,0
10.33023228,456.7041320800781,350.7466125488281,495.19793701171875,0,-100,0
10.334232046,456.69586181640625,350.344970703125,495.1897277832031,0,-100,0
10.338075569,456.6907958984375,349.9434509277344,495.18499755859375,0,-100,0
10.342452972,456.6896667480469,349.5389709472656,495.19110107421875,0,-100,0
10.346265231,456.68255615234375,349.1358947753906,495.18780517578125,0,-100,0
10.350273431,456.6783142089844,348.73602294921875,495.18231201171875,0,-100,0
10.354761929,456.6766357421875,348.3335876464844,495.1856384277344,0,-100,0
10.358394663,456.6669616699219,347.9267578125,495.1767578125,0,-100,0
10.362298596,456.6648254394531,347.5267639160156,495.1773376464844,0,-100,0
10.366575033,456.6618347167969,347.1297912597656,495.17822265625,0,-100,0
10.370592296,456.6544189453125,346.7237243652344,495.17327880859375,0,-100,0
10.374562124,456.655517578125,346.3257751464844,495.18145751953125,0,-100,0
10.378629688,456.65673828125,345.92205810546875,495.18133544921875,0,-100,0
10.382596848,456.6485595703125,345.5170593261719,495.175537109375,0,-100,0
10.386505596,456.64422607421875,345.11883544921875,495.180419921875,0,-100,0
10.390794092,456.6395568847656,344.723388671875,495.1861877441406,0,-100,0
10.394711949,456.63433837890625,344.31817626953125,495.1786193847656,0,-100,0
10.398649847,456.6293640136719,343.91839599609375,495.1795654296875,0,-100,0
10.402812254,456.62884521484375,343.5167541503906,495.188720703125,0,-100,0
10.406755057,456.6236572265625,343.11065673828125,495.1821594238281,0,-100,0
10.410682884,456.623779296875,342.70477294921875,495.1795349121094,0,-100,0
10.415020849,456.620849609375,342.2975769042969,495.1806945800781,0,-100,0
10.418934403,456.614501953125,341.8936767578125,495.1741027832031,0,-100,0
10.422862302,456.61175537109375,341.4975280761719,495.17510986328125,0,-100,0
10.427102594,456.6066589355469,341.0972900390625,495.1744689941406,0,-100,0
10.430912146,456.5994567871094,340.695068359375,495.1742248535156,0,-100,0
10.434953036,456.5982360839844,340.29498291015625,495.1785888671875,0,-100,0
10.439125775,456.59490966796875,339.89373779296875,495.17657470703125,0,-100,0
10.443017774,456.5855407714844,339.4895935058594,495.1691589355469,0,-100,0
10.447042455,456.5849609375,339.08624267578125,495.1729431152344,0,-100,0
10.451208876,456.5812072753906,338.6849365234375,495.1719665527344,0,-100,0
10.455462028,456.57421875,338.27752685546875,495.1622314453125,0,-100,0
10.459095813,456.5741882324219,337.8783264160156,495.1656494140625,0,-100,0
10.463296243,456.5703125,337.4833679199219,495.1701965332031,0,-100,0
10.467364555,456.56396484375,337.07745361328125,495.159912109375,0,-100,0
10.471247145,456.5616760253906,336.67486572265625,495.15869140625,0,-100,0
10.47551459,456.558349609375,336.2698669433594,495.1632385253906,0,-100,0
10.47932325,456.5508728027344,335.8641357421875,495.1599426269531,0,-100,0
10.483264024,456.5475158691406,335.463134765625,495.1589050292969,0,-100,0
10.487500752,456.5436096191406,335.0587463378906,495.1590270996094,0,-100,0
10.491350391,456.53814697265625,334.6541442871094,495.1601867675781,0,-100,0
10.495528388,456.5390625,334.2532958984375,495.1644287109375,0,-100,0
10.499604473,456.53436279296875,333.8500061035156,495.1597900390625,0,-100,0
10.503541058,456.5288391113281,333.4424133300781,495.1535339355469,0,-100,0
10.507466417,456.52581787109375,333.0423583984375,495.1575012207031,0,-100,0
10.511752042,456.5223083496094,332.64227294921875,495.1575012207031,0,-100,0
10.515803765,456.51422119140625,332.2345275878906,495.1423034667969,0,-100,0
10.51961704,456.5130310058594,331.8354797363281,495.1441650390625,0,-100,0
10.523807723000001,456.5123291015625,331.4331359863281,495.1457214355469,0,-100,0
10.527724624,456.5015869140625,331.0311584472656,495.1373291015625,0,-100,0
10.531696352,456.5011291503906,330.62896728515625,495.13421630859375,0,-100,0
10.536015066000001,456.5002746582031,330.2281799316406,495.1432800292969,0,-100,0
10.539800305,456.49102783203125,329.8243103027344,495.138671875,0,-100,0
10.54383685,456.48779296875,329.4224853515625,495.135009765625,0,-100,0
10.547960265,456.4884033203125,329.0210876464844,495.1427917480469,0,-100,0
10.551914744,456.48223876953125,328.6177978515625,495.1410827636719,0,-100,0
10.556188168,456.4781188964844,328.2169494628906,495.1409912109375,0,-100,0
10.560128212,456.4768371582031,327.8192138671875,495.1430358886719,0,-100,0
10.564113908,456.47003173828125,327.4145202636719,495.1393737792969,0,-100,0
10.568013946,456.4632568359375,327.011474609375,495.14239501953125,0,-100,0
10.572181766,456.46466064453125,326.6099853515625,495.1478271484375,0,-100,0
10.576181344,456.4599914550781,326.2078552246094,495.1414794921875,0,-100,0
10.580041048,456.4535827636719,325.8027648925781,495.13531494140625,0,-100,0
10.584285243,456.45343017578125,325.4045104980469,495.14715576171875,0,-100,0
10.588178072,456.45013427734375,324.9997253417969,495.1427307128906,0,-100,0
10.592186225,456.44580078125,324.5945129394531,495.1346435546875,0,-100,0
10.596514827,456.44256591796875,324.19439697265625,495.1385192871094,0,-100,0
10.600292445000001,456.4391174316406,323.79052734375,495.14105224609375,0,-100,0
10.604241095,456.4317932128906,323.38623046875,495.1315612792969,0,-100,0
10.608495653,456.4335632324219,322.9873352050781,495.1348876953125,0,-100,0
10.612494462,456.4297180175781,322.5887756347656,495.1391906738281,0,-100,0
10.61655431,456.4194641113281,322.1880187988281,495.1346740722656,0,-100,0
10.620575466,456.4130554199219,321.7922058105469,495.1330871582031,0,-100,0
10.624503956,456.4111022949219,321.3907165527344,495.1321105957031,0,-100,0
10.628440498,456.4043884277344,320.981689453125,495.1278381347656,0,-100,0
10.632667234,456.4030456542969,320.5787353515625,495.1326599121094,0,-100,0
10.63663534,456.3997497558594,320.1733703613281,495.1282653808594,0,-100,0
10.640608432,456.39251708984375,319.771484375,495.1211853027344,0,-100,0
10.644734638,456.3874816894531,319.3728332519531,495.12384033203125,0,-100,0
10.648651502,456.38690185546875,318.9729919433594,495.1286315917969,0,-100,0
10.652607703,456.3792419433594,318.5711669921875,495.1184997558594,0,-100,0
10.657207744,456.37646484375,318.1705017089844,495.11572265625,0,-100,0
10.660900839,456.3741455078125,317.7691650390625,495.1256408691406,0,-100,0
10.664771666,456.36810302734375,317.3623046875,495.1227722167969,0,-100,0
10.668940708000001,456.36102294921875,316.9602966308594,495.115478515625,0,-100,0
10.672876462,456.3648681640625,316.55908203125,495.1244201660156,0,-100,0
10.676891796,456.3611145019531,316.1502990722656,495.1238098144531,0,-100,0
10.681056585,456.3526916503906,315.74835205078125,495.1147155761719,0,-100,0
10.684946413,456.3520812988281,315.3521728515625,495.12103271484375,0,-100,0
10.688973606,456.3466796875,314.9498596191406,495.1157531738281,0,-100,0
10.693137135,456.34197998046875,314.54168701171875,495.109375,0,-100,0
10.69718505,456.341552734375,314.1383361816406,495.1103210449219,0,-100,0
10.701087684,456.3385009765625,313.73980712890625,495.1095886230469,0,-100,0
10.705231968,456.3293151855469,313.3366394042969,495.1046447753906,0,-100,0
10.709255986,456.3250732421875,312.9350891113281,495.1080322265625,0,-100,0
10.713163451,456.32464599609375,312.5306396484375,495.1087646484375,0,-100,0
10.717449925,456.3177795410156,312.1258544921875,495.10186767578125,0,-100,0
10.721271452,456.3117980957031,311.72589111328125,495.10443115234375,0,-100,0
10.725203334,456.3086242675781,311.32769775390625,495.1078796386719,0,-100,0
10.729461672,456.3031005859375,310.92498779296875,495.1043701171875,0,-100,0
10.733315133,456.29840087890625,310.51837158203125,495.09735107421875,0,-100,0
10.737470381,456.3006896972656,310.1184387207031,495.1054382324219,0,-100,0
10.741521391,456.29644775390625,309.71697998046875,495.10595703125,0,-100,0
10.745465351,456.28973388671875,309.3106384277344,495.09490966796875,0,-100,0
10.749387591,456.2873229980469,308.91107177734375,495.0948791503906,0,-100,0
10.753662279,456.2871398925781,308.5126953125,495.10162353515625,0,-100,0
10.757961676,456.280517578125,308.107421875,495.0978088378906,0,-100,0
10.761569445,456.2773742675781,307.703369140625,495.0912170410156,0,-100,0
10.765700354,456.28009033203125,307.3008728027344,495.0942077636719,0,-100,0
10.769646627,456.2734680175781,306.8997497558594,495.0964050292969,0,-100,0
10.773577801,456.266357421875,306.49835205078125,495.0963439941406,0,-100,0
10.777900457,456.26385498046875,306.09783935546875,495.0988464355469,0,-100,0
10.781726337,456.260498046875,305.6955261230469,495.0962829589844,0,-100,0
10.785764115,456.2544250488281,305.2913818359375,495.0988464355469,0,-100,0
10.789910685,456.25103759765625,304.89312744140625,495.10260009765625,0,-100,0
10.79388022,456.2468566894531,304.4899597167969,495.0990295410156,0,-100,0
10.797858289,456.24041748046875,304.0871887207031,495.089111328125,0,-100,0
10.802025433,456.2390441894531,303.6837158203125,495.09796142578125,0,-100,0
10.806093179,456.2340393066406,303.2854309082031,495.102294921875,0,-100,0
10.809945649,456.2279968261719,302.881103515625,495.0900573730469,0,-100,0
10.814115117,456.22576904296875,302.4770812988281,495.085693359375,0,-100,0
10.818124051,456.2244873046875,302.0784606933594,495.0936279296875,0,-100,0
10.821961972,456.216796875,301.6771545410156,495.0926818847656,0,-100,0
10.826216411,456.20843505859375,301.27447509765625,495.08447265625,0,-100,0
10.830102262,456.20751953125,300.8758239746094,495.0849304199219,0,-100,0
10.83411584,456.20159912109375,300.4741516113281,495.0849914550781,0,-100,0
10.838387425,456.1960754394531,300.0711669921875,495.08428955078125,0,-100,0
10.842211727,456.1942443847656,299.6647644042969,495.0821533203125,0,-100,0
10.846144656,456.1961364746094,299.2610778808594,495.0805358886719,0,-100,0
10.850436653,456.19384765625,298.856201171875,495.0832214355469,0,-100,0
10.854414626,456.1862487792969,298.45635986328125,495.08404541015625,0,-100,0
10.858626243,456.1834411621094,298.0568542480469,495.0844421386719,0,-100,0
10.862270259,456.17840576171875,297.65557861328125,495.0796813964844,0,-100,0
10.866438473,456.1676940917969,297.2552795410156,495.07733154296875,0,-100,0
10.870361109,456.1663818359375,296.8539733886719,495.0857238769531,0,-100,0
10.874595283,456.1618347167969,296.448974609375,495.0821533203125,0,-100,0
10.87857793,456.156494140625,296.0419921875,495.0740966796875,0,-100,0
10.882518374,456.1552734375,295.63800048828125,495.07586669921875,0,-100,0
10.886666346,456.1534423828125,295.2388916015625,495.0815734863281,0,-100,0
10.890637106,456.1434631347656,294.8391418457031,495.0711364746094,0,-100,0
10.894538683,456.1368713378906,294.43951416015625,495.0671081542969,0,-100,0
10.898884031,456.13592529296875,294.03753662109375,495.0712890625,0,-100,0
10.902788794,456.13079833984375,293.6332702636719,495.0706787109375,0,-100,0
10.906703362,456.12481689453125,293.2275390625,495.0656433105469,0,-100,0
10.91090048,456.1251525878906,292.8212585449219,495.0633239746094,0,-100,0
10.914797774,456.1223449707031,292.4206848144531,495.0645751953125,0,-100,0
10.918790154,456.1147766113281,292.01617431640625,495.06549072265625,0,-100,0
10.922985243,456.10894775390625,291.61431884765625,495.0595397949219,0,-100,0
10.92686376,456.1095886230469,291.2156982421875,495.0623474121094,0,-100,0
10.930899183,456.10711669921875,290.81292724609375,495.0621643066406,0,-100,0
10.935036586,456.0986633300781,290.410400390625,495.05877685546875,0,-100,0
10.939057533,456.09820556640625,290.0102233886719,495.0599365234375,0,-100,0
10.942927123,456.09716796875,289.6037902832031,495.0589294433594,0,-100,0
10.947183174,456.08966064453125,289.19915771484375,495.0535583496094,0,-100,0
10.951197009,456.0872802734375,288.8011474609375,495.0628967285156,0,-100,0
10.955084341,456.0853271484375,288.4012451171875,495.0677490234375,0,-100,0
10.959565158,456.0816650390625,287.9969482421875,495.0636901855469,0,-100,0
10.963170517,456.0768737792969,287.5953063964844,495.0623779296875,0,-100,0
10.967127229,456.07098388671875,287.1927185058594,495.06475830078125,0,-100,0
10.97138341,456.068603515625,286.790771484375,495.0664367675781,0,-100,0
10.975277657,456.0638427734375,286.3870849609375,495.0621032714844,0,-100,0
10.979290119,456.05694580078125,285.9884338378906,495.05902099609375,0,-100,0
10.983444308,456.05389404296875,285.5894775390625,495.06439208984375,0,-100,0
10.987373606,456.0524597167969,285.1882629394531,495.064453125,0,-100,0
10.991267041,456.04644775390625,284.78143310546875,495.0558776855469,0,-100,0
10.99563755,456.0461730957031,284.3808898925781,495.0556335449219,0,-100,0
10.999668779,456.0431213378906,283.9801940917969,495.0577392578125,0,-100,0
11.003494276,456.0366516113281,283.5783386230469,495.0550842285156,0,-100,0
11.007623268,456.031005859375,283.1717834472656,495.04669189453125,0,-100,0
11.011547991,456.0318908691406,282.7701721191406,495.0487060546875,0,-100,0
11.01550689,456.0304870605469,282.36944580078125,495.0514221191406,0,-100,0
11.019817176,456.0236511230469,281.9643249511719,495.0494689941406,0,-100,0
11.023637555,456.0211486816406,281.562255859375,495.05194091796875,0,-100,0
11.027646265,456.01776123046875,281.1654052734375,495.05712890625,0,-100,0
11.031806305,456.01190185546875,280.7642517089844,495.05328369140625,0,-100,0
11.035756173,456.0039978027344,280.365234375,495.0547180175781,0,-100,0
11.0397861,456.0025329589844,279.965087890625,495.05474853515625,0,-100,0
11.043947817,455.99688720703125,279.557861328125,495.0466613769531,0,-100,0
11.047923606,455.9908447265625,279.1519470214844,495.042236328125,0,-100,0
11.051846243,455.9857482910156,278.7498779296875,495.0458984375,0,-100,0
11.056021792,455.9830322265625,278.3514404296875,495.05047607421875,0,-100,0
11.060257612,455.9787902832031,277.9505615234375,495.0442810058594,0,-100,0
11.06392595,455.9707946777344,277.54949951171875,495.03662109375,0,-100,0
11.068122087,455.9688720703125,277.1512451171875,495.0448913574219,0,-100,0
11.072005333,455.9648742675781,276.7490539550781,495.047119140625,0,-100,0
11.076012804,455.95867919921875,276.3417053222656,495.03546142578125,0,-100,0
11.080367101,455.9537048339844,275.9395751953125,495.0329284667969,0,-100,0
11.084125344,455.95654296875,275.5371398925781,495.03936767578125,0,-100,0
11.08806478,455.9508361816406,275.1309814453125,495.0382080078125,0,-100,0
11.092298475,455.9442443847656,274.73065185546875,495.0367736816406,0,-100,0
11.096344235,455.9425048828125,274.3341369628906,495.03631591796875,0,-100,0
11.100545082,455.9423522949219,273.93170166015625,495.03515625,0,-100,0
11.104390099,455.93817138671875,273.5253601074219,495.0374755859375,0,-100,0
11.108354037,455.9322204589844,273.11895751953125,495.0345764160156,0,-100,0
11.112249803,455.9282531738281,272.7193603515625,495.030517578125,0,-100,0
11.116527115,455.92474365234375,272.3155822753906,495.0272216796875,0,-100,0
11.12049358,455.91729736328125,271.91339111328125,495.02752685546875,0,-100,0
11.124431216,455.91302490234375,271.51043701171875,495.02789306640625,0,-100,0
11.128574014,455.9112854003906,271.11163330078125,495.0292053222656,0,-100,0
11.132511371,455.9039611816406,270.7098388671875,495.0235900878906,0,-100,0
11.136448962,455.8996276855469,270.31011962890625,495.0207214355469,0,-100,0
11.140786227,455.89825439453125,269.90716552734375,495.02484130859375,0,-100,0
11.144392384,455.8923034667969,269.5041809082031,495.0206604003906,0,-100,0
11.148253931,455.88922119140625,269.1014404296875,495.01458740234375,0,-100,0
11.152444651,455.88494873046875,268.69598388671875,495.01361083984375,0,-100,0
11.156417457,455.8816223144531,268.296630859375,495.0186462402344,0,-100,0
11.160672048,455.87725830078125,267.8970031738281,495.0210876464844,0,-100,0
11.164644217,455.8750915527344,267.4907531738281,495.0167541503906,0,-100,0
11.16849608,455.8717346191406,267.08648681640625,495.015869140625,0,-100,0
11.172543589,455.87127685546875,266.6871643066406,495.0220031738281,0,-100,0
11.176715571,455.8645324707031,266.28680419921875,495.02392578125,0,-100,0
11.18077652,455.85980224609375,265.8838195800781,495.02056884765625,0,-100,0
11.184693009,455.8563232421875,265.4813232421875,495.0195617675781,0,-100,0
11.188904895,455.85491943359375,265.080322265625,495.0206298828125,0,-100,0
11.192972626,455.85260009765625,264.67913818359375,495.0230407714844,0,-100,0
11.196942142,455.8470764160156,264.27691650390625,495.0203552246094,0,-100,0
11.201242415,455.8452453613281,263.87603759765625,495.018310546875,0,-100,0
11.205062902,455.8416748046875,263.4755554199219,495.0162353515625,0,-100,0
11.2090249,455.8367004394531,263.076416015625,495.01751708984375,0,-100,0
11.21326029,455.8315124511719,262.6733093261719,495.0180358886719,0,-100,0
11.217167415,455.82647705078125,262.27008056640625,495.0164794921875,0,-100,0
11.221260313,455.82281494140625,261.8684997558594,495.013427734375,0,-100,0
11.225360426,455.8152160644531,261.4649658203125,495.0111083984375,0,-100,0
11.229274101,455.8081970214844,261.0644226074219,495.01220703125,0,-100,0
11.23319701,455.8055114746094,260.6672058105469,495.0137634277344,0,-100,0
11.237467027,455.802734375,260.26507568359375,495.01165771484375,0,-100,0
11.241559276,455.7991943359375,259.8564147949219,495.0087890625,0,-100,0
11.24539682,455.7979736328125,259.4522705078125,495.01275634765625,0,-100,0
11.249541376,455.7956237792969,259.0518798828125,495.0158386230469,0,-100,0
11.253489344,455.7900390625,258.6499328613281,495.01007080078125,0,-100,0
11.257396778,455.7838439941406,258.2479553222656,495.0032653808594,0,-100,0
11.261919477,455.77960205078125,257.8487548828125,495.0086669921875,0,-100,0
11.265559023,455.7755432128906,257.4489440917969,495.0104675292969,0,-100,0
11.269560486,455.77032470703125,257.0455627441406,495.0056457519531,0,-100,0
11.27374713,455.76568603515625,256.6399841308594,494.99713134765625,0,-100,0
11.277661533,455.7627258300781,256.2355651855469,494.998046875,0,-100,0
11.281677813,455.7607116699219,255.83383178710938,495.0023498535156,0,-100,0
11.285855464,455.7535705566406,255.43687438964844,495.0042724609375,0,-100,0
11.289917261,455.74688720703125,255.03611755371094,495.0016784667969,0,-100,0
11.29378389,455.7445983886719,254.6356964111328,494.9997863769531,0,-100,0
11.297930631,455.7416076660156,254.2322235107422,495.0032958984375,0,-100,0
11.301936288,455.7381286621094,253.82595825195313,495.0013122558594,0,-100,0
11.305794581,455.73492431640625,253.42019653320313,494.996826171875,0,-100,0
11.310036211,455.7319030761719,253.01820373535156,494.99700927734375,0,-100,0
11.313950583,455.72686767578125,252.6188507080078,494.9957275390625,0,-100,0
11.317939178,455.7207336425781,252.21527099609375,494.99395751953125,0,-100,0
11.322198509,455.71630859375,251.81097412109375,494.9930114746094,0,-100,0
11.326044623,455.7140197753906,251.41119384765625,494.9930419921875,0,-100,0
11.33000957,455.7098083496094,251.00802612304688,494.98858642578125,0,-100,0
11.334224405,455.7067565917969,250.6033172607422,494.9876708984375,0,-100,0
11.338233425,455.6982421875,250.2010498046875,494.98760986328125,0,-100,0
11.342236983,455.6960754394531,249.79949951171875,494.9877624511719,0,-100,0
11.346292886,455.6943054199219,249.39529418945313,494.9867858886719,0,-100,0
11.350236461,455.6861877441406,248.99488830566406,494.9825134277344,0,-100,0
11.354168789,455.6820373535156,248.59280395507813,494.9839172363281,0,-100,0
11.35844306,455.6787414550781,248.1920623779297,494.98773193359375,0,-100,0
11.362591735,455.674072265625,247.7894744873047,494.9861755371094,0,-100,0
11.366355004,455.6711730957031,247.3890838623047,494.9838562011719,0,-100,0
11.370521191,455.66461181640625,246.98931884765625,494.9825439453125,0,-100,0
11.374498327,455.6615905761719,246.5867919921875,494.9873046875,0,-100,0
11.378379757,455.6586608886719,246.183349609375,494.9884033203125,0,-100,0
11.382705021,455.6546325683594,245.77853393554688,494.9808654785156,0,-100,0
11.38661963,455.648193359375,245.37844848632813,494.97760009765625,0,-100,0
11.390522055,455.64501953125,244.9763641357422,494.97991943359375,0,-100,0
11.394677856,455.64324951171875,244.57447814941406,494.9856262207031,0,-100,0
11.398625098,455.63726806640625,244.17080688476563,494.9822998046875,0,-100,0
11.402633002,455.6372375488281,243.76730346679688,494.9822082519531,0,-100,0
11.406795059,455.633544921875,243.36532592773438,494.98211669921875,0,-100,0
11.410686464,455.62933349609375,242.96571350097656,494.98565673828125,0,-100,0
11.414703781,455.6246337890625,242.56455993652344,494.9831848144531,0,-100,0
11.41886252,455.6169738769531,242.16639709472656,494.97991943359375,0,-100,0
11.422923485,455.6141357421875,241.7661590576172,494.9779052734375,0,-100,0
11.42674549,455.6128234863281,241.36155700683594,494.9781188964844,0,-100,0
11.430986645,455.6065368652344,240.95828247070313,494.9780578613281,0,-100,0
11.435023367,455.6004943847656,240.55471801757813,494.9781188964844,0,-100,0
11.438899405,455.5985412597656,240.1559600830078,494.9795227050781,0,-100,0
11.443146575,455.5931701660156,239.75686645507813,494.9767150878906,0,-100,0
11.446974399,455.5881652832031,239.35569763183594,494.978271484375,0,-100,0
11.450894947,455.58221435546875,238.9558868408203,494.9794921875,0,-100,0
11.455182988,455.58099365234375,238.55429077148438,494.9813537597656,0,-100,0
11.459140582,455.5794372558594,238.1513214111328,494.98162841796875,0,-100,0
11.463412197,455.5768737792969,237.7457275390625,494.977783203125,0,-100,0
11.467310518,455.57415771484375,237.3387908935547,494.97747802734375,0,-100,0
11.471193049,455.5708312988281,236.9387664794922,494.978759765625,0,-100,0
11.475117582,455.56707763671875,236.54269409179688,494.9761657714844,0,-100,0
11.479468094,455.56427001953125,236.1421356201172,494.9755859375,0,-100,0
11.48348269,455.5621337890625,235.73526000976563,494.9736633300781,0,-100,0
11.487305348,455.5583190917969,235.33172607421875,494.97711181640625,0,-100,0
11.491250748,455.55322265625,234.927001953125,494.9779052734375,0,-100,0
11.49539623,455.54998779296875,234.5254364013672,494.97467041015625,0,-100,0
11.499332261,455.5441589355469,234.12339782714844,494.9716796875,0,-100,0
11.503679286,455.53814697265625,233.7223663330078,494.9737548828125,0,-100,0
11.507480823,455.53363037109375,233.3232421875,494.9787292480469,0,-100,0
11.511474165,455.5276184082031,232.92474365234375,494.9756164550781,0,-100,0
11.51563358,455.5233154296875,232.5210418701172,494.97222900390625,0,-100,0
11.51955935,455.51824951171875,232.1173095703125,494.9707946777344,0,-100,0
11.523613448,455.51409912109375,231.7137451171875,494.9703674316406,0,-100,0
11.52776886,455.5118713378906,231.30979919433594,494.97320556640625,0,-100,0
11.531769587,455.5050964355469,230.9071502685547,494.9683532714844,0,-100,0
11.53568093,455.5016174316406,230.507568359375,494.9634094238281,0,-100,0
11.539854752,455.49749755859375,230.10411071777344,494.9620666503906,0,-100,0
11.54388785,455.4996337890625,229.69912719726563,494.96612548828125,0,-100,0
11.547698211,455.4941101074219,229.2955322265625,494.9617919921875,0,-100,0
11.551965518,455.4881896972656,228.894775390625,494.9560241699219,0,-100,0
11.55583672,455.48419189453125,228.49472045898438,494.953125,0,-100,0
11.559875347,455.4800720214844,228.09432983398438,494.95245361328125,0,-100,0
11.564427534,455.47503662109375,227.69158935546875,494.9515380859375,0,-100,0
11.567983815,455.4693603515625,227.28884887695313,494.9522705078125,0,-100,0
11.571891841,455.4643859863281,226.88723754882813,494.951171875,0,-100,0
11.576118393,455.46240234375,226.48580932617188,494.9531555175781,0,-100,0
11.580146215,455.45904541015625,226.08505249023438,494.95477294921875,0,-100,0
11.584089533,455.4559631347656,225.68360900878906,494.95562744140625,0,-100,0
11.588206064,455.451904296875,225.2781982421875,494.9554138183594,0,-100,0
11.592144521,455.4458923339844,224.88079833984375,494.9552917480469,0,-100,0
11.596085959,455.4423828125,224.48219299316406,494.9542236328125,0,-100,0
11.600339331,455.437255859375,224.07872009277344,494.95184326171875,0,-100,0
11.604254014,455.43170166015625,223.67861938476563,494.95404052734375,0,-100,0
11.6082437,455.4261474609375,223.2749481201172,494.9554748535156,0,-100,0
11.612402615,455.4222412109375,222.86865234375,494.9508056640625,0,-100,0
11.616359827,455.4185485839844,222.46487426757813,494.94677734375,0,-100,0
11.62028276,455.4132080078125,222.0616455078125,494.94195556640625,0,-100,0
11.624648649,455.40771484375,221.65921020507813,494.9432373046875,0,-100,0
11.628548714,455.40216064453125,221.2586212158203,494.9444885253906,0,-100,0
11.632430489,455.3993835449219,220.85914611816406,494.9436950683594,0,-100,0
11.636602885,455.39630126953125,220.45709228515625,494.9425354003906,0,-100,0
11.640550925,455.3913879394531,220.0528106689453,494.9413146972656,0,-100,0
11.644545606,455.3883056640625,219.65023803710938,494.94366455078125,0,-100,0
11.648719328,455.3831481933594,219.24644470214844,494.9452209472656,0,-100,0
11.652597781,455.37933349609375,218.8462371826172,494.94390869140625,0,-100,0
11.656622442,455.3751525878906,218.4471893310547,494.9404296875,0,-100,0
11.660751433,455.3724365234375,218.04701232910156,494.94110107421875,0,-100,0
11.665035019,455.36767578125,217.6455841064453,494.9425964355469,0,-100,0
11.668747372,455.365478515625,217.24351501464844,494.9467468261719,0,-100,0
11.672938158000001,455.3637390136719,216.837646484375,494.9453430175781,0,-100,0
11.676925559,455.3617858886719,216.43356323242188,494.93994140625,0,-100,0
11.680813509,455.35589599609375,216.0305938720703,494.9378356933594,0,-100,0
11.6851211,455.354248046875,215.62936401367188,494.942626953125,0,-100,0
11.688908664,455.34869384765625,215.23081970214844,494.94451904296875,0,-100,0
11.692861028,455.3439636230469,214.82923889160156,494.9444885253906,0,-100,0
11.697132697,455.340576171875,214.4269256591797,494.9394836425781,0,-100,0
11.700987431,455.3377990722656,214.02255249023438,494.9394836425781,0,-100,0
11.705058885,455.33795166015625,213.61927795410156,494.9420166015625,0,-100,0
11.709185675,455.3330993652344,213.21714782714844,494.941162109375,0,-100,0
11.713109036,455.327880859375,212.81614685058594,494.93798828125,0,-100,0
11.717114721,455.3247985839844,212.41595458984375,494.9344482421875,0,-100,0
11.721340938,455.3218994140625,212.0144805908203,494.9381408691406,0,-100,0
11.725391318,455.3166198730469,211.61166381835938,494.9371643066406,0,-100,0
11.729202078,455.3114013671875,211.2112274169922,494.9396057128906,0,-100,0
11.733164704,455.3055725097656,210.8081817626953,494.93878173828125,0,-100,0
11.737336065000001,455.3010559082031,210.40545654296875,494.9355163574219,0,-100,0
11.741253335,455.2976989746094,210.0030517578125,494.9378967285156,0,-100,0
11.745599145,455.29266357421875,209.60328674316406,494.9382019042969,0,-100,0
11.749380946,455.28631591796875,209.20111083984375,494.9405517578125,0,-100,0
11.753491356,455.2839050292969,208.79782104492188,494.9407958984375,0,-100,0
11.757576942,455.2833251953125,208.39407348632813,494.9399719238281,0,-100,0
11.761474571,455.2818908691406,207.99180603027344,494.94207763671875,0,-100,0
11.765740798,455.27642822265625,207.58685302734375,494.937255859375,0,-100,0
11.769702544,455.2726745605469,207.18408203125,494.9356384277344,0,-100,0
11.773697952,455.2665100097656,206.78729248046875,494.9366149902344,0,-100,0
11.777604225,455.2628479003906,206.390869140625,494.9361267089844,0,-100,0
11.781767,455.256591796875,205.98983764648438,494.93011474609375,0,-100,0
11.785838634,455.2512512207031,205.58529663085938,494.9248046875,0,-100,0
11.789642892,455.2487487792969,205.18128967285156,494.92620849609375,0,-100,0
11.793911099,455.2427062988281,204.77960205078125,494.92559814453125,0,-100,0
11.797781407,455.2407531738281,204.37899780273438,494.9282531738281,0,-100,0
11.801789145,455.2364196777344,203.97962951660156,494.9270324707031,0,-100,0
11.806065843,455.23150634765625,203.57876586914063,494.923583984375,0,-100,0
11.809886943,455.2269287109375,203.17674255371094,494.92547607421875,0,-100,0
11.813875027,455.2236328125,202.77549743652344,494.9314880371094,0,-100,0
11.818060569,455.2203674316406,202.37197875976563,494.93316650390625,0,-100,0
11.82207507,455.2168884277344,201.9649658203125,494.9274597167969,0,-100,0
11.826057025,455.2127990722656,201.55897521972656,494.923095703125,0,-100,0
11.830124971,455.20721435546875,201.1604766845703,494.9241638183594,0,-100,0
11.834076945,455.2014465332031,200.7615966796875,494.92755126953125,0,-100,0
11.83807853,455.197021484375,200.3594207763672,494.92584228515625,0,-100,0
11.842250487,455.19219970703125,199.95265197753906,494.91925048828125,0,-100,0
11.846209295,455.1899108886719,199.5503387451172,494.91717529296875,0,-100,0
11.850153344,455.1859130859375,199.14398193359375,494.91497802734375,0,-100,0
11.854329747,455.1824645996094,198.74172973632813,494.9167785644531,0,-100,0
11.85828484,455.17730712890625,198.34262084960938,494.9161682128906,0,-100,0
11.86219237,455.1734924316406,197.9449005126953,494.9153747558594,0,-100,0
11.866779027,455.1679992675781,197.545166015625,494.90924072265625,0,-100,0
11.870499407,455.1640625,197.1437530517578,494.909912109375,0,-100,0
11.874362955,455.16259765625,196.7400665283203,494.9131774902344,0,-100,0
11.878532368,455.1562194824219,196.33395385742188,494.9114685058594,0,-100,0
11.882461475,455.1510009765625,195.9296875,494.91204833984375,0,-100,0
11.886481448,455.1455078125,195.53076171875,494.91107177734375,0,-100,0
11.89062554,455.1422119140625,195.1288604736328,494.9106140136719,0,-100,0
11.894516678,455.14105224609375,194.72457885742188,494.9134521484375,0,-100,0
11.898546112,455.1361999511719,194.32254028320313,494.91424560546875,0,-100,0
11.902719979,455.1310119628906,193.9196014404297,494.9132995605469,0,-100,0
11.906726024,455.1255187988281,193.51625061035156,494.9104919433594,0,-100,0
11.910603589,455.12237548828125,193.11575317382813,494.90802001953125,0,-100,0
11.914841666000001,455.1208190917969,192.71566772460938,494.9093017578125,0,-100,0
11.918841177000001,455.1152038574219,192.3135986328125,494.9080810546875,0,-100,0
11.922755785,455.1098937988281,191.91293334960938,494.91064453125,0,-100,0
11.926993692,455.1044006347656,191.50990295410156,494.90911865234375,0,-100,0
11.930826477,455.10040283203125,191.1082763671875,494.9049072265625,0,-100,0
11.934755535,455.0995788574219,190.7056427001953,494.905029296875,0,-100,0
11.93901785,455.09771728515625,190.30337524414063,494.907470703125,0,-100,0
11.942978164,455.0910949707031,189.90396118164063,494.9048156738281,0,-100,0
11.946999087,455.0850524902344,189.50352478027344,494.9062805175781,0,-100,0
11.951083392,455.0791931152344,189.10595703125,494.9090576171875,0,-100,0
11.955023979,455.0771179199219,188.7041015625,494.90594482421875,0,-100,0
11.958968637,455.0772399902344,188.29624938964844,494.90496826171875,0,-100,0
11.963209413,455.07476806640625,187.8927001953125,494.9059753417969,0,-100,0
11.967542673,455.0686950683594,187.49249267578125,494.90594482421875,0,-100,0
11.971143219,455.0621032714844,187.09130859375,494.90631103515625,0,-100,0
11.975260115,455.0588684082031,186.6912841796875,494.90625,0,-100,0
11.979208493,455.0556335449219,186.2919921875,494.9068603515625,0,-100,0
11.983153872,455.05169677734375,185.88706970214844,494.9030456542969,0,-100,0
11.987492881,455.0497131347656,185.48321533203125,494.9059143066406,0,-100,0
11.991274114,455.044677734375,185.07733154296875,494.90521240234375,0,-100,0
11.995311705,455.0409240722656,184.67578125,494.90875244140625,0,-100,0
11.999495186,455.0357360839844,184.27694702148438,494.9049377441406,0,-100,0
12.003421213,455.033447265625,183.87754821777344,494.9054870605469,0,-100,0
12.007467023,455.02911376953125,183.47344970703125,494.9009704589844,0,-100,0
12.011612263,455.0245056152344,183.07308959960938,494.90386962890625,0,-100,0
12.015613589,455.02313232421875,182.669189453125,494.9070129394531,0,-100,0
12.019510026,455.01983642578125,182.2657928466797,494.9075622558594,0,-100,0
12.023677044,455.01690673828125,181.86328125,494.90594482421875,0,-100,0
12.027647732,455.01336669921875,181.45828247070313,494.9029846191406,0,-100,0
12.03153628,455.00665283203125,181.0583038330078,494.90301513671875,0,-100,0
12.035795455,455.00048828125,180.65879821777344,494.9044494628906,0,-100,0
12.039686917,455.00018310546875,180.2583465576172,494.9085693359375,0,-100,0
12.043710303,454.9963684082031,179.855224609375,494.90673828125,0,-100,0
12.0480201,454.9939880371094,179.45089721679688,494.9029235839844,0,-100,0
12.051797892,454.99224853515625,179.04859924316406,494.9028015136719,0,-100,0
12.055735541,454.9866027832031,178.64801025390625,494.90283203125,0,-100,0
12.059983422,454.9814147949219,178.24533081054688,494.90496826171875,0,-100,0
12.064015902,454.9789123535156,177.84446716308594,494.9065856933594,0,-100,0
12.068200975,454.97479248046875,177.44223022460938,494.9048767089844,0,-100,0
12.072073621,454.96771240234375,177.03953552246094,494.8994140625,0,-100,0
12.075975166,454.9635009765625,176.63723754882813,494.8979187011719,0,-100,0
12.079924779,454.9594421386719,176.23475646972656,494.8990783691406,0,-100,0
12.084157078,454.9549865722656,175.830810546875,494.8974304199219,0,-100,0
12.088151705,454.9485778808594,175.4289093017578,494.89703369140625,0,-100,0
12.09210364,454.94525146484375,175.02793884277344,494.8990173339844,0,-100,0
12.096240179,454.94036865234375,174.62559509277344,494.8938903808594,0,-100,0
12.100168458,454.9349365234375,174.2232666015625,494.8916320800781,0,-100,0
12.104109747,454.93328857421875,173.82066345214844,494.8929443359375,0,-100,0
12.108493265,454.9291076660156,173.41880798339844,494.8924865722656,0,-100,0
12.112383076,454.923583984375,173.01919555664063,494.8930969238281,0,-100,0
12.116270562,454.9183349609375,172.6214141845703,494.8916931152344,0,-100,0
12.120234771,454.913330078125,172.21800231933594,494.8854064941406,0,-100,0
12.124375933,454.9112548828125,171.81544494628906,494.8876037597656,0,-100,0
12.128416935,454.9092102050781,171.4110870361328,494.88641357421875,0,-100,0
12.132604335,454.9040222167969,171.00880432128906,494.88519287109375,0,-100,0
12.136457713,454.8967590332031,170.60897827148438,494.8844909667969,0,-100,0
12.140528783,454.8939514160156,170.20709228515625,494.8887939453125,0,-100,0
12.144588816,454.8883056640625,169.80784606933594,494.88397216796875,0,-100,0
12.148312989,454.8868713378906,169.40496826171875,494.8869323730469,0,-100,0
12.152138016,454.8845520019531,169.0034637451172,494.88909912109375,0,-100,0
12.156459747,454.88006591796875,168.59593200683594,494.8873291015625,0,-100,0
12.160458748,454.8761291503906,168.19229125976563,494.8883972167969,0,-100,0
12.164389425,454.8702087402344,167.79217529296875,494.8898010253906,0,-100,0
12.169126917,454.8669738769531,167.39227294921875,494.8890380859375,0,-100,0
12.172764331,454.8647766113281,166.989501953125,494.8878173828125,0,-100,0
12.17670107,454.86083984375,166.58782958984375,494.8896789550781,0,-100,0
12.180946384,454.8575439453125,166.18760681152344,494.8907165527344,0,-100,0
12.184813443,454.85369873046875,165.781982421875,494.88885498046875,0,-100,0
12.188921785,454.8475646972656,165.3772430419922,494.88922119140625,0,-100,0
12.193022071,454.8440856933594,164.97518920898438,494.887451171875,0,-100,0
12.196954120000001,454.8416442871094,164.5771942138672,494.8846740722656,0,-100,0
12.20084601,454.83514404296875,164.17599487304688,494.88104248046875,0,-100,0
12.205118967,454.831298828125,163.77647399902344,494.88214111328125,0,-100,0
12.209223482,454.82708740234375,163.3706512451172,494.88140869140625,0,-100,0
12.213037081,454.8228759765625,162.96652221679688,494.8801574707031,0,-100,0
12.217282003,454.8182678222656,162.56109619140625,494.878173828125,0,-100,0
12.221139918,454.8157043457031,162.1610107421875,494.87548828125,0,-100,0
12.225071389,454.8108215332031,161.7582550048828,494.8730163574219,0,-100,0
12.229432621,454.8042297363281,161.3553009033203,494.8705139160156,0,-100,0
12.233193566,454.8003234863281,160.95433044433594,494.868896484375,0,-100,0
12.237271547,454.7950744628906,160.55227661132813,494.86968994140625,0,-100,0
12.241406026,454.7894592285156,160.15078735351563,494.8703918457031,0,-100,0
12.245344943,454.78460693359375,159.74974060058594,494.8686828613281,0,-100,0
12.249364078,454.781494140625,159.34616088867188,494.8673095703125,0,-100,0
12.253511611,454.7774658203125,158.9439239501953,494.8688659667969,0,-100,0
12.257492135,454.7716369628906,158.54275512695313,494.86749267578125,0,-100,0
12.261474497,454.7660827636719,158.1418914794922,494.8701171875,0,-100,0
12.265587917,454.7655029296875,157.73812866210938,494.8736572265625,0,-100,0
12.269839767,454.762939453125,157.33535766601563,494.8716125488281,0,-100,0
12.27347221,454.75872802734375,156.93710327148438,494.8709716796875,0,-100,0
12.277711917,454.755126953125,156.5358123779297,494.8702087402344,0,-100,0
12.281593333,454.7495422363281,156.1361541748047,494.8699951171875,0,100,0
12.285630611,454.7472229003906,155.73387145996094,494.871826171875,0,100,0
12.28985219,454.74468994140625,155.3268585205078,494.871826171875,0,100,0
12.293745183,454.7397155761719,154.92605590820313,494.8743591308594,0,100,0
12.297675932,454.7368469238281,154.52281188964844,494.8734436035156,0,100,0
12.301915375,454.7344970703125,154.12332153320313,494.8719482421875,0,100,0
12.305917715,454.729248046875,153.72569274902344,494.8724060058594,0,100,0
12.3099163,454.72412109375,153.3431396484375,494.8682861328125,0,100,0
12.313993142,454.71905517578125,153.00723266601563,494.86077880859375,0,100,0
12.317938872,454.7117614746094,152.71607971191406,494.85040283203125,0,100,0
12.32193073,454.70562744140625,152.4742431640625,494.84100341796875,0,100,0
12.326105354,454.70050048828125,152.3002471923828,494.8257141113281,0,100,0
12.33008853,454.6964416503906,152.21551513671875,494.81231689453125,0,100,0
12.334025635,454.6903991699219,152.2164306640625,494.80804443359375,0,100,0
12.33815888,454.7024841308594,152.28106689453125,494.8358154296875,0,100,0
12.342111368,454.7075500488281,152.39390563964844,494.84417724609375,0,100,0
12.346030663,454.7130432128906,152.56710815429688,494.8505554199219,0,100,0
12.350428432,454.7331848144531,152.79855346679688,494.8866882324219,0,100,0
12.354269355,454.73797607421875,153.0771484375,494.90399169921875,0,100,0
12.35820709,454.7391052246094,153.41383361816406,494.91363525390625,0,100,0
12.362371128,454.73956298828125,153.80111694335938,494.91943359375,0,100,0
12.36630804,454.7393798828125,154.21221923828125,494.9184265136719,0,100,0
12.370254966,454.73956298828125,154.6304473876953,494.9239196777344,0,100,0
12.374481912,454.7384338378906,155.0521240234375,494.92669677734375,0,100,0
12.378378761,454.7356872558594,155.47764587402344,494.9245910644531,0,100,0
12.382408718,454.7322998046875,155.89193725585938,494.9178161621094,0,100,0
12.3865634,454.72735595703125,156.30149841308594,494.9066467285156,0,100,0
12.390581383,454.72052001953125,156.71018981933594,494.89227294921875,0,100,0
12.39442146,454.7155456542969,157.11973571777344,494.8815002441406,0,100,0
12.398642867,454.71051025390625,157.5281219482422,494.8819274902344,0,100,0
12.402658721,454.7061767578125,157.92556762695313,494.8809814453125,0,100,0
12.40658439,454.7020263671875,158.3131561279297,494.8785095214844,0,100,0
12.410824850000001,454.7035827636719,158.69261169433594,494.87664794921875,0,100,0
12.414678789,454.70257568359375,159.07421875,494.8753662109375,0,100,0
12.418601533,454.700439453125,159.46893310546875,494.8794860839844,0,100,0
12.422875918999999,454.6930847167969,159.87916564941406,494.8894958496094,0,100,0
12.426825975,454.6849060058594,160.28981018066406,494.89697265625,0,100,0
12.430876749,454.68035888671875,160.6975555419922,494.90264892578125,0,100,0
12.43493264,454.678466796875,161.0985870361328,494.90484619140625,0,100,0
12.438866216,454.6769104003906,161.50048828125,494.90728759765625,0,100,0
12.442797554,454.6709899902344,161.9069366455078,494.90228271484375,0,100,0
12.447038164,454.6632385253906,162.31687927246094,494.89495849609375,0,100,0
12.451146080000001,454.6548767089844,162.73272705078125,494.8890380859375,0,100,0
12.454961326,454.64447021484375,163.15054321289063,494.88165283203125,0,100,0
12.459118284,454.63372802734375,163.56646728515625,494.87164306640625,0,100,0
12.463054837,454.62969970703125,163.97621154785156,494.8642578125,0,100,0
12.467015718,454.6258544921875,164.3808135986328,494.8524475097656,0,100,0
12.471558854,454.6253356933594,164.78199768066406,494.84686279296875,0,100,0
12.475116493,454.6273193359375,165.17922973632813,494.8438415527344,0,100,0
12.479145655,454.6276550292969,165.57568359375,494.843505859375,0,100,0
12.483314937,454.6253662109375,165.9723663330078,494.8429260253906,0,100,0
12.487186882,454.6234130859375,166.36888122558594,494.8486328125,0,100,0
12.491208825,454.62225341796875,166.76744079589844,494.8538513183594,0,100,0
12.495448681,454.61798095703125,167.16799926757813,494.8602600097656,0,100,0
12.499454347,454.612548828125,167.56692504882813,494.8633117675781,0,100,0
12.503340411,454.6038818359375,167.9687957763672,494.86907958984375,0,100,0
12.507491549000001,454.59393310546875,168.37339782714844,494.87750244140625,0,100,0
12.511612966,454.5855712890625,168.7812957763672,494.8803405761719,0,100,0
12.515381103,454.57891845703125,169.1880340576172,494.8835144042969,0,100,0
12.519628692,454.5721130371094,169.59597778320313,494.8838806152344,0,100,0
12.523509075,454.5669860839844,170.0082550048828,494.8843688964844,0,100,0
12.527517167,454.5615539550781,170.42115783691406,494.8790588378906,0,100,0
12.531775328,454.5567932128906,170.8280792236328,494.8708190917969,0,100,0
12.535642282,454.5540466308594,171.2334747314453,494.863525390625,0,100,0
12.539613895,454.55194091796875,171.63539123535156,494.8558654785156,0,100,0
12.543854531000001,454.54962158203125,172.03744506835938,494.8473815917969,0,100,0
12.547834043,454.5469970703125,172.4446258544922,494.835693359375,0,100,0
12.551816318,454.543701171875,172.8492889404297,494.8251037597656,0,100,0
12.555893373,454.5394592285156,173.25430297851563,494.82171630859375,0,100,0
12.55982381,454.534912109375,173.6564483642578,494.821533203125,0,100,0
12.563789558,454.53173828125,174.04986572265625,494.822509765625,0,100,0
12.568008075,454.5265197753906,174.44573974609375,494.8238525390625,0,100,0
12.572217537,454.519287109375,174.84754943847656,494.82586669921875,0,100,0
12.575945723,454.5118408203125,175.25099182128906,494.8274230957031,0,100,0
12.580089288,454.5032958984375,175.6577606201172,494.8369445800781,0,100,0
12.584024242,454.49835205078125,176.06564331054688,494.8485107421875,0,100,0
12.58795068,454.49273681640625,176.47100830078125,494.8551025390625,0,100,0
12.592322686,454.48846435546875,176.88064575195313,494.861083984375,0,100,0
12.596312123,454.4832458496094,177.28866577148438,494.8610534667969,0,100,0
12.600115743,454.4798278808594,177.6966094970703,494.8611145019531,0,100,0
12.604258544,454.4776916503906,178.10179138183594,494.8592529296875,0,100,0
12.608218221,454.47650146484375,178.50253295898438,494.8546447753906,0,100,0
12.612223685,454.474853515625,178.90586853027344,494.8511047363281,0,100,0
12.616461229,454.4714660644531,179.31227111816406,494.8452453613281,0,100,0
12.620289414,454.4679870605469,179.71640014648438,494.8332214355469,0,100,0
12.624300306,454.46392822265625,180.12049865722656,494.8250427246094,0,100,0
12.628486767,454.46295166015625,180.5220489501953,494.81927490234375,0,100,0
12.63247855,454.4585266113281,180.92245483398438,494.8145446777344,0,100,0
12.636342082,454.45452880859375,181.3258056640625,494.81494140625,0,100,0
12.640615939,454.44873046875,181.73171997070313,494.81549072265625,0,100,0
12.644585244,454.44189453125,182.13641357421875,494.81951904296875,0,100,0
12.648493375,454.4361572265625,182.5377655029297,494.8203430175781,0,100,0
12.652740474,454.43157958984375,182.94186401367188,494.8248596191406,0,100,0
12.656577758,454.42645263671875,183.3444366455078,494.8349914550781,0,100,0
12.660531088,454.4222717285156,183.74815368652344,494.8428039550781,0,100,0
12.664762314,454.4183044433594,184.15625,494.8465576171875,0,100,0
12.668652419,454.4140625,184.5649871826172,494.8486633300781,0,100,0
12.673010494,454.4101867675781,184.96856689453125,494.8504943847656,0,100,0
12.676878229,454.4071960449219,185.3711700439453,494.8482666015625,0,100,0
12.680783723,454.40478515625,185.77330017089844,494.84564208984375,0,100,0
12.684716120000001,454.40106201171875,186.17665100097656,494.8415222167969,0,100,0
12.688948132,454.3935546875,186.58224487304688,494.83099365234375,0,100,0
12.693058973,454.3894348144531,186.9853973388672,494.8244323730469,0,100,0
12.696884964,454.3856506347656,187.388427734375,494.8143005371094,0,100,0
12.701109535,454.3829345703125,187.7911376953125,494.8066711425781,0,100,0
12.704991831,454.37957763671875,188.19384765625,494.80224609375,0,100,0
12.708909514,454.3735656738281,188.59925842285156,494.8009033203125,0,100,0
12.713248366,454.3676452636719,189.00547790527344,494.80206298828125,0,100,0
12.717018613,454.3625793457031,189.41378784179688,494.8038330078125,0,100,0
12.721053125,454.3581237792969,189.8206329345703,494.80291748046875,0,100,0
12.725223613,454.3542175292969,190.22845458984375,494.8071594238281,0,100,0
12.729165268,454.34808349609375,190.63247680664063,494.8136291503906,0,100,0
12.73317864,454.34423828125,191.03672790527344,494.8198547363281,0,100,0
12.737353859,454.3404235839844,191.4361114501953,494.822998046875,0,100,0
12.741362769,454.33782958984375,191.83778381347656,494.8271179199219,0,100,0
12.745252597,454.33319091796875,192.24452209472656,494.82696533203125,0,100,0
12.749234498,454.3303527832031,192.6470947265625,494.82818603515625,0,100,0
12.753481299,454.3252868652344,193.04847717285156,494.8261413574219,0,100,0
12.75731561,454.3198547363281,193.45510864257813,494.82537841796875,0,100,0
12.761549359,454.31732177734375,193.85499572753906,494.8237609863281,0,100,0
12.765437072,454.3154296875,194.258056640625,494.822265625,0,100,0
12.76944162,454.31256103515625,194.66336059570313,494.812744140625,0,100,0
12.773923908,454.3083190917969,195.0658721923828,494.8060607910156,0,100,0
12.777569905,454.3024597167969,195.46954345703125,494.8016052246094,0,100,0
12.781490141,454.2966613769531,195.8779754638672,494.8035583496094,0,100,0
12.785736437,454.290283203125,196.2850341796875,494.8020935058594,0,100,0
12.789761064,454.2866516113281,196.69088745117188,494.7999572753906,0,100,0
12.793759326,454.2825012207031,197.09616088867188,494.7973937988281,0,100,0
12.797809159,454.27569580078125,197.50173950195313,494.79852294921875,0,100,0
12.801752536,454.27069091796875,197.9082794189453,494.80474853515625,0,100,0
12.805761449,454.2674255371094,198.3116912841797,494.8085632324219,0,100,0
12.809933348,454.263671875,198.71463012695313,494.80975341796875,0,100,0
12.813934404,454.2621765136719,199.11727905273438,494.8108825683594,0,100,0
12.817819319,454.2610168457031,199.5166473388672,494.8109436035156,0,100,0
12.822003479,454.2576599121094,199.92054748535156,494.81494140625,0,100,0
12.825942057,454.2532043457031,200.3221435546875,494.81707763671875,0,100,0
12.829890684,454.2507019042969,200.72344970703125,494.816162109375,0,100,0
12.834218811,454.2463073730469,201.1274871826172,494.812255859375,0,100,0
12.838127957,454.2417297363281,201.5323944091797,494.8062744140625,0,100,0
12.842027891,454.2369689941406,201.93643188476563,494.8033447265625,0,100,0
12.846171584,454.2322998046875,202.337158203125,494.8016052246094,0,100,0
12.850138349,454.2279968261719,202.7440185546875,494.8007507324219,0,100,0
12.854145133,454.2229919433594,203.15188598632813,494.7990417480469,0,100,0
12.858325591,454.2176208496094,203.56263732910156,494.79754638671875,0,100,0
12.862185053,454.2135314941406,203.96812438964844,494.7945251464844,0,100,0
12.866209312,454.2084045410156,204.37411499023438,494.7958068847656,0,100,0
12.870415742,454.2061462402344,204.78025817871094,494.80023193359375,0,100,0
12.874600091,454.2023010253906,205.18246459960938,494.8017578125,0,100,0
12.878298775,454.197265625,205.58932495117188,494.8035583496094,0,100,0
12.882506795,454.19317626953125,205.99595642089844,494.80548095703125,0,100,0
12.886510735,454.1884765625,206.39910888671875,494.8052062988281,0,100,0
12.890524367,454.1843566894531,206.80628967285156,494.80755615234375,0,100,0
12.894666327,454.18048095703125,207.20684814453125,494.8099365234375,0,100,0
12.898500232,454.1757507324219,207.6055145263672,494.80657958984375,0,100,0
12.90243563,454.1766052246094,208.00418090820313,494.8070068359375,0,100,0
12.906698298,454.1740417480469,208.40504455566406,494.803955078125,0,100,0
12.910596079,454.170654296875,208.8087921142578,494.80328369140625,0,100,0
12.914695478,454.1661071777344,209.21633911132813,494.8047180175781,0,100,0
12.918765263000001,454.1585693359375,209.6240234375,494.80194091796875,0,100,0
12.922722182,454.1553039550781,210.0303955078125,494.8000793457031,0,100,0
12.926635172,454.1513366699219,210.43849182128906,494.7988586425781,0,100,0
12.930874304,454.14764404296875,210.84027099609375,494.7950439453125,0,100,0
12.935002337,454.1398010253906,211.24765014648438,494.7944641113281,0,100,0
12.938795624,454.1340026855469,211.65447998046875,494.79315185546875,0,100,0
12.942957272,454.1303405761719,212.06028747558594,494.79254150390625,0,100,0
12.946883103,454.125244140625,212.466552734375,494.79193115234375,0,100,0
12.950822907,454.1226501464844,212.87359619140625,494.7929382324219,0,100,0
12.955185438,454.1186218261719,213.2747344970703,494.7937927246094,0,100,0
12.958961441,454.11474609375,213.6776123046875,494.7969055175781,0,100,0
12.962981502,454.11236572265625,214.0806121826172,494.79937744140625,0,100,0
12.967173392,454.1098327636719,214.48240661621094,494.7989807128906,0,100,0
12.971093527,454.1079406738281,214.88436889648438,494.7969665527344,0,100,0
12.97539291,454.10369873046875,215.2888946533203,494.7976989746094,0,100,0
12.979290942,454.1012878417969,215.69223022460938,494.79864501953125,0,100,0
12.983284453,454.0975646972656,216.0918731689453,494.800537109375,0,100,0
12.987168619,454.0943908691406,216.49395751953125,494.7994079589844,0,100,0
12.99134408,454.0904846191406,216.89581298828125,494.79412841796875,0,100,0
12.995440772,454.08544921875,217.30259704589844,494.79022216796875,0,100,0
12.999199108,454.0823974609375,217.70933532714844,494.7899169921875,0,100,0
13.003246589,454.0755920410156,218.11814880371094,494.7892761230469,0,100,0
13.0073548,454.0716552734375,218.5244598388672,494.78814697265625,0,100,0
13.011370107,454.06695556640625,218.93089294433594,494.7831115722656,0,100,0
13.015634033,454.0618896484375,219.33763122558594,494.7783203125,0,100,0
13.019464562,454.0592346191406,219.74185180664063,494.7800598144531,0,100,0
13.023400861,454.056640625,220.14529418945313,494.78369140625,0,100,0
13.027656568,454.0487060546875,220.5496368408203,494.7825622558594,0,100,0
13.031636899,454.0404357910156,220.95738220214844,494.77685546875,0,100,0
13.035664704,454.0399475097656,221.35946655273438,494.77850341796875,0,100,0
13.039726293,454.03692626953125,221.7605743408203,494.7796325683594,0,100,0
13.04367237,454.03118896484375,222.1601104736328,494.78167724609375,0,100,0
13.047595284,454.028564453125,222.5603790283203,494.7843017578125,0,100,0
13.051836353,454.0221862792969,222.96498107910156,494.78070068359375,0,100,0
13.055838681000001,454.02001953125,223.3719940185547,494.7811279296875,0,100,0
13.059733726,454.0177307128906,223.7775421142578,494.7823486328125,0,100,0
13.063938871,454.010986328125,224.18341064453125,494.78460693359375,0,100,0
13.067853204,454.0067443847656,224.58692932128906,494.7828063964844,0,100,0
13.071795956,454.0047607421875,224.99136352539063,494.78228759765625,0,100,0
13.076401148,453.99993896484375,225.39358520507813,494.77764892578125,0,100,0
13.080126917,453.9953918457031,225.79673767089844,494.77520751953125,0,100,0
13.083964061,453.98980712890625,226.2034912109375,494.7725830078125,0,100,0
13.088141754,453.98089599609375,226.61265563964844,494.77130126953125,0,100,0
13.092043525,453.9769287109375,227.01803588867188,494.77044677734375,0,100,0
13.09599375,453.974365234375,227.4249725341797,494.7668762207031,0,100,0
13.100214789,453.97039794921875,227.83094787597656,494.7666320800781,0,100,0
13.104122048,453.9676818847656,228.2334442138672,494.7674560546875,0,100,0
13.108134972,453.96563720703125,228.6343994140625,494.7710876464844,0,100,0
13.112309149,453.9625549316406,229.0384063720703,494.7756652832031,0,100,0
13.11631769,453.9597473144531,229.4428253173828,494.77532958984375,0,100,0
13.120159364,453.9555969238281,229.84410095214844,494.771728515625,0,100,0
13.124422813,453.9515686035156,230.24685668945313,494.7746887207031,0,100,0
13.128441268,453.94671630859375,230.65106201171875,494.77630615234375,0,100,0
13.132334461,453.9413757324219,231.0542755126953,494.7723693847656,0,100,0
13.136586371,453.94061279296875,231.45620727539063,494.767333984375,0,100,0
13.140503243,453.93548583984375,231.86009216308594,494.7659912109375,0,100,0
13.144326259,453.9292297363281,232.2658233642578,494.7646484375,0,100,0
13.14854889,453.9226379394531,232.67393493652344,494.7662658691406,0,100,0
13.152463163,453.9210205078125,233.07769775390625,494.7658996582031,0,100,0
13.156543977,453.9165344238281,233.48193359375,494.76263427734375,0,100,0
13.160613678,453.9122619628906,233.88768005371094,494.7615966796875,0,100,0
13.164571233,453.9076843261719,234.28858947753906,494.7609558105469,0,100,0
13.168504865,453.90313720703125,234.6947784423828,494.7640380859375,0,100,0
13.172760887,453.8964538574219,235.0990447998047,494.7646179199219,0,100,0
13.177141256,453.89404296875,235.5024871826172,494.7618408203125,0,100,0
13.180719298,453.8910217285156,235.90756225585938,494.76422119140625,0,100,0
13.184939302,453.8858947753906,236.311279296875,494.764404296875,0,100,0
13.188807666,453.88275146484375,236.7157745361328,494.7657470703125,0,100,0
13.192738992,453.8782653808594,237.11819458007813,494.7661437988281,0,100,0
13.197113442,453.8766174316406,237.52127075195313,494.7640686035156,0,100,0
13.200867412,453.8742980957031,237.92373657226563,494.76287841796875,0,100,0
13.204901555,453.87127685546875,238.332275390625,494.7687683105469,0,100,0
13.209060846,453.8631896972656,238.73785400390625,494.76629638671875,0,100,0
13.212999153,453.86041259765625,239.1426239013672,494.765869140625,0,100,0
13.216995614,453.85736083984375,239.548095703125,494.7637023925781,0,100,0
13.22116875,453.8543395996094,239.9517059326172,494.7648010253906,0,100,0
13.225207244,453.85064697265625,240.35464477539063,494.7651672363281,0,100,0
13.229083686,453.84381103515625,240.7595672607422,494.76361083984375,0,100,0
13.233255655,453.8387145996094,241.16905212402344,494.76202392578125,0,100,0
13.237300273,453.8346862792969,241.57440185546875,494.7579650878906,0,100,0
13.241111561,453.8294982910156,241.9810791015625,494.75750732421875,0,100,0
13.245373224,453.8243408203125,242.386962890625,494.7557678222656,0,100,0
13.249275839,453.8215026855469,242.78880310058594,494.7550964355469,0,100,0
13.253294623,453.8195495605469,243.18801879882813,494.7519836425781,0,100,0
13.257539319,453.8182678222656,243.59014892578125,494.7512512207031,0,100,0
13.261394609,453.81219482421875,243.99278259277344,494.7494812011719,0,100,0
13.265323605,453.806884765625,244.39950561523438,494.7508239746094,0,100,0
13.269641475,453.7994079589844,244.80703735351563,494.7490539550781,0,100,0
13.273558555,453.7973937988281,245.2099609375,494.74609375,0,100,0
13.277782114,453.7938537597656,245.61289978027344,494.7475891113281,0,100,0
13.281653771,453.78985595703125,246.0164794921875,494.7487487792969,0,100,0
13.285572666,453.7859191894531,246.4186553955078,494.7485046386719,0,100,0
13.289499502,453.781494140625,246.82540893554688,494.75360107421875,0,100,0
13.293778876,453.7756042480469,247.2305450439453,494.75079345703125,0,100,0
13.297729224,453.77276611328125,247.63534545898438,494.7496643066406,0,100,0
13.301655202,453.7689208984375,248.0404815673828,494.7509765625,0,100,0
13.30583762,453.7635498046875,248.44619750976563,494.7503356933594,0,100,0
13.309765831,453.76043701171875,248.85238647460938,494.7489013671875,0,100,0
13.313714123,453.75677490234375,249.2562255859375,494.7439270019531,0,100,0
13.318041117,453.75201416015625,249.6609649658203,494.74176025390625,0,100,0
13.321955653,453.750732421875,250.06619262695313,494.7440185546875,0,100,0
13.325869749,453.7433166503906,250.46890258789063,494.7403869628906,0,100,0
13.330043085,453.73822021484375,250.8754119873047,494.7342834472656,0,100,0
13.334038782,453.7367248535156,251.2791748046875,494.73291015625,0,100,0
13.337988015,453.7344970703125,251.6793975830078,494.73260498046875,0,100,0
13.342147404,453.7287902832031,252.07969665527344,494.7325439453125,0,100,0
13.346014231,453.72174072265625,252.47955322265625,494.7309265136719,0,100,0
13.35004582,453.7188415527344,252.88540649414063,494.7297668457031,0,100,0
13.354294826,453.71533203125,253.28955078125,494.7310485839844,0,100,0
13.358253246,453.7103271484375,253.69369506835938,494.7315368652344,0,100,0
13.362077984999999,453.705810546875,254.0973358154297,494.73284912109375,0,100,0
13.366335817,453.7037048339844,254.50540161132813,494.73345947265625,0,100,0
13.370359628,453.701171875,254.9102020263672,494.7333068847656,0,100,0
13.374221785,453.6951904296875,255.31443786621094,494.73150634765625,0,100,0
13.378713241,453.690673828125,255.7204132080078,494.7334899902344,0,100,0
13.382361174,453.6866455078125,256.12408447265625,494.7319030761719,0,100,0
13.386300038,453.6813049316406,256.52960205078125,494.7292175292969,0,100,0
13.390582406,453.6747741699219,256.9370422363281,494.72528076171875,0,100,0
13.394410158,453.6701354980469,257.34307861328125,494.72479248046875,0,100,0
13.398530739,453.6673583984375,257.74407958984375,494.7251281738281,0,100,0
13.402555662,453.66485595703125,258.1478271484375,494.7285461425781,0,100,0
13.406534112,453.66204833984375,258.5511474609375,494.7251892089844,0,100,0
13.410498564,453.6604919433594,258.9543151855469,494.7240905761719,0,100,0
13.41469977,453.65826416015625,259.3597717285156,494.7274475097656,0,100,0
13.418809788,453.65496826171875,259.7643127441406,494.72869873046875,0,100,0
13.422633851,453.6487731933594,260.1704406738281,494.7251892089844,0,100,0
13.4267848,453.64166259765625,260.5757141113281,494.719482421875,0,100,0
13.43070321,453.64068603515625,260.9807434082031,494.72381591796875,0,100,0
13.434682805,453.6348876953125,261.3798828125,494.72454833984375,0,100,0
13.439026827,453.6307373046875,261.7831726074219,494.7230529785156,0,100,0
13.442789871,453.62701416015625,262.1841125488281,494.72119140625,0,100,0
13.446806011,453.6241760253906,262.5910949707031,494.720703125,0,100,0
13.450986348,453.6181640625,263.0017395019531,494.7222900390625,0,100,0
13.454916019,453.6120300292969,263.4074401855469,494.725341796875,0,100,0
13.459014047,453.6089172363281,263.81109619140625,494.72479248046875,0,100,0
13.463108489,453.6067199707031,264.2150573730469,494.7249450683594,0,100,0
13.467544153,453.6001281738281,264.6202392578125,494.7225646972656,0,100,0
13.47097499,453.595947265625,265.0230407714844,494.7195129394531,0,100,0
13.475126307,453.5911865234375,265.4270324707031,494.718017578125,0,100,0
13.479464446,453.5886535644531,265.8331604003906,494.71881103515625,0,100,0
13.483023399,453.58624267578125,266.2391662597656,494.7182922363281,0,100,0
13.48728684,453.58416748046875,266.6403503417969,494.71710205078125,0,100,0
13.491150299,453.58197021484375,267.04351806640625,494.7181091308594,0,100,0
13.49514717,453.5765686035156,267.44866943359375,494.7160339355469,0,100,0
13.499433407,453.5750427246094,267.85406494140625,494.714599609375,0,100,0
13.503270014,453.57098388671875,268.2547607421875,494.7149353027344,0,100,0
13.507235072,453.5645446777344,268.65960693359375,494.7163391113281,0,100,0
13.511451078,453.5609130859375,269.06585693359375,494.7193908691406,0,100,0
13.515456151,453.5545959472656,269.4708557128906,494.7173156738281,0,100,0
13.5194742,453.5511474609375,269.8737487792969,494.71783447265625,0,100,0
13.523520157,453.549072265625,270.2771301269531,494.72100830078125,0,100,0
13.527452491,453.5457458496094,270.681884765625,494.7217712402344,0,100,0
13.531382198,453.541748046875,271.0883483886719,494.7178649902344,0,100,0
13.535654302,453.5392150878906,271.4889221191406,494.7135314941406,0,100,0
13.539612159,453.5340881347656,271.8958740234375,494.7148132324219,0,100,0
13.543552326,453.529052734375,272.3014831542969,494.7135925292969,0,100,0
13.547716811,453.52471923828125,272.7036437988281,494.7069091796875,0,100,0
13.551646026,453.5206604003906,273.10455322265625,494.6997375488281,0,100,0
13.555599273,453.5169982910156,273.5101013183594,494.7012023925781,0,100,0
13.55991513,453.5108642578125,273.9139099121094,494.6983947753906,0,100,0
13.563931508,453.5057678222656,274.3187255859375,494.701904296875,0,100,0
13.567753572,453.5006103515625,274.7213134765625,494.69842529296875,0,100,0
13.571912021,453.49725341796875,275.1242370605469,494.699462890625,0,100,0
13.575852435,453.4943542480469,275.5282897949219,494.69879150390625,0,100,0
13.580089606,453.4869384765625,275.9346923828125,494.697021484375,0,100,0
13.584053435,453.4825134277344,276.3402099609375,494.6944885253906,0,100,0
13.587890365,453.4805908203125,276.7446594238281,494.6957092285156,0,100,0
13.591944909,453.4773254394531,277.14794921875,494.69439697265625,0,100,0
13.596093454,453.472900390625,277.5514831542969,494.6956787109375,0,100,0
13.60010702,453.47113037109375,277.95635986328125,494.6961364746094,0,100,0
13.604009767,453.4674987792969,278.3639831542969,494.6947937011719,0,100,0
13.608232437,453.4599609375,278.7683410644531,494.6920166015625,0,100,0
13.612229354,453.4552307128906,279.17236328125,494.6917724609375,0,100,0
13.616110257,453.4504089355469,279.57843017578125,494.6921081542969,0,100,0
13.620430834,453.4424743652344,279.9858703613281,494.6897277832031,0,100,0
13.624204551,453.4379577636719,280.3861389160156,494.68572998046875,0,100,0
13.628163274,453.4347839355469,280.7851867675781,494.68231201171875,0,100,0
13.632408545,453.4338073730469,281.1864929199219,494.68658447265625,0,100,0
13.636303985,453.4331359863281,281.5906982421875,494.6877136230469,0,100,0
13.640429795,453.4265441894531,281.9970397949219,494.68536376953125,0,100,0
13.644457605,453.42138671875,282.4039306640625,494.68353271484375,0,100,0
13.648487992,453.41693115234375,282.81158447265625,494.6893615722656,0,100,0
13.652354037,453.4126892089844,283.21246337890625,494.6874084472656,0,100,0
13.656586393,453.407958984375,283.6151428222656,494.6837158203125,0,100,0
13.660681734,453.4044189453125,284.018310546875,494.683349609375,0,100,0
13.664507679,453.39813232421875,284.4242858886719,494.681884765625,0,100,0
13.66866738,453.3917541503906,284.8287048339844,494.6814880371094,0,100,0
13.67260167,453.3872985839844,285.2370910644531,494.6842041015625,0,100,0
13.676540455,453.3839111328125,285.64227294921875,494.6834716796875,0,100,0
13.681086273,453.3849182128906,286.046875,494.68463134765625,0,100,0
13.684685142,453.3805847167969,286.4501953125,494.6813049316406,0,100,0
13.688685736,453.3791809082031,286.8563537597656,494.6803894042969,0,100,0
13.692873425,453.3759765625,287.2604675292969,494.6794738769531,0,100,0
13.696793537,453.3705139160156,287.6634521484375,494.6756591796875,0,100,0
13.700819434,453.3648376464844,288.0691223144531,494.6759948730469,0,100,0
13.704990558,453.36138916015625,288.4722595214844,494.67669677734375,0,100,0
13.709016457,453.35833740234375,288.8749084472656,494.6762390136719,0,100,0
13.712893183,453.3511657714844,289.2767028808594,494.6722412109375,0,100,0
13.717035634,453.3485107421875,289.6808776855469,494.67572021484375,0,100,0
13.721071026,453.3458557128906,290.0837097167969,494.67779541015625,0,100,0
13.724929851,453.3433532714844,290.4841003417969,494.67578125,0,100,0
13.729168981,453.3375549316406,290.8876647949219,494.67626953125,0,100,0
13.733137548,453.3336486816406,291.2933654785156,494.6769104003906,0,100,0
13.737107675,453.32940673828125,291.69854736328125,494.676513671875,0,100,0
13.741348427,453.3237609863281,292.1025085449219,494.6748962402344,0,100,0
13.745139298,453.3217468261719,292.5079650878906,494.6766052246094,0,100,0
13.749120401999999,453.3186950683594,292.9142761230469,494.67755126953125,0,100,0
13.753436594,453.3129577636719,293.3197937011719,494.677978515625,0,100,0
13.757405855,453.3082580566406,293.7253112792969,494.67230224609375,0,100,0
13.761382315,453.30535888671875,294.1314392089844,494.67083740234375,0,100,0
13.765446994,453.30157470703125,294.5334777832031,494.6691589355469,0,100,0
13.769378956,453.29803466796875,294.9369812011719,494.67010498046875,0,100,0
13.773291912,453.2921142578125,295.341552734375,494.6683044433594,0,100,0
13.777581984,453.2874755859375,295.74957275390625,494.6676940917969,0,100,0
13.781749571,453.2821044921875,296.15521240234375,494.6662902832031,0,100,0
13.785477777,453.2779846191406,296.5546569824219,494.66326904296875,0,100,0
13.78971339,453.2778015136719,296.957275390625,494.6636962890625,0,100,0
13.793607680000001,453.2730712890625,297.3594665527344,494.6613464355469,0,100,0
13.797547531,453.267333984375,297.7617492675781,494.6570739746094,0,100,0
13.801880956,453.264892578125,298.16448974609375,494.6559143066406,0,100,0
13.805793319,453.259521484375,298.5712890625,494.6574401855469,0,100,0
13.809708926999999,453.2548522949219,298.9766845703125,494.65264892578125,0,100,0
13.813917306,453.2487487792969,299.38189697265625,494.65167236328125,0,100,0
13.817801061,453.24493408203125,299.788818359375,494.6557312011719,0,100,0
13.821831773,453.2398986816406,300.1937255859375,494.65875244140625,0,100,0
13.825986619,453.2352600097656,300.5923767089844,494.6544189453125,0,100,0
13.829951508,453.2320251464844,300.9967041015625,494.6532287597656,0,100,0
13.833933001,453.22930908203125,301.3978271484375,494.6529846191406,0,100,0
13.838117252,453.22442626953125,301.804443359375,494.65362548828125,0,100,0
13.84207916,453.2174072265625,302.2129821777344,494.65069580078125,0,100,0
13.845975526,453.2135009765625,302.6195983886719,494.64801025390625,0,100,0
13.850175983,453.21051025390625,303.0253601074219,494.6510009765625,0,100,0
13.854188715,453.2091369628906,303.42486572265625,494.6473388671875,0,100,0
13.858086676,453.20703125,303.83013916015625,494.6458435058594,0,100,0
13.862353535,453.20361328125,304.2364196777344,494.6434020996094,0,100,0
13.866176974,453.1988220214844,304.6389465332031,494.6412658691406,0,100,0
13.87010364,453.19586181640625,305.0424499511719,494.64154052734375,0,100,0
13.874364536,453.1910705566406,305.4497375488281,494.64373779296875,0,100,0
13.878285166,453.18560791015625,305.8533020019531,494.6377868652344,0,100,0
13.882602219,453.1820068359375,306.2527770996094,494.6368103027344,0,100,0
13.886456748,453.17999267578125,306.6543884277344,494.6372985839844,0,100,0
13.890375207,453.1756286621094,307.06158447265625,494.6353454589844,0,100,0
13.894326618000001,453.1712951660156,307.4662780761719,494.6348876953125,0,100,0
13.898571372,453.1678161621094,307.8708190917969,494.6354675292969,0,100,0
13.902637477,453.1661682128906,308.2757568359375,494.6389465332031,0,100,0
13.906476309,453.1579284667969,308.68072509765625,494.6370849609375,0,100,0
13.910643826,453.151611328125,309.0849609375,494.6340026855469,0,100,0
13.914557835,453.1488952636719,309.49017333984375,494.6368103027344,0,100,0
13.918504859,453.145263671875,309.8935546875,494.63897705078125,0,100,0
13.923002966,453.1416320800781,310.2935791015625,494.6363220214844,0,100,0
13.926624287,453.1396179199219,310.69964599609375,494.6385192871094,0,100,0
13.930654099,453.1368103027344,311.1083679199219,494.6374816894531,0,100,0
13.934819072,453.13201904296875,311.50927734375,494.63397216796875,0,100,0
13.938762529,453.13092041015625,311.9133605957031,494.63458251953125,0,100,0
13.942863419,453.1279296875,312.31768798828125,494.6340637207031,0,100,0
13.946959854,453.1235656738281,312.7198181152344,494.6324768066406,0,100,0
13.950943372,453.1183776855469,313.12188720703125,494.63092041015625,0,100,0
13.954967559,453.1155700683594,313.52630615234375,494.63177490234375,0,100,0
13.958997582,453.1105651855469,313.9309387207031,494.62811279296875,0,100,0
13.963046505,453.1033935546875,314.3358154296875,494.6241760253906,0,100,0
13.966884609,453.1002197265625,314.739013671875,494.6289367675781,0,100,0
13.971135006,453.09661865234375,315.1405029296875,494.6297302246094,0,100,0
13.975016472,453.0905456542969,315.54541015625,494.62786865234375,0,100,0
13.979157548,453.0858459472656,315.9535217285156,494.62640380859375,0,100,0
13.983533217,453.080322265625,316.36083984375,494.62738037109375,0,100,0
13.987161327,453.0765380859375,316.7637634277344,494.6260681152344,0,100,0
13.991095046,453.0713195800781,317.16644287109375,494.6221923828125,0,100,0
13.995351261,453.07098388671875,317.5725402832031,494.6246337890625,0,100,0
13.999347910000001,453.0643005371094,317.9764404296875,494.6217346191406,0,100,0
14.003534485,453.0603942871094,318.37969970703125,494.6182556152344,0,100,0
14.007229923,453.0574645996094,318.78271484375,494.61871337890625,0,100,0
14.011347681,453.05364990234375,319.18865966796875,494.6229248046875,0,100,0
14.015271018,453.0474853515625,319.5926818847656,494.6211242675781,0,100,0
14.01951559,453.04437255859375,319.9972229003906,494.6203918457031,0,100,0
14.023485484,453.04046630859375,320.4034729003906,494.6214599609375,0,100,0
14.027475945,453.0328063964844,320.8074035644531,494.6199645996094,0,100,0
14.031588343,453.0319519042969,321.20611572265625,494.61871337890625,0,100,0
14.035529021,453.0306091308594,321.6073303222656,494.6166687011719,0,100,0
14.039650219,453.0260925292969,322.0106506347656,494.613037109375,0,100,0
14.043811155,453.02008056640625,322.4164123535156,494.6131286621094,0,100,0
14.04773075,453.0171203613281,322.82281494140625,494.6141662597656,0,100,0
14.051634662,453.0145568847656,323.2291259765625,494.6100769042969,0,100,0
14.055795359,453.0091247558594,323.6330871582031,494.60723876953125,0,100,0
14.05971855,453.00567626953125,324.03619384765625,494.6067199707031,0,100,0
14.063770315,452.9989318847656,324.4438781738281,494.60894775390625,0,100,0
14.067901876,452.9936218261719,324.84564208984375,494.60235595703125,0,100,0
14.07179869,452.9883117675781,325.25103759765625,494.59967041015625,0,100,0
14.075820362,452.9845886230469,325.6566162109375,494.6004638671875,0,100,0
14.079951686,452.9779052734375,326.0617370605469,494.5965270996094,0,100,0
14.084194136,452.9771423339844,326.4681701660156,494.59820556640625,0,100,0
14.087831641,452.9725036621094,326.8714599609375,494.5981140136719,0,100,0
14.092052936,452.9714660644531,327.2730407714844,494.6003112792969,0,100,0
14.096063372,452.9687805175781,327.6751708984375,494.59722900390625,0,100,0
14.099967134,452.96636962890625,328.0810852050781,494.5949401855469,0,100,0
14.104236937,452.9617919921875,328.4864807128906,494.59527587890625,0,100,0
14.108062543,452.9542236328125,328.8893737792969,494.5939025878906,0,100,0
14.112059239,452.9544982910156,329.2922668457031,494.5970764160156,0,100,0
14.11623441,452.9488830566406,329.69525146484375,494.59423828125,0,100,0
14.120139061,452.9447937011719,330.09771728515625,494.5906982421875,0,100,0
14.124214548,452.93896484375,330.50323486328125,494.59100341796875,0,100,0
14.128305851,452.9371032714844,330.90924072265625,494.5933532714844,0,100,0
14.132329188,452.9314880371094,331.312255859375,494.58868408203125,0,100,0
14.136187489,452.92852783203125,331.71490478515625,494.5892333984375,0,100,0
14.140502109,452.9275207519531,332.1173095703125,494.59130859375,0,100,0
14.144502486,452.9195861816406,332.5215759277344,494.58477783203125,0,100,0
14.148321152,452.9176025390625,332.9266662597656,494.5848693847656,0,100,0
14.152254682,452.91583251953125,333.33087158203125,494.5893859863281,0,100,0
14.156139085,452.910400390625,333.7353820800781,494.5885009765625,0,100,0
14.160115086,452.9047546386719,334.1414489746094,494.5855407714844,0,100,0
14.164455394,452.9000549316406,334.5478515625,494.5853271484375,0,100,0
14.168238471,452.8968811035156,334.95172119140625,494.583251953125,0,100,0
14.172257908,452.89324951171875,335.3542785644531,494.5797424316406,0,100,0
14.176433669,452.8916015625,335.7599182128906,494.5805358886719,0,100,0
14.180397764,452.8878479003906,336.1650695800781,494.5806884765625,0,100,0
14.184651472,452.8838806152344,336.5656433105469,494.5806884765625,0,100,0
14.188629561,452.88018798828125,336.9701843261719,494.5798034667969,0,100,0
14.192692419,452.87567138671875,337.3757629394531,494.5794372558594,0,100,0
14.196551568,452.8645324707031,337.78021240234375,494.5726623535156,0,100,0
14.200729791,452.8604431152344,338.1854553222656,494.5758972167969,0,100,0
14.20484955,452.8590393066406,338.584228515625,494.5756530761719,0,100,0
14.208758438,452.8533020019531,338.9869384765625,494.57305908203125,0,100,0
14.21299917,452.851318359375,339.39141845703125,494.5767822265625,0,100,0
14.216956868,452.8482971191406,339.7974853515625,494.5809326171875,0,100,0
14.220912895,452.84326171875,340.1983337402344,494.5772399902344,0,100,0
14.22518431,452.8406982421875,340.60137939453125,494.5762023925781,0,100,0
14.229002804,452.8382568359375,341.007568359375,494.5760803222656,0,100,0
14.232950831,452.83050537109375,341.41217041015625,494.5707702636719,0,100,0
14.237301414,452.8256530761719,341.8206481933594,494.5672607421875,0,100,0
14.241218871,452.8240966796875,342.2264709472656,494.5702819824219,0,100,0
14.245191054,452.8204345703125,342.62701416015625,494.5701599121094,0,100,0
14.249065855,452.818115234375,343.0302734375,494.5742492675781,0,100,0
14.253206978,452.8153381347656,343.4335632324219,494.57318115234375,0,100,0
14.257165164,452.80792236328125,343.83502197265625,494.5684509277344,0,100,0
14.261388993,452.8020935058594,344.2386169433594,494.5652770996094,0,100,0
14.265358462,452.7996520996094,344.64453125,494.5660095214844,0,100,0
14.269312648,452.7908020019531,345.0493469238281,494.5578308105469,0,100,0
14.273451907,452.7886047363281,345.4544982910156,494.5603332519531,0,100,0
14.277411434,452.789306640625,345.85931396484375,494.5606689453125,0,100,0
14.281348391,452.78570556640625,346.2643737792969,494.558349609375,0,100,0
14.285879094,452.7782287597656,346.6681823730469,494.5556335449219,0,100,0
14.28961383,452.7750549316406,347.0742492675781,494.55706787109375,0,100,0
14.293498883,452.768798828125,347.474853515625,494.5538024902344,0,100,0
14.297669623,452.7644958496094,347.88067626953125,494.5524597167969,0,100,0
14.301581661,452.76202392578125,348.2842102050781,494.5549621582031,0,100,0
14.305625576,452.7569580078125,348.6875,494.5526428222656,0,100,0
14.309788689,452.7580261230469,349.0902404785156,494.5530700683594,0,100,0
14.313672428,452.75836181640625,349.4900207519531,494.5521545410156,0,100,0
14.31769012,452.75323486328125,349.894287109375,494.5523986816406,0,100,0
14.321920006,452.74609375,350.3025207519531,494.5526123046875,0,100,0
14.325868648,452.74212646484375,350.70867919921875,494.5533752441406,0,100,0
14.329698704,452.73785400390625,351.1097106933594,494.5482482910156,0,100,0
14.334000937,452.7364196777344,351.5116271972656,494.5482177734375,0,100,0
14.337992513,452.7337646484375,351.91839599609375,494.55413818359375,0,100,0
14.341890207,452.72564697265625,352.3230895996094,494.54876708984375,0,100,0
14.346147663,452.719482421875,352.7294006347656,494.5428771972656,0,100,0
14.349991444,452.7161865234375,353.13397216796875,494.5432434082031,0,100,0
14.353947414,452.7123718261719,353.532958984375,494.54052734375,0,100,0
14.358153177,452.70733642578125,353.93756103515625,494.53643798828125,0,100,0
14.362044165,452.7064208984375,354.3426208496094,494.5379638671875,0,100,0
14.366189329000001,452.70245361328125,354.7425537109375,494.5339660644531,0,100,0
14.370243422,452.6980895996094,355.14453125,494.5325622558594,0,100,0
14.37419298,452.6933898925781,355.5525817871094,494.53204345703125,0,100,0
14.378098306,452.6854248046875,355.95599365234375,494.53082275390625,0,100,0
14.382385091,452.681884765625,356.3603820800781,494.532958984375,0,100,0
14.386660827,452.67791748046875,356.7637023925781,494.53607177734375,0,100,0
14.390290775,452.6767578125,357.161865234375,494.5353088378906,0,100,0
14.394425274,452.67578125,357.5690002441406,494.5331726074219,0,100,0
14.398367037,452.6717834472656,357.97698974609375,494.5355529785156,0,100,0
14.402296664,452.6664123535156,358.37847900390625,494.5305480957031,0,100,0
14.406648643,452.6647033691406,358.7810974121094,494.5331726074219,0,100,0
14.410444875,452.6622619628906,359.18634033203125,494.5356140136719,0,100,0
14.414454908,452.6522216796875,359.5894775390625,494.5291442871094,0,100,0
14.418609704,452.646240234375,359.9947204589844,494.52484130859375,0,100,0
14.422579169,452.6423034667969,360.3998718261719,494.5262145996094,0,100,0
14.426644924,452.6361389160156,360.8035888671875,494.52691650390625,0,100,0
14.430744762,452.6318664550781,361.2091369628906,494.5267333984375,0,100,0
14.434734769,452.6288757324219,361.6131896972656,494.5251770019531,0,100,0
14.438652435,452.623779296875,362.01531982421875,494.51953125,0,100,0
14.442810557,452.6206359863281,362.4192199707031,494.5202941894531,0,100,0
14.446853182,452.61798095703125,362.8210754394531,494.51898193359375,0,100,0
14.450683475,452.6123352050781,363.2265930175781,494.51629638671875,0,100,0
14.454915701000001,452.61083984375,363.63360595703125,494.52117919921875,0,100,0
14.458792958,452.6068420410156,364.04107666015625,494.52020263671875,0,100,0
14.462835346,452.6039123535156,364.44268798828125,494.5183410644531,0,100,0
14.467129672,452.59991455078125,364.8502197265625,494.5245361328125,0,100,0
14.470935257,452.5935974121094,365.251953125,494.5231628417969,0,100,0
14.474870437,452.58740234375,365.6497802734375,494.5185241699219,0,100,0
14.479109035,452.58892822265625,366.05133056640625,494.52215576171875,0,100,0
14.483132513,452.58587646484375,366.4531555175781,494.5243225097656,0,100,0
14.487351048,452.5807189941406,366.85797119140625,494.5176086425781,0,100,0
14.491297629,452.5780944824219,367.2679748535156,494.51995849609375,0,100,0
14.495128425,452.5716247558594,367.67095947265625,494.51910400390625,0,100,0
14.499051144,452.5688781738281,368.072998046875,494.5141296386719,0,100,0
14.503321361,452.5652770996094,368.47894287109375,494.51019287109375,0,100,0
14.507297391,452.5591735839844,368.88323974609375,494.5056457519531,0,100,0
14.511296812,452.5547790527344,369.2886047363281,494.5079345703125,0,100,0
14.515366467,452.5526428222656,369.6954345703125,494.51129150390625,0,100,0
14.519317792,452.54541015625,370.09765625,494.5047302246094,0,100,0
14.523223963,452.5402526855469,370.5056457519531,494.502685546875,0,100,0
14.527604639,452.5360107421875,370.91180419921875,494.4997253417969,0,100,0
14.53150432,452.5318908691406,371.3140563964844,494.49322509765625,0,100,0
14.535417414,452.5297546386719,371.71685791015625,494.49420166015625,0,100,0
14.539577716,452.5314636230469,372.1166076660156,494.4983825683594,0,100,0
14.543491604,452.5261535644531,372.5174255371094,494.4925231933594,0,100,0
14.547503973,452.5198974609375,372.9273376464844,494.4934997558594,0,100,0
14.551714229,452.5130615234375,373.33349609375,494.4947509765625,0,100,0
14.555600438,452.5097961425781,373.7320251464844,494.4931640625,0,100,0
14.559629948,452.508544921875,374.1369323730469,494.495849609375,0,100,0
14.56379961,452.5044860839844,374.5405578613281,494.4930419921875,0,100,0
14.56781745,452.4978332519531,374.94244384765625,494.491943359375,0,100,0
14.57166031,452.49737548828125,375.3475646972656,494.4944152832031,0,100,0
14.575897742,452.494384765625,375.748046875,494.4884948730469,0,100,0
14.579913646,452.48858642578125,376.1538391113281,494.4881896972656,0,100,0
14.583884358,452.48431396484375,376.5583801269531,494.48895263671875,0,100,0
14.588259054,452.4801940917969,376.96044921875,494.48370361328125,0,100,0
14.591882558,452.4784240722656,377.36187744140625,494.48114013671875,0,100,0
14.595911431,452.4744873046875,377.7654724121094,494.481201171875,0,100,0
14.600076294,452.4691162109375,378.1697692871094,494.48052978515625,0,100,0
14.603987211,452.46514892578125,378.5762939453125,494.48065185546875,0,100,0
14.608021986,452.45941162109375,378.9817199707031,494.4761962890625,0,100,0
14.612184359,452.4546813964844,379.3824462890625,494.472900390625,0,100,0
14.616077776000001,452.4527282714844,379.7884216308594,494.47369384765625,0,100,0
14.620026191000001,452.4493408203125,380.19207763671875,494.4725646972656,0,100,0
14.624295923,452.4446105957031,380.5945129394531,494.4763488769531,0,100,0
14.628364474,452.4419250488281,380.9991455078125,494.47735595703125,0,100,0
14.632200585,452.4352111816406,381.40069580078125,494.471923828125,0,100,0
14.636362774,452.4283447265625,381.80609130859375,494.47222900390625,0,100,0
14.640287555,452.4247741699219,382.20989990234375,494.47564697265625,0,100,0
14.644206641,452.4200134277344,382.61077880859375,494.4752197265625,0,100,0
14.648560122,452.41705322265625,383.0139465332031,494.4753112792969,0,100,0
14.652341655,452.413818359375,383.4190673828125,494.4759826660156,0,100,0
14.65636433,452.40667724609375,383.8241882324219,494.4732971191406,0,100,0
14.660564148,452.4024353027344,384.23333740234375,494.4761047363281,0,100,0
14.664464973,452.4004821777344,384.6353759765625,494.4729309082031,0,100,0
14.668495105,452.39971923828125,385.0380554199219,494.4718933105469,0,100,0
14.672617392,452.4002380371094,385.4417419433594,494.47296142578125,0,100,0
14.67667805,452.3938293457031,385.8414611816406,494.4654846191406,0,100,0
14.680614329,452.3904724121094,386.24859619140625,494.4685363769531,0,100,0
14.684722705,452.3879699707031,386.6523132324219,494.47113037109375,0,100,0
14.688964712,452.38226318359375,387.0537109375,494.4662170410156,0,100,0
14.692612154999999,452.37969970703125,387.45806884765625,494.4699401855469,0,100,0
14.696838676,452.3729248046875,387.865966796875,494.46807861328125,0,100,0
14.700756059,452.3636779785156,388.2683410644531,494.46038818359375,0,100,0
14.704755658,452.3646240234375,388.67230224609375,494.462158203125,0,100,0
14.709095501,452.36102294921875,389.0757141113281,494.4610900878906,0,100,0
14.712863476999999,452.35748291015625,389.4787902832031,494.4570617675781,0,100,0
14.716828602,452.3521423339844,389.885986328125,494.4559631347656,0,100,0
14.721086162,452.3473815917969,390.2864074707031,494.4532470703125,0,100,0
14.72509592,452.3457946777344,390.6869201660156,494.4563903808594,0,100,0
14.729068808,452.342529296875,391.0916442871094,494.45635986328125,0,100,0
14.733159432,452.3360290527344,391.4977722167969,494.4542236328125,0,100,0
14.737116876,452.32958984375,391.9087829589844,494.45654296875,0,100,0
14.741022137,452.32672119140625,392.31036376953125,494.45245361328125,0,100,0
14.745289697,452.3228759765625,392.70989990234375,494.4466247558594,0,100,0
14.749251003,452.3206787109375,393.11358642578125,494.4486083984375,0,100,0
14.753208764,452.3127746582031,393.51715087890625,494.4452209472656,0,100,0
14.757354429,452.3068542480469,393.9236145019531,494.4407958984375,0,100,0
14.76131508,452.3058166503906,394.3285827636719,494.4415588378906,0,100,0
14.765238986,452.30328369140625,394.7279968261719,494.4416809082031,0,100,0
14.769569302,452.3000793457031,395.1333312988281,494.4416198730469,0,100,0
14.773462179,452.2953186035156,395.53533935546875,494.4388122558594,0,100,0
14.777381423,452.2904357910156,395.9383544921875,494.4349365234375,0,100,0
14.781561619,452.2901306152344,396.33966064453125,494.43572998046875,0,100,0
14.785479899,452.28887939453125,396.7392883300781,494.43255615234375,0,100,0
14.789732372,452.2860412597656,397.14630126953125,494.4331359863281,0,100,0
14.793691885,452.2787780761719,397.55792236328125,494.438232421875,0,100,0
14.797459487,452.2696228027344,397.9642639160156,494.4329833984375,0,100,0
14.801556248,452.27020263671875,398.363525390625,494.4319152832031,0,100,0
14.805831221,452.2693176269531,398.76019287109375,494.4322509765625,0,100,0
14.809774397,452.2635498046875,399.1614990234375,494.4299621582031,0,100,0
14.813596169,452.2572021484375,399.5726013183594,494.43145751953125,0,100,0
14.817840775,452.250244140625,399.97894287109375,494.42645263671875,0,100,0
14.821862916,452.2479553222656,400.3842468261719,494.4251403808594,0,100,0
14.825767012,452.2444152832031,400.78814697265625,494.42730712890625,0,100,0
14.829968307,452.242431640625,401.1875,494.4261169433594,0,100,0
14.833902623,452.23663330078125,401.59246826171875,494.42803955078125,0,100,0
14.837797396,452.2328796386719,401.9948425292969,494.42596435546875,0,100,0
14.842039436,452.2296447753906,402.3973693847656,494.42413330078125,0,100,0
14.845951489,452.2312927246094,402.79827880859375,494.4269714355469,0,100,0
14.850045699,452.22412109375,403.2010803222656,494.4254150390625,0,100,0
14.854131166,452.219970703125,403.60760498046875,494.4255065917969,0,100,0
14.85803079,452.215576171875,404.01287841796875,494.42498779296875,0,100,0
14.861985618,452.2098388671875,404.4132385253906,494.41943359375,0,100,0
14.866248605,452.212890625,404.81646728515625,494.4225769042969,0,100,0
14.870345388,452.20819091796875,405.2174377441406,494.4163818359375,0,100,0
14.874152823,452.2021789550781,405.62139892578125,494.4154968261719,0,100,0
14.878113389,452.1939697265625,406.0304260253906,494.4154968261719,0,100,0
14.882251454,452.1872253417969,406.4329528808594,494.4088134765625,0,100,0
14.88614675,452.1878967285156,406.8361511230469,494.4156799316406,0,100,0
14.890799153,452.1852111816406,407.2355651855469,494.4165344238281,0,100,0
14.894325611,452.17706298828125,407.6397705078125,494.412353515625,0,100,0
14.898329941,452.1709899902344,408.0494689941406,494.4164733886719,0,100,0
14.902488137,452.16339111328125,408.4541320800781,494.41375732421875,0,100,0
14.906455335,452.1601867675781,408.8583984375,494.4122619628906,0,100,0
14.910462028,452.1591796875,409.2603759765625,494.4127197265625,0,100,0
14.914600699,452.1529235839844,409.66461181640625,494.4101257324219,0,100,0
14.918612493,452.1514587402344,410.07110595703125,494.40728759765625,0,100,0
14.922523522,452.1466369628906,410.4730224609375,494.4017333984375,0,100,0
14.926676749,452.1478271484375,410.8744201660156,494.4066467285156,0,100,0
14.930714751,452.1425476074219,411.2789611816406,494.4075622558594,0,100,0
14.934566155,452.13720703125,411.6798400878906,494.4010925292969,0,100,0
14.938808489,452.1341857910156,412.08721923828125,494.4027099609375,0,100,0
14.942676451,452.1272888183594,412.4865417480469,494.3930358886719,0,100,0
14.946708586,452.1236572265625,412.8917236328125,494.38916015625,0,100,0
14.951015381,452.121337890625,413.295166015625,494.39117431640625,0,100,0
14.954789135,452.1133728027344,413.6994934082031,494.3888854980469,0,100,0
14.958754329,452.1087951660156,414.10723876953125,494.3890075683594,0,100,0
14.963001473,452.10394287109375,414.5086669921875,494.3845520019531,0,100,0
14.967004803,452.1030578613281,414.90850830078125,494.38543701171875,0,100,0
14.970989592,452.1035461425781,415.3123779296875,494.3888244628906,0,100,0
14.975133096,452.0981140136719,415.7127685546875,494.38494873046875,0,100,0
14.979001178,452.09527587890625,416.119873046875,494.389404296875,0,100,0
14.982941658,452.0911865234375,416.5262451171875,494.3920593261719,0,100,0
14.987247885,452.0860290527344,416.93035888671875,494.3888244628906,0,100,0
14.991383807,452.0850524902344,417.3327331542969,494.39312744140625,0,100,0
14.995117187,452.0780029296875,417.734619140625,494.3870544433594,0,100,0
14.999266434,452.0726013183594,418.14117431640625,494.384765625,0,100,0
15.003206778,452.0688781738281,418.5452880859375,494.3831787109375,0,100,0
15.007143993,452.0634765625,418.9472961425781,494.3819580078125,0,100,0
15.011486776,452.0606384277344,419.3517150878906,494.3838806152344,0,100,0
15.015356836,452.0539855957031,419.7529602050781,494.3749084472656,0,100,0
15.019308339,452.0514221191406,420.1607360839844,494.3742980957031,0,100,0
15.023460267,452.04595947265625,420.5653991699219,494.36907958984375,0,100,0
15.027397156,452.0428466796875,420.9661865234375,494.36474609375,0,100,0
15.03141287,452.0385437011719,421.3710021972656,494.369384765625,0,100,0
15.035559391,452.0328063964844,421.7707824707031,494.3675537109375,0,100,0
15.03946635,452.0338439941406,422.1740417480469,494.3692932128906,0,100,0
15.043462871,452.02716064453125,422.5785217285156,494.3673400878906,0,100,0
15.047646517,452.0220642089844,422.9840087890625,494.3696594238281,0,100,0
15.051665932,452.0175476074219,423.3904724121094,494.3716735839844,0,100,0
15.055543392,452.01214599609375,423.7891540527344,494.3677062988281,0,100,0
15.059784284,452.010498046875,424.1925048828125,494.36968994140625,0,100,0
15.063804192,452.0079040527344,424.5945129394531,494.3682861328125,0,100,0
15.067702233,452.0025939941406,424.9983215332031,494.3649597167969,0,100,0
15.071902466,452.00128173828125,425.4046936035156,494.3683166503906,0,100,0
15.075783257,451.9978332519531,425.80535888671875,494.3638610839844,0,100,0
15.079800064,451.9949645996094,426.20855712890625,494.3600158691406,0,100,0
15.083991947,451.9886474609375,426.6145324707031,494.3599548339844,0,100,0
15.087846683,451.9827575683594,427.0155029296875,494.35955810546875,0,100,0
15.092189332,451.9806823730469,427.4172668457031,494.36053466796875,0,100,0
15.096039784,451.97869873046875,427.81781005859375,494.35968017578125,0,100,0
15.099958622,451.97869873046875,428.22052001953125,494.3613586425781,0,100,0
15.103926078,451.9698181152344,428.6267395019531,494.3539123535156,0,100,0
15.108149775,451.9639892578125,429.03131103515625,494.3520812988281,0,100,0
15.112260886,451.9635314941406,429.4346618652344,494.3523864746094,0,100,0
15.116054467,451.95843505859375,429.83477783203125,494.3435974121094,0,100,0
15.120236884,451.9570617675781,430.2405700683594,494.3489074707031,0,100,0
15.124174841,451.950927734375,430.64544677734375,494.35113525390625,0,100,0
15.128080702,451.9454650878906,431.0495300292969,494.34991455078125,0,100,0
15.132443727,451.9432678222656,431.4552917480469,494.3534240722656,0,100,0
15.136226652,451.9366149902344,431.8568420410156,494.34698486328125,0,100,0
15.140282182,451.9343566894531,432.26190185546875,494.3468933105469,0,100,0
15.144377176,451.9260559082031,432.668212890625,494.3431701660156,0,100,0
15.14828267,451.9231872558594,433.07086181640625,494.3424987792969,0,100,0
15.152278024,451.9244079589844,433.4711608886719,494.3443908691406,0,100,0
15.156132382,451.9207763671875,433.8729553222656,494.3364562988281,0,100,0
15.160225945,451.9186096191406,434.279052734375,494.3413391113281,0,100,0
15.164457975,451.90765380859375,434.6854553222656,494.3396301269531,0,100,0
15.168631432,451.90435791015625,435.09112548828125,494.3396301269531,0,100,0
15.172644304,451.9012451171875,435.494140625,494.3373107910156,0,100,0
15.176478599,451.9004821777344,435.8929138183594,494.3370056152344,0,100,0
15.180745787,451.89862060546875,436.2961120605469,494.33685302734375,0,100,0
15.184683286,451.89300537109375,436.69598388671875,494.3300476074219,0,100,0
15.188655588,451.8902282714844,437.1015319824219,494.3314514160156,0,100,0
15.193083154,451.8832092285156,437.505859375,494.3271179199219,0,100,0
15.196746733,451.87884521484375,437.9080505371094,494.3262023925781,0,100,0
15.200696389,451.8774719238281,438.31097412109375,494.3292236328125,0,100,0
15.204911777,451.8729553222656,438.712890625,494.3268737792969,0,100,0
15.208940727,451.87017822265625,439.1168212890625,494.3243103027344,0,100,0
15.212917536,451.8622131347656,439.52117919921875,494.3224792480469,0,100,0
15.216981978,451.8551940917969,439.92730712890625,494.31707763671875,0,100,0
15.220921793,451.8494873046875,440.3340759277344,494.31817626953125,0,100,0
15.224877735,451.8460693359375,440.7363586425781,494.3227844238281,0,100,0
15.229079412,451.84466552734375,441.1409606933594,494.3284606933594,0,100,0
15.233082833,451.837890625,441.5406494140625,494.3200988769531,0,100,0
15.237020477,451.8379821777344,441.9432067871094,494.3211975097656,0,100,0
15.241184996,451.83428955078125,442.3432312011719,494.3186950683594,0,100,0
15.245126574,451.8306884765625,442.74627685546875,494.3194274902344,0,100,0
15.24905614,451.8287048339844,443.15289306640625,494.3219909667969,0,100,0
15.253415065,451.8209533691406,443.55682373046875,494.31439208984375,0,100,0
15.25731907,451.8156433105469,443.9643859863281,494.3133544921875,0,100,0
15.261217164,451.8103942871094,444.36468505859375,494.307373046875,0,100,0
15.265379388,451.80999755859375,444.7658386230469,494.3063659667969,0,100,0
15.269383981,451.8093566894531,445.1679992675781,494.3067626953125,0,100,0
15.273341058,451.80108642578125,445.5740051269531,494.30560302734375,0,100,0
15.277494728,451.7967224121094,445.9834899902344,494.3115539550781,0,100,0
15.281361413,451.7921447753906,446.3871154785156,494.3102722167969,0,100,0
15.285382818,451.7908020019531,446.78826904296875,494.3126220703125,0,100,0
15.289547935,451.78887939453125,447.1831970214844,494.3112487792969,0,100,0
15.293841854,451.7859191894531,447.5877380371094,494.310546875,0,100,0
15.297472454,451.7803649902344,447.9944152832031,494.30767822265625,0,100,0
15.30170932,451.7721862792969,448.3962707519531,494.3035888671875,0,100,0
15.305703656,451.7727355957031,448.8002624511719,494.3068542480469,0,100,0
15.309608933,451.7694396972656,449.1982116699219,494.2978515625,0,100,0
15.313874443,451.7689514160156,449.6018371582031,494.3024597167969,0,100,0
15.317720884,451.75933837890625,450.0071105957031,494.3022155761719,0,100,0
15.321631203,451.75238037109375,450.4128723144531,494.29827880859375,0,100,0
15.325882102,451.7472229003906,450.8163146972656,494.29608154296875,0,100,0
15.329786329,451.74676513671875,451.21636962890625,494.28662109375,0,100,0
15.33395212,451.7471923828125,451.6192321777344,494.2896728515625,0,100,0
15.337953279,451.7413635253906,452.0197448730469,494.286865234375,0,100,0
15.341912354,451.734619140625,452.4283447265625,494.28924560546875,0,100,0
15.345830318,451.72589111328125,452.8335876464844,494.2826843261719,0,100,0
15.350085648,451.72210693359375,453.2362976074219,494.2817687988281,0,100,0
15.354264332,451.71826171875,453.63934326171875,494.2835998535156,0,100,0
15.357984457,451.7143249511719,454.038330078125,494.2798767089844,0,100,0
15.362144664,451.7129211425781,454.44451904296875,494.28302001953125,0,100,0
15.36607036,451.70599365234375,454.84735107421875,494.2814636230469,0,100,0
15.370008037,451.7041015625,455.2520751953125,494.2801818847656,0,100,0
15.374437925,451.7005920410156,455.651123046875,494.27801513671875,0,100,0
15.378144435,451.69915771484375,456.0527038574219,494.2810363769531,0,100,0
15.382175017,451.69805908203125,456.4566345214844,494.27764892578125,0,100,0
15.386337322,451.69158935546875,456.8598937988281,494.2727355957031,0,100,0
15.390283621,451.6884765625,457.2642517089844,494.27838134765625,0,100,0
15.394514316,451.6834411621094,457.6653747558594,494.2757263183594,0,100,0
15.398475494,451.682861328125,458.069580078125,494.2727966308594,0,100,0
15.402465114,451.6800537109375,458.4700927734375,494.2684326171875,0,100,0
15.406366408,451.6744079589844,458.8768615722656,494.2635192871094,0,100,0
15.410541152,451.67041015625,459.2804260253906,494.26495361328125,0,100,0
15.414512757,451.6637878417969,459.68438720703125,494.2669372558594,0,100,0
15.418400934,451.66192626953125,460.0890197753906,494.2669677734375,0,100,0
15.422632244,451.6577453613281,460.49078369140625,494.2647399902344,0,100,0
15.426524057,451.6561584472656,460.89208984375,494.2652282714844,0,100,0
15.430576563,451.65185546875,461.29443359375,494.2622985839844,0,100,0
15.434816472,451.6454772949219,461.7012023925781,494.2650146484375,0,100,0
15.438655195,451.6376647949219,462.10528564453125,494.26239013671875,0,100,0
15.442570977,451.63323974609375,462.5085754394531,494.2601623535156,0,100,0
15.446821455,451.6305236816406,462.91314697265625,494.25958251953125,0,100,0
15.4508376,451.624755859375,463.3167419433594,494.25689697265625,0,100,0
15.4548655,451.6234436035156,463.7234802246094,494.2588195800781,0,100,0
15.458981156,451.61944580078125,464.12432861328125,494.25335693359375,0,100,0
15.462836137,451.61541748046875,464.5334777832031,494.2601623535156,0,100,0
15.46678326,451.6134338378906,464.9289855957031,494.25885009765625,0,100,0
15.47100248,451.6114807128906,465.33026123046875,494.2575988769531,0,100,0
15.474988797,451.6038818359375,465.7342224121094,494.2545166015625,0,100,0
15.478942187,451.60223388671875,466.1365051269531,494.2537841796875,0,100,0
15.48311078,451.5967712402344,466.54150390625,494.2530822753906,0,100,0
15.487032005,451.5916442871094,466.9400329589844,494.2439270019531,0,100,0
15.490970211,451.5857849121094,467.3471374511719,494.2406005859375,0,100,0
15.495517712,451.58074951171875,467.7483215332031,494.2393493652344,0,100,0
15.499231336,451.57733154296875,468.1541748046875,494.2437744140625,0,100,0
15.50314631,451.56903076171875,468.5607604980469,494.2417907714844,0,100,0
15.50711373,451.5663146972656,468.96539306640625,494.2452392578125,0,100,0
15.511237179,451.5642395019531,469.3638610839844,494.2379455566406,0,100,0
15.515250963,451.5632629394531,469.7629089355469,494.23419189453125,0,100,0
15.519412223,451.5605773925781,470.16412353515625,494.2321472167969,0,100,0
15.523294054,451.5555725097656,470.56781005859375,494.23272705078125,0,100,0
15.52735599,451.5545959472656,470.97515869140625,494.23468017578125,0,100,0
15.531491188,451.54779052734375,471.37506103515625,494.22760009765625,0,100,0
15.535498817,451.54278564453125,471.77978515625,494.2304992675781,0,100,0
15.539361442,451.5353698730469,472.1814880371094,494.22369384765625,0,100,0
15.543588202,451.5306396484375,472.5872497558594,494.226318359375,0,100,0
15.547595198,451.52874755859375,472.9891662597656,494.2258605957031,0,100,0
15.551519984,451.5270080566406,473.39337158203125,494.2271728515625,0,100,0
15.555761977,451.52264404296875,473.7961120605469,494.2259521484375,0,100,0
15.559608447,451.5191955566406,474.20013427734375,494.2288513183594,0,100,0
15.563613754,451.5155334472656,474.6042785644531,494.22882080078125,0,100,0
15.567800236,451.50848388671875,475.0070495605469,494.2251892089844,0,100,0
15.571660902,451.5085144042969,475.410400390625,494.22772216796875,0,100,0
15.575800762,451.502197265625,475.81097412109375,494.2245788574219,0,100,0
15.579876370000001,451.4981384277344,476.2189636230469,494.2245178222656,0,100,0
15.583840423,451.4906311035156,476.6217956542969,494.2199401855469,0,100,0
15.587741732,451.4870300292969,477.02728271484375,494.21484375,0,100,0
15.591984758,451.4840393066406,477.4291687011719,494.21563720703125,0,100,0
15.596303189,451.4818420410156,477.8286437988281,494.2154235839844,0,100,0
15.599881663,451.4771423339844,478.2322082519531,494.2158203125,0,100,0
15.604076654,451.4719543457031,478.6338195800781,494.2109680175781,0,100,0
15.607999057,451.4631042480469,479.0411071777344,494.2109375,0,100,0
15.61193292,451.4614562988281,479.44073486328125,494.2093811035156,0,100,0
15.616283916,451.4623107910156,479.8415222167969,494.210693359375,0,100,0
15.620056292,451.4584045410156,480.2403564453125,494.206298828125,0,100,0
15.6241065,451.4542236328125,480.6475830078125,494.20587158203125,0,100,0
15.62823413,451.448486328125,481.0498046875,494.2031555175781,0,100,0
15.632188986,451.4453430175781,481.4542236328125,494.2040710449219,0,100,0
15.636124812,451.4423522949219,481.8573913574219,494.2047424316406,0,100,0
15.640353814000001,451.4379577636719,482.2629699707031,494.204833984375,0,100,0
15.644372858,451.4324035644531,482.6650085449219,494.20556640625,0,100,0
15.648348156,451.4299621582031,483.06707763671875,494.2064208984375,0,100,0
15.652447865,451.4287414550781,483.465087890625,494.2034912109375,0,100,0
15.656447184,451.427734375,483.86566162109375,494.20294189453125,0,100,0
15.660300926,451.4241638183594,484.26837158203125,494.1979675292969,0,100,0
15.664547989,451.4211730957031,484.6703186035156,494.1958923339844,0,100,0
15.668438472,451.41461181640625,485.07806396484375,494.1963195800781,0,100,0
15.672466572,451.40997314453125,485.4798278808594,494.1842956542969,0,100,0
15.676715792,451.40606689453125,485.8873291015625,494.1922912597656,0,100,0
15.680579776,451.4020080566406,486.2886047363281,494.1888427734375,0,100,0
15.684492036,451.400146484375,486.6916809082031,494.19097900390625,0,100,0
15.688739631,451.394775390625,487.09503173828125,494.186767578125,0,100,0
15.692756862,451.3917541503906,487.49853515625,494.1847839355469,0,100,0
15.696973482,451.38629150390625,487.901611328125,494.1820068359375,0,100,0
15.700810496999999,451.3824462890625,488.30859375,494.18463134765625,0,100,0
15.704758719,451.379150390625,488.7080993652344,494.1827087402344,0,100,0
15.708719824,451.3758850097656,489.1089172363281,494.1791687011719,0,100,0
15.712951244,451.3684387207031,489.51312255859375,494.1787109375,0,100,0
15.716902394,451.362060546875,489.9169921875,494.1760559082031,0,100,0
15.720825221,451.35699462890625,490.32269287109375,494.1766357421875,0,100,0
15.725010666,451.35302734375,490.72235107421875,494.17584228515625,0,100,0
15.72892203,451.35064697265625,491.1250305175781,494.17559814453125,0,100,0
15.732954854,451.3459777832031,491.5245361328125,494.1722412109375,0,100,0
15.737263057,451.3385925292969,491.93011474609375,494.1763610839844,0,100,0
15.74111912,451.33355712890625,492.3346862792969,494.1709289550781,0,100,0
15.745044574,451.3300476074219,492.74139404296875,494.1696472167969,0,100,0
15.749207244,451.3262939453125,493.1405334472656,494.1690673828125,0,100,0
15.753128959,451.327392578125,493.5386962890625,494.1663818359375,0,100,0
15.756774358,451.3256530761719,493.9379577636719,494.1611633300781,0,100,0
15.76102913,451.31988525390625,494.3454895019531,494.15826416015625,0,100,0
15.764935852,451.3152770996094,494.7480163574219,494.1576232910156,0,100,0
15.768960941,451.3116149902344,495.15289306640625,494.1612854003906,0,100,0
15.7731164,451.3042297363281,495.5531005859375,494.16033935546875,0,100,0
15.777154077,451.3025817871094,495.95220947265625,494.1590881347656,0,100,0
15.780980808,451.3009948730469,496.35186767578125,494.15411376953125,0,100,0
15.785230416,451.2956848144531,496.75634765625,494.154296875,0,100,0
15.789282449,451.29034423828125,497.15924072265625,494.1528015136719,0,100,0
15.793210433,451.2835388183594,497.5638122558594,494.15185546875,0,100,0
15.797736627,451.2775573730469,497.96673583984375,494.1478576660156,0,100,0
15.801355971,451.2705993652344,498.3727722167969,494.143310546875,0,100,0
15.805347559,451.271728515625,498.7775573730469,494.1494140625,0,100,0
15.809661994,451.2719421386719,499.17681884765625,494.1460266113281,0,100,0
15.813587833,451.2679138183594,499.5832824707031,494.14642333984375,0,100,0
15.817718506,451.2637634277344,499.9872131347656,494.152099609375,0,100,0
15.821764027,451.2607421875,500.39166259765625,494.1524658203125,0,100,0
15.825711783,451.2540283203125,500.7953186035156,494.15155029296875,0,100,0
15.829651437999999,451.25482177734375,501.1960754394531,494.15399169921875,0,100,0
15.83391895,451.2499694824219,501.59771728515625,494.1462707519531,0,100,0
15.8380598,451.247802734375,501.9997253417969,494.1463928222656,0,100,0
15.84181926,451.2375793457031,502.40386962890625,494.1380310058594,0,100,0
15.845970543,451.23236083984375,502.8119812011719,494.1351013183594,0,100,0
15.849918744,451.2257385253906,503.2139892578125,494.1350402832031,0,100,0
15.853877842,451.2260437011719,503.61346435546875,494.1414489746094,0,100,0
15.858269143,451.22479248046875,504.0135498046875,494.13336181640625,0,100,0
15.86198341,451.22186279296875,504.414794921875,494.13568115234375,0,100,0
15.866001142,451.21356201171875,504.82135009765625,494.1280822753906,0,100,0
15.870168262,451.2085876464844,505.2299499511719,494.1295471191406,0,100,0
15.874112705,451.2035217285156,505.6309814453125,494.1274108886719,0,100,0
15.878101513,451.2040100097656,506.0309143066406,494.12493896484375,0,100,0
15.882296673,451.20404052734375,506.4285888671875,494.124267578125,0,100,0
15.886290994,451.1954040527344,506.8345031738281,494.12371826171875,0,100,0
15.890194369,451.1896057128906,507.23809814453125,494.12347412109375,0,100,0
15.894355326,451.1840515136719,507.6434020996094,494.1200866699219,0,100,0
15.898593935,451.1803894042969,508.04327392578125,494.1188049316406,0,100,0
15.902240966,451.18023681640625,508.4434814453125,494.1169738769531,0,100,0
15.90648027,451.1781311035156,508.8428955078125,494.1158447265625,0,100,0
15.910352858,451.17462158203125,509.24700927734375,494.11773681640625,0,100,0
15.914351873,451.1675720214844,509.6493835449219,494.1151123046875,0,100,0
15.918677584,451.1642150878906,510.0542907714844,494.11773681640625,0,100,0
15.922479661,451.1568908691406,510.45709228515625,494.11395263671875,0,100,0
15.926417386,451.1552429199219,510.85687255859375,494.1126403808594,0,100,0
15.930686745,451.1511535644531,511.2601623535156,494.112060546875,0,100,0
15.93467457,451.1522521972656,511.6615905761719,494.1080627441406,0,100,0
15.938665267,451.1482238769531,512.064697265625,494.1072998046875,0,100,0
15.942771396,451.1407470703125,512.4700927734375,494.1096496582031,0,100,0
15.94668884,451.1349792480469,512.8758544921875,494.1123046875,0,100,0
15.950628058,451.1268005371094,513.283203125,494.1109619140625,0,100,0
15.954853599,451.12359619140625,513.6815185546875,494.1075439453125,0,100,0
15.958837543,451.1239318847656,514.0803833007813,494.10467529296875,0,100,0
15.962768084,451.12115478515625,514.4810791015625,494.100341796875,0,100,0
15.966937786999999,451.11932373046875,514.8822021484375,494.0992431640625,0,100,0
15.970837195,451.1118469238281,515.2891235351563,494.0979309082031,0,100,0
15.974799027,451.105224609375,515.6954956054688,494.0948486328125,0,100,0
15.979158565,451.1003112792969,516.0990600585938,494.09173583984375,0,100,0
15.983069852,451.0978088378906,516.4987182617188,494.0921936035156,0,100,0
15.986959081,451.09906005859375,516.896240234375,494.0942687988281,0,100,0
15.991107501,451.0948791503906,517.3007202148438,494.09735107421875,0,100,0
15.995093788,451.088134765625,517.7046508789063,494.098388671875,0,100,0
15.999279973,451.08148193359375,518.1090698242188,494.0981140136719,0,100,0
16.003285557,451.07855224609375,518.5086669921875,494.0918273925781,0,100,0
16.007146942,451.0797119140625,518.908203125,494.0892333984375,0,100,0
16.011149555,451.07818603515625,519.3095092773438,494.0889587402344,0,100,0
16.015329221,451.0743713378906,519.7135009765625,494.0843505859375,0,100,0
16.019334378,451.0657653808594,520.1145629882813,494.08148193359375,0,100,0
16.023190763,451.0605163574219,520.5206909179688,494.0823974609375,0,100,0
16.027490632,451.05322265625,520.9228515625,494.0784912109375,0,100,0
16.031447681,451.05242919921875,521.3267822265625,494.0812072753906,0,100,0
16.035345346,451.04620361328125,521.7288818359375,494.0683898925781,0,100,0
16.039600449,451.0440979003906,522.1290283203125,494.06768798828125,0,100,0
16.043419732,451.04046630859375,522.5286865234375,494.06866455078125,0,100,0
16.047369901,451.0346374511719,522.934326171875,494.06842041015625,0,100,0
16.051617733,451.02886962890625,523.33837890625,494.0683898925781,0,100,0
16.055508316,451.02362060546875,523.745361328125,494.0688171386719,0,100,0
16.059621459,451.01666259765625,524.1477661132813,494.06787109375,0,100,0
16.063697033,451.0137634277344,524.5491333007813,494.0686950683594,0,100,0
16.067628873,451.0122375488281,524.947265625,494.0673828125,0,100,0
16.071550103,451.0123291015625,525.3518676757813,494.07177734375,0,100,0
16.075819439,451.0047302246094,525.7529296875,494.06549072265625,0,100,0
16.079913817,450.9978942871094,526.1600952148438,494.0643310546875,0,100,0
16.083770429,450.9926452636719,526.5615844726563,494.0628967285156,0,100,0
16.087898642,450.991455078125,526.9619140625,494.06390380859375,0,100,0
16.091824949,450.9898986816406,527.3612060546875,494.0550842285156,0,100,0
16.095759819,450.9888916015625,527.761474609375,494.0542907714844,0,100,0
16.100292025,450.9842834472656,528.1659545898438,494.0481872558594,0,100,0
16.103940046,450.9734802246094,528.5729370117188,494.05010986328125,0,100,0
16.107920123,450.9684143066406,528.9777221679688,494.05633544921875,0,100,0
16.112180608,450.967041015625,529.3800048828125,494.0570983886719,0,100,0
16.116022543,450.964111328125,529.7777099609375,494.0543212890625,0,100,0
16.119970516,450.9604797363281,530.1790161132813,494.052490234375,0,100,0
16.124160496,450.9530029296875,530.5834350585938,494.0487976074219,0,100,0
16.128187336,450.9438171386719,530.9872436523438,494.0479736328125,0,100,0
16.132105367,450.9356689453125,531.3914794921875,494.0442810058594,0,100,0
16.136075239,450.93292236328125,531.7922973632813,494.0384521484375,0,100,0
16.14029133,450.9366455078125,532.1906127929688,494.0400390625,0,100,0
16.14419905,450.9346923828125,532.58984375,494.0328369140625,0,100,0
16.14836753,450.93115234375,532.9949340820313,494.03851318359375,0,100,0
16.152218662,450.9274597167969,533.3958740234375,494.04168701171875,0,100,0
16.155948747,450.92291259765625,533.79931640625,494.0408630371094,0,100,0
16.160219931,450.91552734375,534.2018432617188,494.04107666015625,0,100,0
16.164063553,450.9146728515625,534.6031494140625,494.03826904296875,0,100,0
16.168011001,450.9084167480469,535.0046997070313,494.0328674316406,0,100,0
16.172255408,450.90606689453125,535.4100952148438,494.0331115722656,0,100,0
16.176275189,450.904541015625,535.8085327148438,494.0255126953125,0,100,0
16.180285073,450.89813232421875,536.2150268554688,494.0306701660156,0,100,0
16.184384562,450.89373779296875,536.615966796875,494.0323486328125,0,100,0
16.18834154,450.88995361328125,537.0221557617188,494.03460693359375,0,100,0
16.192307996,450.8830261230469,537.4249267578125,494.0306396484375,0,100,0
16.196551267,450.88134765625,537.8259887695313,494.0259704589844,0,100,0
16.200766005,450.8785095214844,538.22705078125,494.0218811035156,0,100,0
16.204585069,450.8746337890625,538.63037109375,494.02630615234375,0,100,0
16.208786457,450.8667907714844,539.0345458984375,494.01751708984375,0,100,0
16.212766291,450.85894775390625,539.439208984375,494.0160217285156,0,100,0
16.216786045,450.8476867675781,539.84521484375,494.0123291015625,0,100,0
16.221054756,450.8431701660156,540.243896484375,494.0087890625,0,100,0
16.224964399,450.8442687988281,540.6444702148438,494.01141357421875,0,100,0
16.228855323,450.8442077636719,541.0439453125,494.00885009765625,0,100,0
16.233027349,450.83929443359375,541.4432373046875,494.0082092285156,0,100,0
16.236960275,450.8309631347656,541.849365234375,494.012451171875,0,100,0
16.240987767,450.82781982421875,542.253662109375,494.0132751464844,0,100,0
16.245157724,450.82373046875,542.656005859375,494.0136413574219,0,100,0
16.249029032,450.820556640625,543.0545654296875,494.0125732421875,0,100,0
16.253053609,450.8190612792969,543.4502563476563,494.00433349609375,0,100,0
16.257259039,450.82000732421875,543.8502197265625,494.0043029785156,0,100,0
16.261253099,450.8134765625,544.2553100585938,494.0011291503906,0,100,0
16.265096613,450.8086242675781,544.657470703125,494.0030212402344,0,100,0
16.269348369,450.8013916015625,545.0614624023438,494.00457763671875,0,100,0
16.273357304,450.79803466796875,545.4607543945313,493.9998474121094,0,100,0
16.277302449,450.7977294921875,545.8610229492188,494.0001220703125,0,100,0
16.281509609,450.7945861816406,546.2614135742188,493.9970703125,0,100,0
16.285335302,450.7884521484375,546.6669311523438,493.99444580078125,0,100,0
16.289304643,450.7833251953125,547.071044921875,493.9950256347656,0,100,0
16.293536263,450.77606201171875,547.4738159179688,493.9873962402344,0,100,0
16.297432535,450.77398681640625,547.8768310546875,493.989013671875,0,100,0
16.301755697,450.7736511230469,548.278076171875,493.9854431152344,0,100,0
16.305612647,450.77081298828125,548.6798095703125,493.9844970703125,0,100,0
16.30954258,450.76531982421875,549.0841064453125,493.99072265625,0,100,0
16.313464296,450.7625732421875,549.4855346679688,493.9911193847656,0,100,0
16.317739475,450.7558288574219,549.8890380859375,493.99267578125,0,100,0
16.321895324,450.7520446777344,550.2900390625,493.99072265625,0,100,0
16.325656907,450.74896240234375,550.6900024414063,493.98699951171875,0,100,0
16.329821376,450.74542236328125,551.092041015625,493.98455810546875,0,100,0
16.333764127,450.73956298828125,551.49462890625,493.9756164550781,0,100,0
16.337675931,450.7357177734375,551.8958740234375,493.9756164550781,0,100,0
16.341993828,450.73187255859375,552.2974243164063,493.9794006347656,0,100,0
16.345815007,450.7283630371094,552.6997680664063,493.97747802734375,0,100,0
16.349838551,450.72369384765625,553.104248046875,493.97509765625,0,100,0
16.354029152,450.7167663574219,553.5073852539063,493.96826171875,0,100,0
16.357937858,450.7131042480469,553.9105834960938,493.9683532714844,0,100,0
16.361978117,450.7092590332031,554.3095092773438,493.96380615234375,0,100,0
16.366110627,450.70355224609375,554.7120361328125,493.96405029296875,0,100,0
16.370103364,450.7007141113281,555.11181640625,493.96514892578125,0,100,0
16.374049071,450.6916809082031,555.5152587890625,493.9610900878906,0,100,0
16.378194149,450.6822204589844,555.9218139648438,493.95751953125,0,100,0
16.382241114,450.6795654296875,556.3206787109375,493.9544372558594,0,100,0
16.386060695,450.67706298828125,556.7212524414063,493.9527282714844,0,-100,0
16.390310061,450.6773376464844,557.116943359375,493.9522705078125,0,-100,0
16.394293215,450.6755065917969,557.5200805664063,493.9481506347656,0,-100,0
16.398302487,450.66864013671875,557.9261474609375,493.9452209472656,0,-100,0
16.402721684,450.6568908691406,558.3341674804688,493.9483947753906,0,-100,0
16.406397147,450.6527099609375,558.7366333007813,493.9465637207031,0,-100,0
16.410244951,450.65264892578125,559.1368408203125,493.9467468261719,0,-100,0
16.414480644,450.66021728515625,559.5263061523438,493.9530944824219,0,-100,0
16.418511488,450.68511962890625,559.8768310546875,493.9857177734375,0,-100,0
16.422491369,450.7311706542969,560.165771484375,494.06719970703125,0,-100,0
16.426561064,450.7793884277344,560.3978881835938,494.1487731933594,0,-100,0
16.430552283,450.823974609375,560.57177734375,494.21728515625,0,-100,0
16.434430478,450.87030029296875,560.6646118164063,494.29541015625,0,-100,0
16.438675895,450.9421691894531,560.6397094726563,494.35498046875,0,-100,0
16.442663036,450.97821044921875,560.5465087890625,494.32452392578125,0,-100,0
16.446598009,450.9263916015625,560.455078125,494.2575988769531,0,-100,0
16.450781577,450.83599853515625,560.3319702148438,494.1833190917969,0,-100,0
16.454707681,450.750244140625,560.1172485351563,494.09912109375,0,-100,0
16.458649497,450.693115234375,559.8246459960938,494.02117919921875,0,-100,0
16.462992808,450.63592529296875,559.4892578125,493.9376525878906,0,-100,0
16.466898478,450.5931701660156,559.109619140625,493.8697814941406,0,-100,0
16.470784186,450.57763671875,558.69140625,493.8572692871094,0,-100,0
16.474943521,450.5901184082031,558.249267578125,493.86016845703125,0,-100,0
16.478886801,450.605224609375,557.8060913085938,493.85064697265625,0,-100,0
16.482911235,450.61676025390625,557.380859375,493.8628234863281,0,-100,0
16.487101883,450.63372802734375,556.9652099609375,493.8992004394531,0,-100,0
16.490990726,450.6529235839844,556.5482788085938,493.9329528808594,0,-100,0
16.494976042,450.66656494140625,556.1358032226563,493.962890625,0,-100,0
16.499106445,450.6768493652344,555.7236328125,493.99530029296875,0,-100,0
16.503409285,450.68182373046875,555.3192749023438,494.03521728515625,0,-100,0
16.507042588,450.6763916015625,554.9231567382813,494.0588073730469,0,-100,0
16.511352077,450.6692199707031,554.5264282226563,494.0652160644531,0,-100,0
16.515287448,450.64892578125,554.1334228515625,494.05413818359375,0,-100,0
16.519189018,450.6266174316406,553.7403564453125,494.0389404296875,0,-100,0
16.523424667,450.6102294921875,553.3419799804688,494.0145263671875,0,-100,0
16.527296936,450.59100341796875,552.9468383789063,493.97845458984375,0,-100,0
16.5312331,450.572998046875,552.5504150390625,493.9441833496094,0,-100,0
16.53546352,450.5630798339844,552.14794921875,493.9202575683594,0,-100,0
16.539361435,450.55657958984375,551.740234375,493.8905334472656,0,-100,0
16.543461121,450.5484313964844,551.3363037109375,493.8736572265625,0,-100,0
16.547532574999998,450.54180908203125,550.9288940429688,493.85638427734375,0,-100,0
16.551461077,450.5304870605469,550.5272216796875,493.8570556640625,0,-100,0
16.555392547,450.51885986328125,550.1297607421875,493.8690490722656,0,-100,0
16.559659124,450.5162658691406,549.7265014648438,493.88323974609375,0,-100,0
16.563774153,450.52142333984375,549.3212890625,493.90728759765625,0,-100,0
16.567601248,450.5307312011719,548.9099731445313,493.92254638671875,0,-100,0
16.571760285,450.5473937988281,548.4944458007813,493.9487609863281,0,-100,0
16.575674102,450.5666809082031,548.07958984375,493.9742431640625,0,-100,0
16.579599048,450.57501220703125,547.6690063476563,493.989990234375,0,-100,0
16.583955986,450.5757751464844,547.2601928710938,494.00140380859375,0,-100,0
16.587736014,450.5780944824219,546.8561401367188,494.0103759765625,0,-100,0
16.591763679,450.5775451660156,546.4454345703125,494.0125732421875,0,-100,0
16.595997833,450.5720520019531,546.03662109375,494.0051574707031,0,-100,0
16.599854422,450.5601806640625,545.63525390625,493.9938659667969,0,-100,0
16.604119974,450.538330078125,545.2391967773438,493.98101806640625,0,-100,0
16.60805235,450.51397705078125,544.8458862304688,493.96527099609375,0,-100,0
16.612045821,450.4931945800781,544.4554443359375,493.9561462402344,0,-100,0
16.615946538,450.4808044433594,544.0576171875,493.9445495605469,0,-100,0
16.620144992,450.47357177734375,543.654052734375,493.9257507324219,0,-100,0
16.624152158,450.4687194824219,543.255126953125,493.9242858886719,0,-100,0
16.627955898,450.4641418457031,542.8519287109375,493.9209899902344,0,-100,0
16.632235747,450.4634704589844,542.44775390625,493.92254638671875,0,-100,0
16.636103398,450.4554443359375,542.0478515625,493.9178771972656,0,-100,0
16.640150302,450.447509765625,541.6483154296875,493.91168212890625,0,-100,0
16.644397689,450.4451904296875,541.2443237304688,493.9201965332031,0,-100,0
16.648227172,450.4446716308594,540.8322143554688,493.9182434082031,0,-100,0
16.652182011,450.45062255859375,540.4190063476563,493.92620849609375,0,-100,0
16.656424407,450.4501953125,540.0067138671875,493.9342041015625,0,-100,0
16.660448996,450.44927978515625,539.6016235351563,493.94110107421875,0,-100,0
16.664406983,450.4512634277344,539.1930541992188,493.95208740234375,0,-100,0
16.668478777,450.45611572265625,538.7808227539063,493.96014404296875,0,-100,0
16.672423202,450.4628601074219,538.3744506835938,493.96807861328125,0,-100,0
16.676369765,450.4654235839844,537.9664916992188,493.97607421875,0,-100,0
16.680619729,450.4605407714844,537.5635375976563,493.9773864746094,0,-100,0
16.684544488,450.4578552246094,537.1615600585938,493.9801330566406,0,-100,0
16.688520121,450.45672607421875,536.7566528320313,493.9781494140625,0,-100,0
16.692680652,450.4433288574219,536.357421875,493.9669189453125,0,-100,0
16.696642913,450.42449951171875,535.9654541015625,493.956787109375,0,-100,0
16.700655703,450.4020690917969,535.5738525390625,493.9434814453125,0,-100,0
16.70512195,450.3877258300781,535.1775512695313,493.93304443359375,0,-100,0
16.708819815,450.384033203125,534.7722778320313,493.93035888671875,0,-100,0
16.71269068,450.37994384765625,534.3648681640625,493.920654296875,0,-100,0
16.716878142,450.372314453125,533.9599609375,493.9140930175781,0,-100,0
16.720810464,450.36737060546875,533.560546875,493.9113464355469,0,-100,0
16.724836867,450.3627624511719,533.1558227539063,493.9012451171875,0,-100,0
16.728992592,450.3595886230469,532.7518920898438,493.90362548828125,0,-100,0
16.732851607,450.3639221191406,532.3408203125,493.90106201171875,0,-100,0
16.736968139,450.3624267578125,531.9293212890625,493.90216064453125,0,-100,0
16.741099452,450.3661804199219,531.5213012695313,493.9198913574219,0,-100,0
16.745087144,450.364013671875,531.1129150390625,493.926025390625,0,-100,0
16.74893607,450.36077880859375,530.70556640625,493.9277038574219,0,-100,0
16.753188664,450.3564147949219,530.2994995117188,493.93304443359375,0,-100,0
16.757269848,450.357421875,529.893798828125,493.94085693359375,0,-100,0
16.761095843,450.3602600097656,529.4873046875,493.9451599121094,0,-100,0
16.765352975,450.35968017578125,529.0816040039063,493.9436340332031,0,-100,0
16.769193621,450.3551025390625,528.67822265625,493.9372863769531,0,-100,0
16.773137445,450.3462219238281,528.27880859375,493.927734375,0,-100,0
16.777404793,450.33807373046875,527.8779907226563,493.918701171875,0,-100,0
16.781293715,450.32958984375,527.4762573242188,493.9148254394531,0,-100,0
16.785445159,450.3214111328125,527.0765991210938,493.90863037109375,0,-100,0
16.789470692,450.3049621582031,526.677978515625,493.8976745605469,0,-100,0
16.793388416,450.2918395996094,526.2794189453125,493.8870544433594,0,-100,0
16.797367929,450.2872314453125,525.8799438476563,493.88201904296875,0,-100,0
16.801566816,450.2832336425781,525.4784545898438,493.8844299316406,0,-100,0
16.805893514,450.277099609375,525.0738525390625,493.8837585449219,0,-100,0
16.809498174,450.2750244140625,524.6702270507813,493.88067626953125,0,-100,0
16.813624888,450.2724304199219,524.266357421875,493.88580322265625,0,-100,0
16.817579791,450.2739562988281,523.8615112304688,493.8924255371094,0,-100,0
16.821500235,450.2740783691406,523.4555053710938,493.8990478515625,0,-100,0
16.825856773,450.27825927734375,523.0452880859375,493.9044494628906,0,-100,0
16.829636392,450.27630615234375,522.6395874023438,493.90594482421875,0,-100,0
16.833670204,450.2733459472656,522.2340087890625,493.9093322753906,0,-100,0
16.837938249,450.2712097167969,521.829833984375,493.9137878417969,0,-100,0
16.841742518,450.269775390625,521.4237670898438,493.910888671875,0,-100,0
16.845816899,450.27252197265625,521.0107421875,493.91070556640625,0,-100,0
16.849950967,450.2760314941406,520.5994262695313,493.9062194824219,0,-100,0
16.853981157,450.2713317871094,520.19580078125,493.90264892578125,0,-100,0
16.857878097,450.2579650878906,519.8016967773438,493.8987121582031,0,-100,0
16.862025745,450.2409362792969,519.4053955078125,493.8888854980469,0,-100,0
16.866043044,450.23486328125,519.0010986328125,493.88360595703125,0,-100,0
16.869949952,450.234619140625,518.5919189453125,493.8827209472656,0,-100,0
16.87417004,450.22772216796875,518.1874389648438,493.8740234375,0,-100,0
16.878030103,450.2200927734375,517.7884521484375,493.87286376953125,0,-100,0
16.882043592,450.2096252441406,517.3876953125,493.8660583496094,0,-100,0
16.886328279,450.2004089355469,516.9896240234375,493.8664245605469,0,-100,0
16.890224957,450.1973571777344,516.5859375,493.86474609375,0,-100,0
16.894110088,450.1938781738281,516.1831665039063,493.8625793457031,0,-100,0
16.898323766,450.19158935546875,515.7761840820313,493.8599853515625,0,-100,0
16.902342078,450.19757080078125,515.369873046875,493.8669738769531,0,-100,0
16.90657154,450.1965637207031,514.9591064453125,493.8641662597656,0,-100,0
16.910442191,450.1980895996094,514.5485229492188,493.86962890625,0,-100,0
16.914346269,450.19921875,514.141845703125,493.8729553222656,0,-100,0
16.918282408,450.19482421875,513.7401733398438,493.8753967285156,0,-100,0
16.922521757,450.1894836425781,513.3358154296875,493.8735046386719,0,-100,0
16.9264778,450.18499755859375,512.9342651367188,493.8743591308594,0,-100,0
16.930471783,450.18353271484375,512.527099609375,493.8733215332031,0,-100,0
16.934616119,450.1856994628906,512.118896484375,493.8747863769531,0,-100,0
16.938597799,450.1847229003906,511.7144470214844,493.8699645996094,0,-100,0
16.942459835,450.1736755371094,511.3192138671875,493.8714599609375,0,-100,0
16.94679792,450.16217041015625,510.92279052734375,493.87469482421875,0,-100,0
16.950734544,450.154052734375,510.5217590332031,493.873779296875,0,-100,0
16.954617226,450.1502990722656,510.1160888671875,493.86602783203125,0,-100,0
16.958791494,450.1493835449219,509.7130432128906,493.8616638183594,0,-100,0
16.962721913,450.1416015625,509.31036376953125,493.85662841796875,0,-100,0
16.966752594,450.1314392089844,508.9093933105469,493.85406494140625,0,-100,0
16.970919173,450.1218566894531,508.50946044921875,493.8481140136719,0,-100,0
16.974866653,450.1161193847656,508.1053466796875,493.8440856933594,0,-100,0
16.97883655,450.1155700683594,507.697509765625,493.8432312011719,0,-100,0
16.982983522,450.11810302734375,507.2878112792969,493.83953857421875,0,-100,0
16.98701343,450.1167297363281,506.8798522949219,493.8371887207031,0,-100,0
16.990838953,450.1156005859375,506.4744873046875,493.8392333984375,0,-100,0
16.995199426,450.1096496582031,506.0720520019531,493.8406677246094,0,-100,0
16.999117078,450.11102294921875,505.669189453125,493.84722900390625,0,-100,0
17.003016492,450.1097106933594,505.2608947753906,493.8454284667969,0,-100,0
17.007498425,450.1081237792969,504.857421875,493.8451843261719,0,-100,0
17.011134142,450.10626220703125,504.4511413574219,493.8470764160156,0,-100,0
17.015043592,450.1001281738281,504.0451965332031,493.8415222167969,0,-100,0
17.019305733,450.095947265625,503.6429138183594,493.8376770019531,0,-100,0
17.0231845,450.0927734375,503.2391052246094,493.8332214355469,0,-100,0
17.02729979,450.08526611328125,502.8372497558594,493.8245544433594,0,-100,0
17.03143891,450.0765380859375,502.4400939941406,493.8279724121094,0,-100,0
17.035330577,450.06671142578125,502.0400390625,493.826904296875,0,-100,0
17.03924266,450.0624694824219,501.6384582519531,493.82568359375,0,-100,0
17.04349129,450.05987548828125,501.2343444824219,493.8232727050781,0,-100,0
17.04758531,450.05499267578125,500.8345947265625,493.82293701171875,0,-100,0
17.051419943,450.046630859375,500.43536376953125,493.8193054199219,0,-100,0
17.055526259,450.0390319824219,500.0372009277344,493.8206787109375,0,-100,0
17.059499743,450.0352783203125,499.6349792480469,493.81982421875,0,-100,0
17.06343274,450.0368347167969,499.22259521484375,493.8194885253906,0,-100,0
17.067780067,450.03570556640625,498.8154602050781,493.823974609375,0,-100,0
17.071554367,450.0320129394531,498.4115295410156,493.826416015625,0,-100,0
17.075590494,450.02301025390625,498.0069580078125,493.8258972167969,0,-100,0
17.079825575,450.02081298828125,497.6043701171875,493.8288269042969,0,-100,0
17.083701382,450.0182800292969,497.1961669921875,493.8251647949219,0,-100,0
17.087719042,450.021728515625,496.7862243652344,493.82537841796875,0,-100,0
17.091889143,450.01788330078125,496.381103515625,493.82110595703125,0,-100,0
17.095871255,450.01202392578125,495.98272705078125,493.8190612792969,0,-100,0
17.099795077,450.00335693359375,495.58251953125,493.81451416015625,0,-100,0
17.103972647,449.99993896484375,495.17706298828125,493.80535888671875,0,-100,0
17.108204711,449.99951171875,494.7684631347656,493.7999267578125,0,-100,0
17.111830035,449.99749755859375,494.3634033203125,493.8067321777344,0,-100,0
17.116066893,449.9912109375,493.95953369140625,493.8018493652344,0,-100,0
17.119964537,449.98211669921875,493.5635070800781,493.8014831542969,0,-100,0
17.123997512,449.97247314453125,493.1634521484375,493.79827880859375,0,-100,0
17.128248507,449.9681701660156,492.7617492675781,493.7963562011719,0,-100,0
17.132064857,449.9657897949219,492.3563537597656,493.7988586425781,0,-100,0
17.136026016,449.9629821777344,491.9505615234375,493.79876708984375,0,-100,0
17.140265427,449.9574279785156,491.547607421875,493.79217529296875,0,-100,0
17.144277122,449.9521484375,491.14752197265625,493.7956237792969,0,-100,0
17.148271761,449.9479064941406,490.74127197265625,493.7906799316406,0,-100,0
17.152280602,449.94659423828125,490.34014892578125,493.7912292480469,0,-100,0
17.156205961,449.94207763671875,489.9365539550781,493.7928771972656,0,-100,0
17.159888432,449.9430236816406,489.5304870605469,493.7926025390625,0,-100,0
17.164159933,449.94158935546875,489.1246337890625,493.7888488769531,0,-100,0
17.168082978,449.9432067871094,488.71624755859375,493.7895202636719,0,-100,0
17.172031075,449.9447326660156,488.31219482421875,493.7944030761719,0,-100,0
17.176193771,449.93798828125,487.9092712402344,493.7904052734375,0,-100,0
17.180173947,449.9288635253906,487.5118713378906,493.7937927246094,0,-100,0
17.184394342,449.92083740234375,487.1141357421875,493.79400634765625,0,-100,0
17.18874095,449.91839599609375,486.7068786621094,493.7879333496094,0,-100,0
17.192634415,449.91741943359375,486.2969665527344,493.7855224609375,0,-100,0
17.196554325,449.91571044921875,485.89508056640625,493.7821350097656,0,-100,0
17.200718479,449.9049377441406,485.4956970214844,493.77606201171875,0,-100,0
17.204644746,449.89471435546875,485.0955505371094,493.77978515625,0,-100,0
17.20891175,449.8882141113281,484.6941833496094,493.7785339355469,0,-100,0
17.212829895,449.8858642578125,484.2864074707031,493.7724609375,0,-100,0
17.216718807,449.8837890625,483.8811950683594,493.7730712890625,0,-100,0
17.220781572,449.8821716308594,483.47589111328125,493.77392578125,0,-100,0
17.224931644,449.8742980957031,483.07452392578125,493.768310546875,0,-100,0
17.228928615,449.87261962890625,482.672607421875,493.7686767578125,0,-100,0
17.232771976,449.870849609375,482.26263427734375,493.7608947753906,0,-100,0
17.237018148,449.8711242675781,481.8552551269531,493.76495361328125,0,-100,0
17.240999005,449.8683166503906,481.452392578125,493.76568603515625,0,-100,0
17.244930946,449.86065673828125,481.04833984375,493.7632751464844,0,-100,0
17.249257132,449.85870361328125,480.64239501953125,493.76483154296875,0,-100,0
17.253012683,449.8567810058594,480.23602294921875,493.7666015625,0,-100,0
17.256954539,449.853759765625,479.83245849609375,493.7639465332031,0,-100,0
17.261227842,449.8515319824219,479.42730712890625,493.7598876953125,0,-100,0
17.265107448,449.8440246582031,479.0252685546875,493.75665283203125,0,-100,0
17.26928834,449.8381652832031,478.6216125488281,493.74920654296875,0,-100,0
17.273287592,449.83642578125,478.2200012207031,493.752197265625,0,-100,0
17.277245316,449.82952880859375,477.81414794921875,493.7445983886719,0,-100,0
17.281160962,449.8272399902344,477.4134826660156,493.746337890625,0,-100,0
17.285399916,449.81915283203125,477.01446533203125,493.7503662109375,0,-100,0
17.289507118,449.8126220703125,476.6155700683594,493.7527770996094,0,-100,0
17.293334683,449.8090515136719,476.21002197265625,493.75250244140625,0,-100,0
17.297471533,449.8086242675781,475.8061828613281,493.7532958984375,0,-100,0
17.301420019,449.80596923828125,475.4053955078125,493.7524719238281,0,-100,0
17.305352754,449.80316162109375,475.0041809082031,493.7564392089844,0,-100,0
17.309897353,449.7969970703125,474.60235595703125,493.7598571777344,0,-100,0
17.313502574,449.7942810058594,474.1977844238281,493.7519226074219,0,-100,0
17.317492511,449.7914123535156,473.79022216796875,493.7513732910156,0,-100,0
17.321677631,449.78924560546875,473.3843994140625,493.7528076171875,0,-100,0
17.325595722,449.7842712402344,472.9821472167969,493.75018310546875,0,-100,0
17.329650023,449.7796325683594,472.5759582519531,493.7448425292969,0,-100,0
17.333822046,449.7783508300781,472.17193603515625,493.7454528808594,0,-100,0
17.337804415,449.7743835449219,471.7664794921875,493.74005126953125,0,-100,0
17.341714319,449.7689514160156,471.36334228515625,493.7418518066406,0,-100,0
17.345869487,449.7614440917969,470.96295166015625,493.73980712890625,0,-100,0
17.349904489,449.7588806152344,470.56353759765625,493.73797607421875,0,-100,0
17.353836533,449.7573547363281,470.1566467285156,493.7388000488281,0,-100,0
17.358004712,449.7533264160156,469.7527770996094,493.740234375,0,-100,0
17.361885253,449.7462158203125,469.3489074707031,493.7303161621094,0,-100,0
17.365906973,449.7378845214844,468.9502868652344,493.72802734375,0,-100,0
17.370149158,449.73162841796875,468.54437255859375,493.7231140136719,0,-100,0
17.374069436,449.72930908203125,468.1402587890625,493.7178955078125,0,-100,0
17.377935694,449.72802734375,467.7357177734375,493.7208557128906,0,-100,0
17.382202085,449.7214050292969,467.3304138183594,493.7176818847656,0,-100,0
17.38622629,449.7147216796875,466.9300842285156,493.7142333984375,0,-100,0
17.390193173,449.7106628417969,466.52734375,493.7173767089844,0,-100,0
17.394055847,449.70648193359375,466.1248474121094,493.7159118652344,0,-100,0
17.398166143,449.70025634765625,465.7232360839844,493.7082214355469,0,-100,0
17.402099172,449.6996154785156,465.32061767578125,493.7085876464844,0,-100,0
17.406375204,449.6967468261719,464.9134216308594,493.7066650390625,0,-100,0
17.410618549,449.69586181640625,464.5086364746094,493.70538330078125,0,-100,0
17.414327075,449.6954040527344,464.10650634765625,493.7135925292969,0,-100,0
17.418449407,449.68988037109375,463.7020263671875,493.7109680175781,0,-100,0
17.422380875,449.68487548828125,463.29852294921875,493.71087646484375,0,-100,0
17.426296156,449.678466796875,462.8993225097656,493.7140808105469,0,-100,0
17.430689123,449.6756896972656,462.49700927734375,493.71630859375,0,-100,0
17.434577922,449.6689147949219,462.09283447265625,493.7113342285156,0,-100,0
17.438484763,449.66571044921875,461.6891174316406,493.7124328613281,0,-100,0
17.44263667,449.6589050292969,461.28900146484375,493.7084655761719,0,-100,0
17.446570521,449.6485290527344,460.8910217285156,493.7039489746094,0,-100,0
17.450621346,449.6434020996094,460.48638916015625,493.7034606933594,0,-100,0
17.454725208,449.6409912109375,460.0804748535156,493.6971435546875,0,-100,0
17.458718156,449.6407470703125,459.6780090332031,493.69720458984375,0,-100,0
17.462669829,449.6351623535156,459.2739562988281,493.697998046875,0,-100,0
17.466829414,449.6302795410156,458.87017822265625,493.6988220214844,0,-100,0
17.470839671,449.62860107421875,458.46466064453125,493.697509765625,0,-100,0
17.474703474000002,449.62994384765625,458.05645751953125,493.6983337402344,0,-100,0
17.478956783,449.62786865234375,457.6531982421875,493.6983337402344,0,-100,0
17.482950742,449.6202697753906,457.2568054199219,493.69873046875,0,-100,0
17.48685603,449.614013671875,456.8542175292969,493.7018737792969,0,-100,0
17.491126656,449.61279296875,456.4466552734375,493.69842529296875,0,-100,0
17.494956565,449.6120300292969,456.0398864746094,493.69287109375,0,-100,0
17.498918173,449.60968017578125,455.6327819824219,493.6922607421875,0,-100,0
17.503154888,449.60235595703125,455.2332763671875,493.6922912597656,0,-100,0
17.5070147,449.59423828125,454.8297119140625,493.6822204589844,0,-100,0
17.511346761,449.5923767089844,454.42681884765625,493.6867980957031,0,-100,0
17.515233009,449.5878601074219,454.0224914550781,493.6803894042969,0,-100,0
17.519163089,449.5852966308594,453.6195983886719,493.67449951171875,0,-100,0
17.523092688,449.58160400390625,453.21942138671875,493.67938232421875,0,-100,0
17.527326709,449.577392578125,452.8147277832031,493.6773681640625,0,-100,0
17.531424931,449.57061767578125,452.41302490234375,493.67364501953125,0,-100,0
17.53524095,449.5667724609375,452.0085144042969,493.6759033203125,0,-100,0
17.539386015,449.5625915527344,451.60662841796875,493.6750183105469,0,-100,0
17.54338109,449.5558776855469,451.2043151855469,493.6694641113281,0,-100,0
17.547306261,449.5531005859375,450.80377197265625,493.6719055175781,0,-100,0
17.551604349,449.5496826171875,450.4002990722656,493.6684265136719,0,-100,0
17.555384273,449.5498352050781,449.99383544921875,493.66510009765625,0,-100,0
17.559444438,449.54803466796875,449.59185791015625,493.6699523925781,0,-100,0
17.563608755,449.5416564941406,449.1873779296875,493.67120361328125,0,-100,0
17.567516711,449.5430603027344,448.7824401855469,493.6708984375,0,-100,0
17.571560637,449.54022216796875,448.3758850097656,493.6708068847656,0,-100,0
17.575723167,449.53765869140625,447.9757995605469,493.6736145019531,0,-100,0
17.579721523,449.5314025878906,447.5767822265625,493.67034912109375,0,-100,0
17.583605009,449.5249938964844,447.173583984375,493.66680908203125,0,-100,0
17.587795206,449.5261535644531,446.76593017578125,493.6673278808594,0,-100,0
17.591818938,449.52203369140625,446.36199951171875,493.6603088378906,0,-100,0
17.595688729,449.520751953125,445.9603576660156,493.6628112792969,0,-100,0
17.599913219,449.51177978515625,445.5572814941406,493.6611633300781,0,-100,0
17.603833732,449.5060729980469,445.1559143066406,493.6606140136719,0,-100,0
17.607824615,449.5014953613281,444.7533264160156,493.66314697265625,0,-100,0
17.612272761,449.4989929199219,444.3480529785156,493.66162109375,0,-100,0
17.615935255,449.49462890625,443.94384765625,493.6565246582031,0,-100,0
17.619857948,449.48828125,443.5419006347656,493.65740966796875,0,-100,0
17.624141161,449.48419189453125,443.1413269042969,493.6567077636719,0,-100,0
17.628179389,449.47808837890625,442.7398376464844,493.6520690917969,0,-100,0
17.632028493,449.4751281738281,442.3363952636719,493.65179443359375,0,-100,0
17.635974592,449.4717102050781,441.9316101074219,493.64788818359375,0,-100,0
17.640111778,449.46734619140625,441.5286865234375,493.6415710449219,0,-100,0
17.644052141,449.4618225097656,441.1220703125,493.63665771484375,0,-100,0
17.648350671,449.45538330078125,440.7213439941406,493.642333984375,0,-100,0
17.652264605,449.45208740234375,440.3188171386719,493.643310546875,0,-100,0
17.656212449,449.44781494140625,439.9125061035156,493.6383972167969,0,-100,0
17.660360221,449.4465637207031,439.50982666015625,493.64239501953125,0,-100,0
17.664312795,449.4410705566406,439.1063232421875,493.6377258300781,0,-100,0
17.668219508,449.435791015625,438.7060241699219,493.6394958496094,0,-100,0
17.672579043,449.4299621582031,438.30499267578125,493.6410217285156,0,-100,0
17.676477613,449.4261169433594,437.9015808105469,493.63714599609375,0,-100,0
17.680407368,449.4231872558594,437.50048828125,493.6372375488281,0,-100,0
17.684538615,449.4178771972656,437.0968322753906,493.63702392578125,0,-100,0
17.688473711,449.41400146484375,436.6961669921875,493.6383056640625,0,-100,0
17.692512668,449.4089660644531,436.2931823730469,493.633544921875,0,-100,0
17.696656745,449.4074401855469,435.8880310058594,493.6315612792969,0,-100,0
17.700587745,449.40716552734375,435.4840087890625,493.6309509277344,0,-100,0
17.704569574,449.4067687988281,435.07745361328125,493.62640380859375,0,-100,0
17.70876667,449.40252685546875,434.67657470703125,493.6324462890625,0,-100,0
17.713002526,449.39593505859375,434.277587890625,493.6293640136719,0,-100,0
17.716634145,449.39404296875,433.8746643066406,493.626220703125,0,-100,0
17.720833178,449.39068603515625,433.46917724609375,493.62762451171875,0,-100,0
17.724865868,449.3895263671875,433.0665283203125,493.62994384765625,0,-100,0
17.728738149,449.38287353515625,432.6636047363281,493.6273498535156,0,-100,0
17.733129691,449.37420654296875,432.26470947265625,493.62286376953125,0,-100,0
17.736852648,449.3720703125,431.8668518066406,493.62628173828125,0,-100,0
17.740763413,449.3670654296875,431.46197509765625,493.62127685546875,0,-100,0
17.745036441,449.3675537109375,431.0555725097656,493.6214294433594,0,-100,0
17.748931292,449.3636169433594,430.6504211425781,493.620849609375,0,-100,0
17.753056636,449.35821533203125,430.24908447265625,493.6201477050781,0,-100,0
17.757158326,449.3515319824219,429.8456115722656,493.61749267578125,0,-100,0
17.761048075,449.34735107421875,429.4454650878906,493.6213073730469,0,-100,0
17.764991699,449.34368896484375,429.0459899902344,493.61981201171875,0,-100,0
17.769229325,449.3380432128906,428.64300537109375,493.609130859375,0,-100,0
17.77333797,449.33514404296875,428.2377014160156,493.6090393066406,0,-100,0
17.777187266,449.3306579589844,427.8369140625,493.6065979003906,0,-100,0
17.781324409,449.3274841308594,427.43157958984375,493.601806640625,0,-100,0
17.785248199,449.3239440917969,427.0295715332031,493.6062316894531,0,-100,0
17.789201808,449.3188171386719,426.62237548828125,493.6014404296875,0,-100,0
17.793517102,449.3152160644531,426.2177429199219,493.60113525390625,0,-100,0
17.797325741,449.3132019042969,425.8133850097656,493.6026611328125,0,-100,0
17.801335052,449.3066711425781,425.409912109375,493.6007385253906,0,-100,0
17.805504085,449.3056335449219,425.0055847167969,493.59881591796875,0,-100,0
17.809446356,449.30499267578125,424.5979309082031,493.5989074707031,0,-100,0
17.813701955,449.3007507324219,424.1952819824219,493.5989990234375,0,-100,0
17.817671111,449.2944641113281,423.79278564453125,493.5948791503906,0,-100,0
17.821626337,449.2879333496094,423.39117431640625,493.5924072265625,0,-100,0
17.825517338,449.2854309082031,422.99212646484375,493.5927734375,0,-100,0
17.829698869,449.2808532714844,422.5874328613281,493.5855407714844,0,-100,0
17.833713332,449.2823181152344,422.1830749511719,493.58941650390625,0,-100,0
17.837626668,449.27642822265625,421.77947998046875,493.5920104980469,0,-100,0
17.841815471,449.27337646484375,421.37890625,493.5914611816406,0,-100,0
17.845690262,449.2708435058594,420.9767150878906,493.5901184082031,0,-100,0
17.849723181,449.26483154296875,420.5733337402344,493.58984375,0,-100,0
17.853982736,449.2644348144531,420.17144775390625,493.5917053222656,0,-100,0
17.857831541,449.25933837890625,419.7712097167969,493.5902099609375,0,-100,0
17.861774534,449.25421142578125,419.3696594238281,493.594970703125,0,-100,0
17.866005197,449.250244140625,418.96636962890625,493.59375,0,-100,0
17.870019944,449.2472839355469,418.56109619140625,493.59033203125,0,-100,0
17.874037109,449.2440490722656,418.15838623046875,493.5916442871094,0,-100,0
17.878094332,449.2346496582031,417.7543640136719,493.58544921875,0,-100,0
17.882015605,449.2320861816406,417.356201171875,493.58843994140625,0,-100,0
17.885968574,449.2262878417969,416.9521484375,493.58416748046875,0,-100,0
17.890221513,449.221435546875,416.5453796386719,493.5837707519531,0,-100,0
17.894179444,449.22332763671875,416.142822265625,493.58270263671875,0,-100,0
17.898134577,449.2192077636719,415.73822021484375,493.5756530761719,0,-100,0
17.902294128,449.2134094238281,415.33807373046875,493.5790710449219,0,-100,0
17.906224973,449.2080383300781,414.936279296875,493.5758361816406,0,-100,0
17.910149473,449.20343017578125,414.53546142578125,493.57318115234375,0,-100,0
17.914686441,449.20538330078125,414.1315612792969,493.5784912109375,0,-100,0
17.918402106,449.19854736328125,413.72869873046875,493.5753173828125,0,-100,0
17.922310904,449.1954345703125,413.3248596191406,493.57080078125,0,-100,0
17.926438469,449.1888732910156,412.9228820800781,493.5661315917969,0,-100,0
17.930416551,449.1865234375,412.51812744140625,493.56488037109375,0,-100,0
17.934410877,449.1839599609375,412.1110534667969,493.5595397949219,0,-100,0
17.938574433,449.1771240234375,411.7083740234375,493.55584716796875,0,-100,0
17.942524026,449.174072265625,411.3079833984375,493.5632019042969,0,-100,0
17.946504026,449.1634216308594,410.9072570800781,493.55731201171875,0,-100,0
17.950719315,449.1565856933594,410.5032958984375,493.5529479980469,0,-100,0
17.954653155,449.1572265625,410.10260009765625,493.55877685546875,0,-100,0
17.958535509,449.1498718261719,409.6981201171875,493.5514831542969,0,-100,0
17.962769169,449.14727783203125,409.2951354980469,493.5501708984375,0,-100,0
17.966792901,449.14398193359375,408.89111328125,493.55010986328125,0,-100,0
17.970711517,449.14019775390625,408.48858642578125,493.55059814453125,0,-100,0
17.974944417,449.13800048828125,408.08868408203125,493.5508117675781,0,-100,0
17.978838,449.1331481933594,407.68353271484375,493.54754638671875,0,-100,0
17.98273536,449.1326599121094,407.28350830078125,493.55511474609375,0,-100,0
17.986988352,449.124267578125,406.88140869140625,493.5502624511719,0,-100,0
17.990845385,449.11724853515625,406.4808349609375,493.54974365234375,0,-100,0
17.995085405,449.115966796875,406.07806396484375,493.5553283691406,0,-100,0
17.999035677,449.10906982421875,405.6744079589844,493.5470275878906,0,-100,0
18.002974712,449.1063537597656,405.274169921875,493.5491943359375,0,-100,0
18.006924687,449.10174560546875,404.87335205078125,493.55328369140625,0,-100,0
18.011170829,449.097900390625,404.46728515625,493.5482177734375,0,-100,0
18.015524296,449.0954284667969,404.0667419433594,493.5446472167969,0,-100,0
18.019099546,449.09600830078125,403.658447265625,493.54296875,0,-100,0
18.023043966,449.095458984375,403.25177001953125,493.54364013671875,0,-100,0
18.027263005,449.09222412109375,402.8508605957031,493.5394287109375,0,-100,0
18.031124755,449.0818786621094,402.4517517089844,493.5369567871094,0,-100,0
18.035436566,449.0820617675781,402.0530700683594,493.549072265625,0,-100,0
18.03922377,449.07769775390625,401.64910888671875,493.5439453125,0,-100,0
18.043264753,449.07464599609375,401.2405090332031,493.5410461425781,0,-100,0
18.047450771,449.0750427246094,400.837646484375,493.5460510253906,0,-100,0
18.05137569,449.0667419433594,400.4366760253906,493.5415954589844,0,-100,0
18.05538,449.06170654296875,400.0373840332031,493.5430908203125,0,-100,0
18.059550622,449.0571594238281,399.63201904296875,493.5423583984375,0,-100,0
18.063560393,449.0545349121094,399.2270812988281,493.5419616699219,0,-100,0
18.067474726,449.0514831542969,398.8229675292969,493.5380859375,0,-100,0
18.071622558,449.0452575683594,398.42181396484375,493.53521728515625,0,-100,0
18.075635278,449.0401306152344,398.02044677734375,493.534423828125,0,-100,0
18.079536239,449.03375244140625,397.61669921875,493.5282287597656,0,-100,0
18.083764275,449.0303649902344,397.2113952636719,493.52471923828125,0,-100,0
18.087647721,449.02734375,396.8129577636719,493.5307312011719,0,-100,0
18.091688846,449.0186767578125,396.4083557128906,493.5202941894531,0,-100,0
18.095910746,449.0159606933594,396.0070495605469,493.5174255371094,0,-100,0
18.099749855,449.01458740234375,395.6049499511719,493.52484130859375,0,-100,0
18.103680286,449.0113525390625,395.1962585449219,493.5179138183594,0,-100,0
18.107952629,449.01092529296875,394.7934875488281,493.51666259765625,0,-100,0
18.111995784,449.0082092285156,394.39129638671875,493.5216064453125,0,-100,0
18.116184497,448.9972229003906,393.9906005859375,493.5164794921875,0,-100,0
18.120044575,448.991943359375,393.5876770019531,493.5145568847656,0,-100,0
18.123971031,448.99114990234375,393.181396484375,493.514404296875,0,-100,0
18.127881089,448.99176025390625,392.77294921875,493.51202392578125,0,-100,0
18.132201313,448.98614501953125,392.3723449707031,493.50994873046875,0,-100,0
18.136030246,448.97857666015625,391.973388671875,493.5059509277344,0,-100,0
18.140007442,448.9729919433594,391.5780334472656,493.5103759765625,0,-100,0
18.144140942,448.9666748046875,391.1695251464844,493.50836181640625,0,-100,0
18.14815156,448.96844482421875,390.7646484375,493.50677490234375,0,-100,0
18.152092613,448.96795654296875,390.3641662597656,493.509765625,0,-100,0
18.156360999,448.95977783203125,389.9619140625,493.5048828125,0,-100,0
18.159983799,448.9576721191406,389.56304931640625,493.5063171386719,0,-100,0
18.163966834,448.95703125,389.16131591796875,493.5080261230469,0,-100,0
18.168035668999998,448.9529113769531,388.7546081542969,493.5023498535156,0,-100,0
18.172011853,448.94866943359375,388.3564453125,493.50421142578125,0,-100,0
18.176028523,448.9425354003906,387.95623779296875,493.5,0,-100,0
18.18020098,448.93585205078125,387.55364990234375,493.5000915527344,0,-100,0
18.184379739,448.9337158203125,387.1493835449219,493.5050048828125,0,-100,0
18.188443143,448.9301452636719,386.7420349121094,493.49951171875,0,-100,0
18.192595058,448.9255676269531,386.3423156738281,493.5041198730469,0,-100,0
18.196610385,448.9184875488281,385.9400939941406,493.5015869140625,0,-100,0
18.200483066,448.9127197265625,385.54010009765625,493.49871826171875,0,-100,0
18.20470819,448.912353515625,385.1398620605469,493.5040283203125,0,-100,0
18.208701828,448.9043884277344,384.7326965332031,493.49993896484375,0,-100,0
18.212601963,448.9006042480469,384.3310241699219,493.4971618652344,0,-100,0
18.217214087,448.8978271484375,383.9312744140625,493.4960632324219,0,-100,0
18.22071521,448.89300537109375,383.5257263183594,493.4891052246094,0,-100,0
18.224621667,448.89642333984375,383.1207580566406,493.49261474609375,0,-100,0
18.228882974,448.89642333984375,382.7156066894531,493.4911804199219,0,-100,0
18.232764318,448.88739013671875,382.3133850097656,493.4828186035156,0,-100,0
18.236823377,448.8813171386719,381.91558837890625,493.48760986328125,0,-100,0
18.240944314,448.87469482421875,381.51318359375,493.48712158203125,0,-100,0
18.24491512,448.8713073730469,381.1072998046875,493.4819641113281,0,-100,0
18.248827192,448.86553955078125,380.7056579589844,493.4816589355469,0,-100,0
18.253087187,448.85931396484375,380.30401611328125,493.4779052734375,0,-100,0
18.257231835,448.85479736328125,379.90399169921875,493.4765625,0,-100,0
18.260998899,448.8509521484375,379.4991455078125,493.4782409667969,0,-100,0
18.264972542,448.8462219238281,379.092529296875,493.4773254394531,0,-100,0
18.269092184,448.8440856933594,378.691162109375,493.4795227050781,0,-100,0
18.273029259,448.8377685546875,378.286865234375,493.4725036621094,0,-100,0
18.277400745,448.8302307128906,377.88470458984375,493.4745788574219,0,-100,0
18.281184181,448.8277587890625,377.48797607421875,493.47918701171875,0,-100,0
18.285200071,448.8236999511719,377.0805358886719,493.4718322753906,0,-100,0
18.28937039,448.8216857910156,376.6776428222656,493.4705505371094,0,-100,0
18.293291046,448.8199157714844,376.27734375,493.4799499511719,0,-100,0
18.29731595,448.81243896484375,375.87176513671875,493.4699401855469,0,-100,0
18.301462329,448.81195068359375,375.4697570800781,493.4688415527344,0,-100,0
18.305472375,448.8078918457031,375.0657043457031,493.46978759765625,0,-100,0
18.309336034,448.8052062988281,374.6615905761719,493.4679260253906,0,-100,0
18.313535313,448.8055114746094,374.26080322265625,493.4673767089844,0,-100,0
18.317782174,448.8000183105469,373.8571472167969,493.4657287597656,0,-100,0
18.321490941,448.79638671875,373.4533386230469,493.46514892578125,0,-100,0
18.325633825,448.7945251464844,373.048828125,493.4647521972656,0,-100,0
18.329536958,448.78936767578125,372.6479797363281,493.4622497558594,0,-100,0
18.333578342,448.7843322753906,372.2477111816406,493.4619445800781,0,-100,0
18.337841778,448.7820129394531,371.8460388183594,493.46240234375,0,-100,0
18.341666462,448.77825927734375,371.4422912597656,493.4566650390625,0,-100,0
18.345607026,448.7763366699219,371.0406494140625,493.4625549316406,0,-100,0
18.349847569,448.7704772949219,370.63861083984375,493.4656982421875,0,-100,0
18.353854259,448.7647705078125,370.2350158691406,493.4608154296875,0,-100,0
18.357859028,448.7664489746094,369.83172607421875,493.4632873535156,0,-100,0
18.361933535,448.7606506347656,369.4278564453125,493.4645690917969,0,-100,0
18.365888007,448.7548828125,369.02813720703125,493.4620056152344,0,-100,0
18.369796904,448.7524719238281,368.6285095214844,493.4634704589844,0,-100,0
18.374039869,448.7488098144531,368.22216796875,493.45892333984375,0,-100,0
18.378017048,448.7445373535156,367.8204345703125,493.45721435546875,0,-100,0
18.381935918,448.73675537109375,367.4189453125,493.45074462890625,0,-100,0
18.386147475,448.72894287109375,367.01824951171875,493.4425048828125,0,-100,0
18.390077652,448.7244567871094,366.6159362792969,493.44769287109375,0,-100,0
18.393997362,448.72393798828125,366.21209716796875,493.45037841796875,0,-100,0
18.398341787,448.7205505371094,365.8045654296875,493.4453430175781,0,-100,0
18.402247158,448.7186584472656,365.4027099609375,493.4496765136719,0,-100,0
18.406231711,448.7120361328125,364.9998474121094,493.4466552734375,0,-100,0
18.410284462,448.7029724121094,364.5973815917969,493.44122314453125,0,-100,0
18.414249123,448.70184326171875,364.1973876953125,493.4451599121094,0,-100,0
18.418460588,448.6989440917969,363.7891845703125,493.4395446777344,0,-100,0
18.422426354,448.69549560546875,363.3872985839844,493.4388732910156,0,-100,0
18.426302725,448.6937561035156,362.9900207519531,493.4407043457031,0,-100,0
18.430330425,448.6880798339844,362.5841369628906,493.43621826171875,0,-100,0
18.434483077,448.6854553222656,362.1783447265625,493.4338073730469,0,-100,0
18.438505793,448.6828308105469,361.77850341796875,493.4322509765625,0,-100,0
18.442367861,448.670654296875,361.3784484863281,493.42559814453125,0,-100,0
18.446601524,448.66455078125,360.9786682128906,493.4282531738281,0,-100,0
18.45064149,448.6626892089844,360.57916259765625,493.43402099609375,0,-100,0
18.454513407,448.6564636230469,360.17291259765625,493.4270935058594,0,-100,0
18.458774102,448.6555480957031,359.7698669433594,493.4334716796875,0,-100,0
18.462608522,448.65283203125,359.366455078125,493.4347229003906,0,-100,0
18.466570696,448.6445617675781,358.9610290527344,493.4237976074219,0,-100,0
18.470822385,448.64306640625,358.56280517578125,493.4259948730469,0,-100,0
18.474692737,448.6386413574219,358.1619567871094,493.4304504394531,0,-100,0
18.478795954,448.6334533691406,357.7601013183594,493.4281005859375,0,-100,0
18.482853113,448.6318054199219,357.3620300292969,493.4278564453125,0,-100,0
18.486808758,448.6253967285156,356.9620361328125,493.4272155761719,0,-100,0
18.490815573,448.62042236328125,356.557861328125,493.42657470703125,0,-100,0
18.495010338,448.621337890625,356.15521240234375,493.4292297363281,0,-100,0
18.499107218,448.61737060546875,355.7512512207031,493.42486572265625,0,-100,0
18.502893712,448.6127014160156,355.3497619628906,493.4242248535156,0,-100,0
18.507109029,448.6123962402344,354.9485778808594,493.4288024902344,0,-100,0
18.51091838,448.6090393066406,354.54254150390625,493.421142578125,0,-100,0
18.514958079,448.60791015625,354.1407775878906,493.42083740234375,0,-100,0
18.519500662,448.60205078125,353.7412109375,493.4252014160156,0,-100,0
18.523086328,448.5937805175781,353.33587646484375,493.4169006347656,0,-100,0
18.527123779,448.59320068359375,352.93212890625,493.4156494140625,0,-100,0
18.531272167,448.5911560058594,352.52886962890625,493.422607421875,0,-100,0
18.535196401,448.5845642089844,352.1231994628906,493.41717529296875,0,-100,0
18.539196661,448.5826721191406,351.7235412597656,493.41705322265625,0,-100,0
18.543361411,448.5799560546875,351.3216247558594,493.41619873046875,0,-100,0
18.547391766,448.57373046875,350.917236328125,493.41326904296875,0,-100,0
18.551286483,448.56982421875,350.51507568359375,493.41278076171875,0,-100,0
18.555449287,448.567138671875,350.1148376464844,493.4112548828125,0,-100,0
18.559476473,448.5615539550781,349.71136474609375,493.40643310546875,0,-100,0
18.563324659,448.5572509765625,349.3120422363281,493.4110412597656,0,-100,0
18.567557309,448.55670166015625,348.9110412597656,493.41363525390625,0,-100,0
18.571465496,448.55023193359375,348.5079040527344,493.40606689453125,0,-100,0
18.575504869,448.5464172363281,348.1051330566406,493.4079895019531,0,-100,0
18.579739088,448.540283203125,347.7015686035156,493.4047546386719,0,-100,0
18.583568753,448.537353515625,347.2960510253906,493.4000549316406,0,-100,0
18.587494478,448.53436279296875,346.8929443359375,493.39739990234375,0,-100,0
18.591762012,448.5263977050781,346.4890441894531,493.3947448730469,0,-100,0
18.595819244,448.5218811035156,346.09027099609375,493.3910827636719,0,-100,0
18.599775178,448.5201721191406,345.6877136230469,493.38934326171875,0,-100,0
18.603884679,448.5173034667969,345.27923583984375,493.388671875,0,-100,0
18.60778602,448.51171875,344.8758239746094,493.3894348144531,0,-100,0
18.611698706,448.5085754394531,344.47601318359375,493.39306640625,0,-100,0
18.615948378,448.5018005371094,344.0744934082031,493.3875427246094,0,-100,0
18.620161256,448.4943542480469,343.6693420410156,493.3849792480469,0,-100,0
18.623912026,448.4965515136719,343.2692565917969,493.39447021484375,0,-100,0
18.628019452,448.4911193847656,342.86572265625,493.3895568847656,0,-100,0
18.631967766,448.48443603515625,342.4629211425781,493.3871154785156,0,-100,0
18.635900005,448.48345947265625,342.0641174316406,493.3947448730469,0,-100,0
18.64026225,448.4771728515625,341.6589050292969,493.38714599609375,0,-100,0
18.644183085999998,448.472412109375,341.2572326660156,493.37969970703125,0,-100,0
18.648071935,448.47039794921875,340.8573913574219,493.3836364746094,0,-100,0
18.652025542,448.4627685546875,340.4542541503906,493.37872314453125,0,-100,0
18.656168836,448.4613037109375,340.053466796875,493.3758850097656,0,-100,0
18.660210998,448.4611511230469,339.65057373046875,493.3761901855469,0,-100,0
18.66433083,448.456298828125,339.2472229003906,493.3773498535156,0,-100,0
18.66820747,448.4455871582031,338.8478698730469,493.3745422363281,0,-100,0
18.672243041,448.4452209472656,338.4499816894531,493.37969970703125,0,-100,0
18.676405011,448.440673828125,338.0465087890625,493.3777770996094,0,-100,0
18.680443975,448.43304443359375,337.6445617675781,493.3766784667969,0,-100,0
18.684283292,448.4333190917969,337.24609375,493.3811950683594,0,-100,0
18.688522938,448.4327087402344,336.8419494628906,493.37957763671875,0,-100,0
18.692539528,448.4318542480469,336.4346008300781,493.38153076171875,0,-100,0
18.69641509,448.4316711425781,336.0287780761719,493.3862609863281,0,-100,0
18.700739685,448.4222717285156,335.62921142578125,493.3804016113281,0,-100,0
18.704527126,448.41748046875,335.2286682128906,493.37548828125,0,-100,0
18.708472229,448.4151916503906,334.8291015625,493.3839416503906,0,-100,0
18.712723603,448.40948486328125,334.42523193359375,493.3831481933594,0,-100,0
18.71661582,448.4033203125,334.02410888671875,493.37823486328125,0,-100,0
18.720943293,448.4026794433594,333.6266784667969,493.3795166015625,0,-100,0
18.724780095,448.39532470703125,333.2226867675781,493.3773498535156,0,-100,0
18.728736233,448.3911437988281,332.8160095214844,493.3726806640625,0,-100,0
18.732673922,448.3894958496094,332.4129333496094,493.36907958984375,0,-100,0
18.736901294,448.3841552734375,332.01080322265625,493.3668518066406,0,-100,0
18.741024695,448.3758239746094,331.61077880859375,493.3657531738281,0,-100,0
18.744845374,448.37481689453125,331.2144775390625,493.3706970214844,0,-100,0
18.748977482,448.3734436035156,330.8097229003906,493.366943359375,0,-100,0
18.752890552,448.3676452636719,330.4039611816406,493.3613586425781,0,-100,0
18.756843671,448.3636169433594,330.0018615722656,493.3666076660156,0,-100,0
18.761222678,448.3597717285156,329.6002197265625,493.36322021484375,0,-100,0
18.764984028,448.3537292480469,329.1927185058594,493.3531188964844,0,-100,0
18.769009842,448.35272216796875,328.791259765625,493.3580627441406,0,-100,0
18.773189812,448.35162353515625,328.38873291015625,493.3603210449219,0,-100,0
18.777152897,448.3467102050781,327.98394775390625,493.3538513183594,0,-100,0
18.781135588,448.3444519042969,327.5832214355469,493.3552551269531,0,-100,0
18.785357425,448.3407897949219,327.1802978515625,493.3614196777344,0,-100,0
18.789327845,448.3316345214844,326.77545166015625,493.3569641113281,0,-100,0
18.793219696,448.3289794921875,326.3721923828125,493.3546142578125,0,-100,0
18.797367483,448.329345703125,325.9700622558594,493.3568115234375,0,-100,0
18.801376405,448.32159423828125,325.5652770996094,493.3542785644531,0,-100,0
18.805242304,448.3170471191406,325.164794921875,493.3529052734375,0,-100,0
18.809480189,448.3125915527344,324.7641906738281,493.3493957519531,0,-100,0
18.813364388,448.3056945800781,324.35980224609375,493.3421936035156,0,-100,0
18.817387062,448.3005065917969,323.9594421386719,493.3425598144531,0,-100,0
18.821868506,448.301513671875,323.5599060058594,493.34625244140625,0,-100,0
18.825491033,448.2939758300781,323.1545715332031,493.33367919921875,0,-100,0
18.829437592,448.2889404296875,322.7506103515625,493.3349609375,0,-100,0
18.833681676,448.288818359375,322.354736328125,493.3454284667969,0,-100,0
18.83769747,448.2817687988281,321.9508056640625,493.3393859863281,0,-100,0
18.841697943,448.2769470214844,321.5472717285156,493.3365478515625,0,-100,0
18.845771184,448.2762145996094,321.1488037109375,493.3457946777344,0,-100,0
18.849712981,448.2726745605469,320.743408203125,493.3466491699219,0,-100,0
18.85361043,448.26763916015625,320.3386535644531,493.339111328125,0,-100,0
18.857888994,448.26629638671875,319.94073486328125,493.3436584472656,0,-100,0
18.861843208,448.26336669921875,319.5400390625,493.3502197265625,0,-100,0
18.865786978,448.25921630859375,319.13177490234375,493.343017578125,0,-100,0
18.870011882,448.2581481933594,318.7312316894531,493.3419189453125,0,-100,0
18.873919167,448.255859375,318.3306884765625,493.34393310546875,0,-100,0
18.877822459,448.247802734375,317.9258728027344,493.3372497558594,0,-100,0
18.882147361,448.2451171875,317.52447509765625,493.3365478515625,0,-100,0
18.886084886,448.24462890625,317.1237487792969,493.33624267578125,0,-100,0
18.889986862,448.2328186035156,316.7211608886719,493.32916259765625,0,-100,0
18.8939829,448.2243957519531,316.32574462890625,493.3346252441406,0,-100,0
18.898083951,448.2239990234375,315.9273986816406,493.3419189453125,0,-100,0
18.902120903,448.21673583984375,315.52191162109375,493.33453369140625,0,-100,0
18.906273467,448.21295166015625,315.1153869628906,493.3321228027344,0,-100,0
18.910130874,448.2168273925781,314.71588134765625,493.34393310546875,0,-100,0
18.914148739,448.209716796875,314.3111572265625,493.33477783203125,0,-100,0
18.91832741,448.2033386230469,313.9088134765625,493.3272705078125,0,-100,0
18.922559355,448.2009582519531,313.5103454589844,493.3358459472656,0,-100,0
18.926210376,448.1938171386719,313.10858154296875,493.337646484375,0,-100,0
18.930472252,448.183349609375,312.7076110839844,493.3260498046875,0,-100,0
18.934472038,448.1837463378906,312.3070068359375,493.32891845703125,0,-100,0
18.938332695,448.18304443359375,311.9024658203125,493.33154296875,0,-100,0
18.942610975,448.17608642578125,311.4972839355469,493.3271789550781,0,-100,0
18.946444467,448.1750183105469,311.0972900390625,493.32659912109375,0,-100,0
18.950435372,448.1736755371094,310.6903076171875,493.3230285644531,0,-100,0
18.954661935,448.1649475097656,310.28466796875,493.3172607421875,0,-100,0
18.958544434,448.15936279296875,309.8883972167969,493.3219909667969,0,-100,0
18.962641875,448.1571044921875,309.4869079589844,493.3206481933594,0,-100,0
18.96669564,448.1517028808594,309.07952880859375,493.3117980957031,0,-100,0
18.970669265,448.1499938964844,308.6755065917969,493.31561279296875,0,-100,0
18.974659899,448.1484069824219,308.2773742675781,493.3215637207031,0,-100,0
18.978824444,448.1426086425781,307.8739929199219,493.3125305175781,0,-100,0
18.982919682,448.134765625,307.4673767089844,493.3032531738281,0,-100,0
18.986749876,448.13330078125,307.0671691894531,493.3115539550781,0,-100,0
18.990925788,448.1300964355469,306.6640319824219,493.3147277832031,0,-100,0
18.99483262,448.1206359863281,306.2611083984375,493.3033142089844,0,-100,0
18.998776283,448.1181945800781,305.8625183105469,493.30462646484375,0,-100,0
19.003126262,448.1157531738281,305.4604797363281,493.3077392578125,0,-100,0
19.006881633,448.1089172363281,305.0564270019531,493.300537109375,0,-100,0
19.010867522,448.10687255859375,304.6540832519531,493.2998962402344,0,-100,0
19.015116584,448.1048278808594,304.25457763671875,493.3030700683594,0,-100,0
19.019051169,448.10113525390625,303.8511657714844,493.3019104003906,0,-100,0
19.022983779,448.0957336425781,303.4450378417969,493.2992858886719,0,-100,0
19.027260781,448.0964660644531,303.0471496582031,493.30303955078125,0,-100,0
19.031224093,448.0891418457031,302.6448059082031,493.297607421875,0,-100,0
19.035145704,448.08245849609375,302.24072265625,493.295654296875,0,-100,0
19.039298315,448.0849304199219,301.8369445800781,493.29998779296875,0,-100,0
19.043310266,448.08056640625,301.4363098144531,493.2968444824219,0,-100,0
19.04718121,448.0736999511719,301.03564453125,493.29364013671875,0,-100,0
19.051400661,448.0686950683594,300.6327819824219,493.29278564453125,0,-100,0
19.055289328,448.0696105957031,300.2342224121094,493.29736328125,0,-100,0
19.059315221,448.0647888183594,299.830322265625,493.29168701171875,0,-100,0
19.063565493,448.0593566894531,299.4256896972656,493.2891540527344,0,-100,0
19.067488159,448.0565185546875,299.0262756347656,493.29803466796875,0,-100,0
19.071367385,448.0518493652344,298.6259460449219,493.29913330078125,0,-100,0
19.075599939,448.0477600097656,298.22076416015625,493.2930908203125,0,-100,0
19.079661365,448.0444641113281,297.822021484375,493.298583984375,0,-100,0
19.083601772,448.0428771972656,297.421630859375,493.30487060546875,0,-100,0
19.087673738,448.0370178222656,297.01568603515625,493.3001708984375,0,-100,0
19.091605195,448.03125,296.6131896972656,493.2947998046875,0,-100,0
19.095530718,448.03009033203125,296.2184143066406,493.3005065917969,0,-100,0
19.099801163,448.0246276855469,295.8143615722656,493.30084228515625,0,-100,0
19.103792049,448.0169677734375,295.4122619628906,493.2942199707031,0,-100,0
19.107714201,448.0151062011719,295.0143127441406,493.2928771972656,0,-100,0
19.111872137,448.0129089355469,294.6134033203125,493.29266357421875,0,-100,0
19.115809552,448.0071105957031,294.2066955566406,493.2878723144531,0,-100,0
19.119760715,448.0072326660156,293.8006591796875,493.2890319824219,0,-100,0
19.124294005,448.0041809082031,293.3983154296875,493.2841796875,0,-100,0
19.128006885,447.99578857421875,292.99530029296875,493.2783203125,0,-100,0
19.131885485,447.98797607421875,292.5954895019531,493.2785339355469,0,-100,0
19.136075886,447.98443603515625,292.1956787109375,493.282958984375,0,-100,0
19.139997885,447.9814758300781,291.79534912109375,493.2806701660156,0,-100,0
19.143971456,447.97406005859375,291.3912048339844,493.276611328125,0,-100,0
19.148183779,447.970703125,290.98883056640625,493.2820129394531,0,-100,0
19.152065645,447.9703369140625,290.5851135253906,493.2827453613281,0,-100,0
19.156075503,447.9668273925781,290.1796569824219,493.27777099609375,0,-100,0
19.160212045,447.9604797363281,289.7781677246094,493.27410888671875,0,-100,0
19.164273879,447.95538330078125,289.3815002441406,493.2834777832031,0,-100,0
19.168141614,447.9483337402344,288.9820861816406,493.28216552734375,0,-100,0
19.172349516,447.94354248046875,288.5765380859375,493.275146484375,0,-100,0
19.176356641,447.9449768066406,288.17413330078125,493.2751159667969,0,-100,0
19.180265112,447.9436950683594,287.770263671875,493.2807922363281,0,-100,0
19.184518113,447.9380798339844,287.36456298828125,493.2771301269531,0,-100,0
19.188363667,447.9342956542969,286.9610595703125,493.2694396972656,0,-100,0
19.192296039,447.9312744140625,286.5631408691406,493.27001953125,0,-100,0
19.19653596,447.9251403808594,286.1568908691406,493.2678527832031,0,-100,0
19.200457057,447.9189758300781,285.7540283203125,493.26898193359375,0,-100,0
19.204551644,447.917236328125,285.3542785644531,493.267578125,0,-100,0
19.208622956,447.91375732421875,284.95257568359375,493.2643127441406,0,-100,0
19.212565978,447.9090881347656,284.54803466796875,493.2601013183594,0,-100,0
19.216497203,447.9048767089844,284.14471435546875,493.2618408203125,0,-100,0
19.220755461,447.9056091308594,283.742431640625,493.2646789550781,0,-100,0
19.225072665,447.8988952636719,283.3387756347656,493.2578125,0,-100,0
19.22870228,447.8892822265625,282.93603515625,493.2503662109375,0,-100,0
19.232813491,447.88653564453125,282.53857421875,493.25958251953125,0,-100,0
19.236736154,447.8830871582031,282.1349792480469,493.2597351074219,0,-100,0
19.240719258,447.87738037109375,281.72906494140625,493.251953125,0,-100,0
19.245077525,447.8749694824219,281.3291931152344,493.25244140625,0,-100,0
19.248870908,447.8727722167969,280.93212890625,493.2581787109375,0,-100,0
19.252816201999998,447.86956787109375,280.5317687988281,493.2572021484375,0,-100,0
19.257011024,447.8656311035156,280.1283264160156,493.25177001953125,0,-100,0
19.260942092,447.8634033203125,279.7262268066406,493.25335693359375,0,-100,0
19.264950839,447.8609924316406,279.3232421875,493.257568359375,0,-100,0
19.269191269,447.8527526855469,278.92047119140625,493.2567138671875,0,-100,0
19.273150068,447.8486022949219,278.52056884765625,493.2549133300781,0,-100,0
19.277046357,447.84637451171875,278.1174621582031,493.2549133300781,0,-100,0
19.280949483,447.84307861328125,277.71453857421875,493.2595520019531,0,-100,0
19.285230743,447.8383483886719,277.3099060058594,493.2575378417969,0,-100,0
19.289106641,447.8376159667969,276.9080810546875,493.2598571777344,0,-100,0
19.293331125,447.8350524902344,276.5060729980469,493.25750732421875,0,-100,0
19.297235082,447.8265380859375,276.1036376953125,493.2513732910156,0,-100,0
19.301232534,447.81903076171875,275.7056884765625,493.253662109375,0,-100,0
19.305489323,447.81683349609375,275.3083801269531,493.2542724609375,0,-100,0
19.309311556,447.81158447265625,274.9083557128906,493.2495422363281,0,-100,0
19.313277016,447.8079528808594,274.5013732910156,493.245849609375,0,-100,0
19.317482931,447.8053283691406,274.0982666015625,493.25103759765625,0,-100,0
19.321510737,447.8041687011719,273.6964111328125,493.2525939941406,0,-100,0
19.325722052,447.7965087890625,273.2961730957031,493.24700927734375,0,-100,0
19.329611036,447.7898864746094,272.892822265625,493.2455749511719,0,-100,0
19.333549174,447.783935546875,272.4972229003906,493.24908447265625,0,-100,0
19.337422932,447.7777404785156,272.0935974121094,493.2452392578125,0,-100,0
19.341704977,447.77337646484375,271.69024658203125,493.2437438964844,0,-100,0
19.345665145,447.7715148925781,271.2863464355469,493.2410888671875,0,-100,0
19.349611745,447.7676086425781,270.88397216796875,493.2418518066406,0,-100,0
19.353873129,447.7685852050781,270.4776916503906,493.2474060058594,0,-100,0
19.357725832,447.76263427734375,270.07476806640625,493.2405090332031,0,-100,0
19.361654344,447.7574768066406,269.67535400390625,493.23773193359375,0,-100,0
19.36598754,447.75421142578125,269.2780456542969,493.2434387207031,0,-100,0
19.369917682,447.74713134765625,268.8719177246094,493.2409973144531,0,-100,0
19.373835852,447.7440185546875,268.4659118652344,493.233154296875,0,-100,0
19.377975194,447.744384765625,268.0625305175781,493.2356262207031,0,-100,0
19.381888443,447.7384338378906,267.6596984863281,493.23419189453125,0,-100,0
19.385928781,447.73089599609375,267.25738525390625,493.2332458496094,0,-100,0
19.390112518,447.7275695800781,266.85504150390625,493.2353515625,0,-100,0
19.393994778,447.7236328125,266.454345703125,493.23248291015625,0,-100,0
19.397994486,447.7197570800781,266.0545959472656,493.23419189453125,0,-100,0
19.402180859,447.7110595703125,265.65350341796875,493.2367858886719,0,-100,0
19.406196617,447.70587158203125,265.2524108886719,493.23193359375,0,-100,0
19.410031604,447.7065734863281,264.84869384765625,493.2305908203125,0,-100,0
19.414305526,447.70050048828125,264.4461669921875,493.2275085449219,0,-100,0
19.41831794,447.696044921875,264.0412902832031,493.2255554199219,0,-100,0
19.422198864,447.6911315917969,263.6382141113281,493.2290954589844,0,-100,0
19.426644048,447.6879577636719,263.23968505859375,493.2267761230469,0,-100,0
19.430301178,447.68450927734375,262.834228515625,493.2191467285156,0,-100,0
19.434258814,447.6805419921875,262.4304504394531,493.21990966796875,0,-100,0
19.438444521,447.6804504394531,262.0292053222656,493.2256774902344,0,-100,0
19.442356627,447.6742248535156,261.6285705566406,493.22259521484375,0,-100,0
19.44647133,447.6699523925781,261.22705078125,493.2200012207031,0,-100,0
19.450563776,447.666015625,260.8235778808594,493.21588134765625,0,-100,0
19.454493137,447.6636047363281,260.42327880859375,493.2202453613281,0,-100,0
19.458477194,447.6596374511719,260.0216979980469,493.22369384765625,0,-100,0
19.462664197,447.6530456542969,259.6185302734375,493.21673583984375,0,-100,0
19.466746525,447.6521911621094,259.2193298339844,493.216064453125,0,-100,0
19.470602425,447.6485595703125,258.8175964355469,493.2196044921875,0,-100,0
19.474724933,447.6444396972656,258.41827392578125,493.22314453125,0,-100,0
19.478675284,447.6394958496094,258.0150451660156,493.2191467285156,0,-100,0
19.482608733,447.6365966796875,257.6123962402344,493.216064453125,0,-100,0
19.486950852,447.6336364746094,257.2112731933594,493.2199401855469,0,-100,0
19.490736312,447.6267395019531,256.8121337890625,493.2207946777344,0,-100,0
19.494744995,447.6190185546875,256.40826416015625,493.2164001464844,0,-100,0
19.498944358,447.6153869628906,256.0091247558594,493.21478271484375,0,-100,0
19.502905348,447.6148986816406,255.6094512939453,493.2146911621094,0,-100,0
19.506875337,447.61212158203125,255.20428466796875,493.2155456542969,0,-100,0
19.5110588,447.61004638671875,254.7966766357422,493.2163391113281,0,-100,0
19.515067691,447.60601806640625,254.3965301513672,493.2100830078125,0,-100,0
19.518989828,447.6048278808594,253.99742126464844,493.2115478515625,0,-100,0
19.522944546,447.5989074707031,253.59481811523438,493.2105407714844,0,-100,0
19.527359158,447.59271240234375,253.19577026367188,493.2121887207031,0,-100,0
19.530999482,447.587890625,252.79611206054688,493.2126770019531,0,-100,0
19.535254122,447.5863037109375,252.39410400390625,493.2133483886719,0,-100,0
19.539124895,447.5829772949219,251.98971557617188,493.2082824707031,0,-100,0
19.543209795,447.57904052734375,251.58584594726563,493.2098083496094,0,-100,0
19.547425869,447.5763244628906,251.18296813964844,493.21466064453125,0,-100,0
19.55123084,447.570068359375,250.78573608398438,493.2127380371094,0,-100,0
19.555193736,447.56317138671875,250.384033203125,493.2079162597656,0,-100,0
19.559426727,447.55755615234375,249.98269653320313,493.2054748535156,0,-100,0
19.563443137,447.556884765625,249.58164978027344,493.2108154296875,0,-100,0
19.567406354,447.5522766113281,249.1736602783203,493.2042541503906,0,-100,0
19.571488415,447.55023193359375,248.7674102783203,493.2014465332031,0,-100,0
19.57543107,447.5456237792969,248.36624145507813,493.1993713378906,0,-100,0
19.579313806000002,447.54058837890625,247.9634246826172,493.1973571777344,0,-100,0
19.583629163,447.53582763671875,247.56222534179688,493.20111083984375,0,-100,0
19.587592123,447.52947998046875,247.15933227539063,493.1962585449219,0,-100,0
19.59152972,447.52423095703125,246.76016235351563,493.1957092285156,0,-100,0
19.595670438,447.5201721191406,246.35801696777344,493.19512939453125,0,-100,0
19.5996323,447.51898193359375,245.95050048828125,493.1984558105469,0,-100,0
19.603581129,447.511962890625,245.54629516601563,493.1961669921875,0,-100,0
19.607949269,447.506103515625,245.1429901123047,493.1938171386719,0,-100,0
19.611817058,447.50421142578125,244.74273681640625,493.1954040527344,0,-100,0
19.615731461,447.5013732910156,244.34445190429688,493.20074462890625,0,-100,0
19.619891858,447.4927978515625,243.94175720214844,493.1982116699219,0,-100,0
19.623821104,447.48779296875,243.5379180908203,493.19244384765625,0,-100,0
19.628159911,447.4861145019531,243.1389923095703,493.1911315917969,0,-100,0
19.632044705,447.4834899902344,242.73707580566406,493.1915588378906,0,-100,0
19.635903159,447.47723388671875,242.33627319335938,493.18988037109375,0,-100,0
19.639920872,447.4732360839844,241.93418884277344,493.1898193359375,0,-100,0
19.644116873,447.47100830078125,241.53176879882813,493.18560791015625,0,-100,0
19.648161475,447.4670715332031,241.13038635253906,493.18145751953125,0,-100,0
19.651931546,447.4619445800781,240.72752380371094,493.1817321777344,0,-100,0
19.656217686,447.456298828125,240.32138061523438,493.1809387207031,0,-100,0
19.660216629,447.45379638671875,239.92001342773438,493.18353271484375,0,-100,0
19.664087753,447.4493408203125,239.5156707763672,493.18072509765625,0,-100,0
19.668356617,447.4425048828125,239.1109619140625,493.1753845214844,0,-100,0
19.672206478,447.438720703125,238.71090698242188,493.17694091796875,0,-100,0
19.676139402,447.43304443359375,238.31179809570313,493.1811828613281,0,-100,0
19.680367052,447.42767333984375,237.91261291503906,493.17822265625,0,-100,0
19.68428277,447.42388916015625,237.5145721435547,493.1770324707031,0,-100,0
19.688389735,447.4191589355469,237.10862731933594,493.1730651855469,0,-100,0
19.692453813,447.4162902832031,236.70562744140625,493.1789245605469,0,-100,0
19.696387228,447.41326904296875,236.3044891357422,493.18377685546875,0,-100,0
19.70033332,447.408203125,235.90203857421875,493.17706298828125,0,-100,0
19.704578775,447.4013977050781,235.50115966796875,493.17340087890625,0,-100,0
19.708688563,447.3986511230469,235.10328674316406,493.1762390136719,0,-100,0
19.712556655,447.39306640625,234.7030792236328,493.1797790527344,0,-100,0
19.716657519,447.392822265625,234.30218505859375,493.18359375,0,-100,0
19.720640852,447.3896789550781,233.8989715576172,493.1789855957031,0,-100,0
19.72452101,447.3870849609375,233.4957733154297,493.1789855957031,0,-100,0
19.729113719,447.3871154785156,233.08880615234375,493.17999267578125,0,-100,0
19.73272001,447.3835754394531,232.68734741210938,493.1830139160156,0,-100,0
19.736681027,447.3768615722656,232.29000854492188,493.1824645996094,0,-100,0
19.740831502,447.3739929199219,231.88734436035156,493.1777648925781,0,-100,0
19.744772324,447.37109375,231.48385620117188,493.1753845214844,0,-100,0
19.748728684,447.3697204589844,231.08038330078125,493.1778259277344,0,-100,0
19.752955856,447.3641662597656,230.67776489257813,493.1783142089844,0,-100,0
19.756980721,447.3599853515625,230.27395629882813,493.17535400390625,0,-100,0
19.760848245,447.3589782714844,229.8732147216797,493.1761474609375,0,-100,0
19.765041319,447.3561706542969,229.47181701660156,493.1749572753906,0,-100,0
19.768985903,447.3475036621094,229.07205200195313,493.1732177734375,0,-100,0
19.772911825,447.3428649902344,228.67193603515625,493.1745910644531,0,-100,0
19.777187244,447.3357238769531,228.270263671875,493.17138671875,0,-100,0
19.78103477,447.33477783203125,227.8704833984375,493.1730041503906,0,-100,0
19.785076031,447.3305969238281,227.46664428710938,493.1690368652344,0,-100,0
19.789329349,447.3260192871094,227.05963134765625,493.1676025390625,0,-100,0
19.793179429,447.3230895996094,226.65969848632813,493.1703186035156,0,-100,0
19.797222776,447.3195495605469,226.25868225097656,493.16748046875,0,-100,0
19.801319957,447.31793212890625,225.85836791992188,493.1679382324219,0,-100,0
19.805360128,447.3133850097656,225.453125,493.166015625,0,-100,0
19.809316333,447.30767822265625,225.04971313476563,493.1657409667969,0,-100,0
19.813412962,447.30487060546875,224.6486358642578,493.16876220703125,0,-100,0
19.817358632,447.2979736328125,224.2447052001953,493.1667785644531,0,-100,0
19.821285022,447.2929992675781,223.8436279296875,493.1628723144531,0,-100,0
19.825533962,447.2885437011719,223.4409942626953,493.1620788574219,0,-100,0
19.829920856,447.28216552734375,223.0382080078125,493.16400146484375,0,-100,0
19.83427581,447.27899169921875,222.63893127441406,493.16656494140625,0,-100,0
19.837641036,447.2763366699219,222.23751831054688,493.16827392578125,0,-100,0
19.841558341,447.27142333984375,221.83743286132813,493.16552734375,0,-100,0
19.845483018,447.26708984375,221.4336395263672,493.16192626953125,0,-100,0
19.849871629,447.2644958496094,221.03045654296875,493.16510009765625,0,-100,0
19.853766796,447.2593688964844,220.6332244873047,493.1651611328125,0,-100,0
19.857709118,447.2532958984375,220.2316131591797,493.1593933105469,0,-100,0
19.861807629,447.24957275390625,219.82980346679688,493.1542663574219,0,-100,0
19.865729442,447.2437438964844,219.4278106689453,493.1534423828125,0,-100,0
19.869767976,447.2410583496094,219.02444458007813,493.1557922363281,0,-100,0
19.873952826,447.23773193359375,218.6178436279297,493.1518249511719,0,-100,0
19.877822461,447.2317810058594,218.2166748046875,493.147216796875,0,-100,0
19.881850836,447.2279052734375,217.8157196044922,493.1485595703125,0,-100,0
19.886014033,447.2219543457031,217.41456604003906,493.1507568359375,0,-100,0
19.890030945,447.2192077636719,217.01368713378906,493.1546325683594,0,-100,0
19.89389288,447.21295166015625,216.6129913330078,493.1528625488281,0,-100,0
19.898145366,447.2080078125,216.21054077148438,493.14898681640625,0,-100,0
19.902173389,447.20648193359375,215.8047332763672,493.14837646484375,0,-100,0
19.906282116,447.2031555175781,215.4015655517578,493.1509094238281,0,-100,0
19.910272673,447.19866943359375,215.0001983642578,493.15374755859375,0,-100,0
19.914125147,447.19061279296875,214.59901428222656,493.1494140625,0,-100,0
19.918072023,447.1861572265625,214.19822692871094,493.1466064453125,0,-100,0
19.922371,447.184814453125,213.7987060546875,493.1473083496094,0,-100,0
19.926208139,447.1791687011719,213.39540100097656,493.1471862792969,0,-100,0
19.930547688,447.17559814453125,212.98794555664063,493.1451416015625,0,-100,0
19.934391333,447.1718444824219,212.58706665039063,493.1431579589844,0,-100,0
19.938299414,447.1671447753906,212.1840362548828,493.1392822265625,0,-100,0
19.942249979,447.1672058105469,211.78240966796875,493.140625,0,-100,0
19.946492926,447.1637878417969,211.38307189941406,493.1410217285156,0,-100,0
19.950597306,447.15692138671875,210.98184204101563,493.1406555175781,0,-100,0
19.954416316,447.1523742675781,210.57992553710938,493.1407165527344,0,-100,0
19.95857092,447.150146484375,210.1762237548828,493.1424255371094,0,-100,0
19.962516156,447.1474914550781,209.7725372314453,493.1418151855469,0,-100,0
19.966420684,447.1426696777344,209.3672332763672,493.1398010253906,0,-100,0
19.970789286,447.136962890625,208.96641540527344,493.1416015625,0,-100,0
19.974576329,447.1335144042969,208.56849670410156,493.1436462402344,0,-100,0
19.978596571,447.1291198730469,208.16627502441406,493.1427917480469,0,-100,0
19.982743177,447.1256103515625,207.7667999267578,493.14178466796875,0,-100,0
19.986672435,447.1246337890625,207.3629608154297,493.14019775390625,0,-100,0
19.990691171,447.1185302734375,206.9603271484375,493.1423645019531,0,-100,0
19.994803604,447.1145935058594,206.559326171875,493.142822265625,0,-100,0
19.998856202,447.111572265625,206.15711975097656,493.1414794921875,0,-100,0
20.002752789,447.107177734375,205.75706481933594,493.1363220214844,0,-100,0
20.007016045,447.1034240722656,205.35385131835938,493.1341857910156,0,-100,0
20.010941955,447.0992126464844,204.9503936767578,493.13665771484375,0,-100,0
20.014778338,447.09716796875,204.5501708984375,493.1422424316406,0,-100,0
20.019041894,447.0946350097656,204.14639282226563,493.1390686035156,0,-100,0
20.02290132,447.0912780761719,203.74301147460938,493.1339416503906,0,-100,0
20.027031455,447.0861511230469,203.34109497070313,493.1341857910156,0,-100,0
20.031419009,447.0828552246094,202.9443359375,493.1370544433594,0,-100,0
20.035073823,447.07720947265625,202.5492706298828,493.138916015625,0,-100,0
20.038997935,447.07354736328125,202.14430236816406,493.1374206542969,0,-100,0
20.04324234,447.0704345703125,201.74008178710938,493.1361389160156,0,-100,0
20.047263368,447.0672302246094,201.3340606689453,493.13330078125,0,-100,0
20.051209169,447.060546875,200.93421936035156,493.130859375,0,-100,0
20.055302713,447.057373046875,200.53492736816406,493.136474609375,0,-100,0
20.059241652,447.0522766113281,200.13685607910156,493.1394348144531,0,-100,0
20.063177698,447.04705810546875,199.73721313476563,493.134765625,0,-100,0
20.067420512,447.0462341308594,199.3351593017578,493.1351013183594,0,-100,0
20.071391754,447.04290771484375,198.9307403564453,493.1348876953125,0,-100,0
20.075323126,447.0424499511719,198.52732849121094,493.1396484375,0,-100,0
20.07947951,447.0375061035156,198.1204376220703,493.139892578125,0,-100,0
20.083430533,447.0311584472656,197.71932983398438,493.1353454589844,0,-100,0
20.087408143,447.02410888671875,197.3192138671875,493.1299743652344,0,-100,0
20.091732327,447.02203369140625,196.91592407226563,493.1322326660156,0,-100,0
20.095605138,447.01507568359375,196.51385498046875,493.1287536621094,0,-100,0
20.099527552,447.0097961425781,196.1112518310547,493.12738037109375,0,-100,0
20.103694019,447.00518798828125,195.70664978027344,493.1236267089844,0,-100,0
20.107619995,447.0013122558594,195.30111694335938,493.1159973144531,0,-100,0
20.111702014,446.99896240234375,194.90061950683594,493.1182861328125,0,-100,0
20.115807187,446.996337890625,194.50128173828125,493.1189880371094,0,-100,0
20.119739417,446.9891662597656,194.10379028320313,493.1195373535156,0,-100,0
20.123701013,446.9836730957031,193.70269775390625,493.1210632324219,0,-100,0
20.127879864,446.9784240722656,193.2989501953125,493.1203308105469,0,-100,0
20.132201244,446.9779968261719,192.8960418701172,493.1200256347656,0,-100,0
20.135770075,446.9749755859375,192.49072265625,493.1209411621094,0,-100,0
20.14001513,446.968505859375,192.08877563476563,493.1185302734375,0,-100,0
20.144027851,446.963623046875,191.6868133544922,493.11944580078125,0,-100,0
20.147904772,446.957763671875,191.28311157226563,493.11798095703125,0,-100,0
20.15187358,446.9554138183594,190.8822021484375,493.1180725097656,0,-100,0
20.156014831,446.9523620605469,190.48226928710938,493.1169738769531,0,-100,0
20.159973763,446.9494934082031,190.07815551757813,493.1144104003906,0,-100,0
20.163934354,446.9431457519531,189.6758575439453,493.11163330078125,0,-100,0
20.167802407,446.9382629394531,189.27342224121094,493.11248779296875,0,-100,0
20.171911603,446.9364013671875,188.87353515625,493.1106262207031,0,-100,0
20.176019619,446.9337463378906,188.47357177734375,493.1114807128906,0,-100,0
20.180186784,446.9294128417969,188.07217407226563,493.10931396484375,0,-100,0
20.184098691,446.924560546875,187.67030334472656,493.1105651855469,0,-100,0
20.188372663,446.91876220703125,187.2662811279297,493.1123352050781,0,-100,0
20.192473156,446.91571044921875,186.86215209960938,493.1148986816406,0,-100,0
20.196293782,446.9097595214844,186.463134765625,493.1121826171875,0,-100,0
20.200478795,446.9034729003906,186.062744140625,493.10870361328125,0,-100,0
20.204416936,446.89739990234375,185.66366577148438,493.11187744140625,0,-100,0
20.20831269,446.8923645019531,185.25927734375,493.11138916015625,0,-100,0
20.21266084,446.889892578125,184.8527069091797,493.1141357421875,0,-100,0
20.2165622,446.8880310058594,184.45068359375,493.11279296875,0,-100,0
20.220510238,446.8831481933594,184.04763793945313,493.11083984375,0,-100,0
20.224639574,446.8784484863281,183.6474609375,493.1103515625,0,-100,0
20.228586033,446.87176513671875,183.2471923828125,493.110595703125,0,-100,0
20.232823685,446.86590576171875,182.84754943847656,493.1103515625,0,-100,0
20.236760466,446.8627624511719,182.4442596435547,493.1103820800781,0,-100,0
20.240738784,446.85992431640625,182.03985595703125,493.1079406738281,0,-100,0
20.244665993,446.8562927246094,181.6328887939453,493.10150146484375,0,-100,0
20.248828795,446.8504333496094,181.23130798339844,493.100341796875,0,-100,0
20.252847863,446.8453369140625,180.832763671875,493.1007995605469,0,-100,0
20.256717401,446.8407287597656,180.4336395263672,493.1030578613281,0,-100,0
20.260995803,446.83831787109375,180.03221130371094,493.1029357910156,0,-100,0
20.26482772,446.83306884765625,179.62840270996094,493.0947265625,0,-100,0
20.268850309,446.8309020996094,179.22305297851563,493.09564208984375,0,-100,0
20.27313978,446.83001708984375,178.82101440429688,493.096435546875,0,-100,0
20.276972149,446.8267822265625,178.4177703857422,493.0969543457031,0,-100,0
20.280869115,446.8247985839844,178.01678466796875,493.1036682128906,0,-100,0
20.285153488,446.8189392089844,177.61795043945313,493.1014709472656,0,-100,0
20.28918203,446.8142395019531,177.2183837890625,493.09906005859375,0,-100,0
20.293152911,446.8112487792969,176.8142547607422,493.1000671386719,0,-100,0
20.297244565,446.8067932128906,176.4097900390625,493.10040283203125,0,-100,0
20.301230707,446.8060302734375,176.008056640625,493.10711669921875,0,-100,0
20.305056401,446.80255126953125,175.60452270507813,493.1068115234375,0,-100,0
20.309321299,446.7992248535156,175.2037353515625,493.1048583984375,0,-100,0
20.313317874,446.7945556640625,174.80320739746094,493.1025085449219,0,-100,0
20.317269639,446.789794921875,174.40286254882813,493.10357666015625,0,-100,0
20.321413271,446.78411865234375,174.00143432617188,493.1030578613281,0,-100,0
20.325359095,446.7811584472656,173.59835815429688,493.10546875,0,-100,0
20.329295307,446.7765808105469,173.19439697265625,493.1048583984375,0,-100,0
20.333881287,446.7712097167969,172.7913818359375,493.1023864746094,0,-100,0
20.337531918,446.7665710449219,172.39137268066406,493.0989074707031,0,-100,0
20.341465959,446.76312255859375,171.99008178710938,493.0998840332031,0,-100,0
20.345598467,446.759033203125,171.5892791748047,493.1019592285156,0,-100,0
20.349541999,446.7547607421875,171.18519592285156,493.1014709472656,0,-100,0
20.353565049,446.7495422363281,170.78053283691406,493.1021423339844,0,-100,0
20.357719027999998,446.7476806640625,170.37692260742188,493.1009521484375,0,-100,0
20.361632482,446.7408447265625,169.97802734375,493.0965881347656,0,-100,0
20.365647794,446.7374267578125,169.58164978027344,493.0989685058594,0,-100,0
20.369810807,446.7335205078125,169.18043518066406,493.10064697265625,0,-100,0
20.373845422,446.7275085449219,168.77525329589844,493.0980529785156,0,-100,0
20.377677608,446.7248840332031,168.37306213378906,493.10028076171875,0,-100,0
20.381921399,446.7211608886719,167.97067260742188,493.098876953125,0,-100,0
20.386021065,446.71734619140625,167.56997680664063,493.09661865234375,0,-100,0
20.38982581,446.7131042480469,167.1698455810547,493.0958251953125,0,-100,0
20.393896514,446.709228515625,166.7705841064453,493.0971374511719,0,-100,0
20.397926738,446.7037353515625,166.36659240722656,493.0933837890625,0,-100,0
20.401860672,446.698974609375,165.9630889892578,493.0936279296875,0,-100,0
20.406181416,446.6970520019531,165.55796813964844,493.0936584472656,0,-100,0
20.410010667,446.6947021484375,165.15341186523438,493.0907287597656,0,-100,0
20.414107133,446.692626953125,164.75405883789063,493.09063720703125,0,-100,0
20.418185903,446.6854248046875,164.35113525390625,493.08740234375,0,-100,0
20.422111264,446.6820983886719,163.95034790039063,493.0909423828125,0,-100,0
20.42607019,446.6752624511719,163.54995727539063,493.08868408203125,0,-100,0
20.430306782,446.66949462890625,163.1468505859375,493.08599853515625,0,-100,0
20.434591103,446.66961669921875,162.7431640625,493.0866394042969,0,-100,0
20.43823369,446.6651916503906,162.3404998779297,493.0848693847656,0,-100,0
20.442365339,446.6627197265625,161.93637084960938,493.0863037109375,0,-100,0
20.446311718,446.6564025878906,161.53884887695313,493.0837097167969,0,-100,0
20.450234479,446.652099609375,161.13743591308594,493.0873107910156,0,-100,0
20.454576784,446.645751953125,160.73646545410156,493.086181640625,0,-100,0
20.45836961,446.6452331542969,160.33396911621094,493.0861511230469,0,-100,0
20.462389502,446.6429443359375,159.92913818359375,493.08251953125,0,-100,0
20.466559457,446.6370849609375,159.52572631835938,493.0815734863281,0,-100,0
20.470545448,446.6312561035156,159.12347412109375,493.0816955566406,0,-100,0
20.474509464,446.6263732910156,158.7208709716797,493.0817565917969,0,-100,0
20.478682655,446.6224670410156,158.31979370117188,493.0841979980469,0,-100,0
20.482687247,446.6165771484375,157.91871643066406,493.0826721191406,0,-100,0
20.486608066,446.6133117675781,157.5139923095703,493.0805969238281,0,-100,0
20.490806171,446.60888671875,157.1119842529297,493.0784912109375,0,-100,0
20.494762456,446.6055908203125,156.7106170654297,493.0807800292969,0,-100,0
20.498618308,446.59967041015625,156.30902099609375,493.0797424316406,0,100,0
20.502870665,446.5935974121094,155.90615844726563,493.0809020996094,0,100,0
20.506772189,446.5892028808594,155.5080108642578,493.08148193359375,0,100,0
20.510740506,446.5882263183594,155.10594177246094,493.0797424316406,0,100,0
20.515054466,446.5842590332031,154.70211791992188,493.0810546875,0,100,0
20.518869462,446.5787353515625,154.30088806152344,493.080810546875,0,100,0
20.522789015,446.5726623535156,153.90301513671875,493.0783386230469,0,100,0
20.527105565,446.5688171386719,153.52220153808594,493.0745544433594,0,100,0
20.531097296,446.5648498535156,153.1878204345703,493.06756591796875,0,100,0
20.535300008,446.55560302734375,152.89492797851563,493.0521240234375,0,100,0
20.539155805,446.54974365234375,152.64990234375,493.03955078125,0,100,0
20.543105772,446.5456237792969,152.4722442626953,493.0264892578125,0,100,0
20.547026979,446.5386047363281,152.38986206054688,493.01312255859375,0,100,0
20.551257495,446.5328063964844,152.38897705078125,493.0092468261719,0,100,0
20.555259086,446.5447692871094,152.4525146484375,493.0356750488281,0,100,0
20.55919358,446.5489196777344,152.5673370361328,493.04107666015625,0,100,0
20.56333932,446.55584716796875,152.74017333984375,493.04736328125,0,100,0
20.567298193,446.57733154296875,152.9715118408203,493.0871887207031,0,100,0
20.571199793,446.58355712890625,153.25474548339844,493.1061096191406,0,100,0
20.575576513,446.580322265625,153.5923309326172,493.1145935058594,0,100,0
20.579447164,446.58203125,153.9828643798828,493.1220397949219,0,100,0
20.583361628,446.5803527832031,154.3927764892578,493.1207275390625,0,100,0
20.587535497,446.5783386230469,154.80812072753906,493.1218566894531,0,100,0
20.591458569,446.57855224609375,155.2327880859375,493.1304931640625,0,100,0
20.595547132,446.5723876953125,155.65689086914063,493.13134765625,0,100,0
20.599632307,446.568603515625,156.0684814453125,493.12060546875,0,100,0
20.603494237,446.5638427734375,156.48106384277344,493.1098937988281,0,100,0
20.607539046,446.55706787109375,156.888671875,493.10089111328125,0,100,0
20.611725355,446.55474853515625,157.29345703125,493.0950012207031,0,100,0
20.615746665,446.5521240234375,157.7017059326172,493.0897216796875,0,100,0
20.619588568,446.5508728027344,158.10150146484375,493.0904235839844,0,100,0
20.623861284,446.55084228515625,158.4942626953125,493.0940246582031,0,100,0
20.627852356,446.55157470703125,158.87545776367188,493.09295654296875,0,100,0
20.631759438,446.5522766113281,159.25587463378906,493.09375,0,100,0
20.636231766,446.5497741699219,159.64523315429688,493.0941162109375,0,100,0
20.639864086,446.54345703125,160.0540008544922,493.0987854003906,0,100,0
20.643822516,446.533935546875,160.46804809570313,493.1023864746094,0,100,0
20.648059403,446.52764892578125,160.87582397460938,493.1084289550781,0,100,0
20.651905831,446.52227783203125,161.27835083007813,493.1089172363281,0,100,0
20.656048178,446.5198059082031,161.68270874023438,493.1109313964844,0,100,0
20.660117992,446.513427734375,162.09014892578125,493.111572265625,0,100,0
20.664055825,446.5062561035156,162.50192260742188,493.10845947265625,0,100,0
20.667991727,446.49853515625,162.91653442382813,493.1021728515625,0,100,0
20.672223902,446.4895935058594,163.3311309814453,493.0952453613281,0,100,0
20.676318836,446.48358154296875,163.7442626953125,493.08770751953125,0,100,0
20.680173422,446.47796630859375,164.15145874023438,493.0773010253906,0,100,0
20.684298136,446.4753723144531,164.55369567871094,493.070068359375,0,100,0
20.688219319,446.4757385253906,164.95310974121094,493.0634460449219,0,100,0
20.69216471,446.4749450683594,165.35250854492188,493.05535888671875,0,100,0
20.696511757,446.4752502441406,165.75120544433594,493.0479431152344,0,100,0
20.700320317,446.47357177734375,166.14779663085938,493.0499572753906,0,100,0
20.704329732,446.4674377441406,166.5452423095703,493.0516662597656,0,100,0
20.708466519,446.4609680175781,166.9453125,493.0526428222656,0,100,0
20.712412017,446.4563903808594,167.3471221923828,493.0589294433594,0,100,0
20.716432442,446.4500732421875,167.7495574951172,493.06109619140625,0,100,0
20.72062406,446.44305419921875,168.15342712402344,493.06439208984375,0,100,0
20.724612776,446.4349365234375,168.55712890625,493.07037353515625,0,100,0
20.72850984,446.4268493652344,168.96055603027344,493.0763244628906,0,100,0
20.732686881,446.4198913574219,169.37399291992188,493.0807800292969,0,100,0
20.736886455,446.41265869140625,169.78359985351563,493.080810546875,0,100,0
20.740612233,446.4090270996094,170.19679260253906,493.0827331542969,0,100,0
20.744791617,446.4046936035156,170.60604858398438,493.0771789550781,0,100,0
20.748676801,446.4001770019531,171.01153564453125,493.0709533691406,0,100,0
20.752710007,446.395263671875,171.41419982910156,493.0643615722656,0,100,0
20.756983689,446.3924560546875,171.81443786621094,493.055419921875,0,100,0
20.76080551,446.3905334472656,172.21676635742188,493.045654296875,0,100,0
20.76477234,446.3882141113281,172.6230926513672,493.0394287109375,0,100,0
20.769015616,446.3852844238281,173.0289306640625,493.03125,0,100,0
20.7730198,446.3827819824219,173.4322509765625,493.02911376953125,0,100,0
20.777003108,446.3799133300781,173.8321990966797,493.0292053222656,0,100,0
20.78086183,446.3746032714844,174.2284698486328,493.029541015625,0,100,0
20.785075903,446.3690185546875,174.62832641601563,493.0361022949219,0,100,0
20.788945543,446.3622131347656,175.03140258789063,493.0392150878906,0,100,0
20.793168845,446.3562316894531,175.43551635742188,493.0414733886719,0,100,0
20.797186797,446.3503112792969,175.84239196777344,493.0469665527344,0,100,0
20.801085587,446.34588623046875,176.2525634765625,493.0552978515625,0,100,0
20.805242118,446.3405456542969,176.65965270996094,493.0636901855469,0,100,0
20.809180549,446.3375549316406,177.0654754638672,493.0711975097656,0,100,0
20.8131315,446.3318176269531,177.4699249267578,493.0690002441406,0,100,0
20.817420143,446.32781982421875,177.87777709960938,493.06549072265625,0,100,0
20.821365764,446.3236389160156,178.28236389160156,493.05816650390625,0,100,0
20.825285564,446.32275390625,178.6865234375,493.05743408203125,0,100,0
20.829439836,446.3226318359375,179.08724975585938,493.0535888671875,0,100,0
20.833386354,446.3204040527344,179.4904022216797,493.0455627441406,0,100,0
20.837606045,446.31610107421875,179.8929443359375,493.0364990234375,0,100,0
20.84156934,446.3117980957031,180.29623413085938,493.02545166015625,0,100,0
20.845469553,446.3075256347656,180.69827270507813,493.0155334472656,0,100,0
20.849469304,446.3042907714844,181.0999755859375,493.0142822265625,0,100,0
20.853624359,446.297607421875,181.5035400390625,493.0145568847656,0,100,0
20.857655455,446.2893981933594,181.90872192382813,493.0133361816406,0,100,0
20.861506149,446.2822570800781,182.31259155273438,493.0146484375,0,100,0
20.865745063,446.27484130859375,182.7171173095703,493.01666259765625,0,100,0
20.869839213,446.2709045410156,183.12127685546875,493.0244140625,0,100,0
20.87367396,446.264404296875,183.52914428710938,493.0322570800781,0,100,0
20.877943975,446.2623291015625,183.93458557128906,493.0439758300781,0,100,0
20.881763966,446.2563171386719,184.34117126464844,493.0486755371094,0,100,0
20.885690317,446.25396728515625,184.7440185546875,493.0535583496094,0,100,0
20.890035832,446.2505187988281,185.14865112304688,493.0560302734375,0,100,0
20.893842994,446.24688720703125,185.55198669433594,493.0536804199219,0,100,0
20.89795351,446.2432556152344,185.95655822753906,493.0504455566406,0,100,0
20.902033057,446.23748779296875,186.364013671875,493.0452880859375,0,100,0
20.905999475,446.2337341308594,186.76902770996094,493.038818359375,0,100,0
20.909887193,446.2289733886719,187.16940307617188,493.0310363769531,0,100,0
20.914169861,446.228515625,187.5697784423828,493.025146484375,0,100,0
20.918237353,446.2247619628906,187.97103881835938,493.0156555175781,0,100,0
20.922033414,446.22149658203125,188.3748016357422,493.0130310058594,0,100,0
20.926208279,446.2159729003906,188.7834014892578,493.0138854980469,0,100,0
20.930161301,446.2107849121094,189.19088745117188,493.0154724121094,0,100,0
20.934069485,446.20654296875,189.59703063964844,493.01727294921875,0,100,0
20.938620311,446.2037353515625,190.00302124023438,493.0185241699219,0,100,0
20.942219255,446.2011413574219,190.40887451171875,493.0213317871094,0,100,0
20.946235643,446.1954345703125,190.81362915039063,493.0277099609375,0,100,0
20.95037716,446.18878173828125,191.21725463867188,493.0318908691406,0,100,0
20.954343386,446.18719482421875,191.61924743652344,493.038330078125,0,100,0
20.958362337,446.181396484375,192.0228271484375,493.0376892089844,0,100,0
20.962519474,446.1770935058594,192.4286346435547,493.0379638671875,0,100,0
20.966523292,446.17364501953125,192.8311004638672,493.03741455078125,0,100,0
20.970454166,446.1669006347656,193.23243713378906,493.0359802246094,0,100,0
20.974654116,446.1636962890625,193.63551330566406,493.0314636230469,0,100,0
20.978599974,446.1578369140625,194.03933715820313,493.027099609375,0,100,0
20.982455288,446.1545715332031,194.44143676757813,493.0223693847656,0,100,0
20.986702479,446.1515197753906,194.84629821777344,493.0157165527344,0,100,0
20.990610455,446.1474304199219,195.25161743164063,493.0112609863281,0,100,0
20.994606324,446.1439208984375,195.65444946289063,493.00872802734375,0,100,0
20.998881724,446.14215087890625,196.05763244628906,493.0106201171875,0,100,0
21.002706397,446.1365966796875,196.46258544921875,493.0080261230469,0,100,0
21.006612181,446.1337585449219,196.8685760498047,493.0069580078125,0,100,0
21.010905189,446.12823486328125,197.27345275878906,493.00506591796875,0,100,0
21.014958627,446.12103271484375,197.67906188964844,493.0077209472656,0,100,0
21.018908727,446.11572265625,198.0872039794922,493.012451171875,0,100,0
21.022972484,446.10992431640625,198.49070739746094,493.0177001953125,0,100,0
21.026905405,446.1037292480469,198.89132690429688,493.0178527832031,0,100,0
21.030843103,446.10107421875,199.29513549804688,493.01727294921875,0,100,0
21.035113028,446.0966491699219,199.6987762451172,493.01904296875,0,100,0
21.039284065,446.0912780761719,200.10398864746094,493.02191162109375,0,100,0
21.043024828,446.0876770019531,200.5093994140625,493.0218200683594,0,100,0
21.04718217,446.0875549316406,200.9116668701172,493.0235595703125,0,100,0
21.051103935,446.0846862792969,201.3120880126953,493.0174865722656,0,100,0
21.05507239,446.0833740234375,201.71575927734375,493.0144348144531,0,100,0
21.059414842,446.0783386230469,202.123291015625,493.01385498046875,0,100,0
21.063287994,446.0732116699219,202.5297088623047,493.0147399902344,0,100,0
21.067222497,446.0678405761719,202.9385223388672,493.0140686035156,0,100,0
21.071360734,446.06317138671875,203.34552001953125,493.01092529296875,0,100,0
21.07528799,446.0574035644531,203.747802734375,493.00030517578125,0,100,0
21.079324959,446.0550537109375,204.1495361328125,493.0001525878906,0,100,0
21.083469576,446.0499267578125,204.5561981201172,493.00335693359375,0,100,0
21.087377778,446.0433654785156,204.9588623046875,493.0032653808594,0,100,0
21.091380633,446.03729248046875,205.36611938476563,493.0045166015625,0,100,0
21.095537608,446.0326232910156,205.77328491210938,493.00201416015625,0,100,0
21.099552772,446.02960205078125,206.17605590820313,493.004150390625,0,100,0
21.103421711,446.0265808105469,206.580810546875,493.01043701171875,0,100,0
21.107656507,446.0220031738281,206.9827117919922,493.0133361816406,0,100,0
21.111672372,446.0155029296875,207.3846893310547,493.0101623535156,0,100,0
21.115530923,446.0140686035156,207.7889404296875,493.011474609375,0,100,0
21.119861408,446.0123596191406,208.18988037109375,493.0097961425781,0,100,0
21.123675653,446.008056640625,208.5937042236328,493.0088806152344,0,100,0
21.127605917,446.0030517578125,209.00076293945313,493.0093994140625,0,100,0
21.131866234,445.9973449707031,209.40533447265625,493.0068664550781,0,100,0
21.135734991,445.99365234375,209.810791015625,493.0052490234375,0,100,0
21.140105543,445.9900817871094,210.21475219726563,493.0004577636719,0,100,0
21.144022227,445.9875793457031,210.6184539794922,492.9981994628906,0,100,0
21.147884454,445.9812927246094,211.0240478515625,492.99725341796875,0,100,0
21.151808977,445.9737548828125,211.43157958984375,492.9974670410156,0,100,0
21.156057525,445.9695739746094,211.8364715576172,492.997802734375,0,100,0
21.160157627,445.9665832519531,212.23971557617188,493.0003356933594,0,100,0
21.164063619,445.9634094238281,212.64083862304688,492.998291015625,0,100,0
21.167848661,445.9617614746094,213.0455780029297,493.00201416015625,0,100,0
21.171754816,445.95684814453125,213.4482421875,493.0019226074219,0,100,0
21.175698248,445.9529113769531,213.8529815673828,493.0022277832031,0,100,0
21.1800133,445.95111083984375,214.2595672607422,493.00384521484375,0,100,0
21.183830628,445.9476013183594,214.66294860839844,492.9998474121094,0,100,0
21.187878093,445.942626953125,215.06565856933594,492.9993896484375,0,100,0
21.192045947,445.9380798339844,215.46807861328125,492.99920654296875,0,100,0
21.196001726,445.93426513671875,215.87136840820313,493.0014953613281,0,100,0
21.200043802,445.9288635253906,216.27284240722656,492.9969177246094,0,100,0
21.204231104,445.92327880859375,216.68142700195313,492.9947509765625,0,100,0
21.208227929,445.91705322265625,217.08807373046875,492.9927062988281,0,100,0
21.212179447,445.912841796875,217.4910125732422,492.9893493652344,0,100,0
21.216374632,445.9097900390625,217.8958282470703,492.99273681640625,0,100,0
21.220509051,445.9067687988281,218.29962158203125,492.9918518066406,0,100,0
21.224399743,445.90423583984375,218.70289611816406,492.9877624511719,0,100,0
21.228620889,445.8985290527344,219.11019897460938,492.98944091796875,0,100,0
21.232512327,445.8935546875,219.51788330078125,492.9875793457031,0,100,0
21.236503293,445.8887023925781,219.92591857910156,492.9886169433594,0,100,0
21.241016999,445.8829345703125,220.3314208984375,492.98931884765625,0,100,0
21.244643401,445.87774658203125,220.73507690429688,492.98541259765625,0,100,0
21.248637809,445.87701416015625,221.13536071777344,492.9828186035156,0,100,0
21.252809365,445.8728942871094,221.5339813232422,492.9833984375,0,100,0
21.256827597,445.8680114746094,221.9351806640625,492.9839172363281,0,100,0
21.260777973,445.8636779785156,222.34228515625,492.9844665527344,0,100,0
21.264856317,445.8597106933594,222.75038146972656,492.9841613769531,0,100,0
21.268822773,445.8556213378906,223.15283203125,492.9835205078125,0,100,0
21.272772145,445.8526916503906,223.55776977539063,492.9869384765625,0,100,0
21.277022977,445.85064697265625,223.96156311035156,492.9861145019531,0,100,0
21.280982199,445.846435546875,224.36508178710938,492.98516845703125,0,100,0
21.284914951,445.8431396484375,224.76962280273438,492.9848937988281,0,100,0
21.289111427,445.83807373046875,225.17544555664063,492.9857177734375,0,100,0
21.293010124,445.8355407714844,225.58013916015625,492.9867248535156,0,100,0
21.296954764,445.8305969238281,225.98422241210938,492.98516845703125,0,100,0
21.301320601,445.8225402832031,226.39205932617188,492.9801940917969,0,100,0
21.305202652,445.8194580078125,226.79685974121094,492.9798278808594,0,100,0
21.309107677,445.8146057128906,227.2023468017578,492.97760009765625,0,100,0
21.313277924,445.8117980957031,227.60488891601563,492.9767150878906,0,100,0
21.317224473,445.80511474609375,228.00843811035156,492.9757385253906,0,100,0
21.321213867,445.80267333984375,228.4141845703125,492.97540283203125,0,100,0
21.325395406,445.7976379394531,228.81781005859375,492.97210693359375,0,100,0
21.329294067,445.7961730957031,229.22166442871094,492.97308349609375,0,100,0
21.333315728,445.79443359375,229.62161254882813,492.9734191894531,0,100,0
21.33745849,445.78857421875,230.0246124267578,492.9734802246094,0,100,0
21.341718423,445.7855529785156,230.42526245117188,492.9757385253906,0,100,0
21.345359926,445.78240966796875,230.83135986328125,492.9761047363281,0,100,0
21.349559999,445.7785339355469,231.234619140625,492.9750061035156,0,100,0
21.353658732,445.7735595703125,231.63844299316406,492.97314453125,0,100,0
21.357494898,445.76861572265625,232.0444793701172,492.9721984863281,0,100,0
21.361753245,445.7638244628906,232.451416015625,492.97186279296875,0,100,0
21.365570309,445.76007080078125,232.856201171875,492.9664001464844,0,100,0
21.369527529,445.7595520019531,233.26023864746094,492.96502685546875,0,100,0
21.373790577,445.75469970703125,233.6656036376953,492.9641418457031,0,100,0
21.377658994,445.7494812011719,234.07215881347656,492.967041015625,0,100,0
21.381784336,445.742919921875,234.48158264160156,492.96484375,0,100,0
21.385850624,445.73968505859375,234.88540649414063,492.96124267578125,0,100,0
21.389790349,445.7349548339844,235.289306640625,492.9596252441406,0,100,0
21.393702974,445.73150634765625,235.6903533935547,492.9631042480469,0,100,0
21.397982106,445.72918701171875,236.09335327148438,492.9671325683594,0,100,0
21.40207108,445.7237854003906,236.49888610839844,492.96807861328125,0,100,0
21.405887423,445.71807861328125,236.9039764404297,492.9653625488281,0,100,0
21.409850629,445.7153015136719,237.31040954589844,492.96826171875,0,100,0
21.414029695,445.71002197265625,237.7158203125,492.9704284667969,0,100,0
21.417922353,445.7067565917969,238.12037658691406,492.9740295410156,0,100,0
21.422236265,445.701904296875,238.52000427246094,492.96728515625,0,100,0
21.426047618,445.7002868652344,238.9194793701172,492.9645080566406,0,100,0
21.430073123,445.6993103027344,239.32342529296875,492.9673156738281,0,100,0
21.434210314,445.69189453125,239.72750854492188,492.9646301269531,0,100,0
21.438188704,445.6855163574219,240.13575744628906,492.965087890625,0,100,0
21.442418014,445.6786193847656,240.54214477539063,492.9574279785156,0,100,0
21.446364608,445.675537109375,240.9497528076172,492.9566345214844,0,100,0
21.450339894,445.6703186035156,241.35403442382813,492.9565124511719,0,100,0
21.454260777000002,445.66717529296875,241.7575225830078,492.9566650390625,0,100,0
21.458480739,445.6620788574219,242.161376953125,492.9576110839844,0,100,0
21.462449868,445.6557312011719,242.56761169433594,492.9556884765625,0,100,0
21.466311953,445.65325927734375,242.97406005859375,492.9549255371094,0,100,0
21.470557227,445.65008544921875,243.3759765625,492.95361328125,0,100,0
21.474428687,445.64556884765625,243.7797088623047,492.952880859375,0,100,0
21.478423124,445.6429138183594,244.18528747558594,492.9505920410156,0,100,0
21.48271407,445.64013671875,244.58834838867188,492.94915771484375,0,100,0
21.486540076,445.6376953125,244.9918975830078,492.9520263671875,0,100,0
21.490497356,445.6325988769531,245.39430236816406,492.95184326171875,0,100,0
21.494727251,445.62896728515625,245.79664611816406,492.9522705078125,0,100,0
21.49876849,445.62530517578125,246.2015838623047,492.9527893066406,0,100,0
21.502739484,445.619384765625,246.60943603515625,492.95263671875,0,100,0
21.506784578,445.6148986816406,247.0111846923828,492.95025634765625,0,100,0
21.510765131,445.6128845214844,247.41287231445313,492.9521789550781,0,100,0
21.514678011,445.6084899902344,247.81527709960938,492.9523010253906,0,100,0
21.518959919,445.6043395996094,248.219482421875,492.9517822265625,0,100,0
21.52294325,445.5995788574219,248.62759399414063,492.9512939453125,0,100,0
21.526823457,445.5921936035156,249.03369140625,492.9471740722656,0,100,0
21.530998805,445.5889587402344,249.43756103515625,492.9471740722656,0,100,0
21.534930216,445.58428955078125,249.8439178466797,492.95001220703125,0,100,0
21.538855923,445.5798645019531,250.2481689453125,492.9450988769531,0,100,0
21.543493204,445.57696533203125,250.6515350341797,492.9432067871094,0,100,0
21.547180968,445.5742492675781,251.05645751953125,492.94488525390625,0,100,0
21.551012083,445.5679626464844,251.4594268798828,492.94342041015625,0,100,0
21.55518962,445.56353759765625,251.8629150390625,492.94287109375,0,100,0
21.55912429,445.5574951171875,252.27027893066406,492.9366455078125,0,100,0
21.563154815,445.554931640625,252.67710876464844,492.9380187988281,0,100,0
21.567333018,445.5517272949219,253.0777130126953,492.9383544921875,0,100,0
21.571192597,445.5481262207031,253.4780731201172,492.9387512207031,0,100,0
21.575224306,445.546630859375,253.88082885742188,492.9390563964844,0,100,0
21.579373866,445.5420837402344,254.28721618652344,492.93853759765625,0,100,0
21.583407215,445.5378723144531,254.692138671875,492.9373474121094,0,100,0
21.587277499,445.5335693359375,255.0995635986328,492.9388427734375,0,100,0
21.591490398,445.5271911621094,255.50672912597656,492.93658447265625,0,100,0
21.5955084,445.5245056152344,255.91290283203125,492.93524169921875,0,100,0
21.599405734,445.5201110839844,256.3183898925781,492.9327697753906,0,100,0
21.603682829,445.5162353515625,256.7217102050781,492.9333801269531,0,100,0
21.607510936,445.5119934082031,257.12109375,492.93017578125,0,100,0
21.611447078,445.50909423828125,257.5260925292969,492.9280700683594,0,100,0
21.615694572,445.5054016113281,257.9293212890625,492.9259033203125,0,100,0
21.619566812,445.4989013671875,258.33856201171875,492.927001953125,0,100,0
21.623697775,445.4913635253906,258.74530029296875,492.92645263671875,0,100,0
21.627829798,445.4897766113281,259.14605712890625,492.9284362792969,0,100,0
21.631716007,445.4853820800781,259.5495300292969,492.92999267578125,0,100,0
21.63562044,445.48089599609375,259.9521179199219,492.9295349121094,0,100,0
21.639882637,445.4792175292969,260.3543395996094,492.92779541015625,0,100,0
21.644234697,445.475341796875,260.7579040527344,492.92816162109375,0,100,0
21.647820587,445.4689636230469,261.1643371582031,492.9278259277344,0,100,0
21.65178034,445.4659118652344,261.56903076171875,492.9235534667969,0,100,0
21.655921845,445.46234130859375,261.9725341796875,492.924072265625,0,100,0
21.659836326,445.4605407714844,262.3763122558594,492.9258728027344,0,100,0
21.664125814,445.4555358886719,262.78369140625,492.9249572753906,0,100,0
21.667991465,445.4517517089844,263.1863098144531,492.92034912109375,0,100,0
21.671991731,445.447509765625,263.5895690917969,492.91729736328125,0,100,0
21.676148231,445.44281005859375,263.9974670410156,492.9205322265625,0,100,0
21.680090061,445.4366760253906,264.40374755859375,492.92059326171875,0,100,0
21.684084551,445.4306640625,264.80804443359375,492.9161682128906,0,100,0
21.6882534,445.4261779785156,265.2112731933594,492.91400146484375,0,100,0
21.692262776,445.4263916015625,265.6162109375,492.9171447753906,0,100,0
21.696166891,445.4222717285156,266.0165100097656,492.917724609375,0,100,0
21.700329922999998,445.4185791015625,266.4176940917969,492.91571044921875,0,100,0
21.704365362,445.4158935546875,266.8204040527344,492.9153747558594,0,100,0
21.708210206,445.4110412597656,267.228515625,492.9161376953125,0,100,0
21.712463983,445.406494140625,267.6318664550781,492.915771484375,0,100,0
21.716343136,445.4010925292969,268.03271484375,492.914794921875,0,100,0
21.720357327,445.39715576171875,268.4364929199219,492.9145202636719,0,100,0
21.724623988,445.39324951171875,268.8417663574219,492.91278076171875,0,100,0
21.728461574,445.38751220703125,269.24627685546875,492.9100036621094,0,100,0
21.732479841,445.3819580078125,269.6495056152344,492.9128112792969,0,100,0
21.736636813,445.3791809082031,270.0523681640625,492.9140625,0,100,0
21.740673335,445.3746643066406,270.4585876464844,492.9131164550781,0,100,0
21.744849504,445.36871337890625,270.8659973144531,492.9105529785156,0,100,0
21.748719843,445.3628234863281,271.27203369140625,492.90570068359375,0,100,0
21.752659928,445.35760498046875,271.6775817871094,492.906982421875,0,100,0
21.75659176,445.3544616699219,272.0812683105469,492.9017639160156,0,100,0
21.760851968,445.3511962890625,272.4845886230469,492.9029235839844,0,100,0
21.764796388,445.34600830078125,272.886474609375,492.9024963378906,0,100,0
21.76875415,445.3417053222656,273.2904052734375,492.9021301269531,0,100,0
21.772943333,445.3389892578125,273.6991271972656,492.9016418457031,0,100,0
21.776852576,445.335205078125,274.1028747558594,492.9012145996094,0,100,0
21.780814043,445.33258056640625,274.50823974609375,492.90435791015625,0,100,0
21.785151864,445.3264465332031,274.9146728515625,492.90496826171875,0,100,0
21.789054543,445.3207702636719,275.31756591796875,492.9023742675781,0,100,0
21.792944611,445.3185119628906,275.717041015625,492.90008544921875,0,100,0
21.79713961,445.3163146972656,276.1174621582031,492.90069580078125,0,100,0
21.801052847,445.31298828125,276.522216796875,492.9012756347656,0,100,0
21.80507771,445.30633544921875,276.9276123046875,492.900634765625,0,100,0
21.809216585,445.30426025390625,277.3362121582031,492.90155029296875,0,100,0
21.813111249,445.2995300292969,277.74163818359375,492.9000244140625,0,100,0
21.817147503,445.2969055175781,278.14581298828125,492.8993835449219,0,100,0
21.821283135,445.290283203125,278.5489807128906,492.8968505859375,0,100,0
21.825315745,445.2860107421875,278.9544982910156,492.8930358886719,0,100,0
21.829172166,445.2827453613281,279.36041259765625,492.8916320800781,0,100,0
21.833419553,445.27471923828125,279.7672424316406,492.89031982421875,0,100,0
21.837549928,445.2682189941406,280.17181396484375,492.8909912109375,0,100,0
21.841370628,445.263916015625,280.574462890625,492.8924865722656,0,100,0
21.845802835,445.2642822265625,280.9786071777344,492.8945007324219,0,100,0
21.849462118,445.2607727050781,281.3818359375,492.8929138183594,0,100,0
21.853370254,445.2576904296875,281.78631591796875,492.8942565917969,0,100,0
21.857609948,445.2559509277344,282.18951416015625,492.8938293457031,0,100,0
21.86149742,445.25341796875,282.5949401855469,492.893798828125,0,100,0
21.865607792,445.24713134765625,282.9989013671875,492.88916015625,0,100,0
21.869682827,445.2432556152344,283.4041748046875,492.8912353515625,0,100,0
21.873605591,445.2417907714844,283.8094482421875,492.8922424316406,0,100,0
21.8775257,445.2371826171875,284.2125244140625,492.88385009765625,0,100,0
21.881814851,445.2328186035156,284.6166076660156,492.88427734375,0,100,0
21.885914454999998,445.2322692871094,285.0181579589844,492.88671875,0,100,0
21.889721454,445.2290954589844,285.4218444824219,492.8883972167969,0,100,0
21.893890566,445.2237243652344,285.8262939453125,492.8868408203125,0,100,0
21.897831329,445.2182312011719,286.2304382324219,492.8816833496094,0,100,0
21.901755928,445.215087890625,286.6369934082031,492.8828125,0,100,0
21.906094602,445.2094421386719,287.0392150878906,492.8826904296875,0,100,0
21.909926417,445.20379638671875,287.4448547363281,492.87750244140625,0,100,0
21.913936404,445.20086669921875,287.851318359375,492.87506103515625,0,100,0
21.918081397,445.1951904296875,288.25579833984375,492.87554931640625,0,100,0
21.922083166,445.1897277832031,288.65887451171875,492.8756103515625,0,100,0
21.926037529,445.1851806640625,289.06414794921875,492.8739318847656,0,100,0
21.930182975,445.18377685546875,289.46624755859375,492.8702087402344,0,100,0
21.934201537,445.18133544921875,289.8699035644531,492.8715515136719,0,100,0
21.938089666,445.1733703613281,290.2757263183594,492.8711242675781,0,100,0
21.94226398,445.1678771972656,290.6822509765625,492.8713684082031,0,100,0
21.946515137,445.1631774902344,291.0848388671875,492.8687438964844,0,100,0
21.950137151,445.1612243652344,291.4864196777344,492.8696594238281,0,100,0
21.95437749,445.1574401855469,291.8914489746094,492.87042236328125,0,100,0
21.958285114,445.1563415527344,292.2967224121094,492.8739318847656,0,100,0
21.962333355,445.15362548828125,292.70068359375,492.8733825683594,0,100,0
21.966560682,445.1486511230469,293.1028747558594,492.87005615234375,0,100,0
21.97037792,445.14373779296875,293.50909423828125,492.8727722167969,0,100,0
21.974327628,445.1383361816406,293.9165954589844,492.87249755859375,0,100,0
21.978542795,445.13079833984375,294.3223571777344,492.8671875,0,100,0
21.982607548,445.1263122558594,294.724365234375,492.8648681640625,0,100,0
21.986581287,445.1233825683594,295.12713623046875,492.8630065917969,0,100,0
21.990666715,445.1199951171875,295.5298767089844,492.86761474609375,0,100,0
21.994578113,445.1159362792969,295.93133544921875,492.8632507324219,0,100,0
21.998505268,445.11309814453125,296.3357238769531,492.8616638183594,0,100,0
22.002755904,445.10693359375,296.74444580078125,492.86004638671875,0,100,0
22.006771878,445.10076904296875,297.14984130859375,492.8587341308594,0,100,0
22.010783675,445.0963134765625,297.5535583496094,492.85382080078125,0,100,0
22.014837204,445.0942077636719,297.9555358886719,492.8528137207031,0,100,0
22.018775218,445.0892028808594,298.35894775390625,492.85443115234375,0,100,0
22.022767915,445.0832214355469,298.7645568847656,492.8548889160156,0,100,0
22.027182227,445.08203125,299.1669006347656,492.8558044433594,0,100,0
22.03092557,445.0780944824219,299.5720520019531,492.8551330566406,0,100,0
22.034833456,445.0740661621094,299.97869873046875,492.8566589355469,0,100,0
22.03881982,445.0690002441406,300.3819274902344,492.8565979003906,0,100,0
22.042960542,445.06719970703125,300.783935546875,492.861083984375,0,100,0
22.047246033,445.0632019042969,301.1848449707031,492.8597717285156,0,100,0
22.051174334,445.0565490722656,301.5892333984375,492.8553466796875,0,100,0
22.055037998,445.0514221191406,301.9956359863281,492.8556823730469,0,100,0
22.05905361,445.04791259765625,302.40032958984375,492.8584899902344,0,100,0
22.063200877,445.045166015625,302.8045959472656,492.8568115234375,0,100,0
22.067281876,445.03973388671875,303.2105712890625,492.8550720214844,0,100,0
22.07109044,445.0365905761719,303.6172180175781,492.8550109863281,0,100,0
22.075323978,445.0320129394531,304.0218811035156,492.85101318359375,0,100,0
22.07934116,445.0274658203125,304.42071533203125,492.84515380859375,0,100,0
22.083242253,445.0238037109375,304.8254699707031,492.84503173828125,0,100,0
22.087503887,445.0201110839844,305.2286682128906,492.84613037109375,0,100,0
22.091337852,445.013916015625,305.6311340332031,492.8429870605469,0,100,0
22.095290647,445.0115051269531,306.0339660644531,492.84234619140625,0,100,0
22.099524903,445.009521484375,306.4393615722656,492.84405517578125,0,100,0
22.103414468,445.0044860839844,306.8448791503906,492.84490966796875,0,100,0
22.1075283,445.00042724609375,307.2470397949219,492.84173583984375,0,100,0
22.111668921,445.0000305175781,307.65142822265625,492.8395690917969,0,100,0
22.115544413,444.9961853027344,308.0563049316406,492.83856201171875,0,100,0
22.119470519,444.99017333984375,308.4618835449219,492.8388671875,0,100,0
22.123755747,444.9869689941406,308.86785888671875,492.83612060546875,0,100,0
22.12782462,444.9865417480469,309.2723083496094,492.8359069824219,0,100,0
22.131614928,444.98028564453125,309.6730651855469,492.8333435058594,0,100,0
22.135782622,444.97381591796875,310.0791015625,492.83294677734375,0,100,0
22.1396973,444.9698181152344,310.4864807128906,492.8362731933594,0,100,0
22.14366743,444.962890625,310.89031982421875,492.8340148925781,0,100,0
22.148232322,444.9568786621094,311.2926330566406,492.8306579589844,0,100,0
22.151819845,444.9543762207031,311.6976623535156,492.83172607421875,0,100,0
22.155834329,444.9501037597656,312.10247802734375,492.83013916015625,0,100,0
22.160016838,444.9444580078125,312.502197265625,492.8233947753906,0,100,0
22.163962215,444.9410400390625,312.9089050292969,492.82421875,0,100,0
22.167961319,444.9359436035156,313.314208984375,492.8290710449219,0,100,0
22.171841452,444.9322509765625,313.71759033203125,492.8244323730469,0,100,0
22.175814141,444.9301452636719,314.1224670410156,492.8206481933594,0,100,0
22.179762033,444.9240417480469,314.52996826171875,492.8206481933594,0,100,0
22.183938675,444.9191589355469,314.93359375,492.8227844238281,0,100,0
22.187968455,444.9141540527344,315.33489990234375,492.819091796875,0,100,0
22.191751855,444.91522216796875,315.7350769042969,492.8174133300781,0,100,0
22.196029419,444.91180419921875,316.137451171875,492.816650390625,0,100,0
22.199927914,444.9080810546875,316.5413513183594,492.815185546875,0,100,0
22.203999584,444.9035339355469,316.95074462890625,492.8177185058594,0,100,0
22.208242444,444.89892578125,317.35791015625,492.8179931640625,0,100,0
22.212093209,444.8933410644531,317.759521484375,492.81610107421875,0,100,0
22.216133593,444.88702392578125,318.16290283203125,492.8157958984375,0,100,0
22.220342354,444.88494873046875,318.56842041015625,492.8165588378906,0,100,0
22.224439665,444.877685546875,318.9698486328125,492.81195068359375,0,100,0
22.228472835,444.8725280761719,319.3744812011719,492.8100280761719,0,100,0
22.232548748,444.868408203125,319.78277587890625,492.81793212890625,0,100,0
22.236503166,444.8630676269531,320.18792724609375,492.8161315917969,0,100,0
22.240466114,444.8564453125,320.5943908691406,492.8144836425781,0,100,0
22.244680383,444.8568115234375,320.999267578125,492.8175048828125,0,100,0
22.248846118,444.85479736328125,321.40008544921875,492.8149719238281,0,100,0
22.252604143,444.85107421875,321.8006591796875,492.80963134765625,0,100,0
22.256759828,444.8455810546875,322.2041931152344,492.80657958984375,0,100,0
22.26070676,444.84210205078125,322.6114807128906,492.81085205078125,0,100,0
22.264606911,444.8363037109375,323.0148620605469,492.8084716796875,0,100,0
22.268985335,444.83465576171875,323.4209289550781,492.8079528808594,0,100,0
22.272895687,444.8327941894531,323.8265686035156,492.80743408203125,0,100,0
22.276770283,444.8292541503906,324.22735595703125,492.80712890625,0,100,0
22.280968518,444.8256530761719,324.6304626464844,492.80859375,0,100,0
22.284901562,444.8224182128906,325.0355529785156,492.80828857421875,0,100,0
22.288846824,444.81732177734375,325.43756103515625,492.8048095703125,0,100,0
22.293054324,444.8126220703125,325.84283447265625,492.8032531738281,0,100,0
22.296967843,444.8127136230469,326.24609375,492.8084716796875,0,100,0
22.301049043,444.8076477050781,326.6524353027344,492.80584716796875,0,100,0
22.305139557,444.8033142089844,327.0557861328125,492.8023376464844,0,100,0
22.309190539,444.7997131347656,327.4613037109375,492.8016662597656,0,100,0
22.313015426,444.7984619140625,327.8649597167969,492.8038330078125,0,100,0
22.317281159,444.7906188964844,328.26873779296875,492.7964782714844,0,100,0
22.321245798,444.7859191894531,328.67315673828125,492.7982177734375,0,100,0
22.325169602,444.7806091308594,329.07818603515625,492.8008117675781,0,100,0
22.329407001,444.7737121582031,329.481689453125,492.79473876953125,0,100,0
22.333262157,444.7688293457031,329.88507080078125,492.7955017089844,0,100,0
22.337232953,444.7657775878906,330.28948974609375,492.7953796386719,0,100,0
22.341477774,444.760986328125,330.69232177734375,492.79296875,0,100,0
22.34534056,444.7578430175781,331.0933837890625,492.7889099121094,0,100,0
22.349646571,444.7552185058594,331.50250244140625,492.7944641113281,0,100,0
22.353525434,444.74896240234375,331.90728759765625,492.7896728515625,0,100,0
22.357487451,444.7458190917969,332.3106994628906,492.7879638671875,0,100,0
22.361423793,444.74688720703125,332.7156677246094,492.7878723144531,0,100,0
22.365643548,444.74322509765625,333.117431640625,492.78289794921875,0,100,0
22.369740433,444.7366638183594,333.52069091796875,492.7821044921875,0,100,0
22.373546441,444.7319030761719,333.9256286621094,492.78564453125,0,100,0
22.377696146,444.7282409667969,334.3278503417969,492.7823181152344,0,100,0
22.381650534,444.7235412597656,334.7275390625,492.7757568359375,0,100,0
22.385663321,444.71856689453125,335.1334228515625,492.77569580078125,0,100,0
22.389941181,444.7135009765625,335.5435791015625,492.775634765625,0,100,0
22.393710452,444.70513916015625,335.9482727050781,492.7707824707031,0,100,0
22.397747638,444.7040710449219,336.3514099121094,492.7730407714844,0,100,0
22.401932891,444.7029724121094,336.7536315917969,492.7754211425781,0,100,0
22.405831868,444.69757080078125,337.1548767089844,492.7694091796875,0,100,0
22.409807749,444.69537353515625,337.5602722167969,492.77044677734375,0,100,0
22.41404067,444.69232177734375,337.9653015136719,492.77362060546875,0,100,0
22.418015061,444.6844482421875,338.36578369140625,492.76849365234375,0,100,0
22.421952601,444.6808776855469,338.7752380371094,492.77178955078125,0,100,0
22.426116974,444.676025390625,339.1820373535156,492.77288818359375,0,100,0
22.430150561,444.67236328125,339.5827331542969,492.7689208984375,0,100,0
22.434010625,444.6696472167969,339.9870910644531,492.77227783203125,0,100,0
22.438217647,444.66778564453125,340.39324951171875,492.77374267578125,0,100,0
22.442099376,444.6595153808594,340.7967834472656,492.76800537109375,0,100,0
22.446115111,444.6558837890625,341.1988525390625,492.76806640625,0,100,0
22.450600433,444.65447998046875,341.6023254394531,492.76934814453125,0,100,0
22.454195999,444.64794921875,342.0076599121094,492.76446533203125,0,100,0
22.458159214,444.644287109375,342.41412353515625,492.7652587890625,0,100,0
22.462384662,444.6424865722656,342.8156433105469,492.76934814453125,0,100,0
22.466437024,444.64239501953125,343.2147216796875,492.7689514160156,0,100,0
22.470429777,444.6379699707031,343.6189880371094,492.7662048339844,0,100,0
22.474475266,444.6302795410156,344.02850341796875,492.7661437988281,0,100,0
22.478398934,444.62725830078125,344.4318542480469,492.7605285644531,0,100,0
22.482346904,444.6254577636719,344.8323974609375,492.7573547363281,0,100,0
22.486595953,444.6231994628906,345.2376708984375,492.7604064941406,0,100,0
22.490652478,444.6153259277344,345.6451721191406,492.76153564453125,0,100,0
22.494515475,444.6097106933594,346.05126953125,492.7587890625,0,100,0
22.498661546,444.6076965332031,346.4558410644531,492.75799560546875,0,100,0
22.502604857,444.60162353515625,346.8568420410156,492.75262451171875,0,100,0
22.506527833,444.5968933105469,347.25921630859375,492.7548828125,0,100,0
22.510986481,444.5935974121094,347.6658630371094,492.7591247558594,0,100,0
22.514787022,444.5886535644531,348.0681457519531,492.7566833496094,0,100,0
22.5186843,444.583984375,348.4689025878906,492.75384521484375,0,100,0
22.522847892,444.583984375,348.8743591308594,492.75750732421875,0,100,0
22.526798661,444.57855224609375,349.27728271484375,492.75506591796875,0,100,0
22.530824901,444.572509765625,349.68011474609375,492.7476806640625,0,100,0
22.534987355,444.5703430175781,350.0849304199219,492.75018310546875,0,100,0
22.538848049,444.5657043457031,350.4889221191406,492.74786376953125,0,100,0
22.542881696,444.5639953613281,350.8913269042969,492.74371337890625,0,100,0
22.54707611,444.5614929199219,351.29766845703125,492.7489013671875,0,100,0
22.551303497,444.5547790527344,351.70172119140625,492.7492980957031,0,100,0
22.554957947,444.5509033203125,352.1035461425781,492.744384765625,0,100,0
22.559177023,444.5464172363281,352.5058898925781,492.74261474609375,0,100,0
22.563145806,444.54071044921875,352.91107177734375,492.74102783203125,0,100,0
22.567093542,444.5357360839844,353.31585693359375,492.7380676269531,0,100,0
22.571337058,444.5322265625,353.72357177734375,492.7362365722656,0,100,0
22.575177637,444.5296325683594,354.1275329589844,492.73553466796875,0,100,0
22.579109595,444.5257873535156,354.53350830078125,492.7376708984375,0,100,0
22.583357568,444.5216064453125,354.94110107421875,492.7357177734375,0,100,0
22.587246074,444.5182189941406,355.3419494628906,492.7312316894531,0,100,0
22.591348098,444.5134582519531,355.744873046875,492.72760009765625,0,100,0
22.595493758,444.5099182128906,356.1470031738281,492.72955322265625,0,100,0
22.599380218,444.50537109375,356.5528564453125,492.7300109863281,0,100,0
22.603315045,444.5011901855469,356.9580078125,492.729736328125,0,100,0
22.607541854,444.4967956542969,357.36328125,492.7300720214844,0,100,0
22.611652817,444.4923095703125,357.7661437988281,492.7264099121094,0,100,0
22.615475719,444.4852294921875,358.1714172363281,492.72344970703125,0,100,0
22.619614807,444.4808044433594,358.5763854980469,492.72137451171875,0,100,0
22.623566655,444.4775695800781,358.9756164550781,492.72027587890625,0,100,0
22.627511554,444.47705078125,359.3753356933594,492.72113037109375,0,100,0
22.631876095,444.47711181640625,359.7786865234375,492.7221984863281,0,100,0
22.635646918,444.4714050292969,360.1832580566406,492.7197570800781,0,100,0
22.639653466,444.46917724609375,360.5897521972656,492.7243347167969,0,100,0
22.643845962,444.4656066894531,360.99615478515625,492.72515869140625,0,100,0
22.647752931,444.4606018066406,361.3988952636719,492.720458984375,0,100,0
22.652011663,444.45550537109375,361.8061828613281,492.7235107421875,0,100,0
22.655987317,444.4508972167969,362.2099609375,492.7215881347656,0,100,0
22.659970843,444.4457092285156,362.6108093261719,492.71478271484375,0,100,0
22.663860575,444.4420471191406,363.0182800292969,492.7148132324219,0,100,0
22.667829711,444.43878173828125,363.42425537109375,492.7164306640625,0,100,0
22.672048984,444.4297790527344,363.8273010253906,492.7112121582031,0,100,0
22.675901812,444.4263916015625,364.2353820800781,492.7105407714844,0,100,0
22.680213421,444.42169189453125,364.6405029296875,492.712890625,0,100,0
22.68403569,444.41448974609375,365.0404357910156,492.70989990234375,0,100,0
22.688029637,444.414794921875,365.4419250488281,492.7120361328125,0,100,0
22.692282737,444.4124755859375,365.8443603515625,492.7141418457031,0,100,0
22.696141057,444.4076232910156,366.24945068359375,492.7110900878906,0,100,0
22.700078258,444.40594482421875,366.65460205078125,492.71002197265625,0,100,0
22.704319629,444.4002380371094,367.0575256347656,492.7091064453125,0,100,0
22.708328783,444.3961181640625,367.45855712890625,492.707275390625,0,100,0
22.712320994,444.39208984375,367.8628234863281,492.7107238769531,0,100,0
22.716406204,444.3876647949219,368.26641845703125,492.7076416015625,0,100,0
22.720307558000002,444.3854675292969,368.6708068847656,492.7068786621094,0,100,0
22.724277432,444.384033203125,369.07623291015625,492.7094421386719,0,100,0
22.728505159,444.3783264160156,369.4762878417969,492.70782470703125,0,100,0
22.732488605,444.37274169921875,369.88037109375,492.7043762207031,0,100,0
22.736428657,444.3687744140625,370.2832946777344,492.702880859375,0,100,0
22.740630239,444.36279296875,370.68560791015625,492.69659423828125,0,100,0
22.744521989,444.3579406738281,371.0899353027344,492.692626953125,0,100,0
22.748438971,444.35711669921875,371.4973449707031,492.6943359375,0,100,0
22.753032366,444.3502502441406,371.9006652832031,492.692138671875,0,100,0
22.756719897,444.349609375,372.3052673339844,492.6953125,0,100,0
22.760646002,444.34466552734375,372.70733642578125,492.6896667480469,0,100,0
22.764847427,444.3383483886719,373.1108093261719,492.6869201660156,0,100,0
22.768711268,444.3341979980469,373.5164794921875,492.6923522949219,0,100,0
22.772673013,444.3284606933594,373.9175109863281,492.6873779296875,0,100,0
22.77687585,444.3250732421875,374.32232666015625,492.69244384765625,0,100,0
22.780745239,444.3216247558594,374.7289733886719,492.6960144042969,0,100,0
22.784795915,444.3168029785156,375.1325378417969,492.6915588378906,0,100,0
22.788999445,444.3162536621094,375.5350646972656,492.68951416015625,0,100,0
22.792995644,444.31121826171875,375.9399108886719,492.6910095214844,0,100,0
22.796831418,444.30609130859375,376.3406982421875,492.6833801269531,0,100,0
22.801098676,444.3022766113281,376.7473449707031,492.68194580078125,0,100,0
22.80508492,444.2996826171875,377.1539306640625,492.68182373046875,0,100,0
22.809020811,444.29522705078125,377.5577697753906,492.680908203125,0,100,0
22.813260235,444.2932434082031,377.96124267578125,492.6815185546875,0,100,0
22.817120027,444.2911682128906,378.36492919921875,492.68170166015625,0,100,0
22.821026271,444.28570556640625,378.763916015625,492.67529296875,0,100,0
22.825279123,444.28289794921875,379.170654296875,492.6742858886719,0,100,0
22.829170646,444.27728271484375,379.57171630859375,492.66778564453125,0,100,0
22.833268191,444.2738952636719,379.9764099121094,492.6661071777344,0,100,0
22.837375821,444.27142333984375,380.38232421875,492.671142578125,0,100,0
22.841291432,444.2646179199219,380.7864074707031,492.6678161621094,0,100,0
22.845250289,444.25885009765625,381.19317626953125,492.6654968261719,0,100,0
22.849505612,444.2554016113281,381.5978698730469,492.6693420410156,0,100,0
22.853857054,444.2518310546875,381.99615478515625,492.6681823730469,0,100,0
22.857460911,444.25225830078125,382.4012145996094,492.6710205078125,0,100,0
22.861576603,444.24658203125,382.8072814941406,492.6733703613281,0,100,0
22.865529025,444.2388610839844,383.2097473144531,492.6709289550781,0,100,0
22.869536346,444.238037109375,383.612548828125,492.67376708984375,0,100,0
22.873850135,444.23333740234375,384.016845703125,492.66900634765625,0,100,0
22.877571683,444.2266845703125,384.4190979003906,492.6659240722656,0,100,0
22.881604024,444.2227783203125,384.82708740234375,492.6684875488281,0,100,0
22.885780233,444.2154846191406,385.2301940917969,492.6622009277344,0,100,0
22.889732367,444.2123718261719,385.6328430175781,492.6563415527344,0,100,0
22.893773935,444.2125549316406,386.0364990234375,492.6622314453125,0,100,0
22.897913842,444.20550537109375,386.43865966796875,492.6584777832031,0,100,0
22.901934066,444.2013854980469,386.8445129394531,492.6551208496094,0,100,0
22.905802191,444.1960144042969,387.2511291503906,492.6544494628906,0,100,0
22.90998163,444.1938781738281,387.6534729003906,492.6497497558594,0,100,0
22.914030039,444.1905517578125,388.0566711425781,492.6473693847656,0,100,0
22.917848525,444.18780517578125,388.46063232421875,492.6522521972656,0,100,0
22.922105774,444.1833801269531,388.8650817871094,492.6517639160156,0,100,0
22.925994668,444.1822204589844,389.2689514160156,492.6556091308594,0,100,0
22.930035104,444.18157958984375,389.66534423828125,492.65167236328125,0,100,0
22.934258006,444.1777038574219,390.0682678222656,492.6485595703125,0,100,0
22.938098256,444.1703796386719,390.4754333496094,492.6529541015625,0,100,0
22.942046287,444.1592102050781,390.8809814453125,492.6479187011719,0,100,0
22.946281119,444.1595153808594,391.2849426269531,492.6518249511719,0,100,0
22.950290774,444.15667724609375,391.6856994628906,492.64886474609375,0,100,0
22.954515688,444.1530456542969,392.08843994140625,492.6485595703125,0,100,0
22.958371967,444.1493225097656,392.498291015625,492.64617919921875,0,100,0
22.96227732,444.1409912109375,392.900634765625,492.6429443359375,0,100,0
22.966228891,444.13726806640625,393.3043518066406,492.6407165527344,0,100,0
22.970491671,444.1343994140625,393.70989990234375,492.6390686035156,0,100,0
22.974453771,444.13055419921875,394.1142883300781,492.6397705078125,0,100,0
22.978392418,444.1268615722656,394.5191650390625,492.6426696777344,0,100,0
22.982556734,444.1246032714844,394.921875,492.6409912109375,0,100,0
22.986490931,444.1216125488281,395.3218994140625,492.6402587890625,0,100,0
22.990428471,444.122314453125,395.7226257324219,492.64337158203125,0,100,0
22.994760999,444.1146240234375,396.1246643066406,492.6346740722656,0,100,0
22.998675514,444.11016845703125,396.5306701660156,492.6336975097656,0,100,0
23.002573766,444.1057434082031,396.93780517578125,492.6366271972656,0,100,0
23.00673536,444.1000061035156,397.3379821777344,492.6292724609375,0,100,0
23.010747416,444.1013488769531,397.7411193847656,492.62762451171875,0,100,0
23.014711165,444.0980529785156,398.14190673828125,492.62884521484375,0,100,0
23.01885253,444.0914001464844,398.54620361328125,492.6296691894531,0,100,0
23.022710008,444.0848388671875,398.9556579589844,492.6315002441406,0,100,0
23.026763102,444.0791931152344,399.35772705078125,492.62701416015625,0,100,0
23.030941947,444.07879638671875,399.75799560546875,492.62457275390625,0,100,0
23.03489981,444.0773620605469,400.1607360839844,492.6213684082031,0,100,0
23.038808927,444.06915283203125,400.56707763671875,492.61810302734375,0,100,0
23.043062727,444.0619812011719,400.9746398925781,492.6198425292969,0,100,0
23.047093145,444.0562744140625,401.3793029785156,492.61968994140625,0,100,0
23.050976457,444.0540771484375,401.7846984863281,492.6153869628906,0,100,0
23.055428082,444.0500793457031,402.18975830078125,492.6192626953125,0,100,0
23.059121137,444.0447082519531,402.59381103515625,492.6191101074219,0,100,0
23.062980896,444.04144287109375,402.99517822265625,492.616455078125,0,100,0
23.067260381,444.0392150878906,403.3974914550781,492.6133728027344,0,100,0
23.07112695,444.03533935546875,403.798583984375,492.6116943359375,0,100,0
23.075237715,444.03521728515625,404.2038269042969,492.6150817871094,0,100,0
23.079316123,444.0294494628906,404.60791015625,492.6102294921875,0,100,0
23.083246997,444.0233154296875,405.0127258300781,492.6108093261719,0,100,0
23.087206484,444.0207214355469,405.41522216796875,492.60821533203125,0,100,0
23.091396687,444.0138244628906,405.8155212402344,492.60174560546875,0,100,0
23.095520426,444.008544921875,406.2214050292969,492.603759765625,0,100,0
23.099399425,444.0038757324219,406.6267395019531,492.6085205078125,0,100,0
23.103512726,443.9996032714844,407.0292663574219,492.6039733886719,0,100,0
23.107464822,444.0003356933594,407.4324951171875,492.6075134277344,0,100,0
23.111351525,443.99658203125,407.8332824707031,492.60400390625,0,100,0
23.115746742,443.99554443359375,408.2354736328125,492.6030578613281,0,100,0
23.119518832,443.9903869628906,408.6412353515625,492.6035461425781,0,100,0
23.123548043,443.9830627441406,409.0460205078125,492.60137939453125,0,100,0
23.127695036,443.9799499511719,409.4526062011719,492.60723876953125,0,100,0
23.131640852,443.9773864746094,409.85430908203125,492.60430908203125,0,100,0
23.135670191,443.97247314453125,410.2569885253906,492.6028747558594,0,100,0
23.139829192,443.96929931640625,410.6632995605469,492.607421875,0,100,0
23.143936998,443.9588317871094,411.067138671875,492.6004333496094,0,100,0
23.147731151,443.95819091796875,411.46929931640625,492.6000671386719,0,100,0
23.151914763,443.952392578125,411.8719787597656,492.5965270996094,0,100,0
23.156112492,443.946533203125,412.275634765625,492.59173583984375,0,100,0
23.159797271,443.9457702636719,412.6835021972656,492.5934143066406,0,100,0
23.164100954,443.9399719238281,413.0883483886719,492.59051513671875,0,100,0
23.167888799,443.9376525878906,413.491943359375,492.5890808105469,0,100,0
23.171910452,443.9352722167969,413.89410400390625,492.5881652832031,0,100,0
23.176132613,443.93292236328125,414.2960205078125,492.5879211425781,0,100,0
23.179991526,443.9309997558594,414.7027282714844,492.5923156738281,0,100,0
23.183972085,443.92242431640625,415.1033935546875,492.5898742675781,0,100,0
23.188182614,443.9171142578125,415.50848388671875,492.59039306640625,0,100,0
23.192170972,443.910400390625,415.9129943847656,492.5894470214844,0,100,0
23.196182546,443.9064025878906,416.3121643066406,492.5833740234375,0,100,0
23.200218642,443.9045104980469,416.71673583984375,492.5865478515625,0,100,0
23.204222135,443.89971923828125,417.11773681640625,492.5783386230469,0,100,0
23.208125031,443.8968811035156,417.5231628417969,492.5780334472656,0,100,0
23.212354975,443.8943176269531,417.9289245605469,492.5758056640625,0,100,0
23.216331596,443.8892822265625,418.3309326171875,492.5743408203125,0,100,0
23.220254568,443.8856201171875,418.73614501953125,492.57598876953125,0,100,0
23.224452196,443.87921142578125,419.1382751464844,492.5730285644531,0,100,0
23.228365251,443.87677001953125,419.5404968261719,492.5710754394531,0,100,0
23.232313713,443.876953125,419.9419250488281,492.56842041015625,0,100,0
23.236648431,443.87603759765625,420.3433837890625,492.5633850097656,0,100,0
23.240596459,443.8711853027344,420.74951171875,492.5679016113281,0,100,0
23.244461399,443.8622741699219,421.153076171875,492.5632019042969,0,100,0
23.248672716,443.8579406738281,421.5564270019531,492.5570983886719,0,100,0
23.252563513,443.8567810058594,421.9574279785156,492.5555114746094,0,100,0
23.256798242,443.8517761230469,422.3601379394531,492.5556335449219,0,100,0
23.260776763,443.85113525390625,422.7665710449219,492.56072998046875,0,100,0
23.264609022,443.844482421875,423.1715393066406,492.55926513671875,0,100,0
23.268661233,443.8395690917969,423.5754089355469,492.56146240234375,0,100,0
23.272793318,443.8358459472656,423.97918701171875,492.559814453125,0,100,0
23.276808839,443.8277893066406,424.38177490234375,492.55474853515625,0,100,0
23.280689823,443.823486328125,424.7894287109375,492.5616455078125,0,100,0
23.284940381,443.8182067871094,425.19195556640625,492.5585632324219,0,100,0
23.288968888,443.8182067871094,425.5928955078125,492.55633544921875,0,100,0
23.292857489,443.81866455078125,425.99554443359375,492.55816650390625,0,100,0
23.297111303,443.8126525878906,426.3973388671875,492.55859375,0,100,0
23.300950715,443.80548095703125,426.80584716796875,492.55792236328125,0,100,0
23.304864135,443.798583984375,427.21160888671875,492.5527648925781,0,100,0
23.309158623,443.7967224121094,427.61602783203125,492.55218505859375,0,100,0
23.313028885,443.7977600097656,428.0179443359375,492.5475769042969,0,100,0
23.317149212,443.7955627441406,428.4170227050781,492.5459899902344,0,100,0
23.321205347,443.7922668457031,428.82196044921875,492.5528564453125,0,100,0
23.325129046,443.78741455078125,429.2220153808594,492.5458068847656,0,100,0
23.329066576,443.7809753417969,429.62847900390625,492.54510498046875,0,100,0
23.333302722,443.78021240234375,430.0295715332031,492.5466003417969,0,100,0
23.337393103,443.7743225097656,430.4296875,492.5425109863281,0,100,0
23.341223233,443.7720947265625,430.8346252441406,492.545654296875,0,100,0
23.345380342,443.7629699707031,431.23712158203125,492.54168701171875,0,100,0
23.349314839,443.75762939453125,431.6455078125,492.54290771484375,0,100,0
23.353338627,443.7507629394531,432.0503234863281,492.5381774902344,0,100,0
23.357867782,443.74835205078125,432.4550476074219,492.53826904296875,0,100,0
23.361407518,443.74749755859375,432.8594055175781,492.5430603027344,0,100,0
23.365429841,443.7401428222656,433.2622985839844,492.5343933105469,0,100,0
23.369593332,443.73956298828125,433.66741943359375,492.5369567871094,0,100,0
23.373520375,443.73638916015625,434.06982421875,492.5412292480469,0,100,0
23.377536592,443.7326354980469,434.4690856933594,492.5390930175781,0,100,0
23.381704923,443.7299499511719,434.8723449707031,492.5400085449219,0,100,0
23.385711672,443.723388671875,435.2767639160156,492.53485107421875,0,100,0
23.389622703,443.7196044921875,435.683349609375,492.5334167480469,0,100,0
23.393817488,443.7105407714844,436.0860900878906,492.5268249511719,0,100,0
23.397799394,443.70941162109375,436.48846435546875,492.5258483886719,0,100,0
23.401641812,443.708740234375,436.8891906738281,492.5218505859375,0,100,0
23.405898255,443.70513916015625,437.2908630371094,492.51519775390625,0,100,0
23.409786999,443.7012023925781,437.70086669921875,492.5205993652344,0,100,0
23.413831548,443.6952819824219,438.1041564941406,492.5174560546875,0,100,0
23.418070656,443.6925964355469,438.5095520019531,492.5199890136719,0,100,0
23.421914329,443.68951416015625,438.90966796875,492.5177307128906,0,100,0
23.425850641,443.68927001953125,439.3096618652344,492.5173034667969,0,100,0
23.430111308,443.6839904785156,439.7143859863281,492.5149841308594,0,100,0
23.434076434,443.67645263671875,440.1170959472656,492.51336669921875,0,100,0
23.438183963,443.6749572753906,440.5236511230469,492.5151672363281,0,100,0
23.442163075,443.6714172363281,440.92474365234375,492.5108337402344,0,100,0
23.446097092,443.6706848144531,441.3224182128906,492.5081787109375,0,100,0
23.450026857,443.6656188964844,441.72650146484375,492.5106506347656,0,100,0
23.454280612,443.6564025878906,442.1348876953125,492.5071716308594,0,100,0
23.45847684,443.65338134765625,442.5414733886719,492.5112609863281,0,100,0
23.462183921,443.6493835449219,442.94183349609375,492.50848388671875,0,100,0
23.466355917,443.65008544921875,443.3423156738281,492.5086975097656,0,100,0
23.470274217,443.6478271484375,443.7434387207031,492.505615234375,0,100,0
23.47419827,443.64013671875,444.149658203125,492.5039978027344,0,100,0
23.478551358,443.6341247558594,444.55804443359375,492.50738525390625,0,100,0
23.482456608,443.6273193359375,444.959716796875,492.4999084472656,0,100,0
23.486382866,443.6249084472656,445.364990234375,492.5032043457031,0,100,0
23.490534856,443.6166076660156,445.7647705078125,492.498291015625,0,100,0
23.494473299,443.6136474609375,446.167724609375,492.4948425292969,0,100,0
23.498516158,443.60992431640625,446.5736999511719,492.4939270019531,0,100,0
23.502652163,443.6064758300781,446.9742431640625,492.4877624511719,0,100,0
23.506526237,443.6053161621094,447.37933349609375,492.4916076660156,0,100,0
23.510591596,443.6017761230469,447.7796630859375,492.49249267578125,0,100,0
23.514726103,443.5979309082031,448.1826477050781,492.4935607910156,0,100,0
23.518742537,443.5927734375,448.5855712890625,492.49505615234375,0,100,0
23.522658721,443.5862731933594,448.98919677734375,492.4909362792969,0,100,0
23.526858026,443.585693359375,449.39141845703125,492.4949951171875,0,100,0
23.530869935,443.5854187011719,449.7917785644531,492.4959716796875,0,100,0
23.534752431,443.58428955078125,450.19329833984375,492.4955749511719,0,100,0
23.539016303,443.5750732421875,450.5965576171875,492.4873352050781,0,100,0
23.542943569,443.57049560546875,451.0022888183594,492.4842529296875,0,100,0
23.546783219,443.5640563964844,451.4080810546875,492.4812316894531,0,100,0
23.551045322,443.5634765625,451.8134460449219,492.48248291015625,0,100,0
23.554915036,443.5611572265625,452.216552734375,492.4835510253906,0,100,0
23.559265792,443.5572204589844,452.6164855957031,492.4809875488281,0,100,0
23.563128357,443.5565490722656,453.01763916015625,492.4829406738281,0,100,0
23.567045528,443.544921875,453.4206848144531,492.4734802246094,0,100,0
23.570940224,443.5400085449219,453.8288879394531,492.4781188964844,0,100,0
23.575218998,443.5334777832031,454.23388671875,492.4806823730469,0,100,0
23.579300566,443.5288391113281,454.6381530761719,492.47552490234375,0,100,0
23.583148964,443.5272216796875,455.04339599609375,492.476806640625,0,100,0
23.587315665,443.5226135253906,455.44757080078125,492.47271728515625,0,100,0
23.591206294,443.52105712890625,455.851806640625,492.4704284667969,0,100,0
23.595172699,443.51641845703125,456.25244140625,492.46807861328125,0,100,0
23.599502685,443.5169372558594,456.6568298339844,492.4754943847656,0,100,0
23.603312814,443.5126953125,457.0585632324219,492.4718322753906,0,100,0
23.607374964999998,443.5107116699219,457.4603271484375,492.46978759765625,0,100,0
23.611486972,443.5062255859375,457.8642578125,492.468994140625,0,100,0
23.615430419,443.5005798339844,458.267333984375,492.4622497558594,0,100,0
23.619424911,443.4997253417969,458.6722412109375,492.4627990722656,0,100,0
23.623610846,443.4914855957031,459.07427978515625,492.4600524902344,0,100,0
23.627697209,443.4900817871094,459.4757995605469,492.4588317871094,0,100,0
23.631525505,443.48077392578125,459.88018798828125,492.45245361328125,0,100,0
23.635673812,443.4743957519531,460.2860107421875,492.4523010253906,0,100,0
23.639713162,443.46917724609375,460.688232421875,492.4486083984375,0,100,0
23.643552828,443.46624755859375,461.0899963378906,492.450927734375,0,100,0
23.647788737,443.4675598144531,461.48944091796875,492.4559020996094,0,100,0
23.651697695,443.4634704589844,461.8887939453125,492.4476318359375,0,100,0
23.655719096,443.4606628417969,462.2952880859375,492.4530029296875,0,100,0
23.660192124,443.4525451660156,462.69805908203125,492.45001220703125,0,100,0
23.663883205,443.44732666015625,463.10394287109375,492.4524841308594,0,100,0
23.667748968,443.4438171386719,463.5072937011719,492.447021484375,0,100,0
23.672015005,443.4387512207031,463.9116516113281,492.44891357421875,0,100,0
23.675995775,443.4352722167969,464.3125,492.45184326171875,0,100,0
23.680004562,443.4278869628906,464.71551513671875,492.4423828125,0,100,0
23.684075449,443.427001953125,465.11767578125,492.4413757324219,0,100,0
23.68804781,443.42236328125,465.5202331542969,492.43994140625,0,100,0
23.691950969,443.4198303222656,465.9255065917969,492.4394836425781,0,100,0
23.696195108,443.4150695800781,466.3306579589844,492.44097900390625,0,100,0
23.700163109000002,443.4132385253906,466.73394775390625,492.44647216796875,0,100,0
23.704103541,443.4082946777344,467.1332702636719,492.44036865234375,0,100,0
23.70825741,443.4023132324219,467.53643798828125,492.4400634765625,0,100,0
23.712215677,443.3953552246094,467.942626953125,492.43951416015625,0,100,0
23.716128147,443.39117431640625,468.3439025878906,492.4372863769531,0,100,0
23.720540911,443.3890075683594,468.7494812011719,492.4401550292969,0,100,0
23.72436991,443.385009765625,469.1475830078125,492.4346923828125,0,100,0
23.728283218,443.3820495605469,469.5528259277344,492.434326171875,0,100,0
23.732492382,443.3759765625,469.95623779296875,492.42889404296875,0,100,0
23.736389617,443.37188720703125,470.3642883300781,492.4278869628906,0,100,0
23.74041811,443.3702087402344,470.76751708984375,492.4286193847656,0,100,0
23.744564675,443.3704528808594,471.1661071777344,492.4305419921875,0,100,0
23.748438852,443.3675842285156,471.56939697265625,492.4322814941406,0,100,0
23.752500613,443.3623046875,471.9722900390625,492.4308776855469,0,100,0
23.75663807,443.3600158691406,472.3786315917969,492.435546875,0,100,0
23.760890522,443.35260009765625,472.77899169921875,492.4288330078125,0,100,0
23.764540106,443.35101318359375,473.18231201171875,492.4271545410156,0,100,0
23.76875097,443.34454345703125,473.5826110839844,492.418212890625,0,100,0
23.772785318,443.33905029296875,473.9898681640625,492.41729736328125,0,100,0
23.776663742,443.333984375,474.3933410644531,492.4130859375,0,100,0
23.78094891,443.3341979980469,474.79632568359375,492.41864013671875,0,100,0
23.784759265,443.3341369628906,475.1941223144531,492.416259765625,0,100,0
23.788702752,443.32916259765625,475.5959777832031,492.4139404296875,0,100,0
23.792982856,443.3270568847656,475.9985046386719,492.4093933105469,0,100,0
23.796853396,443.3216247558594,476.40435791015625,492.4061584472656,0,100,0
23.80096904,443.319091796875,476.8096618652344,492.4052429199219,0,100,0
23.805023111,443.3119201660156,477.2156066894531,492.4068298339844,0,100,0
23.808962402,443.3073425292969,477.6170654296875,492.4035339355469,0,100,0
23.812891046,443.30535888671875,478.0157165527344,492.39666748046875,0,100,0
23.817240754,443.30145263671875,478.42022705078125,492.4002380371094,0,100,0
23.821248469,443.29278564453125,478.8232727050781,492.39556884765625,0,100,0
23.825095798,443.28912353515625,479.2279052734375,492.39739990234375,0,100,0
23.829220395,443.28375244140625,479.6310119628906,492.39678955078125,0,100,0
23.833138799,443.28173828125,480.0312194824219,492.39178466796875,0,100,0
23.837115867,443.27813720703125,480.434326171875,492.39263916015625,0,100,0
23.841445945,443.2723083496094,480.83892822265625,492.3935241699219,0,100,0
23.845221102,443.2693786621094,481.24481201171875,492.39630126953125,0,100,0
23.849266269,443.26324462890625,481.64898681640625,492.3917236328125,0,100,0
23.853412261,443.2627868652344,482.04791259765625,492.396728515625,0,100,0
23.857367212,443.2589416503906,482.4494934082031,492.39404296875,0,100,0
23.861559525,443.2566223144531,482.85467529296875,492.3927307128906,0,100,0
23.865551861,443.24871826171875,483.2595520019531,492.385498046875,0,100,0
23.869546941,443.2432556152344,483.6669921875,492.38677978515625,0,100,0
23.873448434,443.2382507324219,484.0675964355469,492.3869934082031,0,100,0
23.877626633,443.2369689941406,484.46954345703125,492.3906555175781,0,100,0
23.881631611,443.236328125,484.8666076660156,492.38690185546875,0,100,0
23.885470915,443.2334289550781,485.26690673828125,492.3844909667969,0,100,0
23.889719846,443.2268371582031,485.6726379394531,492.3858337402344,0,100,0
23.893599313,443.2225341796875,486.07513427734375,492.3826599121094,0,100,0
23.897626836,443.2176818847656,486.47808837890625,492.384033203125,0,100,0
23.901987326,443.2137145996094,486.8782958984375,492.380126953125,0,100,0
23.905717959,443.21112060546875,487.281005859375,492.3750915527344,0,100,0
23.909656336,443.20892333984375,487.68426513671875,492.3756103515625,0,100,0
23.913992737,443.20562744140625,488.09100341796875,492.3784484863281,0,100,0
23.917933502,443.20074462890625,488.49420166015625,492.3717956542969,0,100,0
23.922014962,443.19854736328125,488.8994445800781,492.3786926269531,0,100,0
23.925793223,443.1879577636719,489.3046569824219,492.3773498535156,0,100,0
23.929934178,443.1818542480469,489.708740234375,492.3820495605469,0,100,0
23.933917188,443.17987060546875,490.11016845703125,492.3797912597656,0,100,0
23.938111799,443.1784362792969,490.5092468261719,492.3741149902344,0,100,0
23.942088406,443.17437744140625,490.9100646972656,492.3707275390625,0,100,0
23.946039916,443.1688537597656,491.3135681152344,492.3670654296875,0,100,0
23.950181051,443.1619873046875,491.7188415527344,492.3622741699219,0,100,0
23.95414184,443.1592102050781,492.1212463378906,492.3592529296875,0,100,0
23.958057865,443.1564636230469,492.5251159667969,492.36383056640625,0,100,0
23.962581597,443.155029296875,492.9261169433594,492.3618469238281,0,100,0
23.96632508,443.1510925292969,493.3283386230469,492.3597106933594,0,100,0
23.970222681,443.13983154296875,493.7350158691406,492.35076904296875,0,100,0
23.97436727,443.1388244628906,494.14031982421875,492.35089111328125,0,100,0
23.978319907,443.1352844238281,494.54058837890625,492.34881591796875,0,100,0
23.98235067,443.1383972167969,494.9417724609375,492.3497314453125,0,100,0
23.986488775,443.1343994140625,495.3427429199219,492.34686279296875,0,100,0
23.990351279,443.1260986328125,495.7492980957031,492.3475341796875,0,100,0
23.994414057,443.1201171875,496.15289306640625,492.3458251953125,0,100,0
23.998568406,443.1173095703125,496.55804443359375,492.3455505371094,0,100,0
24.002582186,443.1170959472656,496.9557189941406,492.3463439941406,0,100,0
24.00652022,443.11444091796875,497.35711669921875,492.3427429199219,0,100,0
24.010718521,443.1095886230469,497.761474609375,492.3428955078125,0,100,0
24.014681144,443.1050109863281,498.1676940917969,492.3472595214844,0,100,0
24.018588822,443.09967041015625,498.57135009765625,492.3437194824219,0,100,0
24.02287966,443.0963439941406,498.971435546875,492.3408203125,0,100,0
24.026695632,443.0970764160156,499.36846923828125,492.34051513671875,0,100,0
24.030663816,443.0904235839844,499.7715759277344,492.3380126953125,0,100,0
24.034889315,443.08575439453125,500.17510986328125,492.3362731933594,0,100,0
24.038754713,443.07861328125,500.58209228515625,492.3333740234375,0,100,0
24.042885853,443.0738830566406,500.9871826171875,492.3304748535156,0,100,0
24.0469367,443.06915283203125,501.3869934082031,492.3296813964844,0,100,0
24.050863724,443.0697326660156,501.7868957519531,492.33587646484375,0,100,0
24.054817092,443.0657958984375,502.18927001953125,492.3349914550781,0,100,0
24.059067308,443.0615234375,502.591796875,492.33367919921875,0,100,0
24.063386128,443.0536804199219,502.995361328125,492.33197021484375,0,100,0
24.067026541,443.0474548339844,503.3987731933594,492.3313293457031,0,100,0
24.071145678,443.0392761230469,503.80194091796875,492.3260498046875,0,100,0
24.07506375,443.0351257324219,504.20684814453125,492.32720947265625,0,100,0
24.079015904,443.030029296875,504.6077880859375,492.3222351074219,0,100,0
24.083341102,443.0300598144531,505.01055908203125,492.3243103027344,0,100,0
24.08716356,443.030517578125,505.4072265625,492.3168640136719,0,100,0
24.091159858,443.0284423828125,505.8103332519531,492.3153991699219,0,100,0
24.09532256,443.0184326171875,506.2168884277344,492.3208312988281,0,100,0
24.099262749,443.013916015625,506.62255859375,492.32733154296875,0,100,0
24.103278169,443.01165771484375,507.0230407714844,492.3243408203125,0,100,0
24.107442704,443.013671875,507.4215087890625,492.32366943359375,0,100,0
24.111525713,443.0122985839844,507.8191833496094,492.3182678222656,0,100,0
24.115374235,443.0080261230469,508.2262878417969,492.3216247558594,0,100,0
24.119509115,442.9980773925781,508.6317138671875,492.3135070800781,0,100,0
24.123533941,442.9942321777344,509.0384521484375,492.3126525878906,0,100,0
24.127387728,442.9922790527344,509.4375,492.31072998046875,0,100,0
24.13163516,442.9925842285156,509.837158203125,492.3142395019531,0,100,0
24.135533771,442.98828125,510.2348327636719,492.3092956542969,0,100,0
24.13956127,442.98297119140625,510.64263916015625,492.3086242675781,0,100,0
24.143845457,442.977294921875,511.0483093261719,492.3014221191406,0,100,0
24.147624567,442.9716491699219,511.4542236328125,492.2995910644531,0,100,0
24.151612416,442.9670104980469,511.85589599609375,492.2998962402344,0,100,0
24.155854523,442.9632263183594,512.26025390625,492.2957458496094,0,100,0
24.159865101,442.95941162109375,512.6607055664063,492.2904052734375,0,100,0
24.164079858,442.9588928222656,513.06201171875,492.29608154296875,0,100,0
24.16773082,442.954345703125,513.4656372070313,492.2911376953125,0,100,0
24.171867066,442.9460144042969,513.8716430664063,492.2901306152344,0,100,0
24.1754713,442.9366760253906,514.2740478515625,492.2882385253906,0,100,0
24.179713085,442.9318542480469,514.6817626953125,492.2890625,0,100,0
24.183690019,442.9305114746094,515.0816650390625,492.2876281738281,0,100,0
24.187636083,442.92919921875,515.48046875,492.2872619628906,0,100,0
24.191830832,442.92626953125,515.8805541992188,492.2814025878906,0,100,0
24.195814615,442.9218444824219,516.2824096679688,492.28277587890625,0,100,0
24.199701343,442.9114074707031,516.6881103515625,492.28192138671875,0,100,0
24.204033593,442.9083251953125,517.0941162109375,492.2843933105469,0,100,0
24.207987625,442.9066162109375,517.4943237304688,492.280517578125,0,100,0
24.211897216,442.9079284667969,517.894775390625,492.2783203125,0,100,0
24.21609302,442.90411376953125,518.2919311523438,492.27398681640625,0,100,0
24.220055035,442.9002685546875,518.6967163085938,492.28045654296875,0,100,0
24.224122881,442.89208984375,519.1041870117188,492.27874755859375,0,100,0
24.228270003,442.8892517089844,519.5067138671875,492.2766418457031,0,100,0
24.232222069,442.88494873046875,519.908935546875,492.2760009765625,0,100,0
24.236314046,442.88262939453125,520.3072509765625,492.274169921875,0,100,0
24.240493221,442.8785705566406,520.7094116210938,492.2724914550781,0,100,0
24.244496196,442.8734436035156,521.1158447265625,492.27362060546875,0,100,0
24.248341591,442.86480712890625,521.52099609375,492.2675476074219,0,100,0
24.252640228,442.8630065917969,521.9248046875,492.267333984375,0,100,0
24.256629872,442.85955810546875,522.3272705078125,492.2652587890625,0,100,0
24.260538652,442.85992431640625,522.7302856445313,492.2721252441406,0,100,0
24.264992324,442.8564758300781,523.1287841796875,492.27117919921875,0,100,0
24.26861456,442.8523254394531,523.5335083007813,492.2723083496094,0,100,0
24.272542616,442.8466796875,523.9325561523438,492.26995849609375,0,100,0
24.276776224,442.8437805175781,524.33544921875,492.26708984375,0,100,0
24.28074396,442.8399353027344,524.7379150390625,492.2626647949219,0,100,0
24.284720425,442.8355407714844,525.1416625976563,492.2633361816406,0,100,0
24.288876022,442.8274841308594,525.546630859375,492.2539367675781,0,100,0
24.2927964,442.8236999511719,525.947265625,492.2508850097656,0,100,0
24.296725838,442.8220520019531,526.3490600585938,492.25653076171875,0,100,0
24.301072368,442.819091796875,526.7530517578125,492.25732421875,0,100,0
24.305069133,442.8131408691406,527.1572875976563,492.25335693359375,0,100,0
24.308894362,442.8076171875,527.5618286132813,492.24920654296875,0,100,0
24.313052158,442.7994079589844,527.9647216796875,492.2406921386719,0,100,0
24.316992188,442.7995300292969,528.365966796875,492.2464904785156,0,100,0
24.320969044,442.79864501953125,528.7657470703125,492.2425231933594,0,100,0
24.325272264,442.7956237792969,529.1656494140625,492.24072265625,0,100,0
24.329048723,442.7881164550781,529.568115234375,492.2343444824219,0,100,0
24.333061443,442.7789001464844,529.9761962890625,492.2313232421875,0,100,0
24.337273316,442.7703857421875,530.3803100585938,492.2335205078125,0,100,0
24.34116971,442.77001953125,530.7799682617188,492.2342529296875,0,100,0
24.34519931,442.7712707519531,531.1810302734375,492.2352294921875,0,100,0
24.349348767,442.7713317871094,531.5810546875,492.2338562011719,0,100,0
24.353365123,442.7663269042969,531.9844970703125,492.2342224121094,0,100,0
24.357269578,442.7578125,532.3898315429688,492.23223876953125,0,100,0
24.361433138,442.7534484863281,532.7953491210938,492.23675537109375,0,100,0
24.36567502,442.75103759765625,533.1948852539063,492.2284240722656,0,100,0
24.369331501,442.748291015625,533.5952758789063,492.2277526855469,0,100,0
24.37355594,442.7499694824219,533.9942016601563,492.22265625,0,100,0
24.377429264,442.7437438964844,534.3977661132813,492.2206726074219,0,100,0
24.381463811,442.7379150390625,534.79931640625,492.2261962890625,0,100,0
24.385790616,442.7320251464844,535.20361328125,492.22833251953125,0,100,0
24.389536075,442.72613525390625,535.605224609375,492.2242126464844,0,100,0
24.393498893,442.7254943847656,536.0050659179688,492.2216796875,0,100,0
24.39775928,442.71990966796875,536.4057006835938,492.217529296875,0,100,0
24.401751338,442.7160339355469,536.8106689453125,492.2215881347656,0,100,0
24.405775713,442.7090759277344,537.2134399414063,492.2167053222656,0,100,0
24.409834643,442.7048645019531,537.6167602539063,492.2134704589844,0,100,0
24.413827551,442.7018127441406,538.0186767578125,492.212158203125,0,100,0
24.417669786,442.70159912109375,538.4212036132813,492.21600341796875,0,100,0
24.421960105,442.6961975097656,538.82421875,492.2112731933594,0,100,0
24.425975893,442.69171142578125,539.2274780273438,492.2159118652344,0,100,0
24.429862446,442.6890563964844,539.6272583007813,492.2187805175781,0,100,0
24.434033945,442.6829528808594,540.0272216796875,492.21820068359375,0,100,0
24.43795668,442.68145751953125,540.4310302734375,492.219970703125,0,100,0
24.44189663,442.6777648925781,540.8325805664063,492.2115173339844,0,100,0
24.446223559,442.6745300292969,541.2339477539063,492.20941162109375,0,100,0
24.450148359,442.6672668457031,541.6328735351563,492.1975402832031,0,100,0
24.454051377,442.6681213378906,542.03369140625,492.2017517089844,0,100,0
24.458202475,442.6601257324219,542.4367065429688,492.20391845703125,0,100,0
24.462121955,442.6576232910156,542.8414916992188,492.2033386230469,0,100,0
24.466368837,442.6513366699219,543.2451782226563,492.2008361816406,0,100,0
24.470339899,442.6443786621094,543.6494140625,492.1957092285156,0,100,0
24.474201251,442.6437683105469,544.0523681640625,492.1966247558594,0,100,0
24.478232487,442.64111328125,544.4541625976563,492.1973571777344,0,100,0
24.482391418,442.6368103027344,544.8565063476563,492.1915588378906,0,100,0
24.486402189,442.6324157714844,545.2589111328125,492.19049072265625,0,100,0
24.490321176,442.6216735839844,545.665771484375,492.1883239746094,0,100,0
24.494506129,442.61566162109375,546.0712280273438,492.1859130859375,0,100,0
24.498519628,442.61376953125,546.4693603515625,492.18133544921875,0,100,0
24.502423326,442.61431884765625,546.8655395507813,492.1763916015625,0,100,0
24.506692653,442.6114807128906,547.265380859375,492.17828369140625,0,100,0
24.510593295,442.6042785644531,547.6686401367188,492.1749572753906,0,100,0
24.514426222,442.5953063964844,548.074462890625,492.1767272949219,0,100,0
24.518676455,442.5826110839844,548.482421875,492.1712951660156,0,100,0
24.522583711,442.5798645019531,548.8828125,492.1720275878906,0,100,0
24.526698783,442.58172607421875,549.2815551757813,492.1690673828125,0,100,0
24.530826002,442.5876159667969,549.677001953125,492.1726989746094,0,100,0
24.534717962,442.58819580078125,550.079345703125,492.173583984375,0,100,0
24.53864664,442.5786437988281,550.4822387695313,492.1722412109375,0,100,0
24.542915064,442.5720520019531,550.8871459960938,492.17462158203125,0,100,0
24.546978013,442.5663146972656,551.2890014648438,492.17523193359375,0,100,0
24.550855347,442.5650939941406,551.6893920898438,492.173828125,0,100,0
24.554778118,442.5640869140625,552.0838623046875,492.1683654785156,0,100,0
24.558910573,442.5606994628906,552.4832153320313,492.1624450683594,0,100,0
24.562846026,442.55450439453125,552.8837890625,492.1549377441406,0,100,0
24.567381756,442.5472412109375,553.2889404296875,492.1564025878906,0,100,0
24.570978912,442.5417785644531,553.693359375,492.1533203125,0,100,0
24.575006285,442.5354919433594,554.0991821289063,492.1524658203125,0,100,0
24.57915783,442.53228759765625,554.5029296875,492.1551513671875,0,100,0
24.583096076,442.5276184082031,554.9038696289063,492.1595764160156,0,100,0
24.587136884,442.5242614746094,555.3101806640625,492.1653137207031,0,100,0
24.591276443,442.5198669433594,555.7100830078125,492.16802978515625,0,100,0
24.595310139,442.5166931152344,556.1129760742188,492.1637878417969,0,100,0
24.599190885,442.5118713378906,556.5142822265625,492.1619873046875,0,-100,0
24.603335678,442.5084228515625,556.9175415039063,492.1589660644531,0,-100,0
24.607470329999998,442.500732421875,557.3206176757813,492.1500549316406,0,-100,0
24.611315849,442.4954833984375,557.7230834960938,492.1487121582031,0,-100,0
24.615531145,442.4931640625,558.1233520507813,492.15020751953125,0,-100,0
24.619359714,442.4915466308594,558.5215454101563,492.14459228515625,0,-100,0
24.623379814,442.4897155761719,558.9242553710938,492.14349365234375,0,-100,0
24.627626813,442.4881286621094,559.3171997070313,492.139404296875,0,-100,0
24.631465537,442.5026550292969,559.6759643554688,492.177978515625,0,-100,0
24.635444108,442.5415954589844,559.9702758789063,492.2460021972656,0,-100,0
24.639667892,442.5928039550781,560.20556640625,492.3310852050781,0,-100,0
24.643665836,442.6434631347656,560.3757934570313,492.4013671875,0,-100,0
24.647651766,442.69818115234375,560.4638061523438,492.4738464355469,0,-100,0
24.651734598,442.77227783203125,560.4396362304688,492.5340881347656,0,-100,0
24.655668677,442.805419921875,560.3500366210938,492.5072937011719,0,-100,0
24.659641965,442.7518615722656,560.261962890625,492.4437255859375,0,-100,0
24.663907994,442.6620788574219,560.1348876953125,492.3730773925781,0,-100,0
24.66809404,442.5788269042969,559.91748046875,492.28790283203125,0,-100,0
24.671811596,442.5137939453125,559.61962890625,492.1952209472656,0,-100,0
24.675932845,442.462158203125,559.2798461914063,492.12017822265625,0,-100,0
24.679934274,442.42022705078125,558.89794921875,492.06475830078125,0,-100,0
24.683845819,442.41259765625,558.4730224609375,492.0476989746094,0,-100,0
24.688140104,442.42486572265625,558.0299072265625,492.05413818359375,0,-100,0
24.692054731,442.4416198730469,557.5902709960938,492.04803466796875,0,-100,0
24.695961478,442.449951171875,557.1661987304688,492.0560607910156,0,-100,0
24.700131615,442.46240234375,556.752197265625,492.088134765625,0,-100,0
24.704036301,442.48345947265625,556.3405151367188,492.1231384277344,0,-100,0
24.708091713,442.4976806640625,555.9239501953125,492.15234375,0,-100,0
24.712235746,442.5042419433594,555.5189208984375,492.19317626953125,0,-100,0
24.716096149,442.5094909667969,555.1153564453125,492.2330322265625,0,-100,0
24.720219877,442.5115661621094,554.71728515625,492.2536926269531,0,-100,0
24.724379344,442.49993896484375,554.3201293945313,492.2542724609375,0,-100,0
24.728335902,442.4790344238281,553.9299926757813,492.2439880371094,0,-100,0
24.732221041,442.4530029296875,553.5402221679688,492.22515869140625,0,-100,0
24.736458874,442.42999267578125,553.141845703125,492.20245361328125,0,-100,0
24.740536829,442.4221496582031,552.7396240234375,492.1713562011719,0,-100,0
24.744403725,442.4150085449219,552.33544921875,492.13714599609375,0,-100,0
24.748621018,442.40655517578125,551.93017578125,492.1162414550781,0,-100,0
24.752468814,442.3987121582031,551.52685546875,492.0932922363281,0,-100,0
24.756419313,442.3857421875,551.1240844726563,492.0724182128906,0,-100,0
24.760654333,442.37518310546875,550.7225341796875,492.0647277832031,0,-100,0
24.764611295,442.3645935058594,550.3201904296875,492.0549621582031,0,-100,0
24.768884234,442.361083984375,549.9173583984375,492.0618896484375,0,-100,0
24.772720189,442.354248046875,549.5172119140625,492.07293701171875,0,-100,0
24.776670273,442.3550109863281,549.1094360351563,492.0877685546875,0,-100,0
24.780660784,442.3638000488281,548.7003173828125,492.1178283691406,0,-100,0
24.784897681,442.3706359863281,548.2902221679688,492.1408996582031,0,-100,0
24.788931346,442.3819580078125,547.875244140625,492.16448974609375,0,-100,0
24.792760542,442.39385986328125,547.4646606445313,492.17803955078125,0,-100,0
24.796724296,442.40191650390625,547.0521850585938,492.1918640136719,0,-100,0
24.800793407,442.40228271484375,546.6463012695313,492.1978759765625,0,-100,0
24.804804619,442.3948974609375,546.2448120117188,492.1962585449219,0,-100,0
24.809136346,442.385009765625,545.8397827148438,492.1927185058594,0,-100,0
24.81293381,442.3804626464844,545.4375,492.1832275390625,0,-100,0
24.816925114,442.36322021484375,545.035888671875,492.1676025390625,0,-100,0
24.821118692,442.3407897949219,544.6453247070313,492.1546325683594,0,-100,0
24.825072416,442.316162109375,544.2567138671875,492.14239501953125,0,-100,0
24.829088626,442.29803466796875,543.861328125,492.13165283203125,0,-100,0
24.833200962,442.2943420410156,543.4575805664063,492.1241760253906,0,-100,0
