time,feedback_position_x,feedback_position_y,feedback_position_z,setpoint_speed_z,setpoint_speed_y,setpoint_speed_z
0.003880759,466.83306884765625,556.3515014648438,497.4918212890625,0,-199.7674346469327,0
0.007967548,466.83355712890625,556.35205078125,497.4906311035156,0,-202.59591947644932,0
0.012396626,466.83294677734375,556.3513793945313,497.4930419921875,0,-210.49685824343646,0
0.01621002,466.83306884765625,556.3515014648438,497.4918212890625,0,-210.40899750109637,0
0.020176904,466.83355712890625,556.35205078125,497.4906311035156,0,-209.64359363952985,0
0.024328683,466.83343505859375,556.3519897460938,497.4918212890625,0,-207.8871734570049,0
0.028276065,466.83453369140625,556.3499145507813,497.4918212890625,0,-212.01185479042806,0
0.032237967,466.838134765625,556.3317260742188,497.4903869628906,0,-213.61863567182746,0
0.03635784,466.8551025390625,556.2982788085938,497.52423095703125,0,-216.08480811752418,0
0.040304625,466.8919982910156,556.1939086914063,497.5874328613281,0,-215.92373761330265,0
0.044473836,466.9533386230469,556.0054321289063,497.6512756347656,0,-208.4439075508002,0
0.048644298,467.0266418457031,555.7518310546875,497.73388671875,0,-213.4490060104205,0
0.052362749,467.0946350097656,555.415771484375,497.8233947753906,0,-220.41419690138588,0
0.056462164,467.1448669433594,554.9974365234375,497.89794921875,0,-220.89116846537706,0
0.060607428,467.14813232421875,554.51904296875,497.9107971191406,0,-231.38930785339352,0
0.064526258,467.0928649902344,554.013916015625,497.85614013671875,0,-218.0443065063185,0
0.068642665,467.00311279296875,553.4514770507813,497.77880859375,0,-234.66900061418286,0
0.072764254,466.9179992675781,552.8018188476563,497.708740234375,0,-228.09444690742674,0
0.076715239,466.8415832519531,552.0792846679688,497.61981201171875,0,-226.91740456656,0
0.080688392,466.76202392578125,551.30126953125,497.510986328125,0,-223.12939953449438,0
0.084921981,466.6983337402344,550.482177734375,497.4526062011719,0,-228.16134664131735,0
0.089182381,466.6788024902344,549.60595703125,497.442138671875,0,-232.52237021754343,0
0.093005242,466.6773376464844,548.6986694335938,497.4415283203125,0,-245.3738876306313,0
0.097163987,466.6741027832031,547.7927856445313,497.422607421875,0,-235.80115903437007,0
0.101062937,466.6783752441406,546.8900756835938,497.42822265625,0,-235.36528278363485,0
0.105088754,466.68438720703125,545.9763793945313,497.45721435546875,0,-249.11358810220864,0
0.109390813,466.6946716308594,545.0651245117188,497.4905700683594,0,-236.7505847559123,0
0.113191883,466.7010803222656,544.152099609375,497.5121765136719,0,-240.9446104574708,0
0.117208977,466.6930236816406,543.2431030273438,497.5331726074219,0,-238.8802600027139,0
0.121366658,466.6820373535156,542.3309936523438,497.5643310546875,0,-242.59750183238393,0
0.125261925,466.6717224121094,541.41748046875,497.5860595703125,0,-256.1628894613551,0
0.129373425,466.6506652832031,540.5015869140625,497.58929443359375,0,-257.24600164372345,0
0.133446695,466.6177062988281,539.583251953125,497.589599609375,0,-259.2700830732367,0
0.13737996,466.583740234375,538.6551513671875,497.56756591796875,0,-246.57605640720004,0
0.141506639,466.54730224609375,537.7197265625,497.5440368652344,0,-256.8947541226929,0
0.145598016,466.5171203613281,536.7766723632813,497.5132141113281,0,-261.49604322903866,0
0.149518638,466.4881591796875,535.8274536132813,497.47149658203125,0,-261.91194019777,0
0.153458952,466.45458984375,534.8646240234375,497.4352111816406,0,-265.38048432637913,0
0.157666232,466.4181823730469,533.895263671875,497.40374755859375,0,-258.4823616313494,0
0.161631866,466.3880310058594,532.9246826171875,497.3741149902344,0,-274.31075884702454,0
0.165594046,466.3567810058594,531.9446411132813,497.33319091796875,0,-259.82441844201537,0
0.169866822,466.32958984375,530.9599609375,497.3164978027344,0,-260.9177238674372,0
0.173634566,466.2986145019531,529.96435546875,497.3206481933594,0,-276.6862856643901,0
0.177643134,466.2796630859375,528.9575805664063,497.3347473144531,0,-275.71913088323805,0
0.181900374,466.2575988769531,527.94091796875,497.33563232421875,0,-281.5553213217204,0
0.18579109,466.24212646484375,526.916748046875,497.3476867675781,0,-271.98511435913287,0
0.190188923,466.22906494140625,525.8790283203125,497.3648376464844,0,-274.65228836812037,0
0.193971667,466.2230529785156,524.8333740234375,497.3928527832031,0,-282.8444718584969,0
0.197850269,466.21636962890625,523.7791137695313,497.41265869140625,0,-282.8243881902256,0
0.201862957,466.2041320800781,522.7200317382813,497.4194641113281,0,-275.6564247048987,0
0.206046037,466.190673828125,521.6498413085938,497.4248962402344,0,-277.98249542821213,0
0.210031088,466.1705322265625,520.5751953125,497.41558837890625,0,-276.3120299012917,0
0.213945335,466.14581298828125,519.498291015625,497.3987731933594,0,-289.03549980289625,0
0.218155578,466.1108703613281,518.4224853515625,497.38421630859375,0,-278.1286313893937,0
0.222018847,466.0674133300781,517.3447265625,497.3757019042969,0,-288.5203221483864,0
0.22604635,466.0232849121094,516.2547607421875,497.3415832519531,0,-298.75170977411,0
0.23032157,465.9837341308594,515.1574096679688,497.3066101074219,0,-295.7868988759222,0
0.234155053,465.9396057128906,514.0610961914063,497.2843322753906,0,-287.79498546262727,0
0.238264307,465.89801025390625,512.965576171875,497.2705383300781,0,-301.35705133230204,0
0.24237457,465.8574523925781,511.85888671875,497.2485656738281,0,-287.4849555711578,0
0.246213743,465.8235778808594,510.7434997558594,497.2225646972656,0,-307.1575888780984,0
0.250289301,465.7869873046875,509.6229248046875,497.2027893066406,0,-290.82691977266745,0
0.254419117,465.7489929199219,508.4985046386719,497.19287109375,0,-293.4057761904442,0
0.258363236,465.7160949707031,507.3687438964844,497.1910400390625,0,-311.3169603516372,0
0.262389832,465.6921081542969,506.2220764160156,497.1885070800781,0,-301.52291794481846,0
0.266597641,465.665771484375,505.06787109375,497.1914367675781,0,-314.2696440051369,0
0.27050261,465.64013671875,503.9095153808594,497.193115234375,0,-312.2344329162529,0
0.274427297,465.60888671875,502.74212646484375,497.1917419433594,0,-306.61253208808404,0
0.278575834,465.5841064453125,501.5662841796875,497.2066650390625,0,-309.32840893973946,0
0.282534054,465.5604248046875,500.38592529296875,497.20855712890625,0,-306.7209460753941,0
0.286670694,465.52935791015625,499.1958312988281,497.1920471191406,0,-311.8310462575024,0
0.291047035,465.49951171875,497.99957275390625,497.1832275390625,0,-310.58453954352734,0
0.294623383,465.46807861328125,496.8018493652344,497.1782531738281,0,-317.1911010402851,0
0.298612594,465.4375,495.59600830078125,497.168212890625,0,-314.7608571364927,0
0.302807822,465.4096984863281,494.3891906738281,497.1612854003906,0,-321.17697749877624,0
0.306699608,465.3755798339844,493.172119140625,497.14599609375,0,-331.9018956463822,0
0.310839288,465.33978271484375,491.95263671875,497.1362609863281,0,-331.51730013704884,0
0.314934991,465.2940368652344,490.73583984375,497.1192321777344,0,-329.33864386945527,0
0.318814194,465.248291015625,489.5178527832031,497.1058654785156,0,-334.1812380301174,0
0.322822508,465.20306396484375,488.28863525390625,497.0962219238281,0,-319.15190271205086,0
0.327015643,465.15625,487.05255126953125,497.07281494140625,0,-330.72656451307165,0
0.331013131,465.1104431152344,485.8067932128906,497.05072021484375,0,-334.9426291555328,0
0.335032623,465.068603515625,484.5525817871094,497.0326232910156,0,-331.13394747767234,0
0.339152459,465.0341796875,483.28497314453125,497.0157775878906,0,-325.9306049631852,0
0.342993045,465.0013122558594,482.0125732421875,496.99151611328125,0,-327.32934361483626,0
0.347003645,464.9609069824219,480.733154296875,496.9799499511719,0,-334.66736783348915,0
0.351287597,464.9246826171875,479.4451599121094,496.97601318359375,0,-346.5749382498529,0
0.355110094,464.8880310058594,478.1430358886719,496.9576110839844,0,-334.3706158484364,0
0.359135907,464.85260009765625,476.8408203125,496.9482421875,0,-336.469143278022,0
0.363299882,464.8099670410156,475.5386047363281,496.94842529296875,0,-350.3536230499322,0
0.36723189,464.7642517089844,474.2268981933594,496.9436950683594,0,-353.1537370202757,0
0.371433819,464.7240905761719,472.90631103515625,496.9371643066406,0,-356.3588987552213,0
0.375392505,464.6861572265625,471.5834655761719,496.93426513671875,0,-340.4475872973895,0
0.379395485,464.64764404296875,470.25128173828125,496.9306335449219,0,-360.13912663920013,0
0.383442387,464.60760498046875,468.9204406738281,496.9252624511719,0,-349.87871775592413,0
0.387504751,464.56805419921875,467.5804138183594,496.9202880859375,0,-349.8978886351224,0
0.391692434,464.5234680175781,466.2405090332031,496.90667724609375,0,-347.05306435444294,0
0.395399643,464.4799499511719,464.8935241699219,496.88153076171875,0,-354.52765372469776,0
0.39956273,464.4361877441406,463.5386047363281,496.8668212890625,0,-357.0202467818608,0
0.403489637,464.38861083984375,462.18133544921875,496.85198974609375,0,-368.31864831400407,0
0.407465436,464.3395080566406,460.8170166015625,496.83062744140625,0,-358.33634785211007,0
0.411814845,464.2886047363281,459.44183349609375,496.8067321777344,0,-369.38500395537596,0
0.415595286,464.2420654296875,458.0564270019531,496.7822570800781,0,-372.6331100485352,0
0.419585218,464.19287109375,456.6748046875,496.7623596191406,0,-364.0298081819572,0
0.423776415,464.1419982910156,455.2852478027344,496.749755859375,0,-371.06230378168993,0
0.427695075,464.093994140625,453.8885498046875,496.7459411621094,0,-380.80837809796975,0
0.431911382,464.04425048828125,452.47442626953125,496.7299499511719,0,-364.84839821330365,0
0.435871827,463.9981384277344,451.05780029296875,496.7153625488281,0,-367.2299653742058,0
0.439767265,463.9542236328125,449.640625,496.71661376953125,0,-365.91219135103296,0
0.443784407,463.91455078125,448.1992492675781,496.7137145996094,0,-370.4414528261394,0
0.447959766,463.8729248046875,446.75067138671875,496.69189453125,0,-381.6510141999963,0
0.451980765,463.8253173828125,445.30670166015625,496.67547607421875,0,-377.53582405176456,0
0.455958252,463.77484130859375,443.8581237792969,496.6627197265625,0,-373.68225080259987,0
0.460071672,463.72564697265625,442.3974914550781,496.6541442871094,0,-383.1260782282751,0
0.463932709,463.6766052246094,440.92974853515625,496.6356201171875,0,-386.7135276452506,0
0.467966324,463.62255859375,439.4612121582031,496.612060546875,0,-381.9995049062265,0
0.472273586,463.5653076171875,437.9949645996094,496.5977478027344,0,-380.8023432134157,0
0.476075525,463.505615234375,436.5267028808594,496.592529296875,0,-396.4134351272729,0
0.480209034,463.4466857910156,435.0506286621094,496.5833435058594,0,-390.4329539563325,0
0.484284818,463.3868103027344,433.56915283203125,496.5660095214844,0,-384.7027438481418,0
0.48813789,463.32733154296875,432.0801086425781,496.5465087890625,0,-388.3120847497181,0
0.492447634,463.27374267578125,430.57843017578125,496.5360107421875,0,-391.98983975772296,0
0.496373647,463.2262268066406,429.07391357421875,496.52099609375,0,-394.502287169033,0
0.500260199,463.1727600097656,427.56463623046875,496.489013671875,0,-395.9468795388686,0
0.504267015,463.1199035644531,426.048583984375,496.4723205566406,0,-394.5741253512349,0
0.508456311,463.0677795410156,424.51690673828125,496.4577331542969,0,-403.22591215962643,0
0.512441302,463.0157165527344,422.9838562011719,496.4402160644531,0,-403.5937341502144,0
0.516346756,462.9603576660156,421.4552307128906,496.4212646484375,0,-401.5020249472982,0
0.520518769,462.89935302734375,419.9193115234375,496.3982238769531,0,-392.53858705135576,0
0.524513069,462.8445129394531,418.369873046875,496.3868408203125,0,-390.8289633673876,0
0.528574765,462.78955078125,416.81982421875,496.3853454589844,0,-397.1693358552232,0
0.532774121,462.7366638183594,415.2623596191406,496.3732604980469,0,-403.065114765443,0
0.536548231,462.678955078125,413.70428466796875,496.3576965332031,0,-406.70144169963373,0
0.540617339,462.62152099609375,412.1357421875,496.3547058105469,0,-396.2258810882597,0
0.544745754,462.5672912597656,410.5586853027344,496.3431396484375,0,-399.00459245282536,0
0.54864388,462.50634765625,408.9770812988281,496.313720703125,0,-402.48150379982144,0
0.552750823,462.4412536621094,407.40362548828125,496.299072265625,0,-390.69402783227713,0
0.556880011,462.3717041015625,405.825927734375,496.28399658203125,0,-404.952387514705,0
0.560811276,462.3003845214844,404.2381286621094,496.2627258300781,0,-404.9630222733511,0
0.564747494,462.2350158691406,402.6501159667969,496.2344665527344,0,-402.418529671583,0
0.568971767,462.1698303222656,401.0582580566406,496.2118225097656,0,-403.37242703588583,0
0.572960004,462.1073913574219,399.4678955078125,496.1964111328125,0,-393.1843920453518,0
0.576984842,462.0490417480469,397.868896484375,496.1873474121094,0,-398.9084075365881,0
0.581108609,461.99078369140625,396.26702880859375,496.1744079589844,0,-408.450133466514,0
0.584947948,461.9256286621094,394.66253662109375,496.1473083496094,0,-391.4502967207692,0
0.588984631,461.8697204589844,393.0538330078125,496.13458251953125,0,-403.246078082622,0
0.593399441,461.8150634765625,391.4502868652344,496.125,0,-408.80222215789274,0
0.597057135,461.7508544921875,389.84039306640625,496.0943908691406,0,-393.9778170381608,0
0.601034931,461.68817138671875,388.2320556640625,496.0620422363281,0,-398.6382817252092,0
0.605300148,461.62646484375,386.6256103515625,496.0467529296875,0,-407.3829214031934,0
0.609183267,461.56427001953125,385.0160827636719,496.033203125,0,-393.24265325212394,0
0.61323325,461.5027770996094,383.4036865234375,496.0138244628906,0,-397.7579713771223,0
0.617334796,461.4417419433594,381.8017272949219,495.9996032714844,0,-408.9608809632496,0
0.621236389,461.3742980957031,380.2030029296875,495.9933776855469,0,-401.8785424208664,0
0.625356671,461.3075866699219,378.60296630859375,495.987548828125,0,-403.5743385650634,0
0.629434444,461.2438049316406,377.00421142578125,495.98358154296875,0,-405.82526779693,0
0.633388974,461.1811828613281,375.40533447265625,495.9749450683594,0,-391.2272401693529,0
0.637324381,461.1163330078125,373.8034973144531,495.9593811035156,0,-405.6006271044592,0
0.64152109,461.0531005859375,372.19805908203125,495.9487609863281,0,-403.07086356555004,0
0.645486225,460.98858642578125,370.59228515625,495.923828125,0,-390.41331175280965,0
0.649414159,460.9224853515625,368.9862365722656,495.8894348144531,0,-402.993947610701,0
0.653721894,460.8603820800781,367.3731384277344,495.8636779785156,0,-401.76947587712476,0
0.657489803,460.7964782714844,365.7669372558594,495.8488464355469,0,-409.5503811462943,0
0.661514879,460.7268981933594,364.15545654296875,495.81732177734375,0,-400.88128050354254,0
0.665738479,460.66595458984375,362.54486083984375,495.7928771972656,0,-404.5502284289345,0
0.669624768,460.60797119140625,360.93438720703125,495.7807922363281,0,-403.6490987664461,0
0.67384645,460.54718017578125,359.32525634765625,495.7728271484375,0,-398.3046827337963,0
0.677816093,460.4835205078125,357.7256164550781,495.7605895996094,0,-403.2294108538228,0
0.681703363,460.4199523925781,356.1243896484375,495.7501220703125,0,-392.908122322909,0
0.685730762,460.35821533203125,354.5208740234375,495.7401123046875,0,-398.23984310876875,0
0.689906887,460.2990417480469,352.9115905761719,495.73358154296875,0,-404.7267914569699,0
0.694114947,460.23651123046875,351.30731201171875,495.724365234375,0,-405.95794541034377,0
0.697837371,460.17266845703125,349.70233154296875,495.7079772949219,0,-408.3101445886327,0
0.702009568,460.1062316894531,348.0928649902344,495.6844177246094,0,-395.8047953300208,0
0.705887193,460.0394287109375,346.486572265625,495.6667785644531,0,-397.1178594538654,0
0.709904229,459.9703063964844,344.8822326660156,495.650634765625,0,-394.37347333432723,0
0.714193638,459.90557861328125,343.2774963378906,495.6387023925781,0,-400.8450581343469,0
0.718011847,459.8365783691406,341.67291259765625,495.6169128417969,0,-390.9666272536326,0
0.722122216,459.7717590332031,340.0680847167969,495.59552001953125,0,-392.334543359544,0
0.726210392,459.7098083496094,338.4612731933594,495.58331298828125,0,-391.65792941842466,0
0.730075748,459.64654541015625,336.85260009765625,495.5670166015625,0,-402.0851417585376,0
0.734184779,459.58990478515625,335.24200439453125,495.5614929199219,0,-393.05763393326635,0
0.738288013,459.530029296875,333.6361999511719,495.5496520996094,0,-392.69856498321,0
0.7422301,459.4696960449219,332.03692626953125,495.5347900390625,0,-391.5080925543317,0
0.746215657,459.4024353027344,330.4366760253906,495.51531982421875,0,-405.3894038364333,0
0.750455174,459.3366394042969,328.84222412109375,495.50146484375,0,-405.0792798100784,0
0.754375247,459.2700500488281,327.2485656738281,495.4755554199219,0,-401.118181083906,0
0.758292472,459.2099914550781,325.6556701660156,495.4574279785156,0,-394.858200108811,0
0.762489612,459.1459655761719,324.06134033203125,495.44354248046875,0,-394.06138802412346,0
0.76645284,459.0743408203125,322.4748229980469,495.4226379394531,0,-394.80694741217536,0
0.770535388,459.01123046875,320.8888244628906,495.4062194824219,0,-396.49593485514623,0
0.774695142,458.94769287109375,319.3014831542969,495.3908996582031,0,-400.69245442476324,0
0.778446309,458.8877258300781,317.7122497558594,495.37982177734375,0,-397.20782779532107,0
0.782493956,458.83148193359375,316.12689208984375,495.37823486328125,0,-403.4724160638779,0
0.786674546,458.7747497558594,314.5472106933594,495.36773681640625,0,-395.4179991312761,0
0.790602713,458.71539306640625,312.96728515625,495.3631591796875,0,-392.3028363381207,0
0.794909714,458.65447998046875,311.38189697265625,495.35858154296875,0,-396.42146869580694,0
0.798810255,458.5935363769531,309.80035400390625,495.3454895019531,0,-406.93572280198464,0
0.802717501,458.5276794433594,308.218505859375,495.3267822265625,0,-391.4605680621887,0
0.806648891,458.46917724609375,306.63787841796875,495.3203430175781,0,-392.92360760375436,0
0.810868514,458.4031066894531,305.05230712890625,495.302734375,0,-394.33102599695764,0
0.814881453,458.3392333984375,303.4610900878906,495.2724914550781,0,-403.6166299064248,0
0.818939372,458.27569580078125,301.8737487792969,495.2491760253906,0,-395.03938414262853,0
0.823004987,458.210205078125,300.2830505371094,495.23297119140625,0,-405.122157306256,0
0.826855525,458.14923095703125,298.6892395019531,495.2168273925781,0,-390.72298613689674,0
0.830911994,458.0855712890625,297.0999755859375,495.201904296875,0,-406.5152821468377,0
0.835177557,458.02398681640625,295.51373291015625,495.1861572265625,0,-400.8507574617787,0
0.839012038,457.96148681640625,293.9342346191406,495.1781921386719,0,-406.8183915865608,0
0.842968598,457.8989562988281,292.3468322753906,495.1683349609375,0,-396.7824800601391,0
0.847171121,457.8403625488281,290.76214599609375,495.166259765625,0,-408.63858034943263,0
0.851053879,457.7791442871094,289.17730712890625,495.15972900390625,0,-398.0302110984955,0
0.855146596,457.72161865234375,287.60345458984375,495.1595764160156,0,-392.0205660664867,0
0.859263151,457.6589660644531,286.0217590332031,495.1483154296875,0,-392.9995020517398,0
0.863164002,457.59783935546875,284.4320983886719,495.13641357421875,0,-399.4142052131093,0
0.867295755,457.53607177734375,282.8368225097656,495.12164306640625,0,-394.32186721516325,0
0.871380838,457.46746826171875,281.2454833984375,495.1040954589844,0,-399.47518491759223,0
0.875346237,457.3990478515625,279.6557922363281,495.0763244628906,0,-405.50489293839286,0
0.879220727,457.337890625,278.0636291503906,495.0606689453125,0,-395.05675095725496,0
0.883442458,457.26806640625,276.4665222167969,495.0420227050781,0,-406.5724022574655,0
0.887385942,457.2080993652344,274.8734130859375,495.03076171875,0,-398.0721150574039,0
0.891342068,457.14654541015625,273.2802734375,495.0149230957031,0,-390.7917019929246,0
0.89591086,457.0863037109375,271.68634033203125,495.00335693359375,0,-393.8880199203403,0
0.899442196,457.02313232421875,270.09814453125,494.9934997558594,0,-390.6633182248784,0
0.903440005,456.9609069824219,268.5125427246094,494.98748779296875,0,-408.1220887412641,0
0.907620831,456.9024353027344,266.9247741699219,494.9834899902344,0,-401.0243881522395,0
0.911556427,456.841064453125,265.3314514160156,494.97479248046875,0,-402.25791694387556,0
0.915733057,456.78143310546875,263.7395324707031,494.9686279296875,0,-397.79467871181,0
0.919837228,456.7164001464844,262.1459655761719,494.953857421875,0,-398.6474236475704,0
0.923617752,456.65240478515625,260.55804443359375,494.9381103515625,0,-406.8703916226143,0
0.927633502,456.5843200683594,258.9687194824219,494.9224853515625,0,-402.33790227997173,0
0.931839436,456.52032470703125,257.3843078613281,494.9156494140625,0,-395.33552173408765,0
0.93584611,456.4541015625,255.8001251220703,494.8993225097656,0,-397.93312281078437,0
0.939811956,456.3888854980469,254.21511840820313,494.8747253417969,0,-399.3381641064885,0
0.94393907,456.3294982910156,252.63079833984375,494.86785888671875,0,-395.309344029545,0
0.947821102,456.26336669921875,251.03396606445313,494.85748291015625,0,-407.87497471627927,0
0.951842233,456.20233154296875,249.44313049316406,494.8533020019531,0,-397.5762677173647,0
0.956079287,456.13885498046875,247.85699462890625,494.8415222167969,0,-400.7153621803618,0
0.959914683,456.07525634765625,246.2711181640625,494.83056640625,0,-390.47030153451914,0
0.963742821,456.01702880859375,244.68540954589844,494.8230895996094,0,-403.0195618962267,0
0.967811104,455.9580383300781,243.09478759765625,494.81646728515625,0,-397.1162060437112,0
0.971648949,455.89508056640625,241.50015258789063,494.8026123046875,0,-403.916614942934,0
0.975807316,455.82855224609375,239.9095916748047,494.78656005859375,0,-405.32786699794974,0
0.979914189,455.7598571777344,238.32327270507813,494.7752380371094,0,-408.0601757463659,0
0.983853003,455.6940002441406,236.73046875,494.76373291015625,0,-406.5101529530185,0
0.987871169,455.6286315917969,235.13209533691406,494.7461242675781,0,-408.88228288927905,0
0.992052361,455.57025146484375,233.54054260253906,494.7390441894531,0,-401.9859423726836,0
0.996255884,455.501220703125,231.94676208496094,494.72698974609375,0,-402.7779212437243,0
1.000011994,455.43719482421875,230.3579864501953,494.72381591796875,0,-397.2915940273827,0
1.00419581,455.3771667480469,228.7671661376953,494.7189025878906,0,-408.30019024493004,0
1.008161185,455.31317138671875,227.16873168945313,494.69793701171875,0,-409.0268515094398,0
1.012345191,455.2557678222656,225.57447814941406,494.69525146484375,0,-407.6912980416706,0
1.016553142,455.1896667480469,223.97354125976563,494.6880187988281,0,-404.7624569439674,0
1.020377097,455.120849609375,222.37440490722656,494.67315673828125,0,-406.2396090803011,0
1.024465229,455.06488037109375,220.7786865234375,494.668212890625,0,-395.65925195883966,0
1.028577609,454.9978942871094,219.17794799804688,494.6557312011719,0,-392.8941540595797,0
1.03250143,454.934814453125,217.57891845703125,494.64471435546875,0,-402.17153170046674,0
1.036588979,454.8702392578125,215.9763641357422,494.63482666015625,0,-400.97213819664387,0
1.040716918,454.80242919921875,214.36862182617188,494.6210021972656,0,-391.40942440859743,0
1.044599168,454.7375793457031,212.76219177246094,494.60931396484375,0,-392.4073201645838,0
1.048576196,454.6684875488281,211.15469360351563,494.5982971191406,0,-391.2597389350737,0
1.052790576,454.6034851074219,209.54368591308594,494.5970764160156,0,-394.1148193134737,0
1.056813869,454.5399475097656,207.93084716796875,494.58941650390625,0,-397.68468282233545,0
1.060834843,454.4736328125,206.317138671875,494.5725402832031,0,-392.8424982018741,0
1.064920388,454.4111633300781,204.71292114257813,494.5665283203125,0,-409.9513960373401,0
1.068786362,454.3450622558594,203.10794067382813,494.56048583984375,0,-393.7277771729613,0
1.072802638,454.2760314941406,201.5082550048828,494.551513671875,0,-399.16296144339367,0
1.077074667,454.212646484375,199.91424560546875,494.5409240722656,0,-397.2470162499029,0
1.080892913,454.14825439453125,198.3190155029297,494.5237731933594,0,-407.0947430369658,0
1.084885958,454.0785827636719,196.72616577148438,494.504150390625,0,-401.678085411233,0
1.089121825,454.01824951171875,195.14170837402344,494.5067138671875,0,-406.1318741130724,0
1.092957715,453.9539794921875,193.56141662597656,494.50177001953125,0,-395.22946551826146,0
1.097281563,453.88818359375,191.9765167236328,494.48956298828125,0,-399.4076763742514,0
1.101193607,453.828125,190.39625549316406,494.4845275878906,0,-390.12165437824103,0
1.105084739,453.7652893066406,188.81622314453125,494.4751281738281,0,-398.6441688371049,0
1.109240642,453.7004699707031,187.23855590820313,494.46649169921875,0,-396.75142532990054,0
1.113291733,453.63995361328125,185.65386962890625,494.4586181640625,0,-401.73856537903436,0
1.117269307,453.577392578125,184.07176208496094,494.45062255859375,0,-403.50870512246456,0
1.121164958,453.5138244628906,182.49264526367188,494.4467468261719,0,-397.85864652608,0
1.125390281,453.4491271972656,180.90634155273438,494.4390563964844,0,-394.3702469010063,0
1.12931004,453.38568115234375,179.3214111328125,494.43304443359375,0,-405.66847324351437,0
1.13328544,453.3238525390625,177.73216247558594,494.4316711425781,0,-408.6597326952229,0
1.13757245,453.25848388671875,176.14564514160156,494.4251708984375,0,-408.73306949148446,0
1.141354091,453.193603515625,174.55691528320313,494.40960693359375,0,-396.68669578207005,0
1.14535979,453.1341857910156,172.96484375,494.4031066894531,0,-394.09355719319825,0
1.149530537,453.07135009765625,171.37002563476563,494.40069580078125,0,-397.47642884846675,0
1.153458845,453.005859375,169.77902221679688,494.3942565917969,0,-407.37353372891874,0
1.157673886,452.9412841796875,168.18963623046875,494.38458251953125,0,-397.8308007735696,0
1.16167223,452.8775939941406,166.59909057617188,494.37164306640625,0,-396.9095361448967,0
1.165572216,452.8125,165.00389099121094,494.3563232421875,0,-404.0077223355902,0
1.169559612,452.7476806640625,163.41055297851563,494.3509826660156,0,-398.6606106423884,0
1.173766929,452.6827392578125,161.81861877441406,494.3480529785156,0,-400.27194369125186,0
1.177741999,452.61651611328125,160.22866821289063,494.33709716796875,0,-403.2387547949642,0
1.181655695,452.5506286621094,158.63389587402344,494.33026123046875,0,-395.69684980379316,0
1.185906249,452.48931884765625,157.04176330566406,494.3257751464844,0,-406.4955352606156,0
1.189749829,452.42486572265625,155.4504852294922,494.31878662109375,0,197.0734949403404,0
1.193783728,452.3620300292969,153.85369873046875,494.313232421875,0,200.6240531623863,0
1.1983481440000001,452.2967529296875,152.25245666503906,494.3050537109375,0,210.15246945712468,0
1.201979954,452.2344970703125,150.6558380126953,494.30328369140625,0,195.92931910055952,0
1.206043767,452.1685791015625,149.0615692138672,494.2978515625,0,213.6287841861195,0
1.210103069,452.1040954589844,147.4705352783203,494.2963562011719,0,215.25535727166846,0
1.214029113,452.0411376953125,145.875,494.29241943359375,0,214.45630091768,0
1.218009242,451.9792175292969,144.3046417236328,494.2848205566406,0,201.38157834244072,0
1.222117694,451.9169616699219,142.8182373046875,494.2677001953125,0,210.67005827393405,0
1.226024911,451.85009765625,141.49136352539063,494.22802734375,0,223.2045238850572,0
1.229992529,451.7756652832031,140.3690948486328,494.1798095703125,0,220.1851478637235,0
1.234196789,451.7012939453125,139.45318603515625,494.1302185058594,0,213.11168535140922,0
1.238177464,451.63861083984375,138.7838897705078,494.0833435058594,0,214.2671617545521,0
1.2421181749999999,451.59375,138.37925720214844,494.04522705078125,0,216.71568457808084,0
1.246273759,451.5589294433594,138.15054321289063,494.0223083496094,0,225.4939356224364,0
1.250244569,451.54071044921875,138.0330352783203,494.0451965332031,0,217.1511268300058,0
1.254195511,451.5812683105469,138.1583709716797,494.12005615234375,0,220.4795369393789,0
1.2584174240000001,451.59637451171875,138.530029296875,494.15118408203125,0,223.56264484092165,0
1.262125555,451.6214294433594,139.05661010742188,494.18359375,0,224.26364709398757,0
1.2661012569999999,451.6700744628906,139.69711303710938,494.25372314453125,0,226.04385975511357,0
1.2702554099999999,451.69488525390625,140.47738647460938,494.2991638183594,0,222.26155642583709,0
1.274377563,451.7030029296875,141.40151977539063,494.3167724609375,0,229.03391551604648,0
1.278390197,451.7062072753906,142.3720245361328,494.3184509277344,0,228.7576891885563,0
1.282456198,451.7063293457031,143.3120574951172,494.312744140625,0,228.26386501684937,0
1.286246432,451.7071533203125,144.2404327392578,494.30926513671875,0,229.87777044964852,0
1.290269038,451.69256591796875,145.1781463623047,494.2898864746094,0,239.39641420906534,0
1.294445812,451.6682434082031,146.12344360351563,494.2665100097656,0,235.1165270331063,0
1.298729677,451.6412658691406,147.05322265625,494.239990234375,0,241.46473812055015,0
1.302516724,451.6240234375,147.9454345703125,494.2073059082031,0,253.13243490520497,0
1.306570077,451.61236572265625,148.81304931640625,494.1871032714844,0,237.38955450727087,0
1.310431936,451.59552001953125,149.67579650878906,494.1748046875,0,249.283362063463,0
1.314441343,451.57452392578125,150.54795837402344,494.1646423339844,0,240.46967179260588,0
1.31879791,451.5634765625,151.4177703857422,494.1610412597656,0,259.0160359130866,0
1.322592067,451.55548095703125,152.28778076171875,494.1678466796875,0,244.5682140796502,0
1.326579266,451.54296875,153.17100524902344,494.1793212890625,0,257.14158927441383,0
1.330808918,451.5260009765625,154.0843048095703,494.2021789550781,0,259.46358727918397,0
1.334673821,451.50469970703125,155.02310180664063,494.2306213378906,0,266.9298546920531,0
1.338876414,451.4761657714844,155.97909545898438,494.2519836425781,0,260.5832631398445,0
1.342944506,451.45330810546875,156.9354705810547,494.2706604003906,0,260.7512766280346,0
1.346924262,451.4358825683594,157.8939666748047,494.2911682128906,0,259.64486429499505,0
1.35113625,451.4118957519531,158.86012268066406,494.3011474609375,0,257.07034923330076,0
1.35521486,451.38763427734375,159.84640502929688,494.2987365722656,0,263.190730984339,0
1.359190759,451.36151123046875,160.85472106933594,494.2854309082031,0,274.66463198577765,0
1.363085242,451.32763671875,161.87725830078125,494.2638854980469,0,266.5848319840114,0
1.367294274,451.29547119140625,162.9124755859375,494.237060546875,0,279.2884166017334,0
1.371221946,451.26336669921875,163.94032287597656,494.19952392578125,0,280.819484341392,0
1.375209678,451.2345275878906,164.96539306640625,494.166748046875,0,266.859438295909,0
1.3795093139999999,451.2102355957031,166.00086975097656,494.1407470703125,0,275.45203356107413,0
1.38329381,451.18035888671875,167.0386962890625,494.1156005859375,0,279.70369687406964,0
1.38729982,451.16217041015625,168.07838439941406,494.1083068847656,0,279.8080355762285,0
1.391469689,451.14111328125,169.11192321777344,494.0970153808594,0,279.5589822062452,0
1.395397239,451.12213134765625,170.1387481689453,494.0888366699219,0,289.2404045797802,0
1.399855039,451.108642578125,171.1761474609375,494.0955810546875,0,278.6848436115452,0
1.40367084,451.0799560546875,172.22335815429688,494.1052551269531,0,289.1604907762383,0
1.4074670519999999,451.05120849609375,173.28939819335938,494.1244201660156,0,281.8928269209256,0
1.411483256,451.018310546875,174.36570739746094,494.1479797363281,0,296.54359686810824,0
1.415682817,450.9847412109375,175.45375061035156,494.1730651855469,0,289.3642958084036,0
1.41959067,450.947998046875,176.55491638183594,494.1871032714844,0,285.77747032511104,0
1.42357861,450.9145202636719,177.66705322265625,494.20635986328125,0,295.3634053105112,0
1.427800492,450.8798828125,178.78372192382813,494.22296142578125,0,298.99782822549685,0
1.431651133,450.841796875,179.91006469726563,494.22259521484375,0,287.5278482936363,0
1.435694034,450.8131408691406,181.0496826171875,494.2177429199219,0,305.09942422831415,0
1.43996679,450.7783203125,182.1925811767578,494.1981506347656,0,308.2560228087488,0
1.44381026,450.74749755859375,183.34146118164063,494.18023681640625,0,306.09722219266877,0
1.447909238,450.714599609375,184.49652099609375,494.1540832519531,0,304.3563201503571,0
1.451980648,450.6822204589844,185.65322875976563,494.1251525878906,0,298.1732249655476,0
1.455869206,450.65313720703125,186.8102264404297,494.0973205566406,0,302.40164774902615,0
1.459942273,450.62445068359375,187.9729461669922,494.0713195800781,0,300.77264232815185,0
1.464061038,450.5947265625,189.14266967773438,494.0478210449219,0,316.34742366731024,0
1.467979086,450.5694274902344,190.31370544433594,494.03485107421875,0,307.78075446734385,0
1.471961968,450.5358581542969,191.48410034179688,494.02520751953125,0,312.67745451549905,0
1.476152881,450.5062255859375,192.66026306152344,494.02630615234375,0,317.50867498423355,0
1.480148217,450.4693298339844,193.841064453125,494.0264587402344,0,317.3863466830987,0
1.484067096,450.43499755859375,195.03472900390625,494.0429382324219,0,308.90224744695416,0
1.488259521,450.3931884765625,196.2372283935547,494.0584411621094,0,310.1444068414928,0
1.492161308,450.34918212890625,197.44586181640625,494.0799560546875,0,316.39508366674147,0
1.496289279,450.30682373046875,198.6669464111328,494.10601806640625,0,325.4311312605599,0
1.500669163,450.2657775878906,199.896240234375,494.1204833984375,0,325.4545982383721,0
1.5042625410000001,450.22802734375,201.1380615234375,494.1370544433594,0,330.05332483315686,0
1.508305752,450.1872253417969,202.3927764892578,494.14422607421875,0,333.8155175170433,0
1.512458617,450.1476745605469,203.64791870117188,494.13824462890625,0,328.03994733314283,0
1.516382266,450.10821533203125,204.90403747558594,494.1264953613281,0,340.16332052628394,0
1.520416228,450.07415771484375,206.159912109375,494.10791015625,0,334.46771307736407,0
1.524538756,450.0401611328125,207.42144775390625,494.0768127441406,0,329.1942253241877,0
1.52842741,450.0032653808594,208.68582153320313,494.0415954589844,0,333.268752213556,0
1.532475407,449.9717102050781,209.95945739746094,494.01953125,0,346.44930267806757,0
1.536612745,449.9321594238281,211.23516845703125,493.99871826171875,0,334.36990668957424,0
1.5406527749999999,449.88873291015625,212.52114868164063,493.97698974609375,0,349.16255643390997,0
1.544651006,449.8459167480469,213.81858825683594,493.9576721191406,0,343.3411257856144,0
1.5487521370000001,449.8034973144531,215.1216278076172,493.9410705566406,0,344.9037973640161,0
1.5526338979999998,449.75872802734375,216.42787170410156,493.9299621582031,0,342.1316918512195,0
1.556636536,449.71295166015625,217.74436950683594,493.9287109375,0,340.62043229808904,0
1.560929454,449.6670837402344,219.0689239501953,493.9391174316406,0,351.4570354959899,0
1.5647577940000001,449.62347412109375,220.40191650390625,493.9598693847656,0,349.947401487565,0
1.568775638,449.5810852050781,221.74815368652344,493.9866027832031,0,345.0535901148544,0
1.572960556,449.5357666015625,223.10565185546875,494.0067138671875,0,360.1767935166677,0
1.576803318,449.4941711425781,224.470458984375,494.0202941894531,0,350.7134031929189,0
1.5809339759999999,449.4522705078125,225.84356689453125,494.0352478027344,0,360.288368874909,0
1.5850325,449.40606689453125,227.21815490722656,494.04534912109375,0,354.55399670957524,0
1.5889822900000001,449.35906982421875,228.59451293945313,494.03839111328125,0,357.38970426084205,0
1.5930849870000001,449.3143310546875,229.97740173339844,494.02825927734375,0,359.19864368802325,0
1.597141819,449.264404296875,231.3658447265625,494.00555419921875,0,363.2902183234604,0
1.6013057210000001,449.2180480957031,232.75807189941406,493.97802734375,0,362.48572977851114,0
1.60502337,449.1716003417969,234.15444946289063,493.94189453125,0,357.7242840878357,0
1.609225819,449.12554931640625,235.5585479736328,493.91094970703125,0,368.2376600193013,0
1.613169171,449.0770263671875,236.97434997558594,493.8858947753906,0,360.6346002798578,0
1.61715032,449.0275573730469,238.38893127441406,493.865234375,0,380.9205147118023,0
1.6214105760000002,448.98199462890625,239.8167724609375,493.85076904296875,0,377.08001809390544,0
1.625208357,448.92926025390625,241.24879455566406,493.8326416015625,0,378.1091840007665,0
1.629232795,448.8749084472656,242.68441772460938,493.8260803222656,0,375.0446321322199,0
1.633390895,448.8233337402344,244.13217163085938,493.82989501953125,0,381.8602266276542,0
1.637336627,448.77020263671875,245.57778930664063,493.83740234375,0,388.1273428765234,0
1.641531096,448.7154846191406,247.0318603515625,493.8406677246094,0,382.05615398401176,0
1.645550463,448.66632080078125,248.49008178710938,493.8490905761719,0,382.8379462727012,0
1.649379655,448.614501953125,249.9597930908203,493.8651428222656,0,390.04276590609595,0
1.6534239830000002,448.5583190917969,251.42922973632813,493.878173828125,0,392.76524737700385,0
1.657581121,448.5036315917969,252.90611267089844,493.88665771484375,0,378.37827012876835,0
1.661541037,448.4520263671875,254.39559936523438,493.8833312988281,0,394.4889332945966,0
1.6655054059999999,448.39666748046875,255.8904266357422,493.875244140625,0,389.80485938746193,0
1.669708934,448.34423828125,257.39276123046875,493.8672790527344,0,401.67285776833285,0
1.6735947580000001,448.2894287109375,258.9030456542969,493.85247802734375,0,393.8568231244428,0
1.677612931,448.2327880859375,260.4211120605469,493.824951171875,0,399.1231629391504,0
1.681899394,448.18121337890625,261.9538879394531,493.8041076660156,0,404.8370512237426,0
1.685720766,448.1233825683594,263.490234375,493.77960205078125,0,400.63715087574707,0
1.689831095,448.0704345703125,265.0412902832031,493.760986328125,0,400.14164823411227,0
1.6939262670000002,448.01531982421875,266.5981140136719,493.74078369140625,0,405.0120162687912,0
1.697842655,447.9480895996094,268.1627502441406,493.71295166015625,0,394.8545599427089,0
1.7020927129999999,447.8882751464844,269.7411193847656,493.6943054199219,0,403.8318166141181,0
1.705975424,447.8241882324219,271.32464599609375,493.6824035644531,0,392.8590558471524,0
1.709911189,447.7597961425781,272.91033935546875,493.67401123046875,0,399.59906898805457,0
1.713880015,447.69757080078125,274.5115966796875,493.67633056640625,0,399.22455487636677,0
1.7181044829999998,447.6288146972656,276.1119079589844,493.6670837402344,0,403.3639238038795,0
1.722050736,447.5663757324219,277.7157897949219,493.6680908203125,0,408.4678235032458,0
1.726038068,447.5068664550781,279.3204345703125,493.6749572753906,0,401.73600483323065,0
1.730164228,447.440185546875,280.9273681640625,493.67633056640625,0,395.17464131509433,0
1.7340700660000001,447.3783874511719,282.5387878417969,493.6797180175781,0,395.87243862332053,0
1.738206732,447.3155517578125,284.150390625,493.6762390136719,0,399.795914041433,0
1.742408613,447.25787353515625,285.76434326171875,493.6768493652344,0,397.71345544994665,0
1.746169276,447.1992492675781,287.3888244628906,493.66815185546875,0,395.1759773229681,0
1.750168948,447.1399841308594,289.01446533203125,493.6573181152344,0,395.6651525275865,0
1.754357385,447.07952880859375,290.6463623046875,493.6494140625,0,391.05800210468294,0
1.75830028,447.014892578125,292.2724914550781,493.63262939453125,0,405.85043792139265,0
1.76237768,446.950439453125,293.90478515625,493.6120910644531,0,394.7984490793015,0
1.766491896,446.8811340332031,295.5386962890625,493.5869140625,0,403.429198762877,0
1.770355437,446.81121826171875,297.1757507324219,493.5625305175781,0,397.05232406705977,0
1.774372687,446.74102783203125,298.8079528808594,493.54205322265625,0,391.8603930211775,0
1.778569016,446.66925048828125,300.43450927734375,493.5191955566406,0,397.876746726273,0
1.782627906,446.60186767578125,302.06304931640625,493.4985656738281,0,402.1250317990543,0
1.786587342,446.5310974121094,303.68902587890625,493.47021484375,0,400.1184409673126,0
1.790671736,446.458984375,305.3169250488281,493.4533386230469,0,409.41909949571357,0
1.7945467929999999,446.3859558105469,306.9381103515625,493.44708251953125,0,397.47626673355836,0
1.798556158,446.3198547363281,308.5600280761719,493.4401550292969,0,403.7243667998541,0
1.803129619,446.2530517578125,310.18231201171875,493.4313049316406,0,405.4616370765458,0
1.806677263,446.1953430175781,311.8035583496094,493.4403076171875,0,401.88643720351246,0
1.810664236,446.1340026855469,313.4212646484375,493.4504089355469,0,407.08748541054814,0
1.8148837869999999,446.0764465332031,315.0335693359375,493.4592590332031,0,405.40881411769266,0
1.818760271,446.01348876953125,316.64739990234375,493.4615783691406,0,398.37243455469894,0
1.8228684149999999,445.9501647949219,318.26123046875,493.45294189453125,0,408.13776393772974,0
1.826955246,445.8898010253906,319.8825378417969,493.4457092285156,0,403.98699159566326,0
1.8308761310000001,445.8222351074219,321.5054016113281,493.4199523925781,0,400.0294473199902,0
1.834982278,445.7615661621094,323.1282653808594,493.4010314941406,0,394.4466234767489,0
1.839094794,445.6905822753906,324.7530517578125,493.37646484375,0,395.83418763280145,0
1.8430249380000001,445.62200927734375,326.3844299316406,493.3533935546875,0,406.71864668987035,0
1.846961366,445.54974365234375,328.0160217285156,493.3172912597656,0,407.9363324171883,0
1.851142582,445.4794006347656,329.6585388183594,493.2862548828125,0,396.1306095225306,0
1.8550605180000002,445.4094543457031,331.3036804199219,493.2655334472656,0,398.67457073068624,0
1.859076048,445.3431091308594,332.9478759765625,493.2511901855469,0,394.46328010928164,0
1.863351562,445.27813720703125,334.5926208496094,493.2380676269531,0,390.7671603033589,0
1.867143432,445.213623046875,336.2358703613281,493.2273254394531,0,400.4498700729618,0
1.8711654210000002,445.1458435058594,337.882080078125,493.2193908691406,0,390.2711736319785,0
1.875342412,445.0812072753906,339.52789306640625,493.2191467285156,0,400.1154108396039,0
1.87923229,445.0167236328125,341.1610412597656,493.2138671875,0,403.6058103462504,0
1.883492954,444.9552307128906,342.79058837890625,493.2075500488281,0,393.84514165570744,0
1.8875252040000001,444.8871765136719,344.41546630859375,493.19903564453125,0,404.21792560126727,0
1.891310191,444.8243103027344,346.0401916503906,493.18878173828125,0,405.4653035752548,0
1.8953556470000001,444.7555236816406,347.6611633300781,493.1775817871094,0,403.6085643715157,0
1.8995229930000002,444.68768310546875,349.2740173339844,493.1652526855469,0,397.85825663811534,0
1.903775199,444.6249694824219,350.88885498046875,493.1485290527344,0,392.00199360671814,0
1.9074756370000001,444.56231689453125,352.50726318359375,493.1307067871094,0,392.9891985436502,0
1.9116222870000001,444.4981384277344,354.12530517578125,493.1186828613281,0,409.6527608716049,0
1.915497429,444.4361572265625,355.7471923828125,493.11016845703125,0,395.595987594156,0
1.919501612,444.3701171875,357.3665771484375,493.08648681640625,0,408.027639091848,0
1.923809067,444.3060607910156,358.99822998046875,493.0704650878906,0,394.1541106908724,0
1.9276259599999999,444.2378234863281,360.6251525878906,493.0545654296875,0,406.46217155065847,0
1.9317585689999999,444.1760559082031,362.2516784667969,493.04217529296875,0,396.8017886610578,0
1.935847662,444.1085510253906,363.87274169921875,493.02459716796875,0,398.9841753660732,0
1.939690742,444.0385437011719,365.48974609375,492.99786376953125,0,398.5870323045623,0
1.9438218250000001,443.9690246582031,367.1115417480469,492.9734802246094,0,392.66410508630577,0
1.947900383,443.9020690917969,368.7283935546875,492.94677734375,0,401.9229858996167,0
1.951855243,443.8358154296875,370.3483581542969,492.9338073730469,0,406.3444455898925,0
1.955838311,443.76739501953125,371.97015380859375,492.9183044433594,0,395.90260518608517,0
1.959990635,443.6994934082031,373.595947265625,492.9008483886719,0,406.64516554159974,0
1.963881353,443.63409423828125,375.2165222167969,492.8842468261719,0,404.31491812663376,0
1.967590234,443.5777282714844,376.8410339355469,492.885009765625,0,405.1824304466147,0
1.971744671,443.517333984375,378.4625549316406,492.88043212890625,0,394.21738732477763,0
1.975651086,443.4600830078125,380.0809631347656,492.8773193359375,0,401.8971108977157,0
1.979776277,443.3986511230469,381.70306396484375,492.87615966796875,0,395.06780423086514,0
1.983985105,443.33453369140625,383.3234558105469,492.8653564453125,0,402.7899805366874,0
1.9877607689999999,443.2710266113281,384.9434814453125,492.85528564453125,0,405.2747794732145,0
1.9918735079999998,443.20654296875,386.5641784667969,492.8320007324219,0,400.1353483939998,0
1.996045655,443.1435852050781,388.1910705566406,492.81292724609375,0,399.5040429844788,0
1.999961822,443.0784606933594,389.8189392089844,492.7926025390625,0,398.2667058192543,0
2.004275542,443.0101318359375,391.44293212890625,492.7675476074219,0,409.3825340689866,0
2.008206068,442.9420471191406,393.0648193359375,492.7410583496094,0,394.1213924172024,0
2.012134705,442.87298583984375,394.6907653808594,492.7148132324219,0,390.3577556652035,0
2.016183095,442.805419921875,396.315673828125,492.6839294433594,0,404.2711279588364,0
2.020425001,442.7388916015625,397.94476318359375,492.6681213378906,0,393.46219627860796,0
2.024506422,442.6695556640625,399.57135009765625,492.65301513671875,0,398.5194336887267,0
2.028530742,442.603759765625,401.1993408203125,492.6291809082031,0,402.0475644248256,0
2.03261928,442.5363464355469,402.8286437988281,492.6095886230469,0,408.7621190225375,0
2.036470245,442.4770812988281,404.4572448730469,492.6080627441406,0,390.09146822201643,0
2.040500784,442.4139709472656,406.08642578125,492.612548828125,0,398.59763365506683,0
2.044780469,442.35443115234375,407.7025146484375,492.6044616699219,0,397.0117037729889,0
2.048584462,442.293701171875,409.3200988769531,492.59490966796875,0,399.07267625421275,0
2.052620691,442.23516845703125,410.9377746582031,492.58111572265625,0,401.2022680067997,0
2.056822007,442.1734619140625,412.5527648925781,492.57159423828125,0,391.82670118342674,0
2.060682536,442.1114501953125,414.1662902832031,492.5619812011719,0,407.2128481247082,0
2.064698052,442.0476989746094,415.77947998046875,492.53619384765625,0,398.4800543206737,0
2.068895008,441.9803161621094,417.38775634765625,492.50341796875,0,390.56860863841024,0
2.072825555,441.9150390625,418.99786376953125,492.47607421875,0,398.53127747251534,0
2.076954592,441.847900390625,420.61541748046875,492.45330810546875,0,403.2749413400471,0
2.081003892,441.7846984863281,422.23779296875,492.4376525878906,0,394.6992329844188,0
2.084976854,441.7169494628906,423.8531799316406,492.4195556640625,0,397.1972031300293,0
2.088924998,441.6501159667969,425.4717712402344,492.40972900390625,0,398.2938174148483,0
2.093081412,441.5840148925781,427.0912170410156,492.3968505859375,0,398.11960278762905,0
2.097012377,441.51861572265625,428.7101745605469,492.3815002441406,0,400.56965261776406,0
2.100975979,441.4557189941406,430.32025146484375,492.36358642578125,0,390.67192913868155,0
2.105450797,441.3891296386719,431.9347229003906,492.3431091308594,0,396.66256710953434,0
2.109090633,441.32342529296875,433.544189453125,492.3213806152344,0,394.8731647282308,0
2.113064398,441.2606506347656,435.15167236328125,492.2962951660156,0,398.41645771871526,0
2.117270653,441.1996154785156,436.75830078125,492.2707824707031,0,394.8645288561548,0
2.121203733,441.1388244628906,438.363525390625,492.255615234375,0,403.15651805553665,0
2.125402491,441.0762634277344,439.97113037109375,492.24102783203125,0,396.59757288666873,0
2.129389304,441.0133056640625,441.5765380859375,492.2259521484375,0,407.5574604721123,0
2.133250144,440.9549255371094,443.1805419921875,492.21649169921875,0,409.9062908434514,0
2.137275378,440.895751953125,444.7854309082031,492.2110595703125,0,403.7165657756733,0
2.141456449,440.8337707519531,446.3905944824219,492.2088928222656,0,391.08374737652366,0
2.145480719,440.7713928222656,447.99700927734375,492.2010192871094,0,397.78709243954006,0
2.149385251,440.7079772949219,449.5952453613281,492.1758728027344,0,390.77783147993466,0
2.153553105,440.6475830078125,451.2033386230469,492.1573486328125,0,394.319569953189,0
2.157474418,440.5821228027344,452.8150329589844,492.1428527832031,0,402.06902921628983,0
2.161474234,440.51025390625,454.4222412109375,492.1174011230469,0,398.17142898391523,0
2.165777117,440.4386291503906,456.0313720703125,492.0798645019531,0,405.4896405097713,0
2.169558494,440.3708801269531,457.64300537109375,492.0470886230469,0,402.8217512157364,0
2.173693782,440.3031311035156,459.25811767578125,492.0250244140625,0,391.9333392445684,0
2.177799742,440.24249267578125,460.8685607910156,492.00384521484375,0,406.5652597211762,0
2.181623734,440.1817321777344,462.4709777832031,491.9817810058594,0,399.7628492515744,0
2.185768756,440.1212158203125,464.080322265625,491.96923828125,0,396.3616437630881,0
2.189842017,440.0639953613281,465.6883850097656,491.9588623046875,0,392.6583964758877,0
2.193772196,440.0063171386719,467.2966003417969,491.9520568847656,0,402.01341576083684,0
2.197765617,439.9496765136719,468.90447998046875,491.9320373535156,0,409.92564714099996,0
2.20196206,439.8865051269531,470.5153503417969,491.91619873046875,0,390.64063167503974,0
2.206113915,439.8221130371094,472.1254577636719,491.9055480957031,0,409.92008489337985,0
2.209864912,439.7543029785156,473.7359619140625,491.8824157714844,0,407.8178829804902,0
2.214017616,439.6875,475.3465270996094,491.8572998046875,0,396.30220121686864,0
2.217933057,439.6203308105469,476.951416015625,491.835693359375,0,398.05452658522745,0
2.222077118,439.5514831542969,478.55511474609375,491.8127136230469,0,400.88379624176946,0
2.226246497,439.4897155761719,480.1632080078125,491.7992858886719,0,400.52224014451497,0
2.230015192,439.4309997558594,481.7769470214844,491.7866516113281,0,409.37961627156193,0
2.234006366,439.36737060546875,483.3836364746094,491.77764892578125,0,404.39290357362444,0
2.238203269,439.3038330078125,484.99542236328125,491.7645568847656,0,406.8304080822073,0
2.242151902,439.2390441894531,486.6150207519531,491.7490539550781,0,406.75565805080345,0
2.246243367,439.17535400390625,488.2320251464844,491.723876953125,0,405.28798385840105,0
2.250344071,439.110595703125,489.83929443359375,491.70245361328125,0,409.95058231253637,0
2.254208702,439.04998779296875,491.4451904296875,491.6781311035156,0,402.0543128490101,0
2.258224764,438.98687744140625,493.05596923828125,491.6391906738281,0,408.37604023567826,0
2.262446246,438.9266052246094,494.6693115234375,491.61212158203125,0,403.29150464269713,0
2.266453169,438.8648376464844,496.2800598144531,491.5899658203125,0,404.11368581912905,0
2.270460984,438.80120849609375,497.89520263671875,491.5689392089844,0,392.298566197166,0
2.274553424,438.734375,499.51507568359375,491.5480651855469,0,395.6357746813538,0
2.278395835,438.66815185546875,501.13873291015625,491.53082275390625,0,394.08217928211366,0
2.282454379,438.60162353515625,502.76385498046875,491.5198974609375,0,399.783436330758,0
2.286709192,438.5357360839844,504.3795166015625,491.5015869140625,0,408.8984317117797,0
2.290507291,438.4705505371094,506.0058288574219,491.4788818359375,0,396.05765158451914,0
2.2945231440000002,438.4067077636719,507.6368408203125,491.4712219238281,0,400.0669247043597,0
2.298739361,438.34228515625,509.2653503417969,491.4603271484375,0,403.44257595094996,0
2.302605191,438.27630615234375,510.8902587890625,491.4351806640625,0,397.20086983974227,0
2.306963037,438.2117614746094,512.5159301757813,491.424560546875,0,405.76623023221373,0
2.310833711,438.1526184082031,514.1309204101563,491.405517578125,0,409.28294513899607,0
2.314731572,438.087646484375,515.7431030273438,491.3810119628906,0,399.7192320020918,0
2.3188244129999998,438.0212097167969,517.3587036132813,491.3629455566406,0,394.7741114482883,0
2.322929449,437.95648193359375,518.969970703125,491.3453369140625,0,395.9153781186675,0
2.326884729,437.89697265625,520.5824584960938,491.33294677734375,0,398.4396334534082,0
2.33081353,437.82952880859375,522.1931762695313,491.30523681640625,0,404.5395012664474,0
2.334997304,437.76092529296875,523.7991943359375,491.2768249511719,0,402.05918469777026,0
2.338958479,437.6955261230469,525.4017333984375,491.2525329589844,0,408.54565586786345,0
2.342925176,437.6339111328125,527.0009765625,491.2188720703125,0,403.3246875603927,0
2.347176117,437.5672912597656,528.5983276367188,491.1820068359375,0,390.8202100428564,0
2.350992583,437.5040283203125,530.1947021484375,491.1473693847656,0,401.0653113373782,0
2.354979904,437.4416198730469,531.8014526367188,491.1282043457031,0,406.4549696821183,0
2.3591744,437.3817138671875,533.412109375,491.1185607910156,0,392.267210446611,0
2.3630868720000002,437.31549072265625,535.0155029296875,491.10443115234375,0,390.30605291269734,0
2.367349104,437.2541198730469,536.620849609375,491.0994873046875,0,396.4328410186788,0
2.371349059,437.18951416015625,538.2327880859375,491.093505859375,0,403.65990237736366,0
2.375173881,437.1165771484375,539.8413696289063,491.07025146484375,0,408.3516868417302,0
2.379188079,437.0483093261719,541.4501953125,491.05328369140625,0,407.05276147407255,0
2.383370402,436.9761962890625,543.057373046875,491.02581787109375,0,396.22346527314056,0
2.387373234,436.9161682128906,544.6629638671875,491.00653076171875,0,394.37200731502617,0
2.391315497,436.85662841796875,546.2655639648438,490.9918518066406,0,407.5770228401133,0
2.395497072,436.79400634765625,547.8565063476563,490.9624328613281,0,404.1864233273311,0
2.399370568,436.7295227050781,549.4534912109375,490.94287109375,0,395.76339040735814,0
2.40339391,436.6639404296875,551.0514526367188,490.9241027832031,0,406.4620214813697,0
2.407882032,436.59698486328125,552.642333984375,490.89404296875,0,402.75974990867115,0
2.411498612,436.5325927734375,554.2324829101563,490.86346435546875,0,397.1007855074984,0
2.415637736,436.4725341796875,555.83056640625,490.84442138671875,0,408.06473334457263,0
2.419654483,436.4076843261719,557.4315185546875,490.8192443847656,0,-206.05445732689935,0
2.4235435819999998,436.34014892578125,559.0269775390625,490.78314208984375,0,-198.74132160097966,0
2.4278141140000002,436.2837829589844,560.61572265625,490.7590637207031,0,-204.67880854492395,0
2.431925491,436.2225646972656,562.2088623046875,490.7375183105469,0,-209.09778087559673,0
2.435836248,436.1540222167969,563.802734375,490.70941162109375,0,-215.15120482267972,0
2.439842395,436.0820007324219,565.4036254882813,490.6848449707031,0,-206.82248170324237,0
2.444027981,436.0165710449219,567.0120239257813,490.678955078125,0,-210.3170466277427,0
2.447961765,435.9573669433594,568.6051635742188,490.68994140625,0,-220.5794756140436,0
2.451955282,435.926025390625,570.122314453125,490.7386169433594,0,-214.23852737012047,0
2.456125441,435.9554138183594,571.4893798828125,490.89599609375,0,-212.3199207193657,0
2.459997118,436.0526428222656,572.681396484375,491.0964660644531,0,-223.28752352725928,0
2.464123046,436.1737976074219,573.6869506835938,491.2641296386719,0,-213.0420015566732,0
2.468289278,436.3053894042969,574.4747314453125,491.4598388671875,0,-225.2698916608927,0
2.472046721,436.44384765625,575.0060424804688,491.6988220214844,0,-227.38843662953323,0
2.476042546,436.5016174316406,575.3362426757813,491.8127136230469,0,-228.32724294335807,0
2.480214809,436.40277099609375,575.565185546875,491.7124938964844,0,-217.9516901513975,0
2.484056655,436.222900390625,575.6045532226563,491.52996826171875,0,-220.70053575191113,0
2.488152903,436.0643615722656,575.3681030273438,491.388671875,0,-228.569463756275,0
2.492284801,435.9217224121094,574.91064453125,491.2071533203125,0,-238.09089403100052,0
2.496156055,435.7520446777344,574.2898559570313,490.94097900390625,0,-239.15335995660797,0
2.5001475600000003,435.5948486328125,573.5321655273438,490.7555236816406,0,-230.65667145009238,0
2.504321284,435.5226135253906,572.5972290039063,490.6878356933594,0,-226.2402643796472,0
2.5085677090000003,435.5114440917969,571.5418090820313,490.6181335449219,0,-225.755134201322,0
2.512409613,435.5077209472656,570.4645385742188,490.5267333984375,0,-232.83379520078486,0
2.51645842,435.502685546875,569.3933715820313,490.48590087890625,0,-237.56245026529115,0
2.520336842,435.5224304199219,568.3226318359375,490.4940490722656,0,-241.40921867779394,0
2.524342746,435.5621337890625,567.2421264648438,490.534912109375,0,-250.22220762322584,0
2.5286213760000003,435.6111145019531,566.1621704101563,490.58453369140625,0,-246.58165744291136,0
2.532443984,435.6534118652344,565.1055297851563,490.6573486328125,0,-237.1877729076414,0
2.536471557,435.67791748046875,564.0857543945313,490.76947021484375,0,-248.6919816019438,0
2.5406928779999998,435.6873779296875,563.1055297851563,490.8780517578125,0,-253.51897302542983,0
2.544514644,435.68115234375,562.1403198242188,490.94879150390625,0,-248.6856934633973,0
2.548612072,435.6561279296875,561.1871337890625,490.976318359375,0,-260.6544262424238,0
2.55269961,435.62127685546875,560.2420654296875,490.976318359375,0,-259.87864435523,0
2.556645763,435.5765686035156,559.2993774414063,490.9379577636719,0,-247.64610653722525,0
2.560820215,435.5079040527344,558.3697509765625,490.8621826171875,0,-250.8365380118133,0
2.564849732,435.4391174316406,557.4347534179688,490.7769775390625,0,-259.1449576047134,0
2.5687985319999997,435.3886413574219,556.4765625,490.70611572265625,0,-251.08015444164377,0
2.572739294,435.34344482421875,555.5018920898438,490.6300964355469,0,-260.700089722611,0
2.576900785,435.2969665527344,554.5298461914063,490.53533935546875,0,-260.50230291286454,0
2.58085337,435.2496032714844,553.5547485351563,490.4532165527344,0,-270.6756254940688,0
2.584830513,435.1997375488281,552.5741577148438,490.4104919433594,0,-256.5849035813937,0
2.58915915,435.1593017578125,551.5789794921875,490.3951721191406,0,-275.8452996957914,0
2.5928893090000003,435.1282043457031,550.5739135742188,490.38262939453125,0,-274.11414526416723,0
2.596925452,435.099365234375,549.5673217773438,490.39556884765625,0,-262.59007229986645,0
2.601107215,435.08795166015625,548.547119140625,490.4361267089844,0,-280.31145306140024,0
2.6050063310000002,435.0841369628906,547.5177001953125,490.4922180175781,0,-266.7961595854523,0
2.609464527,435.095703125,546.4676513671875,490.5533752441406,0,-283.48375771794923,0
2.613235785,435.1171875,545.4021606445313,490.6127624511719,0,-285.854354970733,0
2.61711986,435.13134765625,544.3400268554688,490.6756896972656,0,-277.3599771565544,0
2.621122889,435.1412048339844,543.2732543945313,490.7223205566406,0,-279.2489403860459,0
2.6253052390000002,435.1571960449219,542.19677734375,490.7528076171875,0,-273.958216445882,0
2.629309007,435.1611022949219,541.1178588867188,490.7707824707031,0,-292.1649577719316,0
2.63320943,435.1375732421875,540.0400390625,490.76702880859375,0,-292.9813248479761,0
2.637427806,435.08428955078125,538.9742431640625,490.7281799316406,0,-277.2528737842413,0
2.641330174,435.0164794921875,537.9061889648438,490.671875,0,-283.6452619621058,0
2.645358981,434.9454040527344,536.8364868164063,490.6202392578125,0,-284.62434480042015,0
2.649607357,434.8801574707031,535.7618408203125,490.56463623046875,0,-294.30754705211723,0
2.653433214,434.8220520019531,534.6812744140625,490.5110168457031,0,-300.5019060487377,0
2.657548438,434.77154541015625,533.5889282226563,490.4632568359375,0,-289.551702866555,0
2.661596646,434.724609375,532.4790649414063,490.4164123535156,0,-298.2743955142288,0
2.6654989970000003,434.6806640625,531.365234375,490.3849182128906,0,-294.0411559479299,0
2.669576363,434.6368713378906,530.2571411132813,490.3625183105469,0,-291.78356476860046,0
2.673673129,434.5987243652344,529.1336059570313,490.34844970703125,0,-303.5083604300711,0
2.6776067279999998,434.5661926269531,527.9990844726563,490.3463439941406,0,-313.1780968707059,0
2.681603986,434.53753662109375,526.8450927734375,490.3396301269531,0,-304.6858492993949,0
2.685842628,434.52081298828125,525.681396484375,490.34906005859375,0,-311.85819901503476,0
2.689756912,434.5120544433594,524.5108642578125,490.37353515625,0,-301.9556778413095,0
2.693716077,434.5034484863281,523.326904296875,490.3932800292969,0,-312.38658474986386,0
2.697894416,434.4959716796875,522.1384887695313,490.4069519042969,0,-318.2453101510242,0
2.701821384,434.484375,520.9456176757813,490.4332275390625,0,-318.18959257659714,0
2.705929506,434.46929931640625,519.7503662109375,490.4630126953125,0,-313.11271210335354,0
2.710312471,434.4527587890625,518.5513916015625,490.4896545410156,0,-324.6557620603957,0
2.7138802,434.4297180175781,517.3458862304688,490.4960632324219,0,-318.18102087721786,0
2.717894378,434.40338134765625,516.1368408203125,490.4888610839844,0,-313.60026250405883,0
2.722078407,434.3714599609375,514.9273681640625,490.4805908203125,0,-315.02202233526725,0
2.725967431,434.3384094238281,513.7108764648438,490.46136474609375,0,-326.43901929046814,0
2.730098118,434.2919006347656,512.4987182617188,490.43658447265625,0,-323.67905969642607,0
2.734178726,434.2295837402344,511.2846984863281,490.3954162597656,0,-325.3094314831687,0
2.738067223,434.1637268066406,510.07122802734375,490.3525390625,0,-323.00110082708335,0
2.742087005,434.0991516113281,508.83489990234375,490.3052062988281,0,-332.518337182549,0
2.74629253,434.0494079589844,507.5887451171875,490.2713928222656,0,-325.737726023219,0
2.750280476,434.0018310546875,506.33746337890625,490.22369384765625,0,-331.6471102686212,0
2.754328789,433.9398498535156,505.0762939453125,490.1759338378906,0,-342.47169757261497,0
2.758378833,433.8848571777344,503.8081970214844,490.1537170410156,0,-338.852537294164,0
2.762262364,433.8448791503906,502.52789306640625,490.13665771484375,0,-331.63688069349274,0
2.766259024,433.8133239746094,501.2367858886719,490.116943359375,0,-346.5292022506091,0
2.770567851,433.78570556640625,499.9432678222656,490.1195373535156,0,-339.4379085942586,0
2.774386204,433.7584228515625,498.639404296875,490.1407165527344,0,-351.5803632057298,0
2.778389396,433.73150634765625,497.32928466796875,490.1591491699219,0,-340.0234917204744,0
2.782543641,433.7114562988281,496.0091857910156,490.1777038574219,0,-351.3253568899653,0
2.786455485,433.69195556640625,494.6888732910156,490.204345703125,0,-354.88563688913035,0
2.790533787,433.6680603027344,493.3582458496094,490.22723388671875,0,-355.40165776370736,0
2.794638852,433.63507080078125,492.0226745605469,490.239501953125,0,-344.7492483995118,0
2.798582316,433.59765625,490.6869201660156,490.237548828125,0,-341.75663406508835,0
2.802649837,433.5583190917969,489.3399353027344,490.213134765625,0,-360.2540424835415,0
2.806761833,433.51708984375,487.9873352050781,490.1908264160156,0,-355.91598664474424,0
2.810962889,433.4710388183594,486.62884521484375,490.16845703125,0,-355.13113611788145,0
2.814680218,433.4179382324219,485.2703552246094,490.1413269042969,0,-365.1956958680798,0
2.818822838,433.35589599609375,483.9022521972656,490.09564208984375,0,-359.778374994412,0
2.822794968,433.2969055175781,482.53668212890625,490.0593566894531,0,-367.1495069552717,0
2.826776534,433.23699951171875,481.1676025390625,490.0307312011719,0,-369.4347706606342,0
2.831103865,433.17431640625,479.7818908691406,489.989501953125,0,-357.8744706307361,0
2.8348858679999998,433.11529541015625,478.38800048828125,489.9603576660156,0,-373.39727409034106,0
2.838899042,433.0617980957031,476.99200439453125,489.93121337890625,0,-360.1906419295838,0
2.843048519,433.01007080078125,475.5887145996094,489.9045104980469,0,-373.4244452888958,0
2.846945631,432.96478271484375,474.1673889160156,489.8953857421875,0,-374.53269352696856,0
2.851181274,432.92822265625,472.74066162109375,489.89495849609375,0,-370.1267357968363,0
2.855163884,432.88427734375,471.3025817871094,489.87933349609375,0,-380.5364272905347,0
2.859066652,432.8418273925781,469.8621826171875,489.8775634765625,0,-367.15019545897746,0
2.863054556,432.8014831542969,468.41241455078125,489.887451171875,0,-375.0562920736714,0
2.86723458,432.76055908203125,466.9521789550781,489.89697265625,0,-376.0886680078481,0
2.871266591,432.7193298339844,465.490478515625,489.895263671875,0,-383.56812922434125,0
2.875160985,432.6740417480469,464.0293273925781,489.8974914550781,0,-384.22975374492046,0
2.87936131,432.6323547363281,462.5608825683594,489.8973388671875,0,-377.51509486701383,0
2.883238,432.5824890136719,461.09222412109375,489.89544677734375,0,-383.7305524946738,0
2.887235756,432.53643798828125,459.6148986816406,489.8870544433594,0,-385.9225611307062,0
2.891510961,432.4788818359375,458.1312561035156,489.86004638671875,0,-396.4887073665317,0
2.895359831,432.4236755371094,456.64801025390625,489.839599609375,0,-396.4005049811845,0
2.899482839,432.3653259277344,455.1630859375,489.80804443359375,0,-385.5726462171848,0
2.9035394070000002,432.2970886230469,453.6658935546875,489.7541198730469,0,-394.09694909582845,0
2.90742708,432.23016357421875,452.1639099121094,489.7172546386719,0,-391.00511436776037,0
2.911773882,432.16717529296875,450.6626281738281,489.6814880371094,0,-389.22515962684224,0
2.915672867,432.1109924316406,449.1494445800781,489.64984130859375,0,-394.05850462394955,0
2.919576571,432.0557556152344,447.630126953125,489.6236877441406,0,-392.2912061673176,0
2.9235265950000002,431.99835205078125,446.1083679199219,489.60845947265625,0,-405.8532418201438,0
2.927736662,431.9467468261719,444.57586669921875,489.5965270996094,0,-404.5595718845766,0
2.9316641839999997,431.8981018066406,443.0343322753906,489.5921325683594,0,-399.71630459347574,0
2.9356357170000003,431.85113525390625,441.49249267578125,489.5952453613281,0,-405.3460056091869,0
2.939862692,431.797607421875,439.9358825683594,489.59136962890625,0,-401.0633590939631,0
2.943749352,431.74169921875,438.37579345703125,489.58599853515625,0,-402.33212758431483,0
2.947841456,431.6870422363281,436.8108825683594,489.572998046875,0,-398.2370301006301,0
2.952019838,431.6333923339844,435.2373352050781,489.55999755859375,0,-402.1554823428358,0
2.955828373,431.574462890625,433.6576843261719,489.5465087890625,0,-407.3593841388917,0
2.9598872849999998,431.51226806640625,432.0796813964844,489.5353088378906,0,-393.2904470786614,0
2.963962885,431.4433898925781,430.4941711425781,489.5121765136719,0,-405.0574662786926,0
2.9675910119999998,431.3828430175781,428.9046630859375,489.4932861328125,0,-409.7282078428468,0
2.9716299,431.3271789550781,427.3110656738281,489.48809814453125,0,-394.2409994479674,0
2.975797732,431.2615966796875,425.7093811035156,489.46343994140625,0,-391.90027739382174,0
2.979643715,431.1932067871094,424.1158142089844,489.4348449707031,0,-390.3784570517095,0
2.983654135,431.12890625,422.5200500488281,489.4126892089844,0,-400.56900067792503,0
2.987850549,431.0668640136719,420.9122009277344,489.3900451660156,0,-391.27795385634073,0
2.9918716659999998,431.0035400390625,419.3057556152344,489.3602600097656,0,-394.7008005918569,0
2.996070237,430.93658447265625,417.6993408203125,489.32574462890625,0,-400.09056100392075,0
3.000078891,430.8717956542969,416.08099365234375,489.28955078125,0,-395.3142786654053,0
3.003970171,430.8082275390625,414.46435546875,489.2635192871094,0,-400.82740588242586,0
3.007972886,430.740966796875,412.8534240722656,489.2427673339844,0,-401.9944524940882,0
3.012492257,430.6708984375,411.24407958984375,489.2138977050781,0,-407.2246901277044,0
3.016214973,430.603515625,409.6331787109375,489.19500732421875,0,-391.81285057198545,0
3.020300624,430.5394592285156,408.02606201171875,489.1810607910156,0,-392.33127000801915,0
3.024549932,430.4850158691406,406.42529296875,489.1780090332031,0,-403.81403916286433,0
3.028377264,430.4275207519531,404.822265625,489.1787109375,0,-407.508520101107,0
3.032480769,430.3668518066406,403.21905517578125,489.1781921386719,0,-408.44067714019144,0
3.036555808,430.30645751953125,401.61968994140625,489.1734313964844,0,-398.4259344691197,0
3.040494201,430.2435302734375,400.0255126953125,489.1659240722656,0,-397.5705765736482,0
3.044618927,430.18475341796875,398.4303283691406,489.1548156738281,0,-409.2859122428682,0
3.048691537,430.1224060058594,396.8315734863281,489.1377868652344,0,-409.17053166471493,0
3.052629951,430.05670166015625,395.2350158691406,489.11151123046875,0,-404.2456458898199,0
3.05655988,429.9947204589844,393.6378173828125,489.0878601074219,0,-407.43182949853576,0
3.060761441,429.931884765625,392.0411682128906,489.056884765625,0,-400.4579236358292,0
3.064678878,429.86724853515625,390.4407653808594,489.0234069824219,0,-398.13523277865204,0
3.068682846,429.80389404296875,388.84124755859375,489.0013427734375,0,-408.6568980532448,0
3.072987946,429.7391357421875,387.236083984375,488.97869873046875,0,-407.91225336235874,0
3.076769629,429.6756896972656,385.6269836425781,488.95465087890625,0,-402.3992151104177,0
3.080794979,429.61029052734375,384.0197448730469,488.9323425292969,0,-398.6249263198655,0
3.084969853,429.5442810058594,382.4091796875,488.9183654785156,0,-399.4539261401583,0
3.088909223,429.4774475097656,380.79656982421875,488.90228271484375,0,-404.62659075229584,0
3.09308885,429.4106140136719,379.1775207519531,488.8785400390625,0,-396.105613160115,0
3.097085606,429.34515380859375,377.5606689453125,488.856689453125,0,-397.68931862548556,0
3.100965101,429.2832946777344,375.9450378417969,488.84844970703125,0,-405.65869425671445,0
3.104962357,429.21710205078125,374.32373046875,488.8385925292969,0,-396.06331360292637,0
3.109154093,429.1588134765625,372.70379638671875,488.8302001953125,0,-401.90486038943,0
3.113368872,429.0908508300781,371.0845031738281,488.8127746582031,0,-401.85525607518827,0
3.117083342,429.0267028808594,369.46380615234375,488.8038330078125,0,-396.2717549906719,0
3.121262443,428.9656982421875,367.8462219238281,488.8017272949219,0,-407.4293507372709,0
3.125175586,428.89910888671875,366.2348937988281,488.794921875,0,-392.19983603805815,0
3.12920002,428.8314208984375,364.6216125488281,488.7675476074219,0,-390.4173196724548,0
3.13343635,428.7673645019531,363.0082092285156,488.74847412109375,0,-396.3102433258194,0
3.137290654,428.7078857421875,361.3991394042969,488.7320556640625,0,-394.96890195126883,0
3.141387653,428.6429138183594,359.7927551269531,488.7005615234375,0,-397.9779078283391,0
3.145471662,428.5738525390625,358.18414306640625,488.6625061035156,0,-399.4178689278948,0
3.149368039,428.513427734375,356.5810852050781,488.6438903808594,0,-393.41313849955475,0
3.153443964,428.4478454589844,354.9782409667969,488.62164306640625,0,-394.06749593583424,0
3.157542952,428.3785705566406,353.3783264160156,488.5910949707031,0,-395.98413176754144,0
3.161454374,428.3130187988281,351.7891845703125,488.5736999511719,0,-394.4341947223809,0
3.16543501,428.2439270019531,350.1978454589844,488.55902099609375,0,-409.08288797310763,0
3.169639054,428.1777038574219,348.60784912109375,488.5513610839844,0,-399.33938941616117,0
3.173591068,428.1140441894531,347.0176086425781,488.5384216308594,0,-400.2590484569707,0
3.177541949,428.05084228515625,345.4254150390625,488.5231628417969,0,-399.85167049170565,0
3.181729347,427.9906921386719,343.8341369628906,488.5122375488281,0,-393.2739020074853,0
3.18567447,427.9319152832031,342.2437438964844,488.5088195800781,0,-399.1276983431198,0
3.189747865,427.8704833984375,340.6536865234375,488.501953125,0,-409.8406111427626,0
3.1939578060000002,427.80963134765625,339.0633239746094,488.48052978515625,0,-408.1355796633017,0
3.197732243,427.7457275390625,337.47332763671875,488.4549560546875,0,-402.1350055478443,0
3.201740991,427.6816101074219,335.88104248046875,488.4429626464844,0,-390.614585552157,0
3.205941158,427.6212158203125,334.2925720214844,488.43829345703125,0,-403.25502318054623,0
3.209879578,427.5579528808594,332.705078125,488.4228820800781,0,-406.0449669119816,0
3.214187398,427.4914245605469,331.1168518066406,488.4008483886719,0,-400.14831552684643,0
3.218027307,427.42645263671875,329.5284729003906,488.3826904296875,0,-398.70120138400785,0
3.221921469,427.3625183105469,327.9362487792969,488.3669128417969,0,-393.50928685434326,0
3.225923111,427.302734375,326.343994140625,488.3514099121094,0,-401.19743487011914,0
3.230113129,427.2366943359375,324.7518615722656,488.33453369140625,0,-398.5550038739069,0
3.234125549,427.1716613769531,323.1575012207031,488.314208984375,0,-402.06839585616603,0
3.238143222,427.1067199707031,321.5620422363281,488.2973327636719,0,-405.6394907811739,0
3.242252173,427.04052734375,319.95928955078125,488.2792663574219,0,-401.2682000466311,0
3.246087539,426.9715881347656,318.35626220703125,488.2561950683594,0,-405.4636223093302,0
3.2501246569999998,426.9013977050781,316.7604675292969,488.2295837402344,0,-407.284269150756,0
3.254413713,426.83416748046875,315.1612854003906,488.2120666503906,0,-395.1322028491554,0
3.25821776,426.768798828125,313.5592041015625,488.20330810546875,0,-400.08680294229566,0
3.262192634,426.7038269042969,311.95318603515625,488.18756103515625,0,-403.6415932294085,0
3.266410323,426.64105224609375,310.35528564453125,488.1736145019531,0,-393.8794084375756,0
3.270291219,426.5753479003906,308.75238037109375,488.1610107421875,0,-391.68202543179063,0
3.27437944,426.516845703125,307.15240478515625,488.1610412597656,0,-392.97466342578355,0
3.2785129619999998,426.4531555175781,305.5489196777344,488.1518859863281,0,-398.68657089776406,0
3.2824339719999998,426.3945617675781,303.954345703125,488.1474609375,0,-401.85312827720065,0
3.286538253,426.32952880859375,302.3516845703125,488.13531494140625,0,-392.12427996457797,0
3.29061997,426.2620849609375,300.7525634765625,488.119140625,0,-403.4438067713243,0
3.294606895,426.19293212890625,299.1553039550781,488.0995788574219,0,-401.6174012280685,0
3.298542392,426.1256103515625,297.56170654296875,488.0830383300781,0,-404.80039036290657,0
3.30263843,426.05712890625,295.97003173828125,488.0621643066406,0,-399.87742097139477,0
3.306615304,425.984619140625,294.3758544921875,488.02813720703125,0,-405.6086660518581,0
3.310593588,425.91357421875,292.7782287597656,488.0000915527344,0,-391.9395709594514,0
3.315173356,425.84869384765625,291.18218994140625,487.98321533203125,0,-401.4751596770994,0
3.318682189,425.7803649902344,289.5931091308594,487.9632263183594,0,-401.5155315418689,0
3.32269229,425.715576171875,288.0072937011719,487.9518737792969,0,-401.3043658705381,0
3.3268928300000002,425.65252685546875,286.4134826660156,487.9390869140625,0,-390.28511590257125,0
3.330832351,425.5948486328125,284.82366943359375,487.9351806640625,0,-406.9726042890463,0
3.335028285,425.53375244140625,283.2353515625,487.9302978515625,0,-397.2005086486615,0
3.339053302,425.46978759765625,281.6458435058594,487.9247131347656,0,-398.69667532376985,0
3.342879301,425.4075622558594,280.0564270019531,487.9197082519531,0,-394.5659643630996,0
3.34687213,425.3412780761719,278.4623107910156,487.9067687988281,0,-400.1255456860695,0
3.35106898,425.2784729003906,276.8738098144531,487.8965148925781,0,-396.0907533197429,0
3.355095686,425.2115478515625,275.285888671875,487.8828125,0,-406.23581270448756,0
3.359015111,425.1416931152344,273.69708251953125,487.865966796875,0,-399.04981456932734,0
3.363219719,425.0750427246094,272.0998229980469,487.8438415527344,0,-409.3979255215419,0
3.367072931,425.00762939453125,270.5013732910156,487.8175964355469,0,-403.89591138682107,0
3.371085343,424.93780517578125,268.906494140625,487.8008728027344,0,-404.1404151765395,0
3.375331915,424.8690185546875,267.3190002441406,487.7897033691406,0,-390.2162199647892,0
3.3791920810000002,424.7995910644531,265.732666015625,487.77203369140625,0,-404.0085952411399,0
3.383313759,424.7351989746094,264.144287109375,487.76123046875,0,-401.3605581432033,0
3.3873921510000002,424.6702575683594,262.5526123046875,487.7433776855469,0,-394.29186184662836,0
3.391282949,424.6109924316406,260.9653015136719,487.7362976074219,0,-409.11192648764285,0
3.395367212,424.5460205078125,259.3747863769531,487.72601318359375,0,-408.6164313409659,0
3.399496344,424.48187255859375,257.7825927734375,487.7128601074219,0,-395.09120580030907,0
3.403422647,424.419921875,256.1929931640625,487.7055358886719,0,-394.9881386195592,0
3.407396296,424.3527526855469,254.5996551513672,487.69305419921875,0,-398.69722887833706,0
3.411591518,424.28564453125,253.0016632080078,487.677490234375,0,-408.75225856731714,0
3.415808872,424.21429443359375,251.40362548828125,487.6617126464844,0,-402.11892259001615,0
3.4194896,424.1430969238281,249.80892944335938,487.6500549316406,0,-401.5491766939181,0
3.423668881,424.0732421875,248.210693359375,487.6334533691406,0,-409.5980359744906,0
3.427578927,424.00885009765625,246.6129608154297,487.6162414550781,0,-392.1462954810682,0
3.431679443,423.9418640136719,245.01431274414063,487.6006774902344,0,-390.4171648526026,0
3.435895062,423.87841796875,243.4161376953125,487.5970153808594,0,-405.5554628234193,0
3.4396407030000002,423.8118896484375,241.82156372070313,487.5906066894531,0,-392.52693926033555,0
3.443662001,423.74530029296875,240.22219848632813,487.5776062011719,0,-397.0220362873596,0
3.447855326,423.6802978515625,238.62734985351563,487.5662841796875,0,-402.4081167683974,0
3.451778183,423.6105651855469,237.03607177734375,487.549072265625,0,-393.8041035741731,0
3.455850651,423.5402526855469,235.4441680908203,487.5400695800781,0,-390.31557324943407,0
3.459952814,423.4759521484375,233.84518432617188,487.5290222167969,0,-401.3378254113732,0
3.4638449700000002,423.4117126464844,232.2558135986328,487.5173034667969,0,-409.3584224353623,0
3.467859638,423.342529296875,230.6630096435547,487.50225830078125,0,-394.91376971676965,0
3.472064335,423.2746887207031,229.07119750976563,487.49139404296875,0,-406.97625011028214,0
3.476057343,423.2062683105469,227.4822235107422,487.4747619628906,0,-396.07863377972564,0
3.480089777,423.1388244628906,225.8885955810547,487.455078125,0,-402.05071895036224,0
3.484153059,423.07147216796875,224.30027770996094,487.4454345703125,0,-396.20022852609344,0
3.488059743,423.0072021484375,222.7114715576172,487.4394836425781,0,-397.1540224515605,0
3.492056102,422.9344787597656,221.1260528564453,487.4197692871094,0,-409.5293982693953,0
3.496321544,422.8717041015625,219.54269409179688,487.4085693359375,0,-395.46827622587296,0
3.5001710150000003,422.8021545410156,217.95376586914063,487.4015808105469,0,-409.51732527587706,0
3.504184305,422.7362976074219,216.3667449951172,487.3963623046875,0,-399.5790554335247,0
3.5084267000000002,422.67193603515625,214.7830352783203,487.388916015625,0,-402.93208559644603,0
3.512259352,422.60546875,213.1990203857422,487.37774658203125,0,-395.4992796235428,0
3.516551535,422.5385437011719,211.61448669433594,487.3675842285156,0,-392.5625117919704,0
3.520471575,422.47808837890625,210.0316619873047,487.3620300292969,0,-392.829870465341,0
3.524353107,422.409423828125,208.4423828125,487.3514099121094,0,-400.5324446659877,0
3.52850263,422.34100341796875,206.85130310058594,487.338134765625,0,-401.14834180376573,0
3.532545528,422.2694396972656,205.26144409179688,487.3193664550781,0,-406.40739263560073,0
3.536517231,422.20147705078125,203.66836547851563,487.3074035644531,0,-402.4139647426777,0
3.540434943,422.132568359375,202.07785034179688,487.30010986328125,0,-395.7173953373382,0
3.5446143340000003,422.0630798339844,200.4850616455078,487.2862243652344,0,-391.3215581081029,0
3.548543768,421.99884033203125,198.8961181640625,487.27545166015625,0,-402.55056369790645,0
3.552528687,421.93145751953125,197.3038787841797,487.26934814453125,0,-406.2430576721762,0
3.556840597,421.8609924316406,195.71163940429688,487.261962890625,0,-408.77963427971235,0
3.56059828,421.7982482910156,194.12472534179688,487.2550354003906,0,-407.61902114179304,0
3.56463039,421.73199462890625,192.53416442871094,487.2359313964844,0,-405.44327106374914,0
3.568831726,421.66168212890625,190.94122314453125,487.218994140625,0,-391.93563972763695,0
3.5727700650000003,421.60235595703125,189.35105895996094,487.22308349609375,0,-393.7490247514139,0
3.576991118,421.5321960449219,187.76611328125,487.21466064453125,0,-405.99114781477556,0
3.5809454130000002,421.45831298828125,186.17709350585938,487.1970520019531,0,-397.10056764776573,0
3.584831409,421.39404296875,184.58932495117188,487.19287109375,0,-393.6985202687889,0
3.588864843,421.3251953125,183.00387573242188,487.1870422363281,0,-407.9941498613787,0
3.593086375,421.2528076171875,181.41098022460938,487.1736755371094,0,-405.75706681278695,0
3.597025415,421.1905517578125,179.81983947753906,487.1707763671875,0,-395.1573113207851,0
3.600932869,421.120849609375,178.2255859375,487.1617736816406,0,-391.4322207282024,0
3.605174411,421.049560546875,176.63058471679688,487.1479797363281,0,-395.14793843695145,0
3.609024135,420.984130859375,175.0375518798828,487.1397399902344,0,-408.885371822333,0
3.613033675,420.9178466796875,173.43991088867188,487.13104248046875,0,-393.171082461098,0
3.617510518,420.84765625,171.8437042236328,487.1211242675781,0,-395.42896990267184,0
3.621162272,420.78472900390625,170.252685546875,487.1146240234375,0,-394.75366113994835,0
3.62525224,420.712890625,168.6583709716797,487.099609375,0,-407.0570615484181,0
3.629308042,420.6418762207031,167.06332397460938,487.090576171875,0,-392.0171793880742,0
3.633237428,420.5772399902344,165.47344970703125,487.0885925292969,0,-409.4870939968482,0
3.637329661,420.5068359375,163.87973022460938,487.0816345214844,0,-397.1386684844249,0
3.641420827,420.4378356933594,162.2882537841797,487.0673522949219,0,-390.4949652772905,0
3.645338961,420.372314453125,160.70335388183594,487.0555419921875,0,-400.4409012668991,0
3.6493016860000003,420.3063049316406,159.12039184570313,487.0483093261719,0,-404.3905274268938,0
3.653540813,420.23480224609375,157.53274536132813,487.0419006347656,0,-402.91541295299646,0
3.657507171,420.16546630859375,155.94659423828125,487.0356140136719,0,191.06138211167044,0
3.661425919,420.0985107421875,154.36195373535156,487.02423095703125,0,192.2986843018754,0
3.665717708,420.0294494628906,152.78347778320313,487.01739501953125,0,211.30037913618534,0
3.66962806,419.9571228027344,151.2012176513672,487.0109558105469,0,212.88142051925817,0
3.673737148,419.89227294921875,149.61541748046875,487.00787353515625,0,196.6511105256751,0
3.677930432,419.8236083984375,148.0290069580078,486.997802734375,0,202.05538598828832,0
3.681578157,419.7528991699219,146.44578552246094,486.9898681640625,0,204.91413463679604,0
3.685628253,419.68597412109375,144.88125610351563,486.98553466796875,0,202.87099900469593,0
3.689770564,419.61700439453125,143.39744567871094,486.9595031738281,0,214.86077927103454,0
3.693706179,419.5491943359375,142.06590270996094,486.9169616699219,0,212.53271698772983,0
3.697846105,419.4719543457031,140.92776489257813,486.8699645996094,0,217.48766303289227,0
3.701906965,419.4001770019531,139.9997100830078,486.83502197265625,0,215.3023011645061,0
3.7058000570000003,419.3321228027344,139.31954956054688,486.7956237792969,0,217.0954357190763,0
3.709762497,419.2831115722656,138.90347290039063,486.760986328125,0,227.66843481401432,0
3.7139921559999998,419.2569274902344,138.6680908203125,486.75,0,229.67119435959162,0
3.718225214,419.2366943359375,138.55865478515625,486.76959228515625,0,223.63945962500674,0
3.722030029,419.2776184082031,138.69468688964844,486.84954833984375,0,225.93247271772677,0
3.726096416,419.2954406738281,139.06060791015625,486.88006591796875,0,236.5954625126923,0
3.729972227,419.3147888183594,139.58657836914063,486.90435791015625,0,222.9278932321483,0
3.733957955,419.3634948730469,140.24148559570313,486.96649169921875,0,221.92122177784626,0
3.738266258,419.38671875,141.0224151611328,487.00604248046875,0,229.57756701102045,0
3.7420796960000002,419.3899230957031,141.92959594726563,487.0165710449219,0,234.1277188372392,0
3.746046628,419.39227294921875,142.8878173828125,487.016357421875,0,244.32958473978903,0
3.750270156,419.394287109375,143.82479858398438,487.00799560546875,0,245.7879417691627,0
3.7541634520000002,419.3880310058594,144.7503204345703,486.98980712890625,0,242.453392974383,0
3.758263981,419.3772888183594,145.6813507080078,486.9715270996094,0,241.09327580912347,0
3.7623941370000002,419.3572692871094,146.6144256591797,486.95001220703125,0,239.0548047589372,0
3.766272304,419.3292236328125,147.535400390625,486.9243469238281,0,249.44972781882794,0
3.7703917970000003,419.3149108886719,148.44053649902344,486.9051208496094,0,253.20854567742919,0
3.774463887,419.3055419921875,149.33103942871094,486.8873291015625,0,241.3904339812234,0
3.7784753909999997,419.2889709472656,150.21762084960938,486.871826171875,0,238.49499586606748,0
3.782448415,419.2740173339844,151.111083984375,486.8695373535156,0,249.76760945685643,0
3.786551271,419.25860595703125,152.0185546875,486.87451171875,0,246.1449354129388,0
3.790472252,419.2356262207031,152.9327392578125,486.8736877441406,0,245.2557741484351,0
3.794478362,419.22021484375,153.86155700683594,486.8929138183594,0,258.77667434773446,0
3.798818469,419.1937561035156,154.80738830566406,486.9162902832031,0,253.28618972444906,0
3.802564134,419.15924072265625,155.772705078125,486.9327392578125,0,264.55066700622723,0
3.806585759,419.13397216796875,156.75421142578125,486.9518737792969,0,262.5481950105504,0
3.810762621,419.10205078125,157.7345428466797,486.9683532714844,0,271.0588389170177,0
3.814701821,419.0754089355469,158.71487426757813,486.9747314453125,0,260.7970386478877,0
3.819130758,419.05609130859375,159.707763671875,486.98040771484375,0,269.6017238754303,0
3.82292888,419.0273742675781,160.713134765625,486.9720153808594,0,256.201131535457,0
3.826748739,418.9976501464844,161.73106384277344,486.9610900878906,0,272.75403522092955,0
3.830756848,418.9694519042969,162.76129150390625,486.943359375,0,261.56630454639617,0
3.834960653,418.9328918457031,163.78733825683594,486.9109802246094,0,275.3133311544967,0
3.8389917909999998,418.9109191894531,164.81143188476563,486.8835754394531,0,265.45809092823356,0
3.84288015,418.8853759765625,165.83689880371094,486.8506164550781,0,264.8371124135362,0
3.84708062,418.8597106933594,166.8677215576172,486.8244323730469,0,275.7355222648162,0
3.8509561740000002,418.8365173339844,167.89939880371094,486.8148498535156,0,269.5157983768751,0
3.854960891,418.8123779296875,168.92803955078125,486.80572509765625,0,281.128012879012,0
3.859258486,418.7884521484375,169.95811462402344,486.796630859375,0,276.27678093308486,0
3.8630681019999997,418.7634582519531,170.9946746826172,486.7915344238281,0,291.78517862378635,0
3.867198316,418.7385559082031,172.0439910888672,486.800537109375,0,279.44298317414524,0
3.87128329,418.7052307128906,173.0991973876953,486.81231689453125,0,280.95484635648484,0
3.8751306420000002,418.67340087890625,174.1670684814453,486.8349914550781,0,294.93043173629064,0
3.879263317,418.63714599609375,175.24908447265625,486.85552978515625,0,291.90365679877584,0
3.8833727700000003,418.6023864746094,176.33877563476563,486.870849609375,0,289.2725783251757,0
3.887319924,418.5711364746094,177.43707275390625,486.8946228027344,0,286.75019507406125,0
3.891262616,418.5314025878906,178.5343017578125,486.9136962890625,0,296.96743437162513,0
3.895447893,418.4946594238281,179.64535522460938,486.9233703613281,0,299.1284417423149,0
3.899402098,418.45391845703125,180.76068115234375,486.90643310546875,0,288.95025250919883,0
3.903317227,418.42303466796875,181.88087463378906,486.88720703125,0,297.05920922784577,0
3.907544158,418.38848876953125,183.00869750976563,486.85888671875,0,307.6101579887714,0
3.911443231,418.3565673828125,184.14222717285156,486.831298828125,0,309.9334002062444,0
3.91558618,418.3280029296875,185.28135681152344,486.8027038574219,0,306.98382670512535,0
3.919981403,418.2993469238281,186.42593383789063,486.77679443359375,0,313.72537005362034,0
3.923539091,418.2701416015625,187.58164978027344,486.7563781738281,0,314.88800813328885,0
3.927529182,418.2463684082031,188.7467498779297,486.7437438964844,0,300.02966140618787,0
3.93167843,418.21551513671875,189.90675354003906,486.7305908203125,0,303.54327693955685,0
3.935658889,418.1832580566406,191.07525634765625,486.72332763671875,0,303.9683773980769,0
3.939650056,418.142333984375,192.2496337890625,486.7190246582031,0,314.7304764914006,0
3.943847748,418.103271484375,193.4384765625,486.724365234375,0,313.77463608763344,0
3.947709513,418.05902099609375,194.62533569335938,486.72943115234375,0,316.7398123050755,0
3.951742245,418.01629638671875,195.82806396484375,486.74237060546875,0,308.410395638639,0
3.955908131,417.9728698730469,197.04595947265625,486.7592468261719,0,315.81237186287416,0
3.95989272,417.9247741699219,198.27053833007813,486.7735290527344,0,329.6290293399173,0
3.963880511,417.8839416503906,199.50469970703125,486.78887939453125,0,321.1962318418273,0
3.968012085,417.84063720703125,200.7427978515625,486.7970886230469,0,324.8332068882205,0
3.971618457,417.80133056640625,201.990478515625,486.8055114746094,0,335.5942706575412,0
3.97554827,417.7630920410156,203.24246215820313,486.806884765625,0,334.9003848672786,0
3.979823098,417.7238464355469,204.49278259277344,486.7989196777344,0,324.4448403514934,0
3.983655454,417.6829833984375,205.74412536621094,486.7840270996094,0,338.4589612425547,0
3.987652449,417.64495849609375,207.00668334960938,486.75640869140625,0,335.8745643853217,0
3.9918737650000002,417.6080322265625,208.27719116210938,486.7226867675781,0,339.6095422684994,0
3.995816117,417.571533203125,209.54786682128906,486.6922607421875,0,325.5919501446828,0
3.999922686,417.5323181152344,210.82212829589844,486.666259765625,0,327.2506137377655,0
4.004050397,417.49261474609375,212.10621643066406,486.6503601074219,0,347.98630790680903,0
4.007964544,417.4473571777344,213.39553833007813,486.63641357421875,0,334.0635649147509,0
4.012141085,417.4028015136719,214.69386291503906,486.6247863769531,0,331.92997632130323,0
4.016234564,417.3563537597656,216.00245666503906,486.61431884765625,0,347.5332054831357,0
4.020449322,417.30963134765625,217.3201904296875,486.6124267578125,0,346.0412993032855,0
4.024251995,417.2606201171875,218.65057373046875,486.62841796875,0,338.84359898601605,0
4.028417336,417.20916748046875,219.98098754882813,486.6446228027344,0,349.3527223216776,0
4.032428041,417.1612854003906,221.32127380371094,486.6632080078125,0,352.67367645264045,0
4.036395423,417.11309814453125,222.67149353027344,486.6739501953125,0,344.99817651115734,0
4.040683497,417.0655212402344,224.02706909179688,486.6852722167969,0,358.4015833408909,0
4.044477867,417.0152282714844,225.38255310058594,486.6929626464844,0,344.7985371928825,0
4.048503537,416.96783447265625,226.74526977539063,486.69610595703125,0,351.48457327022106,0
4.052716945,416.91943359375,228.1126708984375,486.6893005371094,0,353.03451476789195,0
4.056661359,416.8692932128906,229.48155212402344,486.667724609375,0,351.8722201516182,0
4.060807781,416.82330322265625,230.84954833984375,486.64581298828125,0,363.52279767148065,0
4.064819222,416.77886962890625,232.22994995117188,486.6212158203125,0,362.8066342125157,0
4.06865884,416.7333984375,233.61874389648438,486.5942687988281,0,372.6749747389324,0
4.072630211,416.6824035644531,235.00917053222656,486.56585693359375,0,370.06216104158864,0
4.076934884,416.6338806152344,236.4053497314453,486.54949951171875,0,370.5236855896985,0
4.080872485,416.58502197265625,237.8068389892578,486.5334777832031,0,378.7872481809218,0
4.084776462,416.5313415527344,239.21798706054688,486.5104064941406,0,369.8150542009939,0
4.088985796,416.4768981933594,240.63568115234375,486.4927062988281,0,380.49944605876624,0
4.092864072,416.4242248535156,242.06089782714844,486.49468994140625,0,367.90874754279986,0
4.096891493,416.3674011230469,243.4907989501953,486.4985046386719,0,384.76308569966017,0
4.101155941,416.31085205078125,244.93186950683594,486.50286865234375,0,386.9870777168144,0
4.104973069,416.2548828125,246.38015747070313,486.5045166015625,0,382.521739512233,0
4.109111877,416.19903564453125,247.83599853515625,486.5124206542969,0,384.6755728294028,0
4.113182029,416.1430969238281,249.30152893066406,486.522705078125,0,383.55715464485303,0
4.117015485,416.0878601074219,250.77459716796875,486.5331115722656,0,375.4682484337693,0
4.121355484,416.0341491699219,252.25514221191406,486.5294494628906,0,378.6444083058028,0
4.125254335,415.9804382324219,253.74061584472656,486.5326843261719,0,385.3038487812546,0
4.129169701,415.9265441894531,255.2388916015625,486.52630615234375,0,385.65238621826063,0
4.133162896,415.8677978515625,256.74237060546875,486.50848388671875,0,393.19950157826963,0
4.137368093,415.8096923828125,258.25567626953125,486.4865417480469,0,393.39969901345273,0
4.141320246,415.7536315917969,259.7787170410156,486.4620361328125,0,403.24100431369317,0
4.145240888,415.6941833496094,261.3118591308594,486.4324645996094,0,397.5689908882696,0
4.149437263,415.63702392578125,262.85498046875,486.4122619628906,0,404.93238332543064,0
4.153359466,415.5776062011719,264.4009094238281,486.3955078125,0,392.0729178317788,0
4.157512953,415.51434326171875,265.94598388671875,486.37359619140625,0,393.1391976808815,0
4.161696574,415.4498596191406,267.5049133300781,486.3500671386719,0,392.4694753489891,0
4.165423941,415.3830261230469,269.069091796875,486.32891845703125,0,407.4764688132487,0
4.169461434,415.31689453125,270.6321105957031,486.3197326660156,0,403.627455763339,0
4.173593117,415.2508544921875,272.2032470703125,486.3127746582031,0,391.2476279295301,0
4.177536748,415.1837463378906,273.78125,486.3035888671875,0,409.3385255175687,0
4.181646523,415.1168518066406,275.36920166015625,486.30535888671875,0,393.9388179347058,0
4.185785497,415.04949951171875,276.95831298828125,486.31097412109375,0,391.8807053996026,0
4.1896039720000005,414.9892883300781,278.5495300292969,486.3194885253906,0,407.05087934168864,0
4.193641576,414.92724609375,280.14019775390625,486.32342529296875,0,397.33237264890175,0
4.197842058,414.8629455566406,281.732666015625,486.3223571777344,0,392.38963153405274,0
4.201847452,414.80181884765625,283.3363342285156,486.32623291015625,0,396.8452213654172,0
4.205875131,414.7335510253906,284.9442443847656,486.3121643066406,0,397.0361247931275,0
4.209956252,414.67095947265625,286.56475830078125,486.2969665527344,0,399.86691064860037,0
4.213826097,414.603759765625,288.1824035644531,486.272216796875,0,404.02268635266995,0
4.217815831,414.53643798828125,289.80450439453125,486.25250244140625,0,399.24838494470185,0
4.222353094,414.4707946777344,291.427001953125,486.2295227050781,0,406.0995837326564,0
4.225934761,414.3995361328125,293.05120849609375,486.1964416503906,0,404.515237650806,0
4.229926221,414.3304443359375,294.6788024902344,486.1654052734375,0,394.1757580298969,0
4.234122932,414.2586669921875,296.3022766113281,486.1430969238281,0,403.2977246805171,0
4.238022342,414.18511962890625,297.9311828613281,486.1233215332031,0,400.536097110555,0
4.242105794,414.1169128417969,299.56683349609375,486.1047058105469,0,390.6977457694425,0
4.246182588,414.049560546875,301.199951171875,486.0924072265625,0,403.15228170423285,0
4.250136148,413.98040771484375,302.82427978515625,486.0838623046875,0,397.0117781727945,0
4.254227631,413.9102783203125,304.4527282714844,486.0821228027344,0,406.46027168671253,0
4.258327515,413.83868408203125,306.0834655761719,486.0816650390625,0,402.9276573965615,0
4.262326724,413.7681579589844,307.7093505859375,486.0772705078125,0,397.0390076380046,0
4.266260937,413.7026672363281,309.33746337890625,486.0792541503906,0,398.50464682209235,0
4.2703881280000004,413.63421630859375,310.95703125,486.0715637207031,0,390.1841710911182,0
4.274296814,413.57147216796875,312.5768737792969,486.06695556640625,0,393.88841081981485,0
4.278312907,413.50372314453125,314.1975402832031,486.0610656738281,0,399.38228174107076,0
4.28263282,413.4362487792969,315.8157653808594,486.047119140625,0,398.9940160103347,0
4.2864086310000005,413.3683166503906,317.43780517578125,486.0235595703125,0,390.5249831752895,0
4.2904132950000005,413.300048828125,319.06170654296875,485.993896484375,0,395.6526864473082,0
4.294589281,413.2330322265625,320.6894226074219,485.97479248046875,0,392.1532276020947,0
4.2984983549999995,413.1676940917969,322.3238830566406,485.9583435058594,0,392.630001881419,0
4.302686267,413.0972900390625,323.95904541015625,485.93756103515625,0,405.2975173705638,0
4.306718089,413.0271911621094,325.5912170410156,485.9210205078125,0,393.4360336670668,0
4.310590872,412.9569091796875,327.21722412109375,485.89996337890625,0,390.41071795624185,0
4.3145956420000005,412.8922119140625,328.84661865234375,485.88525390625,0,404.4105172579334,0
4.318818096,412.822265625,330.4766540527344,485.864990234375,0,399.9355523700963,0
4.323047367,412.7547607421875,332.0987548828125,485.85101318359375,0,399.95279411680593,0
4.326740447,412.6820983886719,333.7210998535156,485.8377685546875,0,405.3489614659285,0
4.330706536,412.6103820800781,335.33807373046875,485.81744384765625,0,409.68014778921076,0
4.334791885,412.53717041015625,336.9460754394531,485.79669189453125,0,406.5436731601742,0
4.338803708,412.46575927734375,338.54705810546875,485.78515625,0,409.51648090024736,0
4.343064222,412.3980712890625,340.1470947265625,485.77142333984375,0,401.74284102246924,0
4.346929383,412.3341064453125,341.75360107421875,485.7594909667969,0,408.9026273709926,0
4.351058846,412.26739501953125,343.35845947265625,485.7501220703125,0,402.5782544287108,0
4.355097828,412.2052917480469,344.9692687988281,485.74603271484375,0,408.05700513431304,0
4.358966053,412.1461486816406,346.5812683105469,485.7417297363281,0,392.5189678417407,0
4.363082978,412.08642578125,348.20635986328125,485.73834228515625,0,409.37837667718117,0
4.367172037,412.0245056152344,349.82720947265625,485.7277526855469,0,398.5551907653914,0
4.371085093,411.9593505859375,351.4560852050781,485.7167053222656,0,395.55472169827067,0
4.375084922,411.89459228515625,353.0833740234375,485.7016296386719,0,405.0313172661752,0
4.37929257,411.82391357421875,354.7215576171875,485.6744079589844,0,404.8742324655298,0
4.3832512040000005,411.74835205078125,356.3636474609375,485.639892578125,0,407.8924441713049,0
4.387165123,411.676025390625,358.0033264160156,485.611083984375,0,396.94711839701444,0
4.391387754,411.60491943359375,359.6471252441406,485.5880432128906,0,399.7696100032445,0
4.395292974,411.5342102050781,361.2900085449219,485.5635681152344,0,392.58880918664386,0
4.399415709,411.4613342285156,362.9331359863281,485.5314636230469,0,400.5173528608629,0
4.403577677,411.3909606933594,364.57586669921875,485.510498046875,0,395.94104780549196,0
4.407347293,411.3218078613281,366.2191467285156,485.49493408203125,0,393.34974955980977,0
4.411374542,411.25579833984375,367.8638000488281,485.482666015625,0,405.953846333205,0
4.41558274,411.19207763671875,369.505615234375,485.4758605957031,0,407.79791890841074,0
4.419480362,411.1272888183594,371.1407470703125,485.47314453125,0,393.55261651472676,0
4.423787389,411.0631408691406,372.77288818359375,485.47174072265625,0,403.67705322084845,0
4.427693538,410.9984130859375,374.4046630859375,485.4638977050781,0,409.2878707713395,0
4.431580187,410.93206787109375,376.03076171875,485.44866943359375,0,409.97685817172106,0
4.43573153,410.8671875,377.6539001464844,485.4440002441406,0,396.7949679246865,0
4.439759275,410.8064270019531,379.2748718261719,485.4328308105469,0,395.5377552338075,0
4.443696398,410.738525390625,380.89471435546875,485.41461181640625,0,397.285298772045,0
4.447830014,410.6679382324219,382.5147705078125,485.3907775878906,0,391.77752551272226,0
4.451926064,410.60235595703125,384.1351013183594,485.365478515625,0,406.0493539575152,0
4.455814676,410.5326232910156,385.75665283203125,485.3381652832031,0,396.1634988565465,0
4.459721225,410.4634704589844,387.3862609863281,485.31524658203125,0,401.1619434329158,0
4.464036218,410.3906555175781,389.013427734375,485.2838439941406,0,406.6568774954588,0
4.4678665,410.322998046875,390.64044189453125,485.26324462890625,0,391.40767958437124,0
4.471864204,410.2553405761719,392.266357421875,485.24176025390625,0,404.6232836411145,0
4.476061008,410.1860046386719,393.9002685546875,485.224365234375,0,403.2213678478585,0
4.479944597,410.11944580078125,395.53515625,485.2147521972656,0,404.39457270528186,0
4.484022994,410.05517578125,397.16064453125,485.20318603515625,0,395.59195250190953,0
4.488112692,409.9917297363281,398.7825927734375,485.18426513671875,0,398.21447515858335,0
4.492063142,409.9267578125,400.4066162109375,485.16546630859375,0,398.0319067447288,0
4.496161038,409.8593444824219,402.0311584472656,485.15386962890625,0,396.1914574274618,0
4.500236657,409.7950439453125,403.652099609375,485.1393127441406,0,393.76869410443567,0
4.504217127,409.732421875,405.26641845703125,485.1159973144531,0,408.7728455325717,0
4.508133603,409.6648254394531,406.88201904296875,485.09356689453125,0,401.5658506741018,0
4.51237424,409.5999450683594,408.50054931640625,485.0762634277344,0,396.3696889193033,0
4.516237892,409.5378723144531,410.11334228515625,485.0614013671875,0,400.98499748837355,0
4.520254998,409.4786376953125,411.73291015625,485.0546569824219,0,405.10350498761636,0
4.524755635,409.412841796875,413.3531799316406,485.0402526855469,0,390.09529642605173,0
4.528322126,409.3481750488281,414.9734802246094,485.0322570800781,0,408.688129710908,0
4.532343604,409.2878723144531,416.5970153808594,485.0262451171875,0,392.1853300115789,0
4.536544161,409.2207946777344,418.218017578125,485.005615234375,0,409.814324037655,0
4.540489151,409.1514587402344,419.8396301269531,484.97808837890625,0,408.7214423637403,0
4.544610867,409.0816650390625,421.4647521972656,484.9580078125,0,396.9528525435507,0
4.548625412,409.01129150390625,423.0802917480469,484.9282531738281,0,392.75368187917064,0
4.552495786,408.9408264160156,424.6965026855469,484.8898620605469,0,404.7337107318338,0
4.556510668,408.87103271484375,426.31573486328125,484.85626220703125,0,402.73300795112203,0
4.560803228,408.80621337890625,427.9331359863281,484.8392639160156,0,397.60368534479045,0
4.564626012,408.7421875,429.54693603515625,484.81793212890625,0,393.539348243457,0
4.568582608,408.6759948730469,431.1653137207031,484.79315185546875,0,399.59101577262834,0
4.57260338,408.6142578125,432.7862243652344,484.7831115722656,0,391.6152127134974,0
4.576665004,408.5560607910156,434.4034118652344,484.7817687988281,0,401.2203840110418,0
4.58067109,408.50146484375,436.0210876464844,484.77691650390625,0,406.221268837195,0
4.584885605,408.4430847167969,437.6383056640625,484.764404296875,0,399.4743873567703,0
4.588806125,408.3808898925781,439.2439270019531,484.7480773925781,0,407.04663971328375,0
4.592884248,408.32855224609375,440.8346862792969,484.7545471191406,0,402.7991106412839,0
4.596982105,408.277099609375,442.4010925292969,484.7602233886719,0,394.2179566723198,0
4.6008516109999995,408.22869873046875,443.9358215332031,484.7560729980469,0,396.5400869023384,0
4.604882373,408.18011474609375,445.4281005859375,484.7622985839844,0,400.7091033627588,0
4.609052494,408.1373596191406,446.8583984375,484.78143310546875,0,403.8834523236992,0
4.612971766,408.0910949707031,448.2235412597656,484.7975158691406,0,395.7433221020654,0
4.6169458500000005,408.0426940917969,449.51446533203125,484.810791015625,0,400.3301723867901,0
4.621179722,407.9991760253906,450.7112121582031,484.8173522949219,0,398.76963661436247,0
4.625087597,407.9587707519531,451.80438232421875,484.8306579589844,0,391.9021257968573,0
4.629072731,407.9181213378906,452.7892761230469,484.8348693847656,0,402.3555798366996,0
4.6332643000000004,407.876953125,453.65252685546875,484.8244934082031,0,395.2016291266456,0
4.63717049,407.8312683105469,454.398193359375,484.8114929199219,0,401.89647239082996,0
4.641303378,407.77996826171875,455.0252380371094,484.7847595214844,0,398.6694628688531,0
4.645422669,407.7347412109375,455.5431213378906,484.7569885253906,0,396.77337722590914,0
4.649219648,407.69049072265625,455.9554138183594,484.7207336425781,0,395.58160845517256,0
4.653254961,407.6478271484375,456.2831115722656,484.6856384277344,0,406.9269303177702,0
4.657449176,407.6070861816406,456.5301818847656,484.64605712890625,0,402.342866754969,0
4.661370805,407.580078125,456.7081298828125,484.6124267578125,0,403.15747767525687,0
4.665404532,407.56011962890625,456.8282470703125,484.5941467285156,0,391.4410395525099,0
4.669553715,407.5494689941406,456.9012756347656,484.58685302734375,0,402.49803425780345,0
4.673434484,407.5491943359375,456.9391784667969,484.5840759277344,0,394.8224318390472,0
4.677462966,407.5602111816406,456.9494934082031,484.58203125,0,393.4445702759467,0
4.681631346,407.5685729980469,456.95721435546875,484.592529296875,0,395.9403928902226,0
4.685580412,407.57183837890625,456.9631652832031,484.6017761230469,0,400.6165297387657,0
4.689764005,407.5721130371094,456.95196533203125,484.6041564941406,0,392.7945372061349,0
4.69377862,407.5771789550781,456.9429016113281,484.6172180175781,0,397.9248623889373,0
4.697632708,407.57855224609375,456.9382629394531,484.620849609375,0,391.32434795858615,0
4.701641182,407.5768737792969,456.9363708496094,484.6167297363281,0,402.8105290048745,0
4.705856838,407.5751953125,456.93450927734375,484.61236572265625,0,404.34498879176954,0
4.709767319,407.57208251953125,456.9354553222656,484.6048583984375,0,395.9881003763122,0
4.713733962,407.567138671875,456.9369812011719,484.595703125,0,396.50586748151557,0
4.717947345,407.5621032714844,456.9375305175781,484.5818176269531,0,408.57169698738517,0
4.721834098,407.5577697753906,456.9403076171875,484.5704040527344,0,397.6430441097236,0
4.725861796,407.5543212890625,456.9408264160156,484.5570068359375,0,398.4223903695456,0
4.730034005,407.552001953125,456.9403991699219,484.5511779785156,0,400.6125405656798,0
4.733994288,407.5513916015625,456.94024658203125,484.5452880859375,0,390.354962071504,0
4.738042089,407.5506286621094,456.9393615722656,484.5461120605469,0,405.19292609425673,0
4.742195437,407.55194091796875,456.9402160644531,484.5472717285156,0,393.0779942369327,0
4.74603266,407.55230712890625,456.9385986328125,484.5497131347656,0,401.10652635747914,0
4.750031046,407.5565490722656,456.9345397949219,484.5555725097656,0,391.3313236264785,0
4.7542126,407.5594787597656,456.93109130859375,484.5599670410156,0,398.96689029610894,0
4.758134833,407.5626525878906,456.9267272949219,484.5682678222656,0,397.4864451892623,0
4.762133293,407.5626220703125,456.92547607421875,484.57513427734375,0,398.2009520970446,0
4.766338571,407.564208984375,456.9222106933594,484.5804748535156,0,403.03546181200903,0
4.770236702,407.5642395019531,456.92236328125,484.58392333984375,0,392.84228233745364,0
4.774203027,407.5633544921875,456.921875,484.58636474609375,0,394.6574047889834,0
4.778402023,407.5636901855469,456.92156982421875,484.58636474609375,0,401.1884281740942,0
4.782364761,407.5635986328125,456.922119140625,484.58392333984375,0,404.386900611402,0
4.7864441620000004,407.5617980957031,456.924560546875,484.58392333984375,0,404.03193640665256,0
4.790512657,407.559814453125,456.92669677734375,484.5819396972656,0,395.18287347831097,0
4.7944006980000005,407.5574645996094,456.929443359375,484.5785217285156,0,401.9458576319685,0
4.798403213,407.55560302734375,456.9308776855469,484.57513427734375,0,395.2075409454203,0
4.802546083,407.5545654296875,456.9322814941406,484.57269287109375,0,406.52581754876155,0
4.806527958,407.5526123046875,456.93450927734375,484.567138671875,0,398.8642560554903,0
4.810533724,407.5519714355469,456.933837890625,484.5667724609375,0,400.407239679834,0
4.8147452269999995,407.5519714355469,456.933837890625,484.5667724609375,0,400.9162602267584,0
4.8185716020000005,407.5519714355469,456.933837890625,484.5667724609375,0,396.75589153600174,0
4.822620815,407.5539855957031,456.931640625,484.5687561035156,0,397.4318871410338,0
4.826824062,407.5546569824219,456.9306335449219,484.5711975097656,0,399.50546722964833,0
4.830687488,407.55474853515625,456.929931640625,484.5746154785156,0,397.76374036025265,0
4.834875626,407.5570068359375,456.92706298828125,484.5790100097656,0,399.0367810932682,0
4.838941575,407.5570983886719,456.92633056640625,484.5824279785156,0,397.4443599342902,0
4.842851574,407.5594787597656,456.9237060546875,484.58770751953125,0,406.39883492174107,0
4.846825613,407.5591735839844,456.92340087890625,484.5882873535156,0,406.60160025621326,0
4.850991835,407.5581970214844,456.9249267578125,484.5946960449219,0,409.76131706224203,0
4.854904894,407.5568542480469,456.9261169433594,484.5946960449219,0,396.52516386367427,0
4.8588940449999996,407.55609130859375,456.92523193359375,484.5931701660156,0,408.7550262953658,0
4.863182645,407.55499267578125,456.9266662597656,484.5907287597656,0,392.7928988188147,0
4.867008888,407.5536804199219,456.9287109375,484.58868408203125,0,399.22397859772906,0
4.870989558,407.5522766113281,456.9297180175781,484.5873107910156,0,396.5104224153711,0
4.8751937210000005,407.55029296875,456.93194580078125,484.5848693847656,0,405.20119378271005,0
4.879118478,407.55072021484375,456.9324035644531,484.5804443359375,0,393.9668191159843,0
4.883275118,407.5504455566406,456.9320983886719,484.5804443359375,0,398.2867562789375,0
4.88730987,407.55072021484375,456.9324035644531,484.5790100097656,0,391.7007550784807,0
4.891188777,407.5505676269531,456.9322509765625,484.5790100097656,0,400.321893202403,0
4.8951759070000005,407.5505676269531,456.9322509765625,484.5790100097656,0,398.93270034801776,0
4.899388965,407.5524597167969,456.9302978515625,484.5804443359375,0,392.9229595273097,0
4.903355187,407.5522766113281,456.93011474609375,484.5824279785156,0,406.7276619224634,0
4.907301161,407.55352783203125,456.92852783203125,484.5848693847656,0,395.8623743046081,0
4.911498333,407.55328369140625,456.9286804199219,484.58770751953125,0,402.17883381301147,0
4.91538799,407.5541687011719,456.9269714355469,484.59112548828125,0,403.03809102558455,0
4.919419983,407.5540771484375,456.92645263671875,484.5931701660156,0,408.3108453869199,0
4.92384951,407.5544128417969,456.92724609375,484.5956726074219,0,401.8663432194339,0
4.927512893,407.5528564453125,456.9281921386719,484.59814453125,0,398.1256842651417,0
4.931589128,407.5531005859375,456.9284362792969,484.5956726074219,0,394.6098095462542,0
4.935698373,407.5531005859375,456.9284362792969,484.5956726074219,0,408.0304436074986,0
4.93954118,407.55181884765625,456.9295959472656,484.5956726074219,0,401.1553929736464,0
4.943558219,407.5519104003906,456.9296875,484.5946960449219,0,400.1678756373002,0
4.947783332,407.54913330078125,456.9310607910156,484.5907287597656,0,392.7175854035043,0
4.95166105,407.54937744140625,456.9313049316406,484.5882873535156,0,402.7446973282609,0
4.955662438,407.54937744140625,456.9313049316406,484.5882873535156,0,407.6078920283967,0
4.959883112,407.5494689941406,456.9314270019531,484.5873107910156,0,398.5754865748063,0
4.963829984,407.5497131347656,456.931640625,484.5848693847656,0,394.1277964225705,0
4.967758238,407.5492858886719,456.93121337890625,484.5848693847656,0,405.9123229668729,0
4.971883621,407.5490417480469,456.9309387207031,484.5873107910156,0,408.8820357552989,0
4.975497679,407.5490417480469,456.9309387207031,484.5873107910156,0,391.8029973320989,0
4.97963023,407.5513916015625,456.9290771484375,484.58868408203125,0,406.0303849868543,0
4.983778577,407.55096435546875,456.9286193847656,484.5907287597656,0,399.4294986242886,0
4.987591501,407.5514831542969,456.9292297363281,484.5946960449219,0,408.3123926146104,0
4.991604849,407.5514221191406,456.9291076660156,484.5956726074219,0,399.2252239026661,0
4.995868784,407.551025390625,456.9287109375,484.59814453125,0,394.71067531082593,0
4.999814151,407.5509033203125,456.9285583496094,484.59814453125,0,408.17997357195753,0
5.003885651,407.5509033203125,456.9285583496094,484.59814453125,0,402.0305235317888,0
5.008036078,407.54937744140625,456.9295349121094,484.6000671386719,0,394.3402156970136,0
5.011923937,407.5487060546875,456.9305114746094,484.59814453125,0,395.76544714491945,0
5.01597632,407.5487060546875,456.9305114746094,484.59814453125,0,401.3010902824852,0
5.020251592,407.54888916015625,456.9307861328125,484.5956726074219,0,398.68611384660375,0
5.024541695,407.54754638671875,456.9320068359375,484.5956726074219,0,407.01811976063897,0
5.028370974,407.5467224121094,456.9317321777344,484.59356689453125,0,393.8206820478581,0
5.0324795,407.5467834472656,456.9317626953125,484.5907287597656,0,398.3022465337207,0
5.036333886,407.54730224609375,456.93170166015625,484.59112548828125,0,390.9400968948346,0
5.040380114,407.5480651855469,456.93060302734375,484.5907287597656,0,396.79035494372346,0
5.044553675,407.54888916015625,456.9308776855469,484.5922546386719,0,404.4925845537053,0
5.048509112,407.5489501953125,456.9308166503906,484.5922546386719,0,402.4423460053573,0
5.052458781,407.54864501953125,456.93121337890625,484.5946960449219,0,403.5399421955395,0
5.056630367,407.54833984375,456.930908203125,484.5946960449219,0,402.80923358759355,0
5.06050703,407.5482482910156,456.9307861328125,484.5956726074219,0,394.4222919164847,0
5.064602581,407.54803466796875,456.9305419921875,484.59814453125,0,406.19695135025324,0
5.068748434,407.54840087890625,456.9302062988281,484.59814453125,0,409.0383483103279,0
5.072627315,407.54815673828125,456.9300842285156,484.6000671386719,0,390.596396381144,0
5.07675426,407.5478515625,456.9303283691406,484.6000671386719,0,406.5288037917965,0
5.08083536,407.5478515625,456.9303283691406,484.6000671386719,0,397.1815087060958,0
5.084798338,407.5478210449219,456.9302978515625,484.59814453125,0,409.4367515745265,0
5.088760227,407.545654296875,456.9322509765625,484.59814453125,0,397.62858084014096,0
5.092908153,407.545654296875,456.9322509765625,484.59814453125,0,403.54993378742927,0
5.096850683,407.5458679199219,456.9325256347656,484.5956726074219,0,402.8668398375429,0
5.100811039,407.5458679199219,456.9325256347656,484.5956726074219,0,405.50853329075443,0
5.105121256,407.5458679199219,456.9325256347656,484.5956726074219,0,402.5566976180982,0
5.108932477,407.54595947265625,456.9326171875,484.5946960449219,0,408.68378360051787,0
5.112907239,407.54595947265625,456.9326171875,484.5946960449219,0,408.1862640644266,0
5.117086558,407.54595947265625,456.9326171875,484.5946960449219,0,395.54201759336286,0
5.121034058,407.5468444824219,456.93182373046875,484.5946960449219,0,395.699274832373,0
5.125410832,407.5467529296875,456.9317321777344,484.5956726074219,0,401.70828831626966,0
5.129266917,407.54803466796875,456.9305725097656,484.5956726074219,0,401.9968193430785,0
5.133109219,407.54803466796875,456.9305725097656,484.5956726074219,0,404.2279937993244,0
5.137108566,407.5465087890625,456.93145751953125,484.59814453125,0,406.20361001685666,0
5.141286076,407.5462646484375,456.9311828613281,484.59814453125,0,398.1474311246745,0
5.145267736,407.54608154296875,456.93096923828125,484.6000671386719,0,398.95360734160494,0
5.149242038,407.545166015625,456.9317321777344,484.6000671386719,0,409.653011703635,0
5.153405575,407.545166015625,456.9317321777344,484.6000671386719,0,398.63257639636095,0
5.157283367,407.545166015625,456.9317321777344,484.6000671386719,0,404.4402567672962,0
5.161288842,407.54534912109375,456.93194580078125,484.59814453125,0,391.73630437156675,0
5.165568515,407.54534912109375,456.93194580078125,484.59814453125,0,401.3386990017814,0
5.169430722,407.54534912109375,456.93194580078125,484.59814453125,0,392.76198594406225,0
5.173491569,407.54510498046875,456.9316101074219,484.59814453125,0,395.31297947934297,0
5.177598572,407.54559326171875,456.93218994140625,484.5956726074219,0,404.3422974114177,0
5.181558813,407.5453186035156,456.931884765625,484.5956726074219,0,399.888753564394,0
5.185558543,407.5453186035156,456.931884765625,484.5956726074219,0,405.73040794521904,0
5.189750722,407.5453186035156,456.931884765625,484.5956726074219,0,391.54806533258323,0
5.193590401,407.5453186035156,456.931884765625,484.5956726074219,0,390.3502427685141,0
5.197591237,407.5453186035156,456.931884765625,484.5956726074219,0,408.3069127654821,0
5.201790457,407.5453186035156,456.931884765625,484.5956726074219,0,405.6004006020619,0
5.205746284,407.5453186035156,456.931884765625,484.5956726074219,0,407.81144127543814,0
5.2096979,407.5457458496094,456.9326171875,484.599609375,0,398.1047191600402,0
5.21391404,407.5458679199219,456.9324951171875,484.599609375,0,408.7705618616897,0
5.217806159,407.5455627441406,456.9324035644531,484.6015625,0,403.059201612605,0
5.221916166,407.5457458496094,456.9326171875,484.599609375,0,406.2504823963881,0
5.226270365,407.5452880859375,456.9320983886719,484.6015625,0,390.29488809413556,0
5.229852652,407.54510498046875,456.931884765625,484.6011657714844,0,404.4697741232132,0
5.233910716,407.5452880859375,456.9320983886719,484.6015625,0,402.08477512494153,0
5.238209014,407.54510498046875,456.931884765625,484.6011657714844,0,399.4673140013837,0
5.241988119,407.5452575683594,456.9320983886719,484.5992431640625,0,406.65779052220995,0
5.246032103,407.54547119140625,456.93231201171875,484.599609375,0,390.49492628192337,0
5.250188211,407.54547119140625,456.93231201171875,484.599609375,0,404.14344080520897,0
5.254058735,407.54547119140625,456.93231201171875,484.599609375,0,397.6714753756233,0
5.258104324,407.5456848144531,456.93255615234375,484.59716796875,0,396.026342611046,0
5.262257293,407.5456848144531,456.93255615234375,484.59716796875,0,399.57443737612385,0
5.266230319,407.5456848144531,456.93255615234375,484.59716796875,0,400.78791453460656,0
5.270314221,407.5456848144531,456.93255615234375,484.59716796875,0,402.35096356353466,0
5.274397873,407.54547119140625,456.93231201171875,484.599609375,0,392.39002838807886,0
5.278280392,407.54547119140625,456.93231201171875,484.599609375,0,395.7764100603426,0
5.282275161,407.5450134277344,456.9327087402344,484.599609375,0,403.44271374740174,0
5.286502884,407.54473876953125,456.9324035644531,484.599609375,0,404.64850465201505,0
5.290424329,407.5442199707031,456.9324951171875,484.6015625,0,403.29962983480345,0
5.294396373,407.5445556640625,456.93218994140625,484.6015625,0,405.7526077403697,0
5.2985616,407.5435485839844,456.9334716796875,484.599609375,0,408.47831161211184,0
5.302459578,407.5435485839844,456.9334716796875,484.599609375,0,391.9638821020271,0
5.306510871,407.5438232421875,456.93316650390625,484.599609375,0,396.8319074609105,0
5.310659769,407.5433654785156,456.9332580566406,484.6015625,0,392.40242784548997,0
5.314555531,407.5435485839844,456.9334716796875,484.599609375,0,396.36657107218207,0
5.318710358,407.5437316894531,456.93328857421875,484.599609375,0,401.2137048627581,0
5.322782672,407.5435485839844,456.9334716796875,484.599609375,0,409.7773704506184,0
5.326909994,407.5435485839844,456.9334716796875,484.599609375,0,390.08114353513616,0
5.330649792,407.5435485839844,456.9334716796875,484.599609375,0,397.87816463539457,0
5.334916183,407.54376220703125,456.9337158203125,484.59716796875,0,407.54180389839456,0
5.338818993,407.5435485839844,456.9334716796875,484.599609375,0,406.19221491472723,0
5.342757885,407.54327392578125,456.9331359863281,484.599609375,0,390.9447883773715,0
5.347034412,407.54327392578125,456.9331359863281,484.599609375,0,392.5932942709898,0
5.350857681,407.5435485839844,456.9334716796875,484.599609375,0,395.5908478640026,0
5.35483291,407.54327392578125,456.9331359863281,484.599609375,0,391.4742903546333,0
5.359030311,407.54327392578125,456.9331359863281,484.599609375,0,404.90573745526655,0
5.362949785,407.5430908203125,456.93292236328125,484.6015625,0,403.92593064921516,0
5.367112738,407.5430908203125,456.93292236328125,484.6015625,0,404.7358579614548,0
5.371153394,407.5430908203125,456.93292236328125,484.6015625,0,397.3342778926559,0
5.375023898,407.54327392578125,456.9331359863281,484.599609375,0,404.5276519127154,0
5.379064535,407.5430908203125,456.93292236328125,484.6015625,0,407.1403272299425,0
5.383205332,407.5430908203125,456.93292236328125,484.6015625,0,390.49640150978274,0
5.387192865,407.54327392578125,456.9331359863281,484.599609375,0,393.92587516572104,0
5.3911642969999996,407.54327392578125,456.9331359863281,484.599609375,0,392.3390401983821,0
5.395330112,407.54327392578125,456.9331359863281,484.599609375,0,398.39263955919114,0
5.399251855,407.5423889160156,456.9339294433594,484.599609375,0,409.8677797269274,0
5.403230925,407.5423889160156,456.9339294433594,484.599609375,0,393.46978923125243,0
5.407486777,407.5423889160156,456.9339294433594,484.599609375,0,395.59465019341616,0
5.411368793,407.54071044921875,456.93487548828125,484.599609375,0,396.4280862418569,0
5.415414473,407.5405578613281,456.9346923828125,484.599609375,0,397.81092118492705,0
5.419532186,407.5409851074219,456.9351806640625,484.599609375,0,398.93715131727583,0
5.423469805,407.5403747558594,456.93487548828125,484.599609375,0,397.4829745112808,0
5.427677772,407.5405578613281,456.9346923828125,484.599609375,0,396.71679144905266,0
5.431633441,407.5409851074219,456.9351806640625,484.599609375,0,409.88841131705755,0
5.435557515,407.54052734375,456.9350280761719,484.599609375,0,405.3285594330845,0
5.439512936,407.5405578613281,456.9346923828125,484.599609375,0,399.2563603047833,0
5.443699971,407.5403747558594,456.93487548828125,484.599609375,0,400.97505629012784,0
5.447656181,407.5403747558594,456.93487548828125,484.599609375,0,396.344593284703,0
5.45161069,407.5401916503906,456.9346618652344,484.6015625,0,398.8149474986079,0
5.455823232,407.5401916503906,456.9346618652344,484.6015625,0,391.641159232723,0
5.459699927,407.5403747558594,456.93487548828125,484.599609375,0,400.8986540011923,0
5.463855006,407.5403747558594,456.93487548828125,484.599609375,0,400.3757546464234,0
5.467992274,407.5403747558594,456.93487548828125,484.599609375,0,395.6559362982727,0
5.471797541,407.5403747558594,456.93487548828125,484.599609375,0,404.45741119297855,0
5.475809113,407.5403747558594,456.93487548828125,484.599609375,0,408.7077446415393,0
5.479965391,407.5403747558594,456.93487548828125,484.599609375,0,395.43515286356916,0
5.483919795,407.5403747558594,456.93487548828125,484.599609375,0,406.7048641065603,0
5.487949078,407.5403747558594,456.93487548828125,484.599609375,0,391.18591485478225,0
5.492115459,407.5403747558594,456.93487548828125,484.599609375,0,398.8754059665536,0
5.495953131,407.5403747558594,456.93487548828125,484.599609375,0,401.18264570648006,0
5.499975903,407.5403747558594,456.93487548828125,484.599609375,0,403.42920929153263,0
5.504184105,407.5403747558594,456.93487548828125,484.599609375,0,391.40685503943575,0
5.50815224,407.5403747558594,456.93487548828125,484.599609375,0,396.99884865691547,0
5.512257938,407.5403747558594,456.93487548828125,484.599609375,0,400.39418802623527,0
5.516273205,407.54058837890625,456.93511962890625,484.602294921875,0,407.58388957304834,0
5.520183532,407.54046630859375,456.93524169921875,484.602294921875,0,403.8262597946428,0
5.5241707909999995,407.5401916503906,456.9346618652344,484.6015625,0,405.75335314644127,0
5.528678676,407.5402526855469,456.93499755859375,484.599609375,0,395.1430172077266,0
5.532325213,407.5402526855469,456.93499755859375,484.599609375,0,407.39069810225993,0
5.536293136,407.5403137207031,456.9349365234375,484.599609375,0,395.35426515002325,0
5.540483507,407.5406494140625,456.9353942871094,484.6003723144531,0,405.36827478752434,0
5.544336179,407.5405578613281,456.9352111816406,484.6003723144531,0,396.41111420005194,0
5.548450597,407.54071044921875,456.93536376953125,484.6003723144531,0,399.1639030169682,0
5.55258994,407.5406494140625,456.9353942871094,484.6003723144531,0,408.5621098548656,0
5.556468907,407.54010009765625,456.9348449707031,484.599609375,0,394.7300526630473,0
5.56058099,407.5402526855469,456.93499755859375,484.599609375,0,409.1242158789862,0
5.564669163,407.54010009765625,456.9348449707031,484.599609375,0,402.02257375636805,0
5.56865132,407.5402526855469,456.93499755859375,484.599609375,0,405.3719248658281,0
5.572579472,407.54010009765625,456.9348449707031,484.599609375,0,390.52472248155806,0
5.576759608,407.54010009765625,456.9348449707031,484.599609375,0,401.8842307966235,0
5.580673669,407.5399475097656,456.93463134765625,484.6015625,0,390.4732912954532,0
5.584658802,407.54010009765625,456.9348449707031,484.599609375,0,406.64174099086574,0
5.588998414,407.54010009765625,456.9348449707031,484.599609375,0,393.66434199833765,0
5.592785203,407.5399475097656,456.93463134765625,484.6015625,0,393.2956659671413,0
5.596758775,407.5403137207031,456.9350891113281,484.602294921875,0,407.90288748726203,0
5.600929024,407.5404968261719,456.93524169921875,484.6003723144531,0,404.58426994556913,0
5.604872273,407.54010009765625,456.9348449707031,484.599609375,0,404.44779157712173,0
5.60907689,407.5404968261719,456.93524169921875,484.6003723144531,0,406.37106735130806,0
5.613087477,407.5403137207031,456.9350891113281,484.602294921875,0,394.4391015244621,0
5.616934018,407.5403747558594,456.93536376953125,484.6003723144531,0,400.8858990666837,0
5.620946969,407.5404968261719,456.93524169921875,484.6003723144531,0,400.3391348563507,0
5.625144608,407.5403747558594,456.93536376953125,484.6003723144531,0,408.5160947367128,0
5.629305503,407.5404968261719,456.93524169921875,484.6003723144531,0,396.4152966131351,0
5.633128765,407.5403747558594,456.93536376953125,484.6003723144531,0,405.0300510605721,0
5.637265844,407.5403747558594,456.93536376953125,484.6003723144531,0,392.49879468783655,0
5.641131598,407.5403137207031,456.9350891113281,484.602294921875,0,390.9380377810717,0
5.645135566,407.53997802734375,456.9353942871094,484.602294921875,0,390.97558569720394,0
5.649410343,407.5403137207031,456.9350891113281,484.602294921875,0,409.0592806289108,0
5.653298625,407.54052734375,456.93603515625,484.6011047363281,0,400.11741773662754,0
5.657352883,407.54034423828125,456.9358215332031,484.6030578613281,0,397.8556070694452,0
5.6614625400000005,407.5403137207031,456.9350891113281,484.602294921875,0,405.82592368866773,0
5.665338928,407.53997802734375,456.9353942871094,484.602294921875,0,395.3217756090048,0
5.6694148349999995,407.5401306152344,456.93560791015625,484.6003723144531,0,408.5180763575738,0
5.673556889,407.540771484375,456.9358215332031,484.6011047363281,0,395.68594220976996,0
5.67746073,407.54052734375,456.93603515625,484.6011047363281,0,399.39822345477904,0
5.681449303,407.54052734375,456.93603515625,484.6011047363281,0,395.19816039968435,0
5.685666962,407.54034423828125,456.9358215332031,484.6030578613281,0,409.06508229490777,0
5.689577551,407.54052734375,456.93603515625,484.6011047363281,0,398.38287434980225,0
5.69353756,407.54052734375,456.93603515625,484.6011047363281,0,396.3471636769112,0
5.69771649,407.54052734375,456.93603515625,484.6011047363281,0,391.178954769367,0
5.701640723,407.53997802734375,456.9353942871094,484.602294921875,0,408.96818771445885,0
5.705764714,407.54034423828125,456.9358215332031,484.6030578613281,0,395.8021993185069,0
5.7099068509999995,407.54034423828125,456.9358215332031,484.6030578613281,0,395.689269543871,0
5.713765318,407.54052734375,456.93603515625,484.6011047363281,0,406.2045076178092,0
5.717778993,407.54052734375,456.93603515625,484.6011047363281,0,394.2549154905893,0
5.721921526,407.54034423828125,456.9358215332031,484.6030578613281,0,396.7010321356586,0
5.725846621,407.54034423828125,456.9358215332031,484.6030578613281,0,408.8775643666542,0
5.730078864,407.54052734375,456.93603515625,484.6011047363281,0,401.0364268215656,0
5.734049056,407.54034423828125,456.9358215332031,484.6030578613281,0,401.43308451148295,0
5.7379361410000005,407.53997802734375,456.9353942871094,484.602294921875,0,402.19817467876715,0
5.741924392,407.54052734375,456.93603515625,484.6011047363281,0,406.4892237223221,0
5.746105507,407.54052734375,456.93603515625,484.6011047363281,0,397.574643585376,0
5.750075672,407.54034423828125,456.9358215332031,484.6030578613281,0,407.458028152294,0
5.754158128,407.5399169921875,456.93536376953125,484.6030578613281,0,392.9933312327847,0
5.758231222,407.54034423828125,456.9358215332031,484.6030578613281,0,390.1144897135069,0
5.762099264,407.54052734375,456.93603515625,484.6011047363281,0,408.057892802376,0
5.76607851,407.54022216796875,456.9356994628906,484.6011047363281,0,392.41802624368694,0
5.770351907,407.54034423828125,456.9358215332031,484.6030578613281,0,393.6221181518181,0
5.774231504,407.54034423828125,456.9358215332031,484.6030578613281,0,407.4418853574904,0
5.778218349,407.54052734375,456.93603515625,484.6011047363281,0,405.49507375323117,0
5.782439032,407.54052734375,456.93603515625,484.6011047363281,0,408.30582258791,0
5.786265057,407.54034423828125,456.9358215332031,484.6030578613281,0,402.4042473168111,0
5.790351125,407.5400390625,456.9355163574219,484.6030578613281,0,400.967137453219,0
5.794509001,407.54022216796875,456.9356994628906,484.6011047363281,0,399.65744905116264,0
5.798436302,407.54052734375,456.93603515625,484.6011047363281,0,396.61625798005025,0
5.802570837,407.5386657714844,456.9365234375,484.6030578613281,0,409.13327698650903,0
5.806614073,407.5390625,456.9369812011719,484.6030578613281,0,397.8644502712463,0
5.810544874,407.54034423828125,456.9358215332031,484.6030578613281,0,402.36127988230817,0
5.814493569,407.5400085449219,456.93560791015625,484.6011047363281,0,402.52032102226485,0
5.818680802,407.5400695800781,456.935546875,484.6011047363281,0,395.0353265653656,0
5.822626796,407.5390625,456.9369812011719,484.6030578613281,0,392.30999627308444,0
5.826593728,407.5390625,456.9369812011719,484.6030578613281,0,390.4097241770249,0
5.831091138,407.5387268066406,456.936767578125,484.6011047363281,0,391.58470749820737,0
5.83469241,407.5386657714844,456.9365234375,484.6030578613281,0,396.5002197355106,0
5.838687108,407.54034423828125,456.9358215332031,484.6030578613281,0,406.6937317500804,0
5.842902087,407.5391845703125,456.9372253417969,484.6011047363281,0,401.46234165404377,0
5.846824286,407.5390625,456.9369812011719,484.6030578613281,0,397.16547171701797,0
5.850978637,407.5388488769531,456.9371337890625,484.6030578613281,0,400.62291238495646,0
5.855032344,407.5386657714844,456.9365234375,484.6030578613281,0,392.23314862761674,0
5.858889801,407.5384521484375,456.9366760253906,484.6030578613281,0,394.579531436731,0
5.862907321,407.5399169921875,456.93536376953125,484.6030578613281,0,390.34838608366636,0
5.867071976,407.5386657714844,456.9365234375,484.6030578613281,0,405.1090348385011,0
5.8710660919999995,407.53863525390625,456.9368591308594,484.6011047363281,0,391.67418086508843,0
5.875005486,407.5386657714844,456.9365234375,484.6030578613281,0,396.9016964572786,0
5.8791899690000005,407.5384521484375,456.9366760253906,484.6030578613281,0,405.2246693492775,0
5.883077583,407.5384521484375,456.9366760253906,484.6030578613281,0,390.5524961066217,0
5.8870488309999995,407.5386657714844,456.9365234375,484.6030578613281,0,407.8328158495579,0
5.891333628,407.5384521484375,456.9366760253906,484.6030578613281,0,396.6022687578211,0
5.895208879,407.53863525390625,456.9368591308594,484.6011047363281,0,402.97244237756183,0
5.899297953,407.5386657714844,456.9365234375,484.6030578613281,0,399.59302554540324,0
5.903414166,407.53863525390625,456.9368591308594,484.6011047363281,0,391.580337991628,0
5.907306072,407.5387268066406,456.936767578125,484.6011047363281,0,404.1400160276545,0
5.911359566,407.53857421875,456.9365539550781,484.6030578613281,0,408.9170602393616,0
5.915458431,407.5384521484375,456.9366760253906,484.6030578613281,0,398.0509468375016,0
5.919385112,407.53857421875,456.9365539550781,484.6030578613281,0,407.2258632378603,0
5.9233647099999995,407.5384521484375,456.9366760253906,484.6030578613281,0,393.5222929678013,0
5.927586962,407.5384521484375,456.9366760253906,484.6030578613281,0,404.2932531856411,0
5.931739823,407.53857421875,456.9365539550781,484.6030578613281,0,402.31990601740824,0
5.935490933,407.5384521484375,456.9366760253906,484.6030578613281,0,402.2238902076504,0
5.939651215,407.5384521484375,456.9366760253906,484.6030578613281,0,401.745204033036,0
5.943536112,407.5386657714844,456.9365234375,484.6030578613281,0,403.3591126720272,0
5.947704782,407.5384521484375,456.9366760253906,484.6030578613281,0,405.1018919829399,0
5.9518424450000005,407.5384521484375,456.9366760253906,484.6030578613281,0,390.4219476438148,0
5.955679207,407.53857421875,456.9365539550781,484.6030578613281,0,393.0783537542512,0
5.959649501,407.5388488769531,456.9371337890625,484.6030578613281,0,400.5096216484444,0
5.963840489,407.53863525390625,456.9368591308594,484.6011047363281,0,405.6550773350568,0
5.967828826,407.53857421875,456.9365539550781,484.6030578613281,0,401.8353380911175,0
5.971768984,407.5384521484375,456.9366760253906,484.6030578613281,0,392.4224649880283,0
5.97566193,407.53863525390625,456.9368591308594,484.6011047363281,0,407.3704610309358,0
5.979473184,407.5384521484375,456.9366760253906,484.6030578613281,0,404.8269126691251,0
5.983473052,407.5384521484375,456.9366760253906,484.6030578613281,0,393.1096001255589,0
5.987687549,407.5384521484375,456.9366760253906,484.6030578613281,0,390.8278014265136,0
5.991654221,407.5386047363281,456.93682861328125,484.6030578613281,0,399.291514018901,0
5.9957894419999995,407.5384521484375,456.9366760253906,484.6030578613281,0,403.26909636540734,0
5.999865467,407.5384521484375,456.9366760253906,484.6030578613281,0,397.86913327670436,0
6.003727844,407.5384521484375,456.9366760253906,484.6030578613281,0,401.54240186586986,0
