// Auto-generated from ADCore NDPluginOverlayTextFont.cpp (bdf2c fonts).
// Each font: chars 32..=222 (191 chars), `height` rows of `bytes_per_char`
// bytes, MSB-first bit order. Do not edit by hand.

/// One bitmap font: fixed character cell `width` x `height`.
pub struct BitmapFont {
    pub width: usize,
    pub height: usize,
    pub bytes_per_char: usize,
    pub first_char: u8,
    pub num_chars: usize,
    pub bitmap: &'static [u8],
}

static FONT_6X13_DATA: [u8; 2483] = [
    0x00, 0x00, 0x00, 0x00, 0x00, 0x00, 0x00, 0x00, 0x00, 0x00, 0x00, 0x00, 0x00, 0x00, 0x00, 0x20,
    0x20, 0x20, 0x20, 0x20, 0x20, 0x20, 0x00, 0x20, 0x00, 0x00, 0x00, 0x00, 0x50, 0x50, 0x50, 0x00,
    0x00, 0x00, 0x00, 0x00, 0x00, 0x00, 0x00, 0x00, 0x00, 0x00, 0x50, 0x50, 0xf8, 0x50, 0xf8, 0x50,
    0x50, 0x00, 0x00, 0x00, 0x00, 0x00, 0x20, 0x78, 0xa0, 0xa0, 0x70, 0x28, 0x28, 0xf0, 0x20, 0x00,
    0x00, 0x00, 0x00, 0x48, 0xa8, 0x50, 0x10, 0x20, 0x40, 0x50, 0xa8, 0x90, 0x00, 0x00, 0x00, 0x00,
    0x00, 0x40, 0xa0, 0xa0, 0x40, 0xa0, 0x98, 0x90, 0x68, 0x00, 0x00, 0x00, 0x00, 0x20, 0x20, 0x20,
    0x00, 0x00, 0x00, 0x00, 0x00, 0x00, 0x00, 0x00, 0x00, 0x10, 0x20, 0x20, 0x40, 0x40, 0x40, 0x40,
    0x40, 0x20, 0x20, 0x10, 0x00, 0x00, 0x40, 0x20, 0x20, 0x10, 0x10, 0x10, 0x10, 0x10, 0x20, 0x20,
    0x40, 0x00, 0x00, 0x00, 0x20, 0xa8, 0x70, 0xa8, 0x20, 0x00, 0x00, 0x00, 0x00, 0x00, 0x00, 0x00,
    0x00, 0x00, 0x00, 0x20, 0x20, 0xf8, 0x20, 0x20, 0x00, 0x00, 0x00, 0x00, 0x00, 0x00, 0x00, 0x00,
    0x00, 0x00, 0x00, 0x00, 0x00, 0x30, 0x20, 0x40, 0x00, 0x00, 0x00, 0x00, 0x00, 0x00, 0x00, 0xf8,
    0x00, 0x00, 0x00, 0x00, 0x00, 0x00, 0x00, 0x00, 0x00, 0x00, 0x00, 0x00, 0x00, 0x00, 0x00, 0x20,
    0x70, 0x20, 0x00, 0x00, 0x00, 0x08, 0x08, 0x10, 0x10, 0x20, 0x40, 0x40, 0x80, 0x80, 0x00, 0x00,
    0x00, 0x00, 0x20, 0x50, 0x88, 0x88, 0x88, 0x88, 0x88, 0x50, 0x20, 0x00, 0x00, 0x00, 0x00, 0x20,
    0x60, 0xa0, 0x20, 0x20, 0x20, 0x20, 0x20, 0xf8, 0x00, 0x00, 0x00, 0x00, 0x70, 0x88, 0x88, 0x08,
    0x10, 0x20, 0x40, 0x80, 0xf8, 0x00, 0x00, 0x00, 0x00, 0xf8, 0x08, 0x10, 0x20, 0x70, 0x08, 0x08,
    0x88, 0x70, 0x00, 0x00, 0x00, 0x00, 0x10, 0x10, 0x30, 0x50, 0x50, 0x90, 0xf8, 0x10, 0x10, 0x00,
    0x00, 0x00, 0x00, 0xf8, 0x80, 0x80, 0xb0, 0xc8, 0x08, 0x08, 0x88, 0x70, 0x00, 0x00, 0x00, 0x00,
    0x70, 0x88, 0x80, 0x80, 0xf0, 0x88, 0x88, 0x88, 0x70, 0x00, 0x00, 0x00, 0x00, 0xf8, 0x08, 0x10,
    0x10, 0x20, 0x20, 0x40, 0x40, 0x40, 0x00, 0x00, 0x00, 0x00, 0x70, 0x88, 0x88, 0x88, 0x70, 0x88,
    0x88, 0x88, 0x70, 0x00, 0x00, 0x00, 0x00, 0x70, 0x88, 0x88, 0x88, 0x78, 0x08, 0x08, 0x88, 0x70,
    0x00, 0x00, 0x00, 0x00, 0x00, 0x00, 0x20, 0x70, 0x20, 0x00, 0x00, 0x20, 0x70, 0x20, 0x00, 0x00,
    0x00, 0x00, 0x00, 0x20, 0x70, 0x20, 0x00, 0x00, 0x30, 0x20, 0x40, 0x00, 0x00, 0x00, 0x08, 0x10,
    0x20, 0x40, 0x80, 0x40, 0x20, 0x10, 0x08, 0x00, 0x00, 0x00, 0x00, 0x00, 0x00, 0x00, 0xf8, 0x00,
    0x00, 0xf8, 0x00, 0x00, 0x00, 0x00, 0x00, 0x00, 0x80, 0x40, 0x20, 0x10, 0x08, 0x10, 0x20, 0x40,
    0x80, 0x00, 0x00, 0x00, 0x00, 0x70, 0x88, 0x88, 0x08, 0x10, 0x20, 0x20, 0x00, 0x20, 0x00, 0x00,
    0x00, 0x00, 0x70, 0x88, 0x88, 0x98, 0xa8, 0xa8, 0xb0, 0x80, 0x78, 0x00, 0x00, 0x00, 0x00, 0x20,
    0x50, 0x88, 0x88, 0x88, 0xf8, 0x88, 0x88, 0x88, 0x00, 0x00, 0x00, 0x00, 0xf0, 0x48, 0x48, 0x48,
    0x70, 0x48, 0x48, 0x48, 0xf0, 0x00, 0x00, 0x00, 0x00, 0x70, 0x88, 0x80, 0x80, 0x80, 0x80, 0x80,
    0x88, 0x70, 0x00, 0x00, 0x00, 0x00, 0xf0, 0x48, 0x48, 0x48, 0x48, 0x48, 0x48, 0x48, 0xf0, 0x00,
    0x00, 0x00, 0x00, 0xf8, 0x80, 0x80, 0x80, 0xf0, 0x80, 0x80, 0x80, 0xf8, 0x00, 0x00, 0x00, 0x00,
    0xf8, 0x80, 0x80, 0x80, 0xf0, 0x80, 0x80, 0x80, 0x80, 0x00, 0x00, 0x00, 0x00, 0x70, 0x88, 0x80,
    0x80, 0x80, 0x98, 0x88, 0x88, 0x70, 0x00, 0x00, 0x00, 0x00, 0x88, 0x88, 0x88, 0x88, 0xf8, 0x88,
    0x88, 0x88, 0x88, 0x00, 0x00, 0x00, 0x00, 0x70, 0x20, 0x20, 0x20, 0x20, 0x20, 0x20, 0x20, 0x70,
    0x00, 0x00, 0x00, 0x00, 0x38, 0x10, 0x10, 0x10, 0x10, 0x10, 0x10, 0x90, 0x60, 0x00, 0x00, 0x00,
    0x00, 0x88, 0x88, 0x90, 0xa0, 0xc0, 0xa0, 0x90, 0x88, 0x88, 0x00, 0x00, 0x00, 0x00, 0x80, 0x80,
    0x80, 0x80, 0x80, 0x80, 0x80, 0x80, 0xf8, 0x00, 0x00, 0x00, 0x00, 0x88, 0x88, 0xd8, 0xa8, 0xa8,
    0x88, 0x88, 0x88, 0x88, 0x00, 0x00, 0x00, 0x00, 0x88, 0xc8, 0xc8, 0xa8, 0xa8, 0x98, 0x98, 0x88,
    0x88, 0x00, 0x00, 0x00, 0x00, 0x70, 0x88, 0x88, 0x88, 0x88, 0x88, 0x88, 0x88, 0x70, 0x00, 0x00,
    0x00, 0x00, 0xf0, 0x88, 0x88, 0x88, 0xf0, 0x80, 0x80, 0x80, 0x80, 0x00, 0x00, 0x00, 0x00, 0x70,
    0x88, 0x88, 0x88, 0x88, 0x88, 0x88, 0xa8, 0x70, 0x08, 0x00, 0x00, 0x00, 0xf0, 0x88, 0x88, 0x88,
    0xf0, 0xa0, 0x90, 0x88, 0x88, 0x00, 0x00, 0x00, 0x00, 0x70, 0x88, 0x80, 0x80, 0x70, 0x08, 0x08,
    0x88, 0x70, 0x00, 0x00, 0x00, 0x00, 0xf8, 0x20, 0x20, 0x20, 0x20, 0x20, 0x20, 0x20, 0x20, 0x00,
    0x00, 0x00, 0x00, 0x88, 0x88, 0x88, 0x88, 0x88, 0x88, 0x88, 0x88, 0x70, 0x00, 0x00, 0x00, 0x00,
    0x88, 0x88, 0x88, 0x88, 0x50, 0x50, 0x50, 0x20, 0x20, 0x00, 0x00, 0x00, 0x00, 0x88, 0x88, 0x88,
    0x88, 0xa8, 0xa8, 0xa8, 0xa8, 0x50, 0x00, 0x00, 0x00, 0x00, 0x88, 0x88, 0x50, 0x50, 0x20, 0x50,
    0x50, 0x88, 0x88, 0x00, 0x00, 0x00, 0x00, 0x88, 0x88, 0x50, 0x50, 0x20, 0x20, 0x20, 0x20, 0x20,
    0x00, 0x00, 0x00, 0x00, 0xf8, 0x08, 0x10, 0x10, 0x20, 0x40, 0x40, 0x80, 0xf8, 0x00, 0x00, 0x00,
    0x70, 0x40, 0x40, 0x40, 0x40, 0x40, 0x40, 0x40, 0x40, 0x40, 0x70, 0x00, 0x00, 0x00, 0x80, 0x80,
    0x40, 0x40, 0x20, 0x10, 0x10, 0x08, 0x08, 0x00, 0x00, 0x00, 0x70, 0x10, 0x10, 0x10, 0x10, 0x10,
    0x10, 0x10, 0x10, 0x10, 0x70, 0x00, 0x00, 0x00, 0x20, 0x50, 0x88, 0x00, 0x00, 0x00, 0x00, 0x00,
    0x00, 0x00, 0x00, 0x00, 0x00, 0x00, 0x00, 0x00, 0x00, 0x00, 0x00, 0x00, 0x00, 0x00, 0xf8, 0x00,
    0x00, 0x20, 0x10, 0x00, 0x00, 0x00, 0x00, 0x00, 0x00, 0x00, 0x00, 0x00, 0x00, 0x00, 0x00, 0x00,
    0x00, 0x00, 0x70, 0x08, 0x78, 0x88, 0x98, 0x68, 0x00, 0x00, 0x00, 0x00, 0x80, 0x80, 0x80, 0xf0,
    0x88, 0x88, 0x88, 0x88, 0xf0, 0x00, 0x00, 0x00, 0x00, 0x00, 0x00, 0x00, 0x70, 0x88, 0x80, 0x80,
    0x88, 0x70, 0x00, 0x00, 0x00, 0x00, 0x08, 0x08, 0x08, 0x78, 0x88, 0x88, 0x88, 0x88, 0x78, 0x00,
    0x00, 0x00, 0x00, 0x00, 0x00, 0x00, 0x70, 0x88, 0xf8, 0x80, 0x88, 0x70, 0x00, 0x00, 0x00, 0x00,
    0x30, 0x48, 0x40, 0x40, 0xf0, 0x40, 0x40, 0x40, 0x40, 0x00, 0x00, 0x00, 0x00, 0x00, 0x00, 0x00,
    0x70, 0x88, 0x88, 0x88, 0x78, 0x08, 0x88, 0x70, 0x00, 0x00, 0x80, 0x80, 0x80, 0xb0, 0xc8, 0x88,
    0x88, 0x88, 0x88, 0x00, 0x00, 0x00, 0x00, 0x00, 0x20, 0x00, 0x60, 0x20, 0x20, 0x20, 0x20, 0x70,
    0x00, 0x00, 0x00, 0x00, 0x00, 0x10, 0x00, 0x30, 0x10, 0x10, 0x10, 0x10, 0x90, 0x90, 0x60, 0x00,
    0x00, 0x80, 0x80, 0x80, 0x90, 0xa0, 0xc0, 0xa0, 0x90, 0x88, 0x00, 0x00, 0x00, 0x00, 0x60, 0x20,
    0x20, 0x20, 0x20, 0x20, 0x20, 0x20, 0x70, 0x00, 0x00, 0x00, 0x00, 0x00, 0x00, 0x00, 0xd0, 0xa8,
    0xa8, 0xa8, 0xa8, 0x88, 0x00, 0x00, 0x00, 0x00, 0x00, 0x00, 0x00, 0xb0, 0xc8, 0x88, 0x88, 0x88,
    0x88, 0x00, 0x00, 0x00, 0x00, 0x00, 0x00, 0x00, 0x70, 0x88, 0x88, 0x88, 0x88, 0x70, 0x00, 0x00,
    0x00, 0x00, 0x00, 0x00, 0x00, 0xf0, 0x88, 0x88, 0x88, 0xf0, 0x80, 0x80, 0x80, 0x00, 0x00, 0x00,
    0x00, 0x00, 0x78, 0x88, 0x88, 0x88, 0x78, 0x08, 0x08, 0x08, 0x00, 0x00, 0x00, 0x00, 0x00, 0xb0,
    0xc8, 0x80, 0x80, 0x80, 0x80, 0x00, 0x00, 0x00, 0x00, 0x00, 0x00, 0x00, 0x70, 0x88, 0x60, 0x10,
    0x88, 0x70, 0x00, 0x00, 0x00, 0x00, 0x00, 0x40, 0x40, 0xf0, 0x40, 0x40, 0x40, 0x48, 0x30, 0x00,
    0x00, 0x00, 0x00, 0x00, 0x00, 0x00, 0x88, 0x88, 0x88, 0x88, 0x98, 0x68, 0x00, 0x00, 0x00, 0x00,
    0x00, 0x00, 0x00, 0x88, 0x88, 0x88, 0x50, 0x50, 0x20, 0x00, 0x00, 0x00, 0x00, 0x00, 0x00, 0x00,
    0x88, 0x88, 0xa8, 0xa8, 0xa8, 0x50, 0x00, 0x00, 0x00, 0x00, 0x00, 0x00, 0x00, 0x88, 0x50, 0x20,
    0x20, 0x50, 0x88, 0x00, 0x00, 0x00, 0x00, 0x00, 0x00, 0x00, 0x88, 0x88, 0x88, 0x98, 0x68, 0x08,
    0x88, 0x70, 0x00, 0x00, 0x00, 0x00, 0x00, 0xf8, 0x10, 0x20, 0x40, 0x80, 0xf8, 0x00, 0x00, 0x00,
    0x18, 0x20, 0x20, 0x20, 0x20, 0xc0, 0x20, 0x20, 0x20, 0x20, 0x18, 0x00, 0x00, 0x00, 0x20, 0x20,
    0x20, 0x20, 0x20, 0x20, 0x20, 0x20, 0x20, 0x00, 0x00, 0x00, 0xc0, 0x20, 0x20, 0x20, 0x20, 0x18,
    0x20, 0x20, 0x20, 0x20, 0xc0, 0x00, 0x00, 0x00, 0x48, 0xa8, 0x90, 0x00, 0x00, 0x00, 0x00, 0x00,
    0x00, 0x00, 0x00, 0x00, 0x00, 0x00, 0x00, 0x00, 0x00, 0x00, 0x00, 0x00, 0x00, 0x00, 0x00, 0x00,
    0x00, 0x00, 0x20, 0x00, 0x20, 0x20, 0x20, 0x20, 0x20, 0x20, 0x20, 0x00, 0x00, 0x00, 0x00, 0x20,
    0x70, 0xa8, 0xa0, 0xa0, 0xa8, 0x70, 0x20, 0x00, 0x00, 0x00, 0x00, 0x00, 0x30, 0x48, 0x40, 0x40,
    0xe0, 0x40, 0x40, 0x48, 0xb0, 0x00, 0x00, 0x00, 0x00, 0x00, 0x00, 0x88, 0x70, 0x50, 0x50, 0x70,
    0x88, 0x00, 0x00, 0x00, 0x00, 0x00, 0x88, 0x88, 0x50, 0x50, 0xf8, 0x20, 0xf8, 0x20, 0x20, 0x00,
    0x00, 0x00, 0x00, 0x20, 0x20, 0x20, 0x20, 0x00, 0x20, 0x20, 0x20, 0x20, 0x00, 0x00, 0x00, 0x30,
    0x48, 0x40, 0x30, 0x48, 0x48, 0x30, 0x08, 0x48, 0x30, 0x00, 0x00, 0x00, 0x50, 0x50, 0x00, 0x00,
    0x00, 0x00, 0x00, 0x00, 0x00, 0x00, 0x00, 0x00, 0x00, 0x70, 0x88, 0xa8, 0xd8, 0xc8, 0xd8, 0xa8,
    0x88, 0x70, 0x00, 0x00, 0x00, 0x00, 0x00, 0x70, 0x08, 0x78, 0x88, 0x78, 0x00, 0xf8, 0x00, 0x00,
    0x00, 0x00, 0x00, 0x00, 0x00, 0x00, 0x28, 0x50, 0xa0, 0xa0, 0x50, 0x28, 0x00, 0x00, 0x00, 0x00,
    0x00, 0x00, 0x00, 0x00, 0x00, 0xf8, 0x08, 0x08, 0x00, 0x00, 0x00, 0x00, 0x00, 0x00, 0x00, 0x00,
    0x00, 0x00, 0x70, 0x00, 0x00, 0x00, 0x00, 0x00, 0x00, 0x00, 0x70, 0x88, 0xe8, 0xd8, 0xd8, 0xe8,
    0xd8, 0x88, 0x70, 0x00, 0x00, 0x00, 0x00, 0x00, 0xf8, 0x00, 0x00, 0x00, 0x00, 0x00, 0x00, 0x00,
    0x00, 0x00, 0x00, 0x00, 0x00, 0x30, 0x48, 0x48, 0x30, 0x00, 0x00, 0x00, 0x00, 0x00, 0x00, 0x00,
    0x00, 0x00, 0x00, 0x20, 0x20, 0xf8, 0x20, 0x20, 0x00, 0xf8, 0x00, 0x00, 0x00, 0x00, 0x40, 0xa0,
    0x20, 0x40, 0xe0, 0x00, 0x00, 0x00, 0x00, 0x00, 0x00, 0x00, 0x00, 0x40, 0xa0, 0x40, 0x20, 0xc0,
    0x00, 0x00, 0x00, 0x00, 0x00, 0x00, 0x00, 0x00, 0x10, 0x20, 0x00, 0x00, 0x00, 0x00, 0x00, 0x00,
    0x00, 0x00, 0x00, 0x00, 0x00, 0x00, 0x00, 0x00, 0x00, 0x88, 0x88, 0x88, 0x88, 0x98, 0xe8, 0x80,
    0x80, 0x00, 0x00, 0x78, 0xe8, 0xe8, 0xe8, 0xe8, 0x68, 0x28, 0x28, 0x28, 0x00, 0x00, 0x00, 0x00,
    0x00, 0x00, 0x00, 0x00, 0x30, 0x00, 0x00, 0x00, 0x00, 0x00, 0x00, 0x00, 0x00, 0x00, 0x00, 0x00,
    0x00, 0x00, 0x00, 0x00, 0x00, 0x00, 0x10, 0x20, 0x00, 0x40, 0xc0, 0x40, 0x40, 0xe0, 0x00, 0x00,
    0x00, 0x00, 0x00, 0x00, 0x00, 0x00, 0x00, 0x70, 0x88, 0x88, 0x88, 0x70, 0x00, 0xf8, 0x00, 0x00,
    0x00, 0x00, 0x00, 0x00, 0x00, 0x00, 0xa0, 0x50, 0x28, 0x28, 0x50, 0xa0, 0x00, 0x00, 0x00, 0x00,
    0x40, 0xc0, 0x40, 0x40, 0xe0, 0x08, 0x18, 0x28, 0x38, 0x08, 0x00, 0x00, 0x00, 0x40, 0xc0, 0x40,
    0x40, 0xe0, 0x10, 0x28, 0x08, 0x10, 0x38, 0x00, 0x00, 0x00, 0x40, 0xa0, 0x40, 0x20, 0xa0, 0x48,
    0x18, 0x28, 0x38, 0x08, 0x00, 0x00, 0x00, 0x00, 0x20, 0x00, 0x20, 0x20, 0x40, 0x80, 0x88, 0x88,
    0x70, 0x00, 0x00, 0x00, 0x40, 0x20, 0x00, 0x20, 0x50, 0x88, 0x88, 0xf8, 0x88, 0x88, 0x00, 0x00,
    0x00, 0x10, 0x20, 0x00, 0x20, 0x50, 0x88, 0x88, 0xf8, 0x88, 0x88, 0x00, 0x00, 0x00, 0x30, 0x48,
    0x00, 0x20, 0x50, 0x88, 0x88, 0xf8, 0x88, 0x88, 0x00, 0x00, 0x00, 0x28, 0x50, 0x00, 0x20, 0x50,
    0x88, 0x88, 0xf8, 0x88, 0x88, 0x00, 0x00, 0x00, 0x50, 0x50, 0x00, 0x20, 0x50, 0x88, 0x88, 0xf8,
    0x88, 0x88, 0x00, 0x00, 0x00, 0x20, 0x50, 0x20, 0x20, 0x50, 0x88, 0x88, 0xf8, 0x88, 0x88, 0x00,
    0x00, 0x00, 0x00, 0x58, 0xa0, 0xa0, 0xa0, 0xb0, 0xe0, 0xa0, 0xa0, 0xb8, 0x00, 0x00, 0x00, 0x00,
    0x70, 0x88, 0x80, 0x80, 0x80, 0x80, 0x80, 0x88, 0x70, 0x20, 0x40, 0x00, 0x40, 0x20, 0x00, 0xf8,
    0x80, 0x80, 0xf0, 0x80, 0x80, 0xf8, 0x00, 0x00, 0x00, 0x10, 0x20, 0x00, 0xf8, 0x80, 0x80, 0xf0,
    0x80, 0x80, 0xf8, 0x00, 0x00, 0x00, 0x30, 0x48, 0x00, 0xf8, 0x80, 0x80, 0xf0, 0x80, 0x80, 0xf8,
    0x00, 0x00, 0x00, 0x50, 0x50, 0x00, 0xf8, 0x80, 0x80, 0xf0, 0x80, 0x80, 0xf8, 0x00, 0x00, 0x00,
    0x40, 0x20, 0x00, 0x70, 0x20, 0x20, 0x20, 0x20, 0x20, 0x70, 0x00, 0x00, 0x00, 0x10, 0x20, 0x00,
    0x70, 0x20, 0x20, 0x20, 0x20, 0x20, 0x70, 0x00, 0x00, 0x00, 0x30, 0x48, 0x00, 0x70, 0x20, 0x20,
    0x20, 0x20, 0x20, 0x70, 0x00, 0x00, 0x00, 0x50, 0x50, 0x00, 0x70, 0x20, 0x20, 0x20, 0x20, 0x20,
    0x70, 0x00, 0x00, 0x00, 0x00, 0xf0, 0x48, 0x48, 0x48, 0xe8, 0x48, 0x48, 0x48, 0xf0, 0x00, 0x00,
    0x00, 0x28, 0x50, 0x00, 0x88, 0x88, 0xc8, 0xa8, 0x98, 0x88, 0x88, 0x00, 0x00, 0x00, 0x40, 0x20,
    0x00, 0x70, 0x88, 0x88, 0x88, 0x88, 0x88, 0x70, 0x00, 0x00, 0x00, 0x10, 0x20, 0x00, 0x70, 0x88,
    0x88, 0x88, 0x88, 0x88, 0x70, 0x00, 0x00, 0x00, 0x30, 0x48, 0x00, 0x70, 0x88, 0x88, 0x88, 0x88,
    0x88, 0x70, 0x00, 0x00, 0x00, 0x28, 0x50, 0x00, 0x70, 0x88, 0x88, 0x88, 0x88, 0x88, 0x70, 0x00,
    0x00, 0x00, 0x50, 0x50, 0x00, 0x70, 0x88, 0x88, 0x88, 0x88, 0x88, 0x70, 0x00, 0x00, 0x00, 0x00,
    0x00, 0x00, 0x00, 0x88, 0x50, 0x20, 0x50, 0x88, 0x00, 0x00, 0x00, 0x00, 0x08, 0x70, 0x98, 0x98,
    0xa8, 0xa8, 0xa8, 0xc8, 0xc8, 0x70, 0x80, 0x00, 0x00, 0x40, 0x20, 0x00, 0x88, 0x88, 0x88, 0x88,
    0x88, 0x88, 0x70, 0x00, 0x00, 0x00, 0x10, 0x20, 0x00, 0x88, 0x88, 0x88, 0x88, 0x88, 0x88, 0x70,
    0x00, 0x00, 0x00, 0x30, 0x48, 0x00, 0x88, 0x88, 0x88, 0x88, 0x88, 0x88, 0x70, 0x00, 0x00, 0x00,
    0x50, 0x50, 0x00, 0x88, 0x88, 0x88, 0x88, 0x88, 0x88, 0x70, 0x00, 0x00, 0x00, 0x10, 0x20, 0x00,
    0x88, 0x88, 0x50, 0x20, 0x20, 0x20, 0x20, 0x00, 0x00, 0x00, 0x00, 0x80, 0xf0, 0x88, 0x88, 0x88,
    0xf0, 0x80, 0x80, 0x80, 0x00, 0x00, 0x00, 0x00, 0x60, 0x90, 0x90, 0xa0, 0xa0, 0x90, 0x88, 0x88,
    0xb0, 0x00, 0x00, 0x00, 0x00, 0x40, 0x20, 0x00, 0x70, 0x08, 0x78, 0x88, 0x98, 0x68, 0x00, 0x00,
    0x00, 0x00, 0x10, 0x20, 0x00, 0x70, 0x08, 0x78, 0x88, 0x98, 0x68, 0x00, 0x00, 0x00, 0x00, 0x30,
    0x48, 0x00, 0x70, 0x08, 0x78, 0x88, 0x98, 0x68, 0x00, 0x00, 0x00, 0x00, 0x28, 0x50, 0x00, 0x70,
    0x08, 0x78, 0x88, 0x98, 0x68, 0x00, 0x00, 0x00, 0x00, 0x50, 0x50, 0x00, 0x70, 0x08, 0x78, 0x88,
    0x98, 0x68, 0x00, 0x00, 0x00, 0x30, 0x48, 0x30, 0x00, 0x70, 0x08, 0x78, 0x88, 0x98, 0x68, 0x00,
    0x00, 0x00, 0x00, 0x00, 0x00, 0x00, 0x70, 0x28, 0x70, 0xa0, 0xa8, 0x50, 0x00, 0x00, 0x00, 0x00,
    0x00, 0x00, 0x00, 0x70, 0x88, 0x80, 0x80, 0x88, 0x70, 0x20, 0x40, 0x00, 0x00, 0x40, 0x20, 0x00,
    0x70, 0x88, 0xf8, 0x80, 0x88, 0x70, 0x00, 0x00, 0x00, 0x00, 0x10, 0x20, 0x00, 0x70, 0x88, 0xf8,
    0x80, 0x88, 0x70, 0x00, 0x00, 0x00, 0x00, 0x30, 0x48, 0x00, 0x70, 0x88, 0xf8, 0x80, 0x88, 0x70,
    0x00, 0x00, 0x00, 0x00, 0x50, 0x50, 0x00, 0x70, 0x88, 0xf8, 0x80, 0x88, 0x70, 0x00, 0x00, 0x00,
    0x00, 0x40, 0x20, 0x00, 0x60, 0x20, 0x20, 0x20, 0x20, 0x70, 0x00, 0x00, 0x00, 0x00, 0x10, 0x20,
    0x00, 0x60, 0x20, 0x20, 0x20, 0x20, 0x70, 0x00, 0x00, 0x00, 0x00, 0x30, 0x48, 0x00, 0x60, 0x20,
    0x20, 0x20, 0x20, 0x70, 0x00, 0x00, 0x00, 0x00, 0x50, 0x50, 0x00, 0x60, 0x20, 0x20, 0x20, 0x20,
    0x70, 0x00, 0x00, 0x00, 0x50, 0x20, 0x60, 0x10, 0x70, 0x88, 0x88, 0x88, 0x88, 0x70, 0x00, 0x00,
    0x00, 0x00, 0x28, 0x50, 0x00, 0xb0, 0xc8, 0x88, 0x88, 0x88, 0x88, 0x00, 0x00, 0x00, 0x00, 0x40,
    0x20, 0x00, 0x70, 0x88, 0x88, 0x88, 0x88, 0x70, 0x00, 0x00, 0x00, 0x00, 0x10, 0x20, 0x00, 0x70,
    0x88, 0x88, 0x88, 0x88, 0x70, 0x00, 0x00, 0x00, 0x00, 0x30, 0x48, 0x00, 0x70, 0x88, 0x88, 0x88,
    0x88, 0x70, 0x00, 0x00, 0x00, 0x00, 0x28, 0x50, 0x00, 0x70, 0x88, 0x88, 0x88, 0x88, 0x70, 0x00,
    0x00, 0x00, 0x00, 0x50, 0x50, 0x00, 0x70, 0x88, 0x88, 0x88, 0x88, 0x70, 0x00, 0x00, 0x00, 0x00,
    0x00, 0x20, 0x20, 0x00, 0xf8, 0x00, 0x20, 0x20, 0x00, 0x00, 0x00, 0x00, 0x00, 0x00, 0x00, 0x08,
    0x70, 0x98, 0xa8, 0xa8, 0xc8, 0x70, 0x80, 0x00, 0x00, 0x00, 0x40, 0x20, 0x00, 0x88, 0x88, 0x88,
    0x88, 0x98, 0x68, 0x00, 0x00, 0x00, 0x00, 0x10, 0x20, 0x00, 0x88, 0x88, 0x88, 0x88, 0x98, 0x68,
    0x00, 0x00, 0x00, 0x00, 0x30, 0x48, 0x00, 0x88, 0x88, 0x88, 0x88, 0x98, 0x68, 0x00, 0x00, 0x00,
    0x00, 0x50, 0x50, 0x00, 0x88, 0x88, 0x88, 0x88, 0x98, 0x68, 0x00, 0x00, 0x00, 0x00, 0x10, 0x20,
    0x00, 0x88, 0x88, 0x88, 0x98, 0x68, 0x08, 0x88, 0x70, 0x00, 0x00, 0x00, 0x80, 0x80, 0xb0, 0xc8,
    0x88, 0x88, 0xc8, 0xb0, 0x80, 0x80, 0x00, 0x00, 0x50, 0x50, 0x00, 0x88, 0x88, 0x88, 0x98, 0x68,
    0x08, 0x88, 0x70,
];

static FONT_6X13B_DATA: [u8; 2483] = [
    0x00, 0x00, 0x00, 0x00, 0x00, 0x00, 0x00, 0x00, 0x00, 0x00, 0x00, 0x00, 0x00, 0x00, 0x00, 0x30,
    0x30, 0x30, 0x30, 0x30, 0x30, 0x30, 0x00, 0x30, 0x00, 0x00, 0x00, 0x00, 0xd8, 0xd8, 0xd8, 0x00,
    0x00, 0x00, 0x00, 0x00, 0x00, 0x00, 0x00, 0x00, 0x00, 0x00, 0x78, 0x78, 0xfc, 0x78, 0xfc, 0x78,
    0x78, 0x00, 0x00, 0x00, 0x00, 0x00, 0x00, 0x30, 0x78, 0xf0, 0x78, 0x3c, 0x78, 0x30, 0x00, 0x00,
    0x00, 0x00, 0x00, 0x6c, 0xfc, 0x78, 0x18, 0x30, 0x60, 0x78, 0xfc, 0xd8, 0x00, 0x00, 0x00, 0x00,
    0x00, 0x00, 0x60, 0xf0, 0xf0, 0x60, 0xfc, 0xd8, 0x7c, 0x00, 0x00, 0x00, 0x00, 0x30, 0x30, 0x30,
    0x00, 0x00, 0x00, 0x00, 0x00, 0x00, 0x00, 0x00, 0x00, 0x18, 0x30, 0x30, 0x60, 0x60, 0x60, 0x60,
    0x60, 0x30, 0x30, 0x18, 0x00, 0x00, 0x60, 0x30, 0x30, 0x18, 0x18, 0x18, 0x18, 0x18, 0x30, 0x30,
    0x60, 0x00, 0x00, 0x00, 0x00, 0x00, 0xcc, 0x78, 0xfc, 0x78, 0xcc, 0x00, 0x00, 0x00, 0x00, 0x00,
    0x00, 0x00, 0x00, 0x30, 0x30, 0xfc, 0x30, 0x30, 0x00, 0x00, 0x00, 0x00, 0x00, 0x00, 0x00, 0x00,
    0x00, 0x00, 0x00, 0x00, 0x00, 0x38, 0x30, 0x60, 0x00, 0x00, 0x00, 0x00, 0x00, 0x00, 0x00, 0xfc,
    0x00, 0x00, 0x00, 0x00, 0x00, 0x00, 0x00, 0x00, 0x00, 0x00, 0x00, 0x00, 0x00, 0x00, 0x00, 0x30,
    0x78, 0x30, 0x00, 0x00, 0x00, 0x0c, 0x0c, 0x18, 0x18, 0x30, 0x60, 0x60, 0xc0, 0xc0, 0x00, 0x00,
    0x00, 0x00, 0x30, 0x78, 0xcc, 0xcc, 0xcc, 0xcc, 0xcc, 0x78, 0x30, 0x00, 0x00, 0x00, 0x00, 0x30,
    0x70, 0xf0, 0x30, 0x30, 0x30, 0x30, 0x30, 0xfc, 0x00, 0x00, 0x00, 0x00, 0x78, 0xcc, 0xcc, 0x0c,
    0x18, 0x30, 0x60, 0xc0, 0xfc, 0x00, 0x00, 0x00, 0x00, 0xfc, 0x0c, 0x18, 0x30, 0x78, 0x0c, 0x0c,
    0xcc, 0x78, 0x00, 0x00, 0x00, 0x00, 0x18, 0x18, 0x38, 0x78, 0x58, 0xd8, 0xfc, 0x18, 0x18, 0x00,
    0x00, 0x00, 0x00, 0xfc, 0xc0, 0xc0, 0xf8, 0xec, 0x0c, 0x0c, 0xcc, 0x78, 0x00, 0x00, 0x00, 0x00,
    0x38, 0x60, 0xc0, 0xc0, 0xf8, 0xec, 0xcc, 0xcc, 0x78, 0x00, 0x00, 0x00, 0x00, 0xfc, 0x0c, 0x18,
    0x18, 0x30, 0x30, 0x60, 0x60, 0x60, 0x00, 0x00, 0x00, 0x00, 0x78, 0xcc, 0xcc, 0xcc, 0x78, 0xcc,
    0xcc, 0xcc, 0x78, 0x00, 0x00, 0x00, 0x00, 0x78, 0xcc, 0xcc, 0xdc, 0x7c, 0x0c, 0x0c, 0x18, 0x70,
    0x00, 0x00, 0x00, 0x00, 0x00, 0x30, 0x78, 0x30, 0x00, 0x00, 0x30, 0x78, 0x30, 0x00, 0x00, 0x00,
    0x00, 0x00, 0x00, 0x30, 0x78, 0x30, 0x00, 0x00, 0x38, 0x30, 0x60, 0x00, 0x00, 0x00, 0x0c, 0x18,
    0x30, 0x60, 0xc0, 0x60, 0x30, 0x18, 0x0c, 0x00, 0x00, 0x00, 0x00, 0x00, 0x00, 0x00, 0xfc, 0x00,
    0x00, 0xfc, 0x00, 0x00, 0x00, 0x00, 0x00, 0x00, 0xc0, 0x60, 0x30, 0x18, 0x0c, 0x18, 0x30, 0x60,
    0xc0, 0x00, 0x00, 0x00, 0x00, 0x78, 0xcc, 0xcc, 0x0c, 0x18, 0x30, 0x30, 0x00, 0x30, 0x00, 0x00,
    0x00, 0x00, 0x78, 0xcc, 0xcc, 0xdc, 0xfc, 0xfc, 0xf8, 0xc0, 0x7c, 0x00, 0x00, 0x00, 0x00, 0x30,
    0x78, 0xcc, 0xcc, 0xcc, 0xfc, 0xcc, 0xcc, 0xcc, 0x00, 0x00, 0x00, 0x00, 0xf8, 0x6c, 0x6c, 0x6c,
    0x78, 0x6c, 0x6c, 0x6c, 0xf8, 0x00, 0x00, 0x00, 0x00, 0x78, 0xcc, 0xc0, 0xc0, 0xc0, 0xc0, 0xc0,
    0xcc, 0x78, 0x00, 0x00, 0x00, 0x00, 0xf8, 0x6c, 0x6c, 0x6c, 0x6c, 0x6c, 0x6c, 0x6c, 0xf8, 0x00,
    0x00, 0x00, 0x00, 0xfc, 0xc0, 0xc0, 0xc0, 0xf8, 0xc0, 0xc0, 0xc0, 0xfc, 0x00, 0x00, 0x00, 0x00,
    0xfc, 0xc0, 0xc0, 0xc0, 0xf8, 0xc0, 0xc0, 0xc0, 0xc0, 0x00, 0x00, 0x00, 0x00, 0x78, 0xcc, 0xc0,
    0xc0, 0xc0, 0xdc, 0xcc, 0xcc, 0x78, 0x00, 0x00, 0x00, 0x00, 0xcc, 0xcc, 0xcc, 0xcc, 0xfc, 0xcc,
    0xcc, 0xcc, 0xcc, 0x00, 0x00, 0x00, 0x00, 0x78, 0x30, 0x30, 0x30, 0x30, 0x30, 0x30, 0x30, 0x78,
    0x00, 0x00, 0x00, 0x00, 0x3c, 0x0c, 0x0c, 0x0c, 0x0c, 0x0c, 0x0c, 0xcc, 0x78, 0x00, 0x00, 0x00,
    0x00, 0xcc, 0xcc, 0xd8, 0xf0, 0xe0, 0xf0, 0xd8, 0xcc, 0xcc, 0x00, 0x00, 0x00, 0x00, 0xc0, 0xc0,
    0xc0, 0xc0, 0xc0, 0xc0, 0xc0, 0xc0, 0xfc, 0x00, 0x00, 0x00, 0x00, 0xcc, 0xcc, 0xfc, 0xfc, 0xfc,
    0xcc, 0xcc, 0xcc, 0xcc, 0x00, 0x00, 0x00, 0x00, 0xcc, 0xec, 0xec, 0xfc, 0xfc, 0xdc, 0xdc, 0xcc,
    0xcc, 0x00, 0x00, 0x00, 0x00, 0x78, 0xcc, 0xcc, 0xcc, 0xcc, 0xcc, 0xcc, 0xcc, 0x78, 0x00, 0x00,
    0x00, 0x00, 0xf8, 0xcc, 0xcc, 0xcc, 0xf8, 0xc0, 0xc0, 0xc0, 0xc0, 0x00, 0x00, 0x00, 0x00, 0x78,
    0xcc, 0xcc, 0xcc, 0xcc, 0xcc, 0xcc, 0xfc, 0x78, 0x0c, 0x00, 0x00, 0x00, 0xf8, 0xcc, 0xcc, 0xcc,
    0xf8, 0xf0, 0xd8, 0xcc, 0xcc, 0x00, 0x00, 0x00, 0x00, 0x78, 0xcc, 0xc0, 0xc0, 0x78, 0x0c, 0x0c,
    0xcc, 0x78, 0x00, 0x00, 0x00, 0x00, 0xfc, 0x30, 0x30, 0x30, 0x30, 0x30, 0x30, 0x30, 0x30, 0x00,
    0x00, 0x00, 0x00, 0xcc, 0xcc, 0xcc, 0xcc, 0xcc, 0xcc, 0xcc, 0xcc, 0x78, 0x00, 0x00, 0x00, 0x00,
    0xcc, 0xcc, 0xcc, 0xcc, 0x78, 0x78, 0x78, 0x30, 0x30, 0x00, 0x00, 0x00, 0x00, 0xcc, 0xcc, 0xcc,
    0xcc, 0xfc, 0xfc, 0xfc, 0xfc, 0xcc, 0x00, 0x00, 0x00, 0x00, 0xcc, 0xcc, 0x78, 0x78, 0x30, 0x78,
    0x78, 0xcc, 0xcc, 0x00, 0x00, 0x00, 0x00, 0xcc, 0xcc, 0x78, 0x78, 0x30, 0x30, 0x30, 0x30, 0x30,
    0x00, 0x00, 0x00, 0x00, 0xfc, 0x0c, 0x18, 0x18, 0x30, 0x60, 0x60, 0xc0, 0xfc, 0x00, 0x00, 0x00,
    0x78, 0x60, 0x60, 0x60, 0x60, 0x60, 0x60, 0x60, 0x60, 0x60, 0x78, 0x00, 0x00, 0x00, 0xc0, 0xc0,
    0x60, 0x60, 0x30, 0x18, 0x18, 0x0c, 0x0c, 0x00, 0x00, 0x00, 0x78, 0x18, 0x18, 0x18, 0x18, 0x18,
    0x18, 0x18, 0x18, 0x18, 0x78, 0x00, 0x00, 0x00, 0x30, 0x78, 0xcc, 0x00, 0x00, 0x00, 0x00, 0x00,
    0x00, 0x00, 0x00, 0x00, 0x00, 0x00, 0x00, 0x00, 0x00, 0x00, 0x00, 0x00, 0x00, 0x00, 0xfc, 0x00,
    0x00, 0x60, 0x30, 0x00, 0x00, 0x00, 0x00, 0x00, 0x00, 0x00, 0x00, 0x00, 0x00, 0x00, 0x00, 0x00,
    0x00, 0x00, 0x78, 0x0c, 0x7c, 0xcc, 0xdc, 0x6c, 0x00, 0x00, 0x00, 0x00, 0xc0, 0xc0, 0xc0, 0xd8,
    0xec, 0xcc, 0xcc, 0xec, 0xd8, 0x00, 0x00, 0x00, 0x00, 0x00, 0x00, 0x00, 0x78, 0xcc, 0xc0, 0xc0,
    0xcc, 0x78, 0x00, 0x00, 0x00, 0x00, 0x0c, 0x0c, 0x0c, 0x6c, 0xdc, 0xcc, 0xcc, 0xdc, 0x6c, 0x00,
    0x00, 0x00, 0x00, 0x00, 0x00, 0x00, 0x78, 0xcc, 0xfc, 0xc0, 0xc0, 0x78, 0x00, 0x00, 0x00, 0x00,
    0x38, 0x6c, 0x60, 0x60, 0xf8, 0x60, 0x60, 0x60, 0x60, 0x00, 0x00, 0x00, 0x00, 0x00, 0x00, 0x00,
    0x7c, 0xd8, 0xd8, 0x70, 0xc0, 0x78, 0xcc, 0x78, 0x00, 0x00, 0xc0, 0xc0, 0xc0, 0xd8, 0xec, 0xcc,
    0xcc, 0xcc, 0xcc, 0x00, 0x00, 0x00, 0x00, 0x30, 0x30, 0x00, 0x70, 0x30, 0x30, 0x30, 0x30, 0x78,
    0x00, 0x00, 0x00, 0x00, 0x18, 0x18, 0x00, 0x38, 0x18, 0x18, 0x18, 0x18, 0xd8, 0xd8, 0x70, 0x00,
    0x00, 0xc0, 0xc0, 0xc0, 0xd8, 0xf0, 0xe0, 0xf0, 0xd8, 0xcc, 0x00, 0x00, 0x00, 0x00, 0x70, 0x30,
    0x30, 0x30, 0x30, 0x30, 0x30, 0x30, 0x78, 0x00, 0x00, 0x00, 0x00, 0x00, 0x00, 0x00, 0xf8, 0xfc,
    0xfc, 0xfc, 0xfc, 0xcc, 0x00, 0x00, 0x00, 0x00, 0x00, 0x00, 0x00, 0xd8, 0xec, 0xcc, 0xcc, 0xcc,
    0xcc, 0x00, 0x00, 0x00, 0x00, 0x00, 0x00, 0x00, 0x78, 0xcc, 0xcc, 0xcc, 0xcc, 0x78, 0x00, 0x00,
    0x00, 0x00, 0x00, 0x00, 0x00, 0xd8, 0xec, 0xcc, 0xec, 0xd8, 0xc0, 0xc0, 0xc0, 0x00, 0x00, 0x00,
    0x00, 0x00, 0x6c, 0xdc, 0xcc, 0xdc, 0x6c, 0x0c, 0x0c, 0x0c, 0x00, 0x00, 0x00, 0x00, 0x00, 0xd8,
    0xec, 0xc0, 0xc0, 0xc0, 0xc0, 0x00, 0x00, 0x00, 0x00, 0x00, 0x00, 0x00, 0x78, 0xcc, 0x70, 0x18,
    0xcc, 0x78, 0x00, 0x00, 0x00, 0x00, 0x00, 0x60, 0x60, 0xf8, 0x60, 0x60, 0x60, 0x6c, 0x38, 0x00,
    0x00, 0x00, 0x00, 0x00, 0x00, 0x00, 0xcc, 0xcc, 0xcc, 0xcc, 0xdc, 0x6c, 0x00, 0x00, 0x00, 0x00,
    0x00, 0x00, 0x00, 0xcc, 0xcc, 0xcc, 0x78, 0x78, 0x30, 0x00, 0x00, 0x00, 0x00, 0x00, 0x00, 0x00,
    0xcc, 0xcc, 0xfc, 0xfc, 0xfc, 0x48, 0x00, 0x00, 0x00, 0x00, 0x00, 0x00, 0x00, 0xcc, 0x78, 0x30,
    0x30, 0x78, 0xcc, 0x00, 0x00, 0x00, 0x00, 0x00, 0x00, 0x00, 0xcc, 0xcc, 0xcc, 0xdc, 0x6c, 0x0c,
    0xcc, 0x78, 0x00, 0x00, 0x00, 0x00, 0x00, 0xfc, 0x18, 0x30, 0x60, 0xc0, 0xfc, 0x00, 0x00, 0x00,
    0x38, 0x60, 0x60, 0x60, 0x30, 0xe0, 0x30, 0x60, 0x60, 0x60, 0x38, 0x00, 0x00, 0x00, 0x30, 0x30,
    0x30, 0x30, 0x30, 0x30, 0x30, 0x30, 0x30, 0x00, 0x00, 0x00, 0xe0, 0x30, 0x30, 0x30, 0x60, 0x38,
    0x60, 0x30, 0x30, 0x30, 0xe0, 0x00, 0x00, 0x00, 0x68, 0xf8, 0x90, 0x00, 0x00, 0x00, 0x00, 0x00,
    0x00, 0x00, 0x00, 0x00, 0x00, 0x00, 0x00, 0x00, 0x00, 0x00, 0x00, 0x00, 0x00, 0x00, 0x00, 0x00,
    0x00, 0x30, 0x30, 0x00, 0x30, 0x30, 0x30, 0x30, 0x30, 0x30, 0x30, 0x00, 0x00, 0x00, 0x00, 0x10,
    0x78, 0xd4, 0xd0, 0xd0, 0xd4, 0x78, 0x10, 0x00, 0x00, 0x00, 0x00, 0x00, 0x38, 0x6c, 0x60, 0x60,
    0xf8, 0x60, 0x60, 0x64, 0xf8, 0x00, 0x00, 0x00, 0x00, 0x00, 0x00, 0xcc, 0xfc, 0x48, 0x48, 0xfc,
    0xcc, 0x00, 0x00, 0x00, 0x00, 0x00, 0xcc, 0xcc, 0x78, 0x78, 0xfc, 0x30, 0xfc, 0x30, 0x30, 0x00,
    0x00, 0x00, 0x30, 0x30, 0x30, 0x30, 0x00, 0x00, 0x30, 0x30, 0x30, 0x30, 0x00, 0x00, 0x00, 0x78,
    0xcc, 0xc0, 0x78, 0xcc, 0xcc, 0x78, 0x0c, 0xcc, 0x78, 0x00, 0x00, 0x00, 0x00, 0xcc, 0xcc, 0x00,
    0x00, 0x00, 0x00, 0x00, 0x00, 0x00, 0x00, 0x00, 0x00, 0x00, 0x78, 0xcc, 0xb4, 0xec, 0xe4, 0xec,
    0xb4, 0xcc, 0x78, 0x00, 0x00, 0x00, 0x00, 0xf8, 0x0c, 0xfc, 0x8c, 0xfc, 0x00, 0xfc, 0x00, 0x00,
    0x00, 0x00, 0x00, 0x00, 0x00, 0x34, 0x68, 0xd0, 0xa0, 0xd0, 0x68, 0x34, 0x00, 0x00, 0x00, 0x00,
    0x00, 0x00, 0x00, 0x00, 0xfc, 0xfc, 0x04, 0x04, 0x00, 0x00, 0x00, 0x00, 0x00, 0x00, 0x00, 0x00,
    0x00, 0x00, 0x78, 0x00, 0x00, 0x00, 0x00, 0x00, 0x00, 0x00, 0x00, 0x78, 0xcc, 0xbc, 0xac, 0xbc,
    0xb4, 0xac, 0xcc, 0x78, 0x00, 0x00, 0x00, 0x00, 0xf8, 0xf8, 0x00, 0x00, 0x00, 0x00, 0x00, 0x00,
    0x00, 0x00, 0x00, 0x00, 0x00, 0x78, 0xcc, 0xcc, 0x78, 0x00, 0x00, 0x00, 0x00, 0x00, 0x00, 0x00,
    0x00, 0x00, 0x30, 0x30, 0xfc, 0xfc, 0x30, 0x30, 0x00, 0xfc, 0xfc, 0x00, 0x00, 0x00, 0xe0, 0xb0,
    0x30, 0x60, 0xc0, 0xf0, 0x00, 0x00, 0x00, 0x00, 0x00, 0x00, 0x00, 0xe0, 0xb0, 0x60, 0x30, 0xb0,
    0xe0, 0x00, 0x00, 0x00, 0x00, 0x00, 0x00, 0x00, 0x30, 0x60, 0x00, 0x00, 0x00, 0x00, 0x00, 0x00,
    0x00, 0x00, 0x00, 0x00, 0x00, 0x00, 0x00, 0x00, 0x00, 0xcc, 0xcc, 0xcc, 0xcc, 0xcc, 0xfc, 0x80,
    0x80, 0x00, 0x00, 0x7c, 0xfc, 0xf4, 0xf4, 0xf4, 0x74, 0x34, 0x34, 0x34, 0x00, 0x00, 0x00, 0x00,
    0x00, 0x00, 0x00, 0x30, 0x30, 0x00, 0x00, 0x00, 0x00, 0x00, 0x00, 0x00, 0x00, 0x00, 0x00, 0x00,
    0x00, 0x00, 0x00, 0x00, 0x00, 0x00, 0x30, 0x60, 0x00, 0x60, 0xe0, 0x60, 0x60, 0x60, 0xf0, 0x00,
    0x00, 0x00, 0x00, 0x00, 0x00, 0x00, 0x70, 0xf8, 0x88, 0xf8, 0x70, 0x00, 0xf8, 0x00, 0x00, 0x00,
    0x00, 0x00, 0x00, 0x00, 0x00, 0xb0, 0x58, 0x2c, 0x14, 0x2c, 0x58, 0xb0, 0x00, 0x00, 0x00, 0x00,
    0x60, 0xe0, 0x60, 0x60, 0x64, 0xfc, 0x1c, 0x34, 0x3c, 0x0c, 0x00, 0x00, 0x00, 0x60, 0xe0, 0x60,
    0x60, 0x78, 0xec, 0x0c, 0x18, 0x30, 0x3c, 0x00, 0x00, 0x00, 0xe0, 0xb0, 0x60, 0x30, 0xb4, 0xec,
    0x1c, 0x34, 0x3c, 0x0c, 0x00, 0x00, 0x00, 0x30, 0x30, 0x00, 0x30, 0x30, 0x60, 0xc0, 0xcc, 0xcc,
    0x78, 0x00, 0x00, 0x00, 0x60, 0x30, 0x00, 0x30, 0x78, 0xcc, 0xcc, 0xfc, 0xcc, 0xcc, 0x00, 0x00,
    0x00, 0x18, 0x30, 0x00, 0x30, 0x78, 0xcc, 0xcc, 0xfc, 0xcc, 0xcc, 0x00, 0x00, 0x00, 0x38, 0x6c,
    0x00, 0x30, 0x78, 0xcc, 0xcc, 0xfc, 0xcc, 0xcc, 0x00, 0x00, 0x00, 0x34, 0x58, 0x00, 0x30, 0x78,
    0xcc, 0xcc, 0xfc, 0xcc, 0xcc, 0x00, 0x00, 0x00, 0xcc, 0xcc, 0x00, 0x30, 0x78, 0xcc, 0xcc, 0xfc,
    0xcc, 0xcc, 0x00, 0x00, 0x00, 0x30, 0x48, 0x78, 0x30, 0x78, 0xcc, 0xcc, 0xfc, 0xcc, 0xcc, 0x00,
    0x00, 0x00, 0x00, 0x7c, 0xb0, 0xb0, 0xb0, 0xb8, 0xf0, 0xf0, 0xb0, 0xbc, 0x00, 0x00, 0x00, 0x00,
    0x78, 0xcc, 0xc0, 0xc0, 0xc0, 0xc0, 0xc0, 0xcc, 0x78, 0x30, 0x60, 0x00, 0x60, 0x30, 0x00, 0xfc,
    0xc0, 0xc0, 0xf8, 0xc0, 0xc0, 0xfc, 0x00, 0x00, 0x00, 0x18, 0x30, 0x00, 0xfc, 0xc0, 0xc0, 0xf8,
    0xc0, 0xc0, 0xfc, 0x00, 0x00, 0x00, 0x38, 0x6c, 0x00, 0xfc, 0xc0, 0xc0, 0xf8, 0xc0, 0xc0, 0xfc,
    0x00, 0x00, 0x00, 0xcc, 0xcc, 0x00, 0xfc, 0xc0, 0xc0, 0xf8, 0xc0, 0xc0, 0xfc, 0x00, 0x00, 0x00,
    0x60, 0x30, 0x00, 0x78, 0x30, 0x30, 0x30, 0x30, 0x30, 0x78, 0x00, 0x00, 0x00, 0x18, 0x30, 0x00,
    0x78, 0x30, 0x30, 0x30, 0x30, 0x30, 0x78, 0x00, 0x00, 0x00, 0x70, 0xd8, 0x00, 0x78, 0x30, 0x30,
    0x30, 0x30, 0x30, 0x78, 0x00, 0x00, 0x00, 0xcc, 0xcc, 0x00, 0x78, 0x30, 0x30, 0x30, 0x30, 0x30,
    0x78, 0x00, 0x00, 0x00, 0x00, 0xf8, 0x6c, 0x6c, 0x6c, 0xec, 0x6c, 0x6c, 0x6c, 0xf8, 0x00, 0x00,
    0x00, 0x34, 0x58, 0x00, 0xcc, 0xec, 0xec, 0xfc, 0xdc, 0xdc, 0xcc, 0x00, 0x00, 0x00, 0x60, 0x30,
    0x00, 0x78, 0xcc, 0xcc, 0xcc, 0xcc, 0xcc, 0x78, 0x00, 0x00, 0x00, 0x18, 0x30, 0x00, 0x78, 0xcc,
    0xcc, 0xcc, 0xcc, 0xcc, 0x78, 0x00, 0x00, 0x00, 0x38, 0x6c, 0x00, 0x78, 0xcc, 0xcc, 0xcc, 0xcc,
    0xcc, 0x78, 0x00, 0x00, 0x00, 0x34, 0x58, 0x00, 0x78, 0xcc, 0xcc, 0xcc, 0xcc, 0xcc, 0x78, 0x00,
    0x00, 0x00, 0xcc, 0xcc, 0x00, 0x78, 0xcc, 0xcc, 0xcc, 0xcc, 0xcc, 0x78, 0x00, 0x00, 0x00, 0x00,
    0x00, 0x00, 0x00, 0xcc, 0x78, 0x30, 0x78, 0xcc, 0x00, 0x00, 0x00, 0x00, 0x00, 0x00, 0x04, 0x78,
    0xdc, 0xdc, 0xcc, 0xec, 0xec, 0x78, 0x80, 0x00, 0x00, 0x60, 0x30, 0x00, 0xcc, 0xcc, 0xcc, 0xcc,
    0xcc, 0xcc, 0x78, 0x00, 0x00, 0x00, 0x18, 0x30, 0x00, 0xcc, 0xcc, 0xcc, 0xcc, 0xcc, 0xcc, 0x78,
    0x00, 0x00, 0x00, 0x38, 0x6c, 0x00, 0xcc, 0xcc, 0xcc, 0xcc, 0xcc, 0xcc, 0x78, 0x00, 0x00, 0x00,
    0x6c, 0x6c, 0x00, 0xcc, 0xcc, 0xcc, 0xcc, 0xcc, 0xcc, 0x78, 0x00, 0x00, 0x00, 0x18, 0x30, 0x00,
    0xcc, 0x48, 0x78, 0x30, 0x30, 0x30, 0x30, 0x00, 0x00, 0x00, 0x00, 0xc0, 0xf8, 0xcc, 0xcc, 0xcc,
    0xf8, 0xc0, 0xc0, 0xc0, 0x00, 0x00, 0x00, 0x00, 0x00, 0x78, 0xcc, 0xcc, 0xf8, 0xcc, 0xcc, 0xcc,
    0xf8, 0x80, 0x00, 0x00, 0x00, 0x60, 0x30, 0x00, 0x78, 0x0c, 0x7c, 0xcc, 0xdc, 0x6c, 0x00, 0x00,
    0x00, 0x00, 0x18, 0x30, 0x00, 0x78, 0x0c, 0x7c, 0xcc, 0xdc, 0x6c, 0x00, 0x00, 0x00, 0x00, 0x38,
    0x6c, 0x00, 0x78, 0x0c, 0x7c, 0xcc, 0xdc, 0x6c, 0x00, 0x00, 0x00, 0x00, 0x34, 0x58, 0x00, 0x78,
    0x0c, 0x7c, 0xcc, 0xdc, 0x6c, 0x00, 0x00, 0x00, 0x00, 0x6c, 0x6c, 0x00, 0x78, 0x0c, 0x7c, 0xcc,
    0xdc, 0x6c, 0x00, 0x00, 0x00, 0x38, 0x28, 0x38, 0x00, 0x78, 0x0c, 0x7c, 0xcc, 0xdc, 0x6c, 0x00,
    0x00, 0x00, 0x00, 0x00, 0x00, 0x00, 0x78, 0x34, 0x78, 0xb0, 0xb4, 0x68, 0x00, 0x00, 0x00, 0x00,
    0x00, 0x00, 0x00, 0x78, 0xcc, 0xc0, 0xc0, 0xcc, 0x78, 0x30, 0x60, 0x00, 0x00, 0x60, 0x30, 0x00,
    0x78, 0xcc, 0xfc, 0xc0, 0xc0, 0x78, 0x00, 0x00, 0x00, 0x00, 0x18, 0x30, 0x00, 0x78, 0xcc, 0xfc,
    0xc0, 0xc0, 0x78, 0x00, 0x00, 0x00, 0x00, 0x38, 0x6c, 0x00, 0x78, 0xcc, 0xfc, 0xc0, 0xc0, 0x78,
    0x00, 0x00, 0x00, 0x00, 0x6c, 0x6c, 0x00, 0x78, 0xcc, 0xfc, 0xc0, 0xc0, 0x78, 0x00, 0x00, 0x00,
    0x00, 0x60, 0x30, 0x00, 0x70, 0x30, 0x30, 0x30, 0x30, 0x78, 0x00, 0x00, 0x00, 0x00, 0x18, 0x30,
    0x00, 0x70, 0x30, 0x30, 0x30, 0x30, 0x78, 0x00, 0x00, 0x00, 0x00, 0x70, 0xd8, 0x00, 0x70, 0x30,
    0x30, 0x30, 0x30, 0x78, 0x00, 0x00, 0x00, 0x00, 0xd8, 0xd8, 0x00, 0x70, 0x30, 0x30, 0x30, 0x30,
    0x78, 0x00, 0x00, 0x00, 0xd8, 0x70, 0xf0, 0x98, 0x78, 0xcc, 0xcc, 0xcc, 0xcc, 0x78, 0x00, 0x00,
    0x00, 0x00, 0x34, 0x58, 0x00, 0xd8, 0xec, 0xcc, 0xcc, 0xcc, 0xcc, 0x00, 0x00, 0x00, 0x00, 0x60,
    0x30, 0x00, 0x78, 0xcc, 0xcc, 0xcc, 0xcc, 0x78, 0x00, 0x00, 0x00, 0x00, 0x18, 0x30, 0x00, 0x78,
    0xcc, 0xcc, 0xcc, 0xcc, 0x78, 0x00, 0x00, 0x00, 0x00, 0x38, 0x6c, 0x00, 0x78, 0xcc, 0xcc, 0xcc,
    0xcc, 0x78, 0x00, 0x00, 0x00, 0x00, 0x34, 0x58, 0x00, 0x78, 0xcc, 0xcc, 0xcc, 0xcc, 0x78, 0x00,
    0x00, 0x00, 0x00, 0xcc, 0xcc, 0x00, 0x78, 0xcc, 0xcc, 0xcc, 0xcc, 0x78, 0x00, 0x00, 0x00, 0x00,
    0x00, 0x30, 0x30, 0x00, 0xfc, 0x00, 0x30, 0x30, 0x00, 0x00, 0x00, 0x00, 0x00, 0x00, 0x04, 0x78,
    0xcc, 0xdc, 0xcc, 0xec, 0xcc, 0x78, 0x80, 0x00, 0x00, 0x00, 0x60, 0x30, 0x00, 0xcc, 0xcc, 0xcc,
    0xcc, 0xdc, 0x6c, 0x00, 0x00, 0x00, 0x00, 0x18, 0x30, 0x00, 0xcc, 0xcc, 0xcc, 0xcc, 0xdc, 0x6c,
    0x00, 0x00, 0x00, 0x00, 0x38, 0x6c, 0x00, 0xcc, 0xcc, 0xcc, 0xcc, 0xdc, 0x6c, 0x00, 0x00, 0x00,
    0x00, 0xcc, 0xcc, 0x00, 0xcc, 0xcc, 0xcc, 0xcc, 0xdc, 0x6c, 0x00, 0x00, 0x00, 0x00, 0x18, 0x30,
    0x00, 0xcc, 0xcc, 0xcc, 0xdc, 0x6c, 0x0c, 0xcc, 0x78, 0x00, 0x00, 0x00, 0xc0, 0xc0, 0xd8, 0xec,
    0xcc, 0xec, 0xd8, 0xc0, 0xc0, 0xc0, 0x00, 0x00, 0xcc, 0xcc, 0x00, 0xcc, 0xcc, 0xcc, 0xdc, 0x6c,
    0x0c, 0xcc, 0x78,
];

static FONT_9X15_DATA: [u8; 5730] = [
    0x00, 0x00, 0x00, 0x00, 0x00, 0x00, 0x00, 0x00, 0x00, 0x00, 0x00, 0x00, 0x00, 0x00, 0x00, 0x00,
    0x00, 0x00, 0x00, 0x00, 0x00, 0x00, 0x00, 0x00, 0x00, 0x00, 0x00, 0x00, 0x00, 0x00, 0x00, 0x00,
    0x08, 0x00, 0x08, 0x00, 0x08, 0x00, 0x08, 0x00, 0x08, 0x00, 0x08, 0x00, 0x08, 0x00, 0x00, 0x00,
    0x00, 0x00, 0x08, 0x00, 0x08, 0x00, 0x00, 0x00, 0x00, 0x00, 0x00, 0x00, 0x00, 0x00, 0x00, 0x00,
    0x12, 0x00, 0x12, 0x00, 0x12, 0x00, 0x00, 0x00, 0x00, 0x00, 0x00, 0x00, 0x00, 0x00, 0x00, 0x00,
    0x00, 0x00, 0x00, 0x00, 0x00, 0x00, 0x00, 0x00, 0x00, 0x00, 0x00, 0x00, 0x00, 0x00, 0x00, 0x00,
    0x24, 0x00, 0x24, 0x00, 0x7e, 0x00, 0x24, 0x00, 0x24, 0x00, 0x7e, 0x00, 0x24, 0x00, 0x24, 0x00,
    0x00, 0x00, 0x00, 0x00, 0x00, 0x00, 0x00, 0x00, 0x00, 0x00, 0x00, 0x00, 0x08, 0x00, 0x3e, 0x00,
    0x49, 0x00, 0x48, 0x00, 0x28, 0x00, 0x1c, 0x00, 0x0a, 0x00, 0x09, 0x00, 0x49, 0x00, 0x3e, 0x00,
    0x08, 0x00, 0x00, 0x00, 0x00, 0x00, 0x00, 0x00, 0x00, 0x00, 0x21, 0x00, 0x52, 0x00, 0x52, 0x00,
    0x24, 0x00, 0x08, 0x00, 0x08, 0x00, 0x12, 0x00, 0x25, 0x00, 0x25, 0x00, 0x42, 0x00, 0x00, 0x00,
    0x00, 0x00, 0x00, 0x00, 0x00, 0x00, 0x00, 0x00, 0x30, 0x00, 0x48, 0x00, 0x48, 0x00, 0x48, 0x00,
    0x30, 0x00, 0x31, 0x00, 0x4a, 0x00, 0x44, 0x00, 0x4a, 0x00, 0x31, 0x00, 0x00, 0x00, 0x00, 0x00,
    0x00, 0x00, 0x00, 0x00, 0x00, 0x00, 0x08, 0x00, 0x08, 0x00, 0x08, 0x00, 0x00, 0x00, 0x00, 0x00,
    0x00, 0x00, 0x00, 0x00, 0x00, 0x00, 0x00, 0x00, 0x00, 0x00, 0x00, 0x00, 0x00, 0x00, 0x00, 0x00,
    0x00, 0x00, 0x04, 0x00, 0x08, 0x00, 0x08, 0x00, 0x10, 0x00, 0x10, 0x00, 0x10, 0x00, 0x10, 0x00,
    0x10, 0x00, 0x10, 0x00, 0x08, 0x00, 0x08, 0x00, 0x04, 0x00, 0x00, 0x00, 0x00, 0x00, 0x00, 0x00,
    0x10, 0x00, 0x08, 0x00, 0x08, 0x00, 0x04, 0x00, 0x04, 0x00, 0x04, 0x00, 0x04, 0x00, 0x04, 0x00,
    0x04, 0x00, 0x08, 0x00, 0x08, 0x00, 0x10, 0x00, 0x00, 0x00, 0x00, 0x00, 0x00, 0x00, 0x00, 0x00,
    0x08, 0x00, 0x49, 0x00, 0x2a, 0x00, 0x1c, 0x00, 0x2a, 0x00, 0x49, 0x00, 0x08, 0x00, 0x00, 0x00,
    0x00, 0x00, 0x00, 0x00, 0x00, 0x00, 0x00, 0x00, 0x00, 0x00, 0x00, 0x00, 0x00, 0x00, 0x00, 0x00,
    0x00, 0x00, 0x08, 0x00, 0x08, 0x00, 0x08, 0x00, 0x7f, 0x00, 0x08, 0x00, 0x08, 0x00, 0x08, 0x00,
    0x00, 0x00, 0x00, 0x00, 0x00, 0x00, 0x00, 0x00, 0x00, 0x00, 0x00, 0x00, 0x00, 0x00, 0x00, 0x00,
    0x00, 0x00, 0x00, 0x00, 0x00, 0x00, 0x00, 0x00, 0x00, 0x00, 0x00, 0x00, 0x0c, 0x00, 0x0c, 0x00,
    0x04, 0x00, 0x04, 0x00, 0x08, 0x00, 0x00, 0x00, 0x00, 0x00, 0x00, 0x00, 0x00, 0x00, 0x00, 0x00,
    0x00, 0x00, 0x00, 0x00, 0x7f, 0x00, 0x00, 0x00, 0x00, 0x00, 0x00, 0x00, 0x00, 0x00, 0x00, 0x00,
    0x00, 0x00, 0x00, 0x00, 0x00, 0x00, 0x00, 0x00, 0x00, 0x00, 0x00, 0x00, 0x00, 0x00, 0x00, 0x00,
    0x00, 0x00, 0x00, 0x00, 0x00, 0x00, 0x00, 0x00, 0x0c, 0x00, 0x0c, 0x00, 0x00, 0x00, 0x00, 0x00,
    0x00, 0x00, 0x00, 0x00, 0x00, 0x00, 0x01, 0x00, 0x02, 0x00, 0x02, 0x00, 0x04, 0x00, 0x08, 0x00,
    0x08, 0x00, 0x10, 0x00, 0x20, 0x00, 0x20, 0x00, 0x40, 0x00, 0x00, 0x00, 0x00, 0x00, 0x00, 0x00,
    0x00, 0x00, 0x00, 0x00, 0x1c, 0x00, 0x22, 0x00, 0x41, 0x00, 0x41, 0x00, 0x41, 0x00, 0x41, 0x00,
    0x41, 0x00, 0x41, 0x00, 0x22, 0x00, 0x1c, 0x00, 0x00, 0x00, 0x00, 0x00, 0x00, 0x00, 0x00, 0x00,
    0x00, 0x00, 0x08, 0x00, 0x18, 0x00, 0x28, 0x00, 0x48, 0x00, 0x08, 0x00, 0x08, 0x00, 0x08, 0x00,
    0x08, 0x00, 0x08, 0x00, 0x7f, 0x00, 0x00, 0x00, 0x00, 0x00, 0x00, 0x00, 0x00, 0x00, 0x00, 0x00,
    0x3e, 0x00, 0x41, 0x00, 0x41, 0x00, 0x02, 0x00, 0x04, 0x00, 0x08, 0x00, 0x10, 0x00, 0x20, 0x00,
    0x40, 0x00, 0x7f, 0x00, 0x00, 0x00, 0x00, 0x00, 0x00, 0x00, 0x00, 0x00, 0x00, 0x00, 0x7f, 0x00,
    0x01, 0x00, 0x02, 0x00, 0x04, 0x00, 0x0e, 0x00, 0x01, 0x00, 0x01, 0x00, 0x01, 0x00, 0x41, 0x00,
    0x3e, 0x00, 0x00, 0x00, 0x00, 0x00, 0x00, 0x00, 0x00, 0x00, 0x00, 0x00, 0x02, 0x00, 0x06, 0x00,
    0x0a, 0x00, 0x12, 0x00, 0x22, 0x00, 0x42, 0x00, 0x7f, 0x00, 0x02, 0x00, 0x02, 0x00, 0x02, 0x00,
    0x00, 0x00, 0x00, 0x00, 0x00, 0x00, 0x00, 0x00, 0x00, 0x00, 0x7f, 0x00, 0x40, 0x00, 0x40, 0x00,
    0x5e, 0x00, 0x61, 0x00, 0x01, 0x00, 0x01, 0x00, 0x01, 0x00, 0x41, 0x00, 0x3e, 0x00, 0x00, 0x00,
    0x00, 0x00, 0x00, 0x00, 0x00, 0x00, 0x00, 0x00, 0x1e, 0x00, 0x20, 0x00, 0x40, 0x00, 0x40, 0x00,
    0x5e, 0x00, 0x61, 0x00, 0x41, 0x00, 0x41, 0x00, 0x41, 0x00, 0x3e, 0x00, 0x00, 0x00, 0x00, 0x00,
    0x00, 0x00, 0x00, 0x00, 0x00, 0x00, 0x7f, 0x00, 0x01, 0x00, 0x02, 0x00, 0x02, 0x00, 0x04, 0x00,
    0x04, 0x00, 0x08, 0x00, 0x08, 0x00, 0x10, 0x00, 0x10, 0x00, 0x00, 0x00, 0x00, 0x00, 0x00, 0x00,
    0x00, 0x00, 0x00, 0x00, 0x1c, 0x00, 0x22, 0x00, 0x41, 0x00, 0x22, 0x00, 0x1c, 0x00, 0x22, 0x00,
    0x41, 0x00, 0x41, 0x00, 0x22, 0x00, 0x1c, 0x00, 0x00, 0x00, 0x00, 0x00, 0x00, 0x00, 0x00, 0x00,
    0x00, 0x00, 0x3e, 0x00, 0x41, 0x00, 0x41, 0x00, 0x41, 0x00, 0x43, 0x00, 0x3d, 0x00, 0x01, 0x00,
    0x01, 0x00, 0x02, 0x00, 0x3c, 0x00, 0x00, 0x00, 0x00, 0x00, 0x00, 0x00, 0x00, 0x00, 0x00, 0x00,
    0x00, 0x00, 0x00, 0x00, 0x00, 0x00, 0x0c, 0x00, 0x0c, 0x00, 0x00, 0x00, 0x00, 0x00, 0x00, 0x00,
    0x0c, 0x00, 0x0c, 0x00, 0x00, 0x00, 0x00, 0x00, 0x00, 0x00, 0x00, 0x00, 0x00, 0x00, 0x00, 0x00,
    0x00, 0x00, 0x00, 0x00, 0x0c, 0x00, 0x0c, 0x00, 0x00, 0x00, 0x00, 0x00, 0x00, 0x00, 0x0c, 0x00,
    0x0c, 0x00, 0x04, 0x00, 0x04, 0x00, 0x08, 0x00, 0x00, 0x00, 0x00, 0x00, 0x02, 0x00, 0x04, 0x00,
    0x08, 0x00, 0x10, 0x00, 0x20, 0x00, 0x20, 0x00, 0x10, 0x00, 0x08, 0x00, 0x04, 0x00, 0x02, 0x00,
    0x00, 0x00, 0x00, 0x00, 0x00, 0x00, 0x00, 0x00, 0x00, 0x00, 0x00, 0x00, 0x00, 0x00, 0x00, 0x00,
    0x00, 0x00, 0x7f, 0x00, 0x00, 0x00, 0x00, 0x00, 0x7f, 0x00, 0x00, 0x00, 0x00, 0x00, 0x00, 0x00,
    0x00, 0x00, 0x00, 0x00, 0x00, 0x00, 0x00, 0x00, 0x20, 0x00, 0x10, 0x00, 0x08, 0x00, 0x04, 0x00,
    0x02, 0x00, 0x02, 0x00, 0x04, 0x00, 0x08, 0x00, 0x10, 0x00, 0x20, 0x00, 0x00, 0x00, 0x00, 0x00,
    0x00, 0x00, 0x00, 0x00, 0x00, 0x00, 0x3e, 0x00, 0x41, 0x00, 0x41, 0x00, 0x01, 0x00, 0x02, 0x00,
    0x04, 0x00, 0x08, 0x00, 0x08, 0x00, 0x00, 0x00, 0x08, 0x00, 0x00, 0x00, 0x00, 0x00, 0x00, 0x00,
    0x00, 0x00, 0x00, 0x00, 0x3e, 0x00, 0x41, 0x00, 0x41, 0x00, 0x4f, 0x00, 0x51, 0x00, 0x53, 0x00,
    0x4d, 0x00, 0x40, 0x00, 0x40, 0x00, 0x3e, 0x00, 0x00, 0x00, 0x00, 0x00, 0x00, 0x00, 0x00, 0x00,
    0x00, 0x00, 0x08, 0x00, 0x14, 0x00, 0x22, 0x00, 0x41, 0x00, 0x41, 0x00, 0x41, 0x00, 0x7f, 0x00,
    0x41, 0x00, 0x41, 0x00, 0x41, 0x00, 0x00, 0x00, 0x00, 0x00, 0x00, 0x00, 0x00, 0x00, 0x00, 0x00,
    0x7c, 0x00, 0x42, 0x00, 0x41, 0x00, 0x42, 0x00, 0x7c, 0x00, 0x42, 0x00, 0x41, 0x00, 0x41, 0x00,
    0x42, 0x00, 0x7c, 0x00, 0x00, 0x00, 0x00, 0x00, 0x00, 0x00, 0x00, 0x00, 0x00, 0x00, 0x3e, 0x00,
    0x41, 0x00, 0x40, 0x00, 0x40, 0x00, 0x40, 0x00, 0x40, 0x00, 0x40, 0x00, 0x40, 0x00, 0x41, 0x00,
    0x3e, 0x00, 0x00, 0x00, 0x00, 0x00, 0x00, 0x00, 0x00, 0x00, 0x00, 0x00, 0x7c, 0x00, 0x42, 0x00,
    0x41, 0x00, 0x41, 0x00, 0x41, 0x00, 0x41, 0x00, 0x41, 0x00, 0x41, 0x00, 0x42, 0x00, 0x7c, 0x00,
    0x00, 0x00, 0x00, 0x00, 0x00, 0x00, 0x00, 0x00, 0x00, 0x00, 0x7f, 0x00, 0x40, 0x00, 0x40, 0x00,
    0x40, 0x00, 0x7c, 0x00, 0x40, 0x00, 0x40, 0x00, 0x40, 0x00, 0x40, 0x00, 0x7f, 0x00, 0x00, 0x00,
    0x00, 0x00, 0x00, 0x00, 0x00, 0x00, 0x00, 0x00, 0x7f, 0x00, 0x40, 0x00, 0x40, 0x00, 0x40, 0x00,
    0x7c, 0x00, 0x40, 0x00, 0x40, 0x00, 0x40, 0x00, 0x40, 0x00, 0x40, 0x00, 0x00, 0x00, 0x00, 0x00,
    0x00, 0x00, 0x00, 0x00, 0x00, 0x00, 0x3e, 0x00, 0x41, 0x00, 0x40, 0x00, 0x40, 0x00, 0x40, 0x00,
    0x47, 0x00, 0x41, 0x00, 0x41, 0x00, 0x41, 0x00, 0x3e, 0x00, 0x00, 0x00, 0x00, 0x00, 0x00, 0x00,
    0x00, 0x00, 0x00, 0x00, 0x41, 0x00, 0x41, 0x00, 0x41, 0x00, 0x41, 0x00, 0x7f, 0x00, 0x41, 0x00,
    0x41, 0x00, 0x41, 0x00, 0x41, 0x00, 0x41, 0x00, 0x00, 0x00, 0x00, 0x00, 0x00, 0x00, 0x00, 0x00,
    0x00, 0x00, 0x3e, 0x00, 0x08, 0x00, 0x08, 0x00, 0x08, 0x00, 0x08, 0x00, 0x08, 0x00, 0x08, 0x00,
    0x08, 0x00, 0x08, 0x00, 0x3e, 0x00, 0x00, 0x00, 0x00, 0x00, 0x00, 0x00, 0x00, 0x00, 0x00, 0x00,
    0x0f, 0x80, 0x02, 0x00, 0x02, 0x00, 0x02, 0x00, 0x02, 0x00, 0x02, 0x00, 0x02, 0x00, 0x02, 0x00,
    0x42, 0x00, 0x3c, 0x00, 0x00, 0x00, 0x00, 0x00, 0x00, 0x00, 0x00, 0x00, 0x00, 0x00, 0x41, 0x00,
    0x42, 0x00, 0x44, 0x00, 0x48, 0x00, 0x70, 0x00, 0x50, 0x00, 0x48, 0x00, 0x44, 0x00, 0x42, 0x00,
    0x41, 0x00, 0x00, 0x00, 0x00, 0x00, 0x00, 0x00, 0x00, 0x00, 0x00, 0x00, 0x40, 0x00, 0x40, 0x00,
    0x40, 0x00, 0x40, 0x00, 0x40, 0x00, 0x40, 0x00, 0x40, 0x00, 0x40, 0x00, 0x40, 0x00, 0x7f, 0x00,
    0x00, 0x00, 0x00, 0x00, 0x00, 0x00, 0x00, 0x00, 0x00, 0x00, 0x41, 0x00, 0x41, 0x00, 0x63, 0x00,
    0x55, 0x00, 0x55, 0x00, 0x49, 0x00, 0x49, 0x00, 0x41, 0x00, 0x41, 0x00, 0x41, 0x00, 0x00, 0x00,
    0x00, 0x00, 0x00, 0x00, 0x00, 0x00, 0x00, 0x00, 0x41, 0x00, 0x41, 0x00, 0x61, 0x00, 0x51, 0x00,
    0x49, 0x00, 0x45, 0x00, 0x43, 0x00, 0x41, 0x00, 0x41, 0x00, 0x41, 0x00, 0x00, 0x00, 0x00, 0x00,
    0x00, 0x00, 0x00, 0x00, 0x00, 0x00, 0x3e, 0x00, 0x41, 0x00, 0x41, 0x00, 0x41, 0x00, 0x41, 0x00,
    0x41, 0x00, 0x41, 0x00, 0x41, 0x00, 0x41, 0x00, 0x3e, 0x00, 0x00, 0x00, 0x00, 0x00, 0x00, 0x00,
    0x00, 0x00, 0x00, 0x00, 0x7e, 0x00, 0x41, 0x00, 0x41, 0x00, 0x41, 0x00, 0x7e, 0x00, 0x40, 0x00,
    0x40, 0x00, 0x40, 0x00, 0x40, 0x00, 0x40, 0x00, 0x00, 0x00, 0x00, 0x00, 0x00, 0x00, 0x00, 0x00,
    0x00, 0x00, 0x3e, 0x00, 0x41, 0x00, 0x41, 0x00, 0x41, 0x00, 0x41, 0x00, 0x41, 0x00, 0x41, 0x00,
    0x51, 0x00, 0x49, 0x00, 0x3e, 0x00, 0x04, 0x00, 0x03, 0x00, 0x00, 0x00, 0x00, 0x00, 0x00, 0x00,
    0x7e, 0x00, 0x41, 0x00, 0x41, 0x00, 0x41, 0x00, 0x7e, 0x00, 0x48, 0x00, 0x44, 0x00, 0x42, 0x00,
    0x41, 0x00, 0x41, 0x00, 0x00, 0x00, 0x00, 0x00, 0x00, 0x00, 0x00, 0x00, 0x00, 0x00, 0x3e, 0x00,
    0x41, 0x00, 0x41, 0x00, 0x40, 0x00, 0x38, 0x00, 0x06, 0x00, 0x01, 0x00, 0x41, 0x00, 0x41, 0x00,
    0x3e, 0x00, 0x00, 0x00, 0x00, 0x00, 0x00, 0x00, 0x00, 0x00, 0x00, 0x00, 0x7f, 0x00, 0x08, 0x00,
    0x08, 0x00, 0x08, 0x00, 0x08, 0x00, 0x08, 0x00, 0x08, 0x00, 0x08, 0x00, 0x08, 0x00, 0x08, 0x00,
    0x00, 0x00, 0x00, 0x00, 0x00, 0x00, 0x00, 0x00, 0x00, 0x00, 0x41, 0x00, 0x41, 0x00, 0x41, 0x00,
    0x41, 0x00, 0x41, 0x00, 0x41, 0x00, 0x41, 0x00, 0x41, 0x00, 0x41, 0x00, 0x3e, 0x00, 0x00, 0x00,
    0x00, 0x00, 0x00, 0x00, 0x00, 0x00, 0x00, 0x00, 0x41, 0x00, 0x41, 0x00, 0x41, 0x00, 0x22, 0x00,
    0x22, 0x00, 0x22, 0x00, 0x14, 0x00, 0x14, 0x00, 0x14, 0x00, 0x08, 0x00, 0x00, 0x00, 0x00, 0x00,
    0x00, 0x00, 0x00, 0x00, 0x00, 0x00, 0x41, 0x00, 0x41, 0x00, 0x41, 0x00, 0x41, 0x00, 0x49, 0x00,
    0x49, 0x00, 0x49, 0x00, 0x49, 0x00, 0x55, 0x00, 0x22, 0x00, 0x00, 0x00, 0x00, 0x00, 0x00, 0x00,
    0x00, 0x00, 0x00, 0x00, 0x41, 0x00, 0x41, 0x00, 0x22, 0x00, 0x14, 0x00, 0x08, 0x00, 0x08, 0x00,
    0x14, 0x00, 0x22, 0x00, 0x41, 0x00, 0x41, 0x00, 0x00, 0x00, 0x00, 0x00, 0x00, 0x00, 0x00, 0x00,
    0x00, 0x00, 0x41, 0x00, 0x41, 0x00, 0x22, 0x00, 0x14, 0x00, 0x08, 0x00, 0x08, 0x00, 0x08, 0x00,
    0x08, 0x00, 0x08, 0x00, 0x08, 0x00, 0x00, 0x00, 0x00, 0x00, 0x00, 0x00, 0x00, 0x00, 0x00, 0x00,
    0x7f, 0x00, 0x01, 0x00, 0x02, 0x00, 0x04, 0x00, 0x08, 0x00, 0x10, 0x00, 0x20, 0x00, 0x40, 0x00,
    0x40, 0x00, 0x7f, 0x00, 0x00, 0x00, 0x00, 0x00, 0x00, 0x00, 0x00, 0x00, 0x1e, 0x00, 0x10, 0x00,
    0x10, 0x00, 0x10, 0x00, 0x10, 0x00, 0x10, 0x00, 0x10, 0x00, 0x10, 0x00, 0x10, 0x00, 0x10, 0x00,
    0x10, 0x00, 0x1e, 0x00, 0x00, 0x00, 0x00, 0x00, 0x00, 0x00, 0x00, 0x00, 0x40, 0x00, 0x20, 0x00,
    0x20, 0x00, 0x10, 0x00, 0x08, 0x00, 0x08, 0x00, 0x04, 0x00, 0x02, 0x00, 0x02, 0x00, 0x01, 0x00,
    0x00, 0x00, 0x00, 0x00, 0x00, 0x00, 0x00, 0x00, 0x3c, 0x00, 0x04, 0x00, 0x04, 0x00, 0x04, 0x00,
    0x04, 0x00, 0x04, 0x00, 0x04, 0x00, 0x04, 0x00, 0x04, 0x00, 0x04, 0x00, 0x04, 0x00, 0x3c, 0x00,
    0x00, 0x00, 0x00, 0x00, 0x00, 0x00, 0x00, 0x00, 0x08, 0x00, 0x14, 0x00, 0x22, 0x00, 0x41, 0x00,
    0x00, 0x00, 0x00, 0x00, 0x00, 0x00, 0x00, 0x00, 0x00, 0x00, 0x00, 0x00, 0x00, 0x00, 0x00, 0x00,
    0x00, 0x00, 0x00, 0x00, 0x00, 0x00, 0x00, 0x00, 0x00, 0x00, 0x00, 0x00, 0x00, 0x00, 0x00, 0x00,
    0x00, 0x00, 0x00, 0x00, 0x00, 0x00, 0x00, 0x00, 0x00, 0x00, 0xff, 0x00, 0x00, 0x00, 0x00, 0x00,
    0x00, 0x00, 0x10, 0x00, 0x08, 0x00, 0x04, 0x00, 0x00, 0x00, 0x00, 0x00, 0x00, 0x00, 0x00, 0x00,
    0x00, 0x00, 0x00, 0x00, 0x00, 0x00, 0x00, 0x00, 0x00, 0x00, 0x00, 0x00, 0x00, 0x00, 0x00, 0x00,
    0x00, 0x00, 0x00, 0x00, 0x00, 0x00, 0x00, 0x00, 0x3e, 0x00, 0x01, 0x00, 0x01, 0x00, 0x3f, 0x00,
    0x41, 0x00, 0x43, 0x00, 0x3d, 0x00, 0x00, 0x00, 0x00, 0x00, 0x00, 0x00, 0x00, 0x00, 0x00, 0x00,
    0x40, 0x00, 0x40, 0x00, 0x40, 0x00, 0x5e, 0x00, 0x61, 0x00, 0x41, 0x00, 0x41, 0x00, 0x41, 0x00,
    0x61, 0x00, 0x5e, 0x00, 0x00, 0x00, 0x00, 0x00, 0x00, 0x00, 0x00, 0x00, 0x00, 0x00, 0x00, 0x00,
    0x00, 0x00, 0x00, 0x00, 0x3e, 0x00, 0x41, 0x00, 0x40, 0x00, 0x40, 0x00, 0x40, 0x00, 0x41, 0x00,
    0x3e, 0x00, 0x00, 0x00, 0x00, 0x00, 0x00, 0x00, 0x00, 0x00, 0x00, 0x00, 0x01, 0x00, 0x01, 0x00,
    0x01, 0x00, 0x3d, 0x00, 0x43, 0x00, 0x41, 0x00, 0x41, 0x00, 0x41, 0x00, 0x43, 0x00, 0x3d, 0x00,
    0x00, 0x00, 0x00, 0x00, 0x00, 0x00, 0x00, 0x00, 0x00, 0x00, 0x00, 0x00, 0x00, 0x00, 0x00, 0x00,
    0x3e, 0x00, 0x41, 0x00, 0x41, 0x00, 0x7f, 0x00, 0x40, 0x00, 0x40, 0x00, 0x3e, 0x00, 0x00, 0x00,
    0x00, 0x00, 0x00, 0x00, 0x00, 0x00, 0x00, 0x00, 0x0e, 0x00, 0x11, 0x00, 0x11, 0x00, 0x10, 0x00,
    0x10, 0x00, 0x7c, 0x00, 0x10, 0x00, 0x10, 0x00, 0x10, 0x00, 0x10, 0x00, 0x00, 0x00, 0x00, 0x00,
    0x00, 0x00, 0x00, 0x00, 0x00, 0x00, 0x00, 0x00, 0x00, 0x00, 0x00, 0x00, 0x3d, 0x00, 0x42, 0x00,
    0x42, 0x00, 0x42, 0x00, 0x3c, 0x00, 0x40, 0x00, 0x3e, 0x00, 0x41, 0x00, 0x41, 0x00, 0x3e, 0x00,
    0x00, 0x00, 0x00, 0x00, 0x40, 0x00, 0x40, 0x00, 0x40, 0x00, 0x5e, 0x00, 0x61, 0x00, 0x41, 0x00,
    0x41, 0x00, 0x41, 0x00, 0x41, 0x00, 0x41, 0x00, 0x00, 0x00, 0x00, 0x00, 0x00, 0x00, 0x00, 0x00,
    0x00, 0x00, 0x18, 0x00, 0x00, 0x00, 0x00, 0x00, 0x38, 0x00, 0x08, 0x00, 0x08, 0x00, 0x08, 0x00,
    0x08, 0x00, 0x08, 0x00, 0x3e, 0x00, 0x00, 0x00, 0x00, 0x00, 0x00, 0x00, 0x00, 0x00, 0x00, 0x00,
    0x06, 0x00, 0x00, 0x00, 0x00, 0x00, 0x0e, 0x00, 0x02, 0x00, 0x02, 0x00, 0x02, 0x00, 0x02, 0x00,
    0x02, 0x00, 0x42, 0x00, 0x42, 0x00, 0x42, 0x00, 0x3c, 0x00, 0x00, 0x00, 0x00, 0x00, 0x40, 0x00,
    0x40, 0x00, 0x40, 0x00, 0x41, 0x00, 0x46, 0x00, 0x58, 0x00, 0x60, 0x00, 0x58, 0x00, 0x46, 0x00,
    0x41, 0x00, 0x00, 0x00, 0x00, 0x00, 0x00, 0x00, 0x00, 0x00, 0x00, 0x00, 0x38, 0x00, 0x08, 0x00,
    0x08, 0x00, 0x08, 0x00, 0x08, 0x00, 0x08, 0x00, 0x08, 0x00, 0x08, 0x00, 0x08, 0x00, 0x3e, 0x00,
    0x00, 0x00, 0x00, 0x00, 0x00, 0x00, 0x00, 0x00, 0x00, 0x00, 0x00, 0x00, 0x00, 0x00, 0x00, 0x00,
    0x76, 0x00, 0x49, 0x00, 0x49, 0x00, 0x49, 0x00, 0x49, 0x00, 0x49, 0x00, 0x41, 0x00, 0x00, 0x00,
    0x00, 0x00, 0x00, 0x00, 0x00, 0x00, 0x00, 0x00, 0x00, 0x00, 0x00, 0x00, 0x00, 0x00, 0x5e, 0x00,
    0x61, 0x00, 0x41, 0x00, 0x41, 0x00, 0x41, 0x00, 0x41, 0x00, 0x41, 0x00, 0x00, 0x00, 0x00, 0x00,
    0x00, 0x00, 0x00, 0x00, 0x00, 0x00, 0x00, 0x00, 0x00, 0x00, 0x00, 0x00, 0x3e, 0x00, 0x41, 0x00,
    0x41, 0x00, 0x41, 0x00, 0x41, 0x00, 0x41, 0x00, 0x3e, 0x00, 0x00, 0x00, 0x00, 0x00, 0x00, 0x00,
    0x00, 0x00, 0x00, 0x00, 0x00, 0x00, 0x00, 0x00, 0x00, 0x00, 0x5e, 0x00, 0x61, 0x00, 0x41, 0x00,
    0x41, 0x00, 0x41, 0x00, 0x61, 0x00, 0x5e, 0x00, 0x40, 0x00, 0x40, 0x00, 0x40, 0x00, 0x00, 0x00,
    0x00, 0x00, 0x00, 0x00, 0x00, 0x00, 0x00, 0x00, 0x3d, 0x00, 0x43, 0x00, 0x41, 0x00, 0x41, 0x00,
    0x41, 0x00, 0x43, 0x00, 0x3d, 0x00, 0x01, 0x00, 0x01, 0x00, 0x01, 0x00, 0x00, 0x00, 0x00, 0x00,
    0x00, 0x00, 0x00, 0x00, 0x00, 0x00, 0x4e, 0x00, 0x31, 0x00, 0x21, 0x00, 0x20, 0x00, 0x20, 0x00,
    0x20, 0x00, 0x20, 0x00, 0x00, 0x00, 0x00, 0x00, 0x00, 0x00, 0x00, 0x00, 0x00, 0x00, 0x00, 0x00,
    0x00, 0x00, 0x00, 0x00, 0x3e, 0x00, 0x41, 0x00, 0x40, 0x00, 0x3e, 0x00, 0x01, 0x00, 0x41, 0x00,
    0x3e, 0x00, 0x00, 0x00, 0x00, 0x00, 0x00, 0x00, 0x00, 0x00, 0x00, 0x00, 0x00, 0x00, 0x10, 0x00,
    0x10, 0x00, 0x7e, 0x00, 0x10, 0x00, 0x10, 0x00, 0x10, 0x00, 0x10, 0x00, 0x11, 0x00, 0x0e, 0x00,
    0x00, 0x00, 0x00, 0x00, 0x00, 0x00, 0x00, 0x00, 0x00, 0x00, 0x00, 0x00, 0x00, 0x00, 0x00, 0x00,
    0x42, 0x00, 0x42, 0x00, 0x42, 0x00, 0x42, 0x00, 0x42, 0x00, 0x42, 0x00, 0x3d, 0x00, 0x00, 0x00,
    0x00, 0x00, 0x00, 0x00, 0x00, 0x00, 0x00, 0x00, 0x00, 0x00, 0x00, 0x00, 0x00, 0x00, 0x41, 0x00,
    0x41, 0x00, 0x22, 0x00, 0x22, 0x00, 0x14, 0x00, 0x14, 0x00, 0x08, 0x00, 0x00, 0x00, 0x00, 0x00,
    0x00, 0x00, 0x00, 0x00, 0x00, 0x00, 0x00, 0x00, 0x00, 0x00, 0x00, 0x00, 0x41, 0x00, 0x41, 0x00,
    0x49, 0x00, 0x49, 0x00, 0x49, 0x00, 0x55, 0x00, 0x22, 0x00, 0x00, 0x00, 0x00, 0x00, 0x00, 0x00,
    0x00, 0x00, 0x00, 0x00, 0x00, 0x00, 0x00, 0x00, 0x00, 0x00, 0x41, 0x00, 0x22, 0x00, 0x14, 0x00,
    0x08, 0x00, 0x14, 0x00, 0x22, 0x00, 0x41, 0x00, 0x00, 0x00, 0x00, 0x00, 0x00, 0x00, 0x00, 0x00,
    0x00, 0x00, 0x00, 0x00, 0x00, 0x00, 0x00, 0x00, 0x42, 0x00, 0x42, 0x00, 0x42, 0x00, 0x42, 0x00,
    0x42, 0x00, 0x46, 0x00, 0x3a, 0x00, 0x02, 0x00, 0x42, 0x00, 0x3c, 0x00, 0x00, 0x00, 0x00, 0x00,
    0x00, 0x00, 0x00, 0x00, 0x00, 0x00, 0x7f, 0x00, 0x02, 0x00, 0x04, 0x00, 0x08, 0x00, 0x10, 0x00,
    0x20, 0x00, 0x7f, 0x00, 0x00, 0x00, 0x00, 0x00, 0x00, 0x00, 0x00, 0x00, 0x07, 0x00, 0x08, 0x00,
    0x08, 0x00, 0x08, 0x00, 0x04, 0x00, 0x18, 0x00, 0x18, 0x00, 0x04, 0x00, 0x08, 0x00, 0x08, 0x00,
    0x08, 0x00, 0x07, 0x00, 0x00, 0x00, 0x00, 0x00, 0x00, 0x00, 0x08, 0x00, 0x08, 0x00, 0x08, 0x00,
    0x08, 0x00, 0x08, 0x00, 0x08, 0x00, 0x08, 0x00, 0x08, 0x00, 0x08, 0x00, 0x08, 0x00, 0x08, 0x00,
    0x08, 0x00, 0x00, 0x00, 0x00, 0x00, 0x00, 0x00, 0x70, 0x00, 0x08, 0x00, 0x08, 0x00, 0x08, 0x00,
    0x10, 0x00, 0x0c, 0x00, 0x0c, 0x00, 0x10, 0x00, 0x08, 0x00, 0x08, 0x00, 0x08, 0x00, 0x70, 0x00,
    0x00, 0x00, 0x00, 0x00, 0x00, 0x00, 0x00, 0x00, 0x31, 0x00, 0x49, 0x00, 0x46, 0x00, 0x00, 0x00,
    0x00, 0x00, 0x00, 0x00, 0x00, 0x00, 0x00, 0x00, 0x00, 0x00, 0x00, 0x00, 0x00, 0x00, 0x00, 0x00,
    0x00, 0x00, 0x00, 0x00, 0x00, 0x00, 0x00, 0x00, 0x00, 0x00, 0x00, 0x00, 0x00, 0x00, 0x00, 0x00,
    0x00, 0x00, 0x00, 0x00, 0x00, 0x00, 0x00, 0x00, 0x00, 0x00, 0x00, 0x00, 0x00, 0x00, 0x00, 0x00,
    0x00, 0x00, 0x08, 0x00, 0x08, 0x00, 0x00, 0x00, 0x00, 0x00, 0x08, 0x00, 0x08, 0x00, 0x08, 0x00,
    0x08, 0x00, 0x08, 0x00, 0x08, 0x00, 0x08, 0x00, 0x00, 0x00, 0x00, 0x00, 0x00, 0x00, 0x00, 0x00,
    0x00, 0x00, 0x00, 0x00, 0x00, 0x00, 0x04, 0x00, 0x3c, 0x00, 0x4a, 0x00, 0x48, 0x00, 0x50, 0x00,
    0x52, 0x00, 0x3c, 0x00, 0x20, 0x00, 0x00, 0x00, 0x00, 0x00, 0x00, 0x00, 0x00, 0x00, 0x00, 0x00,
    0x0e, 0x00, 0x11, 0x00, 0x10, 0x00, 0x10, 0x00, 0x7c, 0x00, 0x10, 0x00, 0x10, 0x00, 0x30, 0x00,
    0x51, 0x00, 0x2e, 0x00, 0x00, 0x00, 0x00, 0x00, 0x00, 0x00, 0x00, 0x00, 0x00, 0x00, 0x00, 0x00,
    0x41, 0x00, 0x3e, 0x00, 0x22, 0x00, 0x22, 0x00, 0x3e, 0x00, 0x41, 0x00, 0x00, 0x00, 0x00, 0x00,
    0x00, 0x00, 0x00, 0x00, 0x00, 0x00, 0x00, 0x00, 0x00, 0x00, 0x00, 0x00, 0x41, 0x00, 0x41, 0x00,
    0x22, 0x00, 0x14, 0x00, 0x3e, 0x00, 0x08, 0x00, 0x3e, 0x00, 0x08, 0x00, 0x08, 0x00, 0x08, 0x00,
    0x00, 0x00, 0x00, 0x00, 0x00, 0x00, 0x00, 0x00, 0x00, 0x00, 0x08, 0x00, 0x08, 0x00, 0x08, 0x00,
    0x08, 0x00, 0x08, 0x00, 0x00, 0x00, 0x08, 0x00, 0x08, 0x00, 0x08, 0x00, 0x08, 0x00, 0x08, 0x00,
    0x00, 0x00, 0x00, 0x00, 0x00, 0x00, 0x00, 0x00, 0x18, 0x00, 0x24, 0x00, 0x20, 0x00, 0x18, 0x00,
    0x24, 0x00, 0x24, 0x00, 0x24, 0x00, 0x18, 0x00, 0x04, 0x00, 0x24, 0x00, 0x18, 0x00, 0x00, 0x00,
    0x00, 0x00, 0x00, 0x00, 0x22, 0x00, 0x22, 0x00, 0x00, 0x00, 0x00, 0x00, 0x00, 0x00, 0x00, 0x00,
    0x00, 0x00, 0x00, 0x00, 0x00, 0x00, 0x00, 0x00, 0x00, 0x00, 0x00, 0x00, 0x00, 0x00, 0x00, 0x00,
    0x00, 0x00, 0x00, 0x00, 0x3c, 0x00, 0x42, 0x00, 0x99, 0x00, 0xa5, 0x00, 0xa1, 0x00, 0xa5, 0x00,
    0x99, 0x00, 0x42, 0x00, 0x3c, 0x00, 0x00, 0x00, 0x00, 0x00, 0x00, 0x00, 0x00, 0x00, 0x00, 0x00,
    0x00, 0x00, 0x30, 0x00, 0x48, 0x00, 0x38, 0x00, 0x48, 0x00, 0x3c, 0x00, 0x00, 0x00, 0x7c, 0x00,
    0x00, 0x00, 0x00, 0x00, 0x00, 0x00, 0x00, 0x00, 0x00, 0x00, 0x00, 0x00, 0x00, 0x00, 0x00, 0x00,
    0x00, 0x00, 0x09, 0x00, 0x12, 0x00, 0x24, 0x00, 0x48, 0x00, 0x48, 0x00, 0x24, 0x00, 0x12, 0x00,
    0x09, 0x00, 0x00, 0x00, 0x00, 0x00, 0x00, 0x00, 0x00, 0x00, 0x00, 0x00, 0x00, 0x00, 0x00, 0x00,
    0x00, 0x00, 0x00, 0x00, 0x00, 0x00, 0x7e, 0x00, 0x02, 0x00, 0x02, 0x00, 0x02, 0x00, 0x00, 0x00,
    0x00, 0x00, 0x00, 0x00, 0x00, 0x00, 0x00, 0x00, 0x00, 0x00, 0x00, 0x00, 0x00, 0x00, 0x00, 0x00,
    0x00, 0x00, 0x00, 0x00, 0x00, 0x00, 0x3e, 0x00, 0x00, 0x00, 0x00, 0x00, 0x00, 0x00, 0x00, 0x00,
    0x00, 0x00, 0x00, 0x00, 0x00, 0x00, 0x00, 0x00, 0x00, 0x00, 0x3c, 0x00, 0x42, 0x00, 0xb9, 0x00,
    0xa5, 0x00, 0xb9, 0x00, 0xa9, 0x00, 0xa5, 0x00, 0x42, 0x00, 0x3c, 0x00, 0x00, 0x00, 0x00, 0x00,
    0x00, 0x00, 0x00, 0x00, 0x00, 0x00, 0x00, 0x00, 0x7e, 0x00, 0x00, 0x00, 0x00, 0x00, 0x00, 0x00,
    0x00, 0x00, 0x00, 0x00, 0x00, 0x00, 0x00, 0x00, 0x00, 0x00, 0x00, 0x00, 0x00, 0x00, 0x00, 0x00,
    0x00, 0x00, 0x00, 0x00, 0x00, 0x00, 0x0c, 0x00, 0x12, 0x00, 0x12, 0x00, 0x0c, 0x00, 0x00, 0x00,
    0x00, 0x00, 0x00, 0x00, 0x00, 0x00, 0x00, 0x00, 0x00, 0x00, 0x00, 0x00, 0x00, 0x00, 0x00, 0x00,
    0x00, 0x00, 0x00, 0x00, 0x08, 0x00, 0x08, 0x00, 0x08, 0x00, 0x7f, 0x00, 0x08, 0x00, 0x08, 0x00,
    0x08, 0x00, 0x00, 0x00, 0x7f, 0x00, 0x00, 0x00, 0x00, 0x00, 0x00, 0x00, 0x00, 0x00, 0x00, 0x00,
    0x00, 0x00, 0x30, 0x00, 0x48, 0x00, 0x08, 0x00, 0x30, 0x00, 0x40, 0x00, 0x78, 0x00, 0x00, 0x00,
    0x00, 0x00, 0x00, 0x00, 0x00, 0x00, 0x00, 0x00, 0x00, 0x00, 0x00, 0x00, 0x00, 0x00, 0x00, 0x00,
    0x30, 0x00, 0x48, 0x00, 0x10, 0x00, 0x08, 0x00, 0x48, 0x00, 0x30, 0x00, 0x00, 0x00, 0x00, 0x00,
    0x00, 0x00, 0x00, 0x00, 0x00, 0x00, 0x00, 0x00, 0x00, 0x00, 0x00, 0x00, 0x04, 0x00, 0x08, 0x00,
    0x10, 0x00, 0x00, 0x00, 0x00, 0x00, 0x00, 0x00, 0x00, 0x00, 0x00, 0x00, 0x00, 0x00, 0x00, 0x00,
    0x00, 0x00, 0x00, 0x00, 0x00, 0x00, 0x00, 0x00, 0x00, 0x00, 0x00, 0x00, 0x00, 0x00, 0x00, 0x00,
    0x00, 0x00, 0x41, 0x00, 0x41, 0x00, 0x41, 0x00, 0x41, 0x00, 0x41, 0x00, 0x63, 0x00, 0x5d, 0x00,
    0x40, 0x00, 0x40, 0x00, 0x00, 0x00, 0x00, 0x00, 0x00, 0x00, 0x3f, 0x00, 0x45, 0x00, 0x45, 0x00,
    0x45, 0x00, 0x3d, 0x00, 0x05, 0x00, 0x05, 0x00, 0x05, 0x00, 0x05, 0x00, 0x05, 0x00, 0x00, 0x00,
    0x00, 0x00, 0x00, 0x00, 0x00, 0x00, 0x00, 0x00, 0x00, 0x00, 0x00, 0x00, 0x00, 0x00, 0x00, 0x00,
    0x0c, 0x00, 0x0c, 0x00, 0x00, 0x00, 0x00, 0x00, 0x00, 0x00, 0x00, 0x00, 0x00, 0x00, 0x00, 0x00,
    0x00, 0x00, 0x00, 0x00, 0x00, 0x00, 0x00, 0x00, 0x00, 0x00, 0x00, 0x00, 0x00, 0x00, 0x00, 0x00,
    0x00, 0x00, 0x00, 0x00, 0x00, 0x00, 0x00, 0x00, 0x00, 0x00, 0x0c, 0x00, 0x24, 0x00, 0x18, 0x00,
    0x00, 0x00, 0x00, 0x00, 0x20, 0x00, 0x60, 0x00, 0x20, 0x00, 0x20, 0x00, 0x20, 0x00, 0x70, 0x00,
    0x00, 0x00, 0x00, 0x00, 0x00, 0x00, 0x00, 0x00, 0x00, 0x00, 0x00, 0x00, 0x00, 0x00, 0x00, 0x00,
    0x00, 0x00, 0x38, 0x00, 0x44, 0x00, 0x44, 0x00, 0x38, 0x00, 0x00, 0x00, 0x7c, 0x00, 0x00, 0x00,
    0x00, 0x00, 0x00, 0x00, 0x00, 0x00, 0x00, 0x00, 0x00, 0x00, 0x00, 0x00, 0x00, 0x00, 0x00, 0x00,
    0x00, 0x00, 0x48, 0x00, 0x24, 0x00, 0x12, 0x00, 0x09, 0x00, 0x09, 0x00, 0x12, 0x00, 0x24, 0x00,
    0x48, 0x00, 0x00, 0x00, 0x00, 0x00, 0x00, 0x00, 0x00, 0x00, 0x00, 0x00, 0x00, 0x00, 0x20, 0x00,
    0x60, 0x00, 0x20, 0x00, 0x20, 0x00, 0x21, 0x00, 0x73, 0x00, 0x05, 0x00, 0x09, 0x00, 0x0d, 0x00,
    0x03, 0x00, 0x00, 0x00, 0x00, 0x00, 0x00, 0x00, 0x00, 0x00, 0x00, 0x00, 0x20, 0x00, 0x60, 0x00,
    0x20, 0x00, 0x20, 0x00, 0x26, 0x00, 0x79, 0x00, 0x01, 0x00, 0x06, 0x00, 0x08, 0x00, 0x0f, 0x00,
    0x00, 0x00, 0x00, 0x00, 0x00, 0x00, 0x00, 0x00, 0x00, 0x00, 0x30, 0x00, 0x48, 0x00, 0x10, 0x00,
    0x08, 0x00, 0x49, 0x00, 0x33, 0x00, 0x05, 0x00, 0x09, 0x00, 0x0d, 0x00, 0x03, 0x00, 0x00, 0x00,
    0x00, 0x00, 0x00, 0x00, 0x00, 0x00, 0x00, 0x00, 0x08, 0x00, 0x00, 0x00, 0x08, 0x00, 0x08, 0x00,
    0x10, 0x00, 0x20, 0x00, 0x40, 0x00, 0x41, 0x00, 0x41, 0x00, 0x3e, 0x00, 0x00, 0x00, 0x00, 0x00,
    0x00, 0x00, 0x20, 0x00, 0x10, 0x00, 0x08, 0x00, 0x00, 0x00, 0x1c, 0x00, 0x22, 0x00, 0x41, 0x00,
    0x41, 0x00, 0x7f, 0x00, 0x41, 0x00, 0x41, 0x00, 0x41, 0x00, 0x00, 0x00, 0x00, 0x00, 0x00, 0x00,
    0x02, 0x00, 0x04, 0x00, 0x08, 0x00, 0x00, 0x00, 0x1c, 0x00, 0x22, 0x00, 0x41, 0x00, 0x41, 0x00,
    0x7f, 0x00, 0x41, 0x00, 0x41, 0x00, 0x41, 0x00, 0x00, 0x00, 0x00, 0x00, 0x00, 0x00, 0x08, 0x00,
    0x14, 0x00, 0x22, 0x00, 0x00, 0x00, 0x1c, 0x00, 0x22, 0x00, 0x41, 0x00, 0x41, 0x00, 0x7f, 0x00,
    0x41, 0x00, 0x41, 0x00, 0x41, 0x00, 0x00, 0x00, 0x00, 0x00, 0x00, 0x00, 0x00, 0x00, 0x31, 0x00,
    0x4e, 0x00, 0x00, 0x00, 0x1c, 0x00, 0x22, 0x00, 0x41, 0x00, 0x41, 0x00, 0x7f, 0x00, 0x41, 0x00,
    0x41, 0x00, 0x41, 0x00, 0x00, 0x00, 0x00, 0x00, 0x00, 0x00, 0x00, 0x00, 0x22, 0x00, 0x22, 0x00,
    0x00, 0x00, 0x1c, 0x00, 0x22, 0x00, 0x41, 0x00, 0x41, 0x00, 0x7f, 0x00, 0x41, 0x00, 0x41, 0x00,
    0x41, 0x00, 0x00, 0x00, 0x00, 0x00, 0x00, 0x00, 0x00, 0x00, 0x1c, 0x00, 0x22, 0x00, 0x1c, 0x00,
    0x14, 0x00, 0x22, 0x00, 0x41, 0x00, 0x41, 0x00, 0x7f, 0x00, 0x41, 0x00, 0x41, 0x00, 0x41, 0x00,
    0x00, 0x00, 0x00, 0x00, 0x00, 0x00, 0x00, 0x00, 0x00, 0x00, 0x37, 0x00, 0x48, 0x00, 0x48, 0x00,
    0x48, 0x00, 0x48, 0x00, 0x7e, 0x00, 0x48, 0x00, 0x48, 0x00, 0x48, 0x00, 0x4f, 0x00, 0x00, 0x00,
    0x00, 0x00, 0x00, 0x00, 0x00, 0x00, 0x00, 0x00, 0x3e, 0x00, 0x41, 0x00, 0x40, 0x00, 0x40, 0x00,
    0x40, 0x00, 0x40, 0x00, 0x40, 0x00, 0x40, 0x00, 0x41, 0x00, 0x3e, 0x00, 0x0c, 0x00, 0x24, 0x00,
    0x18, 0x00, 0x20, 0x00, 0x10, 0x00, 0x08, 0x00, 0x00, 0x00, 0x7f, 0x00, 0x20, 0x00, 0x20, 0x00,
    0x3c, 0x00, 0x20, 0x00, 0x20, 0x00, 0x20, 0x00, 0x7f, 0x00, 0x00, 0x00, 0x00, 0x00, 0x00, 0x00,
    0x02, 0x00, 0x04, 0x00, 0x08, 0x00, 0x00, 0x00, 0x7f, 0x00, 0x20, 0x00, 0x20, 0x00, 0x3c, 0x00,
    0x20, 0x00, 0x20, 0x00, 0x20, 0x00, 0x7f, 0x00, 0x00, 0x00, 0x00, 0x00, 0x00, 0x00, 0x08, 0x00,
    0x14, 0x00, 0x22, 0x00, 0x00, 0x00, 0x7f, 0x00, 0x20, 0x00, 0x20, 0x00, 0x3c, 0x00, 0x20, 0x00,
    0x20, 0x00, 0x20, 0x00, 0x7f, 0x00, 0x00, 0x00, 0x00, 0x00, 0x00, 0x00, 0x00, 0x00, 0x22, 0x00,
    0x22, 0x00, 0x00, 0x00, 0x7f, 0x00, 0x20, 0x00, 0x20, 0x00, 0x3c, 0x00, 0x20, 0x00, 0x20, 0x00,
    0x20, 0x00, 0x7f, 0x00, 0x00, 0x00, 0x00, 0x00, 0x00, 0x00, 0x20, 0x00, 0x10, 0x00, 0x08, 0x00,
    0x00, 0x00, 0x3e, 0x00, 0x08, 0x00, 0x08, 0x00, 0x08, 0x00, 0x08, 0x00, 0x08, 0x00, 0x08, 0x00,
    0x3e, 0x00, 0x00, 0x00, 0x00, 0x00, 0x00, 0x00, 0x02, 0x00, 0x04, 0x00, 0x08, 0x00, 0x00, 0x00,
    0x3e, 0x00, 0x08, 0x00, 0x08, 0x00, 0x08, 0x00, 0x08, 0x00, 0x08, 0x00, 0x08, 0x00, 0x3e, 0x00,
    0x00, 0x00, 0x00, 0x00, 0x00, 0x00, 0x08, 0x00, 0x14, 0x00, 0x22, 0x00, 0x00, 0x00, 0x3e, 0x00,
    0x08, 0x00, 0x08, 0x00, 0x08, 0x00, 0x08, 0x00, 0x08, 0x00, 0x08, 0x00, 0x3e, 0x00, 0x00, 0x00,
    0x00, 0x00, 0x00, 0x00, 0x00, 0x00, 0x22, 0x00, 0x22, 0x00, 0x00, 0x00, 0x3e, 0x00, 0x08, 0x00,
    0x08, 0x00, 0x08, 0x00, 0x08, 0x00, 0x08, 0x00, 0x08, 0x00, 0x3e, 0x00, 0x00, 0x00, 0x00, 0x00,
    0x00, 0x00, 0x00, 0x00, 0x00, 0x00, 0x7c, 0x00, 0x42, 0x00, 0x41, 0x00, 0x41, 0x00, 0xe1, 0x00,
    0x41, 0x00, 0x41, 0x00, 0x41, 0x00, 0x42, 0x00, 0x7c, 0x00, 0x00, 0x00, 0x00, 0x00, 0x00, 0x00,
    0x00, 0x00, 0x31, 0x00, 0x4e, 0x00, 0x00, 0x00, 0x41, 0x00, 0x61, 0x00, 0x51, 0x00, 0x49, 0x00,
    0x49, 0x00, 0x45, 0x00, 0x43, 0x00, 0x41, 0x00, 0x00, 0x00, 0x00, 0x00, 0x00, 0x00, 0x20, 0x00,
    0x10, 0x00, 0x08, 0x00, 0x00, 0x00, 0x3e, 0x00, 0x41, 0x00, 0x41, 0x00, 0x41, 0x00, 0x41, 0x00,
    0x41, 0x00, 0x41, 0x00, 0x3e, 0x00, 0x00, 0x00, 0x00, 0x00, 0x00, 0x00, 0x02, 0x00, 0x04, 0x00,
    0x08, 0x00, 0x00, 0x00, 0x3e, 0x00, 0x41, 0x00, 0x41, 0x00, 0x41, 0x00, 0x41, 0x00, 0x41, 0x00,
    0x41, 0x00, 0x3e, 0x00, 0x00, 0x00, 0x00, 0x00, 0x00, 0x00, 0x08, 0x00, 0x14, 0x00, 0x22, 0x00,
    0x00, 0x00, 0x3e, 0x00, 0x41, 0x00, 0x41, 0x00, 0x41, 0x00, 0x41, 0x00, 0x41, 0x00, 0x41, 0x00,
    0x3e, 0x00, 0x00, 0x00, 0x00, 0x00, 0x00, 0x00, 0x00, 0x00, 0x31, 0x00, 0x4e, 0x00, 0x00, 0x00,
    0x3e, 0x00, 0x41, 0x00, 0x41, 0x00, 0x41, 0x00, 0x41, 0x00, 0x41, 0x00, 0x41, 0x00, 0x3e, 0x00,
    0x00, 0x00, 0x00, 0x00, 0x00, 0x00, 0x00, 0x00, 0x22, 0x00, 0x22, 0x00, 0x00, 0x00, 0x3e, 0x00,
    0x41, 0x00, 0x41, 0x00, 0x41, 0x00, 0x41, 0x00, 0x41, 0x00, 0x41, 0x00, 0x3e, 0x00, 0x00, 0x00,
    0x00, 0x00, 0x00, 0x00, 0x00, 0x00, 0x00, 0x00, 0x00, 0x00, 0x00, 0x00, 0x41, 0x00, 0x22, 0x00,
    0x14, 0x00, 0x08, 0x00, 0x14, 0x00, 0x22, 0x00, 0x41, 0x00, 0x00, 0x00, 0x00, 0x00, 0x00, 0x00,
    0x00, 0x00, 0x00, 0x00, 0x01, 0x00, 0x3e, 0x00, 0x43, 0x00, 0x45, 0x00, 0x45, 0x00, 0x49, 0x00,
    0x49, 0x00, 0x51, 0x00, 0x51, 0x00, 0x61, 0x00, 0x3e, 0x00, 0x40, 0x00, 0x00, 0x00, 0x00, 0x00,
    0x20, 0x00, 0x10, 0x00, 0x08, 0x00, 0x00, 0x00, 0x41, 0x00, 0x41, 0x00, 0x41, 0x00, 0x41, 0x00,
    0x41, 0x00, 0x41, 0x00, 0x41, 0x00, 0x3e, 0x00, 0x00, 0x00, 0x00, 0x00, 0x00, 0x00, 0x02, 0x00,
    0x04, 0x00, 0x08, 0x00, 0x00, 0x00, 0x41, 0x00, 0x41, 0x00, 0x41, 0x00, 0x41, 0x00, 0x41, 0x00,
    0x41, 0x00, 0x41, 0x00, 0x3e, 0x00, 0x00, 0x00, 0x00, 0x00, 0x00, 0x00, 0x08, 0x00, 0x14, 0x00,
    0x22, 0x00, 0x00, 0x00, 0x41, 0x00, 0x41, 0x00, 0x41, 0x00, 0x41, 0x00, 0x41, 0x00, 0x41, 0x00,
    0x41, 0x00, 0x3e, 0x00, 0x00, 0x00, 0x00, 0x00, 0x00, 0x00, 0x00, 0x00, 0x22, 0x00, 0x22, 0x00,
    0x00, 0x00, 0x41, 0x00, 0x41, 0x00, 0x41, 0x00, 0x41, 0x00, 0x41, 0x00, 0x41, 0x00, 0x41, 0x00,
    0x3e, 0x00, 0x00, 0x00, 0x00, 0x00, 0x00, 0x00, 0x02, 0x00, 0x04, 0x00, 0x08, 0x00, 0x00, 0x00,
    0x41, 0x00, 0x41, 0x00, 0x22, 0x00, 0x14, 0x00, 0x08, 0x00, 0x08, 0x00, 0x08, 0x00, 0x08, 0x00,
    0x00, 0x00, 0x00, 0x00, 0x00, 0x00, 0x00, 0x00, 0x00, 0x00, 0x40, 0x00, 0x40, 0x00, 0x7e, 0x00,
    0x41, 0x00, 0x41, 0x00, 0x41, 0x00, 0x7e, 0x00, 0x40, 0x00, 0x40, 0x00, 0x40, 0x00, 0x00, 0x00,
    0x00, 0x00, 0x00, 0x00, 0x00, 0x00, 0x00, 0x00, 0x1c, 0x00, 0x22, 0x00, 0x22, 0x00, 0x24, 0x00,
    0x68, 0x00, 0x24, 0x00, 0x22, 0x00, 0x22, 0x00, 0x22, 0x00, 0x2c, 0x00, 0x00, 0x00, 0x00, 0x00,
    0x00, 0x00, 0x00, 0x00, 0x10, 0x00, 0x08, 0x00, 0x04, 0x00, 0x00, 0x00, 0x3e, 0x00, 0x01, 0x00,
    0x01, 0x00, 0x3f, 0x00, 0x41, 0x00, 0x43, 0x00, 0x3d, 0x00, 0x00, 0x00, 0x00, 0x00, 0x00, 0x00,
    0x00, 0x00, 0x02, 0x00, 0x04, 0x00, 0x08, 0x00, 0x00, 0x00, 0x3e, 0x00, 0x01, 0x00, 0x01, 0x00,
    0x3f, 0x00, 0x41, 0x00, 0x43, 0x00, 0x3d, 0x00, 0x00, 0x00, 0x00, 0x00, 0x00, 0x00, 0x00, 0x00,
    0x08, 0x00, 0x14, 0x00, 0x22, 0x00, 0x00, 0x00, 0x3e, 0x00, 0x01, 0x00, 0x01, 0x00, 0x3f, 0x00,
    0x41, 0x00, 0x43, 0x00, 0x3d, 0x00, 0x00, 0x00, 0x00, 0x00, 0x00, 0x00, 0x00, 0x00, 0x00, 0x00,
    0x19, 0x00, 0x26, 0x00, 0x00, 0x00, 0x3e, 0x00, 0x01, 0x00, 0x01, 0x00, 0x3f, 0x00, 0x41, 0x00,
    0x43, 0x00, 0x3d, 0x00, 0x00, 0x00, 0x00, 0x00, 0x00, 0x00, 0x00, 0x00, 0x00, 0x00, 0x22, 0x00,
    0x22, 0x00, 0x00, 0x00, 0x3e, 0x00, 0x01, 0x00, 0x01, 0x00, 0x3f, 0x00, 0x41, 0x00, 0x43, 0x00,
    0x3d, 0x00, 0x00, 0x00, 0x00, 0x00, 0x00, 0x00, 0x00, 0x00, 0x0c, 0x00, 0x12, 0x00, 0x0c, 0x00,
    0x00, 0x00, 0x3e, 0x00, 0x01, 0x00, 0x01, 0x00, 0x3f, 0x00, 0x41, 0x00, 0x43, 0x00, 0x3d, 0x00,
    0x00, 0x00, 0x00, 0x00, 0x00, 0x00, 0x00, 0x00, 0x00, 0x00, 0x00, 0x00, 0x00, 0x00, 0x00, 0x00,
    0x36, 0x00, 0x49, 0x00, 0x09, 0x00, 0x3e, 0x00, 0x48, 0x00, 0x49, 0x00, 0x37, 0x00, 0x00, 0x00,
    0x00, 0x00, 0x00, 0x00, 0x00, 0x00, 0x00, 0x00, 0x00, 0x00, 0x00, 0x00, 0x00, 0x00, 0x3e, 0x00,
    0x41, 0x00, 0x40, 0x00, 0x40, 0x00, 0x40, 0x00, 0x41, 0x00, 0x3e, 0x00, 0x0c, 0x00, 0x24, 0x00,
    0x18, 0x00, 0x00, 0x00, 0x20, 0x00, 0x10, 0x00, 0x08, 0x00, 0x00, 0x00, 0x3e, 0x00, 0x41, 0x00,
    0x41, 0x00, 0x7f, 0x00, 0x40, 0x00, 0x40, 0x00, 0x3e, 0x00, 0x00, 0x00, 0x00, 0x00, 0x00, 0x00,
    0x00, 0x00, 0x02, 0x00, 0x04, 0x00, 0x08, 0x00, 0x00, 0x00, 0x3e, 0x00, 0x41, 0x00, 0x41, 0x00,
    0x7f, 0x00, 0x40, 0x00, 0x40, 0x00, 0x3e, 0x00, 0x00, 0x00, 0x00, 0x00, 0x00, 0x00, 0x00, 0x00,
    0x08, 0x00, 0x14, 0x00, 0x22, 0x00, 0x00, 0x00, 0x3e, 0x00, 0x41, 0x00, 0x41, 0x00, 0x7f, 0x00,
    0x40, 0x00, 0x40, 0x00, 0x3e, 0x00, 0x00, 0x00, 0x00, 0x00, 0x00, 0x00, 0x00, 0x00, 0x00, 0x00,
    0x22, 0x00, 0x22, 0x00, 0x00, 0x00, 0x3e, 0x00, 0x41, 0x00, 0x41, 0x00, 0x7f, 0x00, 0x40, 0x00,
    0x40, 0x00, 0x3e, 0x00, 0x00, 0x00, 0x00, 0x00, 0x00, 0x00, 0x00, 0x00, 0x20, 0x00, 0x10, 0x00,
    0x08, 0x00, 0x00, 0x00, 0x38, 0x00, 0x08, 0x00, 0x08, 0x00, 0x08, 0x00, 0x08, 0x00, 0x08, 0x00,
    0x3e, 0x00, 0x00, 0x00, 0x00, 0x00, 0x00, 0x00, 0x00, 0x00, 0x04, 0x00, 0x08, 0x00, 0x10, 0x00,
    0x00, 0x00, 0x38, 0x00, 0x08, 0x00, 0x08, 0x00, 0x08, 0x00, 0x08, 0x00, 0x08, 0x00, 0x3e, 0x00,
    0x00, 0x00, 0x00, 0x00, 0x00, 0x00, 0x00, 0x00, 0x10, 0x00, 0x28, 0x00, 0x44, 0x00, 0x00, 0x00,
    0x38, 0x00, 0x08, 0x00, 0x08, 0x00, 0x08, 0x00, 0x08, 0x00, 0x08, 0x00, 0x3e, 0x00, 0x00, 0x00,
    0x00, 0x00, 0x00, 0x00, 0x00, 0x00, 0x00, 0x00, 0x24, 0x00, 0x24, 0x00, 0x00, 0x00, 0x38, 0x00,
    0x08, 0x00, 0x08, 0x00, 0x08, 0x00, 0x08, 0x00, 0x08, 0x00, 0x3e, 0x00, 0x00, 0x00, 0x00, 0x00,
    0x00, 0x00, 0x00, 0x00, 0x24, 0x00, 0x18, 0x00, 0x28, 0x00, 0x04, 0x00, 0x3e, 0x00, 0x41, 0x00,
    0x41, 0x00, 0x41, 0x00, 0x41, 0x00, 0x41, 0x00, 0x3e, 0x00, 0x00, 0x00, 0x00, 0x00, 0x00, 0x00,
    0x00, 0x00, 0x00, 0x00, 0x31, 0x00, 0x4e, 0x00, 0x00, 0x00, 0x5e, 0x00, 0x61, 0x00, 0x41, 0x00,
    0x41, 0x00, 0x41, 0x00, 0x41, 0x00, 0x41, 0x00, 0x00, 0x00, 0x00, 0x00, 0x00, 0x00, 0x00, 0x00,
    0x20, 0x00, 0x10, 0x00, 0x08, 0x00, 0x00, 0x00, 0x3e, 0x00, 0x41, 0x00, 0x41, 0x00, 0x41, 0x00,
    0x41, 0x00, 0x41, 0x00, 0x3e, 0x00, 0x00, 0x00, 0x00, 0x00, 0x00, 0x00, 0x00, 0x00, 0x02, 0x00,
    0x04, 0x00, 0x08, 0x00, 0x00, 0x00, 0x3e, 0x00, 0x41, 0x00, 0x41, 0x00, 0x41, 0x00, 0x41, 0x00,
    0x41, 0x00, 0x3e, 0x00, 0x00, 0x00, 0x00, 0x00, 0x00, 0x00, 0x00, 0x00, 0x08, 0x00, 0x14, 0x00,
    0x22, 0x00, 0x00, 0x00, 0x3e, 0x00, 0x41, 0x00, 0x41, 0x00, 0x41, 0x00, 0x41, 0x00, 0x41, 0x00,
    0x3e, 0x00, 0x00, 0x00, 0x00, 0x00, 0x00, 0x00, 0x00, 0x00, 0x00, 0x00, 0x31, 0x00, 0x4e, 0x00,
    0x00, 0x00, 0x3e, 0x00, 0x41, 0x00, 0x41, 0x00, 0x41, 0x00, 0x41, 0x00, 0x41, 0x00, 0x3e, 0x00,
    0x00, 0x00, 0x00, 0x00, 0x00, 0x00, 0x00, 0x00, 0x00, 0x00, 0x22, 0x00, 0x22, 0x00, 0x00, 0x00,
    0x3e, 0x00, 0x41, 0x00, 0x41, 0x00, 0x41, 0x00, 0x41, 0x00, 0x41, 0x00, 0x3e, 0x00, 0x00, 0x00,
    0x00, 0x00, 0x00, 0x00, 0x00, 0x00, 0x00, 0x00, 0x00, 0x00, 0x08, 0x00, 0x1c, 0x00, 0x08, 0x00,
    0x00, 0x00, 0x7f, 0x00, 0x00, 0x00, 0x08, 0x00, 0x1c, 0x00, 0x08, 0x00, 0x00, 0x00, 0x00, 0x00,
    0x00, 0x00, 0x00, 0x00, 0x00, 0x00, 0x00, 0x00, 0x00, 0x00, 0x01, 0x00, 0x3e, 0x00, 0x45, 0x00,
    0x45, 0x00, 0x49, 0x00, 0x51, 0x00, 0x51, 0x00, 0x3e, 0x00, 0x40, 0x00, 0x00, 0x00, 0x00, 0x00,
    0x00, 0x00, 0x20, 0x00, 0x10, 0x00, 0x08, 0x00, 0x00, 0x00, 0x42, 0x00, 0x42, 0x00, 0x42, 0x00,
    0x42, 0x00, 0x42, 0x00, 0x42, 0x00, 0x3d, 0x00, 0x00, 0x00, 0x00, 0x00, 0x00, 0x00, 0x00, 0x00,
    0x02, 0x00, 0x04, 0x00, 0x08, 0x00, 0x00, 0x00, 0x42, 0x00, 0x42, 0x00, 0x42, 0x00, 0x42, 0x00,
    0x42, 0x00, 0x42, 0x00, 0x3d, 0x00, 0x00, 0x00, 0x00, 0x00, 0x00, 0x00, 0x00, 0x00, 0x08, 0x00,
    0x14, 0x00, 0x22, 0x00, 0x00, 0x00, 0x42, 0x00, 0x42, 0x00, 0x42, 0x00, 0x42, 0x00, 0x42, 0x00,
    0x42, 0x00, 0x3d, 0x00, 0x00, 0x00, 0x00, 0x00, 0x00, 0x00, 0x00, 0x00, 0x00, 0x00, 0x24, 0x00,
    0x24, 0x00, 0x00, 0x00, 0x42, 0x00, 0x42, 0x00, 0x42, 0x00, 0x42, 0x00, 0x42, 0x00, 0x42, 0x00,
    0x3d, 0x00, 0x00, 0x00, 0x00, 0x00, 0x00, 0x00, 0x00, 0x00, 0x04, 0x00, 0x08, 0x00, 0x10, 0x00,
    0x00, 0x00, 0x42, 0x00, 0x42, 0x00, 0x42, 0x00, 0x42, 0x00, 0x42, 0x00, 0x46, 0x00, 0x3a, 0x00,
    0x02, 0x00, 0x42, 0x00, 0x3c, 0x00, 0x00, 0x00, 0x00, 0x00, 0x00, 0x00, 0x40, 0x00, 0x40, 0x00,
    0x40, 0x00, 0x5e, 0x00, 0x61, 0x00, 0x41, 0x00, 0x41, 0x00, 0x61, 0x00, 0x5e, 0x00, 0x40, 0x00,
    0x40, 0x00, 0x40, 0x00, 0x00, 0x00, 0x00, 0x00, 0x24, 0x00, 0x24, 0x00, 0x00, 0x00, 0x42, 0x00,
    0x42, 0x00, 0x42, 0x00, 0x42, 0x00, 0x42, 0x00, 0x46, 0x00, 0x3a, 0x00, 0x02, 0x00, 0x42, 0x00,
    0x3c, 0x00,
];

static FONT_9X15B_DATA: [u8; 5730] = [
    0x00, 0x00, 0x00, 0x00, 0x00, 0x00, 0x00, 0x00, 0x00, 0x00, 0x00, 0x00, 0x00, 0x00, 0x00, 0x00,
    0x00, 0x00, 0x00, 0x00, 0x00, 0x00, 0x00, 0x00, 0x00, 0x00, 0x00, 0x00, 0x00, 0x00, 0x00, 0x00,
    0x00, 0x00, 0x18, 0x00, 0x18, 0x00, 0x18, 0x00, 0x18, 0x00, 0x18, 0x00, 0x18, 0x00, 0x18, 0x00,
    0x18, 0x00, 0x00, 0x00, 0x18, 0x00, 0x00, 0x00, 0x00, 0x00, 0x00, 0x00, 0x00, 0x00, 0x00, 0x00,
    0x36, 0x00, 0x36, 0x00, 0x36, 0x00, 0x00, 0x00, 0x00, 0x00, 0x00, 0x00, 0x00, 0x00, 0x00, 0x00,
    0x00, 0x00, 0x00, 0x00, 0x00, 0x00, 0x00, 0x00, 0x00, 0x00, 0x00, 0x00, 0x00, 0x00, 0x00, 0x00,
    0x36, 0x00, 0x36, 0x00, 0x7f, 0x00, 0x36, 0x00, 0x36, 0x00, 0x7f, 0x00, 0x36, 0x00, 0x36, 0x00,
    0x00, 0x00, 0x00, 0x00, 0x00, 0x00, 0x00, 0x00, 0x00, 0x00, 0x00, 0x00, 0x08, 0x00, 0x3e, 0x00,
    0x6b, 0x00, 0x68, 0x00, 0x78, 0x00, 0x3e, 0x00, 0x0f, 0x00, 0x0b, 0x00, 0x6b, 0x00, 0x3e, 0x00,
    0x08, 0x00, 0x00, 0x00, 0x00, 0x00, 0x00, 0x00, 0x00, 0x00, 0x43, 0x00, 0xe6, 0x00, 0xe6, 0x00,
    0x4c, 0x00, 0x18, 0x00, 0x18, 0x00, 0x32, 0x00, 0x67, 0x00, 0x67, 0x00, 0xc2, 0x00, 0x00, 0x00,
    0x00, 0x00, 0x00, 0x00, 0x00, 0x00, 0x00, 0x00, 0x38, 0x00, 0x6c, 0x00, 0x6c, 0x00, 0x78, 0x00,
    0x30, 0x00, 0x79, 0x00, 0xcf, 0x00, 0xc6, 0x00, 0xce, 0x00, 0x7b, 0x00, 0x00, 0x00, 0x00, 0x00,
    0x00, 0x00, 0x00, 0x00, 0x00, 0x00, 0x18, 0x00, 0x18, 0x00, 0x18, 0x00, 0x18, 0x00, 0x00, 0x00,
    0x00, 0x00, 0x00, 0x00, 0x00, 0x00, 0x00, 0x00, 0x00, 0x00, 0x00, 0x00, 0x00, 0x00, 0x00, 0x00,
    0x00, 0x00, 0x06, 0x00, 0x0c, 0x00, 0x18, 0x00, 0x18, 0x00, 0x30, 0x00, 0x30, 0x00, 0x30, 0x00,
    0x30, 0x00, 0x18, 0x00, 0x18, 0x00, 0x0c, 0x00, 0x06, 0x00, 0x00, 0x00, 0x00, 0x00, 0x00, 0x00,
    0x30, 0x00, 0x18, 0x00, 0x0c, 0x00, 0x0c, 0x00, 0x06, 0x00, 0x06, 0x00, 0x06, 0x00, 0x06, 0x00,
    0x0c, 0x00, 0x0c, 0x00, 0x18, 0x00, 0x30, 0x00, 0x00, 0x00, 0x00, 0x00, 0x00, 0x00, 0x00, 0x00,
    0x00, 0x00, 0x00, 0x00, 0x00, 0x00, 0x36, 0x00, 0x1c, 0x00, 0x7f, 0x00, 0x1c, 0x00, 0x36, 0x00,
    0x00, 0x00, 0x00, 0x00, 0x00, 0x00, 0x00, 0x00, 0x00, 0x00, 0x00, 0x00, 0x00, 0x00, 0x00, 0x00,
    0x00, 0x00, 0x18, 0x00, 0x18, 0x00, 0x18, 0x00, 0xff, 0x00, 0x18, 0x00, 0x18, 0x00, 0x18, 0x00,
    0x00, 0x00, 0x00, 0x00, 0x00, 0x00, 0x00, 0x00, 0x00, 0x00, 0x00, 0x00, 0x00, 0x00, 0x00, 0x00,
    0x00, 0x00, 0x00, 0x00, 0x00, 0x00, 0x00, 0x00, 0x00, 0x00, 0x00, 0x00, 0x1c, 0x00, 0x1c, 0x00,
    0x0c, 0x00, 0x0c, 0x00, 0x18, 0x00, 0x00, 0x00, 0x00, 0x00, 0x00, 0x00, 0x00, 0x00, 0x00, 0x00,
    0x00, 0x00, 0x00, 0x00, 0xff, 0x00, 0x00, 0x00, 0x00, 0x00, 0x00, 0x00, 0x00, 0x00, 0x00, 0x00,
    0x00, 0x00, 0x00, 0x00, 0x00, 0x00, 0x00, 0x00, 0x00, 0x00, 0x00, 0x00, 0x00, 0x00, 0x00, 0x00,
    0x00, 0x00, 0x00, 0x00, 0x00, 0x00, 0x00, 0x00, 0x18, 0x00, 0x3c, 0x00, 0x18, 0x00, 0x00, 0x00,
    0x00, 0x00, 0x00, 0x00, 0x00, 0x00, 0x03, 0x00, 0x06, 0x00, 0x06, 0x00, 0x0c, 0x00, 0x18, 0x00,
    0x18, 0x00, 0x30, 0x00, 0x60, 0x00, 0x60, 0x00, 0xc0, 0x00, 0x00, 0x00, 0x00, 0x00, 0x00, 0x00,
    0x00, 0x00, 0x00, 0x00, 0x18, 0x00, 0x3c, 0x00, 0x66, 0x00, 0xc3, 0x00, 0xc3, 0x00, 0xc3, 0x00,
    0xc3, 0x00, 0x66, 0x00, 0x3c, 0x00, 0x18, 0x00, 0x00, 0x00, 0x00, 0x00, 0x00, 0x00, 0x00, 0x00,
    0x00, 0x00, 0x18, 0x00, 0x38, 0x00, 0x78, 0x00, 0x18, 0x00, 0x18, 0x00, 0x18, 0x00, 0x18, 0x00,
    0x18, 0x00, 0x18, 0x00, 0x7e, 0x00, 0x00, 0x00, 0x00, 0x00, 0x00, 0x00, 0x00, 0x00, 0x00, 0x00,
    0x3c, 0x00, 0x66, 0x00, 0xc3, 0x00, 0x03, 0x00, 0x06, 0x00, 0x0c, 0x00, 0x18, 0x00, 0x30, 0x00,
    0x60, 0x00, 0xff, 0x00, 0x00, 0x00, 0x00, 0x00, 0x00, 0x00, 0x00, 0x00, 0x00, 0x00, 0x7c, 0x00,
    0xc6, 0x00, 0x03, 0x00, 0x06, 0x00, 0x1c, 0x00, 0x06, 0x00, 0x03, 0x00, 0x03, 0x00, 0xc6, 0x00,
    0x7c, 0x00, 0x00, 0x00, 0x00, 0x00, 0x00, 0x00, 0x00, 0x00, 0x00, 0x00, 0x06, 0x00, 0x0e, 0x00,
    0x1e, 0x00, 0x36, 0x00, 0x66, 0x00, 0xc6, 0x00, 0xff, 0x00, 0x06, 0x00, 0x06, 0x00, 0x06, 0x00,
    0x00, 0x00, 0x00, 0x00, 0x00, 0x00, 0x00, 0x00, 0x00, 0x00, 0xfe, 0x00, 0xc0, 0x00, 0xc0, 0x00,
    0xdc, 0x00, 0xe6, 0x00, 0x03, 0x00, 0x03, 0x00, 0xc3, 0x00, 0x66, 0x00, 0x3c, 0x00, 0x00, 0x00,
    0x00, 0x00, 0x00, 0x00, 0x00, 0x00, 0x00, 0x00, 0x3c, 0x00, 0x66, 0x00, 0xc2, 0x00, 0xc0, 0x00,
    0xdc, 0x00, 0xe6, 0x00, 0xc3, 0x00, 0xc3, 0x00, 0x66, 0x00, 0x3c, 0x00, 0x00, 0x00, 0x00, 0x00,
    0x00, 0x00, 0x00, 0x00, 0x00, 0x00, 0xff, 0x00, 0x03, 0x00, 0x03, 0x00, 0x06, 0x00, 0x0c, 0x00,
    0x0c, 0x00, 0x18, 0x00, 0x18, 0x00, 0x18, 0x00, 0x18, 0x00, 0x00, 0x00, 0x00, 0x00, 0x00, 0x00,
    0x00, 0x00, 0x00, 0x00, 0x3c, 0x00, 0x66, 0x00, 0xc3, 0x00, 0x66, 0x00, 0x3c, 0x00, 0x66, 0x00,
    0xc3, 0x00, 0xc3, 0x00, 0x66, 0x00, 0x3c, 0x00, 0x00, 0x00, 0x00, 0x00, 0x00, 0x00, 0x00, 0x00,
    0x00, 0x00, 0x3c, 0x00, 0x66, 0x00, 0xc3, 0x00, 0xc3, 0x00, 0x67, 0x00, 0x3b, 0x00, 0x03, 0x00,
    0x43, 0x00, 0x66, 0x00, 0x3c, 0x00, 0x00, 0x00, 0x00, 0x00, 0x00, 0x00, 0x00, 0x00, 0x00, 0x00,
    0x00, 0x00, 0x00, 0x00, 0x00, 0x00, 0x18, 0x00, 0x3c, 0x00, 0x18, 0x00, 0x00, 0x00, 0x00, 0x00,
    0x18, 0x00, 0x3c, 0x00, 0x18, 0x00, 0x00, 0x00, 0x00, 0x00, 0x00, 0x00, 0x00, 0x00, 0x00, 0x00,
    0x00, 0x00, 0x00, 0x00, 0x18, 0x00, 0x3c, 0x00, 0x18, 0x00, 0x00, 0x00, 0x00, 0x00, 0x1c, 0x00,
    0x1c, 0x00, 0x0c, 0x00, 0x0c, 0x00, 0x18, 0x00, 0x00, 0x00, 0x00, 0x00, 0x06, 0x00, 0x0c, 0x00,
    0x18, 0x00, 0x30, 0x00, 0x60, 0x00, 0x60, 0x00, 0x30, 0x00, 0x18, 0x00, 0x0c, 0x00, 0x06, 0x00,
    0x00, 0x00, 0x00, 0x00, 0x00, 0x00, 0x00, 0x00, 0x00, 0x00, 0x00, 0x00, 0x00, 0x00, 0x00, 0x00,
    0x00, 0x00, 0xff, 0x00, 0x00, 0x00, 0x00, 0x00, 0xff, 0x00, 0x00, 0x00, 0x00, 0x00, 0x00, 0x00,
    0x00, 0x00, 0x00, 0x00, 0x00, 0x00, 0x00, 0x00, 0x60, 0x00, 0x30, 0x00, 0x18, 0x00, 0x0c, 0x00,
    0x06, 0x00, 0x06, 0x00, 0x0c, 0x00, 0x18, 0x00, 0x30, 0x00, 0x60, 0x00, 0x00, 0x00, 0x00, 0x00,
    0x00, 0x00, 0x00, 0x00, 0x00, 0x00, 0x3e, 0x00, 0x63, 0x00, 0x63, 0x00, 0x03, 0x00, 0x06, 0x00,
    0x0c, 0x00, 0x18, 0x00, 0x00, 0x00, 0x18, 0x00, 0x18, 0x00, 0x00, 0x00, 0x00, 0x00, 0x00, 0x00,
    0x00, 0x00, 0x00, 0x00, 0x3c, 0x00, 0x66, 0x00, 0xc3, 0x00, 0xcf, 0x00, 0xdb, 0x00, 0xdb, 0x00,
    0xce, 0x00, 0xc0, 0x00, 0x63, 0x00, 0x3e, 0x00, 0x00, 0x00, 0x00, 0x00, 0x00, 0x00, 0x00, 0x00,
    0x00, 0x00, 0x18, 0x00, 0x3c, 0x00, 0x66, 0x00, 0xc3, 0x00, 0xc3, 0x00, 0xc3, 0x00, 0xff, 0x00,
    0xc3, 0x00, 0xc3, 0x00, 0xc3, 0x00, 0x00, 0x00, 0x00, 0x00, 0x00, 0x00, 0x00, 0x00, 0x00, 0x00,
    0xfc, 0x00, 0xc6, 0x00, 0xc3, 0x00, 0xc6, 0x00, 0xfc, 0x00, 0xc6, 0x00, 0xc3, 0x00, 0xc3, 0x00,
    0xc6, 0x00, 0xfc, 0x00, 0x00, 0x00, 0x00, 0x00, 0x00, 0x00, 0x00, 0x00, 0x00, 0x00, 0x3e, 0x00,
    0x63, 0x00, 0xc1, 0x00, 0xc0, 0x00, 0xc0, 0x00, 0xc0, 0x00, 0xc0, 0x00, 0xc1, 0x00, 0x63, 0x00,
    0x3e, 0x00, 0x00, 0x00, 0x00, 0x00, 0x00, 0x00, 0x00, 0x00, 0x00, 0x00, 0xfc, 0x00, 0xc6, 0x00,
    0xc3, 0x00, 0xc3, 0x00, 0xc3, 0x00, 0xc3, 0x00, 0xc3, 0x00, 0xc3, 0x00, 0xc6, 0x00, 0xfc, 0x00,
    0x00, 0x00, 0x00, 0x00, 0x00, 0x00, 0x00, 0x00, 0x00, 0x00, 0x7f, 0x00, 0x60, 0x00, 0x60, 0x00,
    0x60, 0x00, 0x7e, 0x00, 0x60, 0x00, 0x60, 0x00, 0x60, 0x00, 0x60, 0x00, 0x7f, 0x00, 0x00, 0x00,
    0x00, 0x00, 0x00, 0x00, 0x00, 0x00, 0x00, 0x00, 0xff, 0x00, 0xc0, 0x00, 0xc0, 0x00, 0xc0, 0x00,
    0xfc, 0x00, 0xc0, 0x00, 0xc0, 0x00, 0xc0, 0x00, 0xc0, 0x00, 0xc0, 0x00, 0x00, 0x00, 0x00, 0x00,
    0x00, 0x00, 0x00, 0x00, 0x00, 0x00, 0x3e, 0x00, 0x63, 0x00, 0xc0, 0x00, 0xc0, 0x00, 0xc0, 0x00,
    0xc7, 0x00, 0xc3, 0x00, 0xc3, 0x00, 0x63, 0x00, 0x3e, 0x00, 0x00, 0x00, 0x00, 0x00, 0x00, 0x00,
    0x00, 0x00, 0x00, 0x00, 0xc3, 0x00, 0xc3, 0x00, 0xc3, 0x00, 0xc3, 0x00, 0xff, 0x00, 0xc3, 0x00,
    0xc3, 0x00, 0xc3, 0x00, 0xc3, 0x00, 0xc3, 0x00, 0x00, 0x00, 0x00, 0x00, 0x00, 0x00, 0x00, 0x00,
    0x00, 0x00, 0x7e, 0x00, 0x18, 0x00, 0x18, 0x00, 0x18, 0x00, 0x18, 0x00, 0x18, 0x00, 0x18, 0x00,
    0x18, 0x00, 0x18, 0x00, 0x7e, 0x00, 0x00, 0x00, 0x00, 0x00, 0x00, 0x00, 0x00, 0x00, 0x00, 0x00,
    0x1e, 0x00, 0x06, 0x00, 0x06, 0x00, 0x06, 0x00, 0x06, 0x00, 0x06, 0x00, 0x06, 0x00, 0x46, 0x00,
    0x6c, 0x00, 0x38, 0x00, 0x00, 0x00, 0x00, 0x00, 0x00, 0x00, 0x00, 0x00, 0x00, 0x00, 0xc3, 0x00,
    0xc6, 0x00, 0xcc, 0x00, 0xd8, 0x00, 0xf0, 0x00, 0xf0, 0x00, 0xd8, 0x00, 0xcc, 0x00, 0xc6, 0x00,
    0xc3, 0x00, 0x00, 0x00, 0x00, 0x00, 0x00, 0x00, 0x00, 0x00, 0x00, 0x00, 0x60, 0x00, 0x60, 0x00,
    0x60, 0x00, 0x60, 0x00, 0x60, 0x00, 0x60, 0x00, 0x60, 0x00, 0x60, 0x00, 0x60, 0x00, 0x7f, 0x00,
    0x00, 0x00, 0x00, 0x00, 0x00, 0x00, 0x00, 0x00, 0x00, 0x00, 0xc3, 0x00, 0xe7, 0x00, 0xff, 0x00,
    0xdb, 0x00, 0xdb, 0x00, 0xdb, 0x00, 0xc3, 0x00, 0xc3, 0x00, 0xc3, 0x00, 0xc3, 0x00, 0x00, 0x00,
    0x00, 0x00, 0x00, 0x00, 0x00, 0x00, 0x00, 0x00, 0xc3, 0x00, 0xe3, 0x00, 0xf3, 0x00, 0xf3, 0x00,
    0xdb, 0x00, 0xdb, 0x00, 0xcf, 0x00, 0xc7, 0x00, 0xc7, 0x00, 0xc3, 0x00, 0x00, 0x00, 0x00, 0x00,
    0x00, 0x00, 0x00, 0x00, 0x00, 0x00, 0x3c, 0x00, 0x66, 0x00, 0xc3, 0x00, 0xc3, 0x00, 0xc3, 0x00,
    0xc3, 0x00, 0xc3, 0x00, 0xc3, 0x00, 0x66, 0x00, 0x3c, 0x00, 0x00, 0x00, 0x00, 0x00, 0x00, 0x00,
    0x00, 0x00, 0x00, 0x00, 0xfe, 0x00, 0xc3, 0x00, 0xc3, 0x00, 0xc3, 0x00, 0xfe, 0x00, 0xc0, 0x00,
    0xc0, 0x00, 0xc0, 0x00, 0xc0, 0x00, 0xc0, 0x00, 0x00, 0x00, 0x00, 0x00, 0x00, 0x00, 0x00, 0x00,
    0x00, 0x00, 0x3c, 0x00, 0x66, 0x00, 0xc3, 0x00, 0xc3, 0x00, 0xc3, 0x00, 0xc3, 0x00, 0xdb, 0x00,
    0xcf, 0x00, 0x66, 0x00, 0x3d, 0x00, 0x00, 0x00, 0x00, 0x00, 0x00, 0x00, 0x00, 0x00, 0x00, 0x00,
    0xfe, 0x00, 0xc3, 0x00, 0xc3, 0x00, 0xc3, 0x00, 0xfe, 0x00, 0xf8, 0x00, 0xcc, 0x00, 0xc6, 0x00,
    0xc3, 0x00, 0xc3, 0x00, 0x00, 0x00, 0x00, 0x00, 0x00, 0x00, 0x00, 0x00, 0x00, 0x00, 0x7e, 0x00,
    0xc3, 0x00, 0xc0, 0x00, 0xc0, 0x00, 0x7e, 0x00, 0x03, 0x00, 0x03, 0x00, 0x03, 0x00, 0xc3, 0x00,
    0x7e, 0x00, 0x00, 0x00, 0x00, 0x00, 0x00, 0x00, 0x00, 0x00, 0x00, 0x00, 0xff, 0x00, 0x18, 0x00,
    0x18, 0x00, 0x18, 0x00, 0x18, 0x00, 0x18, 0x00, 0x18, 0x00, 0x18, 0x00, 0x18, 0x00, 0x18, 0x00,
    0x00, 0x00, 0x00, 0x00, 0x00, 0x00, 0x00, 0x00, 0x00, 0x00, 0xc3, 0x00, 0xc3, 0x00, 0xc3, 0x00,
    0xc3, 0x00, 0xc3, 0x00, 0xc3, 0x00, 0xc3, 0x00, 0xc3, 0x00, 0x66, 0x00, 0x3c, 0x00, 0x00, 0x00,
    0x00, 0x00, 0x00, 0x00, 0x00, 0x00, 0x00, 0x00, 0xc3, 0x00, 0xc3, 0x00, 0xc3, 0x00, 0x66, 0x00,
    0x66, 0x00, 0x66, 0x00, 0x3c, 0x00, 0x3c, 0x00, 0x18, 0x00, 0x18, 0x00, 0x00, 0x00, 0x00, 0x00,
    0x00, 0x00, 0x00, 0x00, 0x00, 0x00, 0xc3, 0x00, 0xc3, 0x00, 0xc3, 0x00, 0xc3, 0x00, 0xdb, 0x00,
    0xdb, 0x00, 0xdb, 0x00, 0xff, 0x00, 0xe7, 0x00, 0xc3, 0x00, 0x00, 0x00, 0x00, 0x00, 0x00, 0x00,
    0x00, 0x00, 0x00, 0x00, 0xc3, 0x00, 0xc3, 0x00, 0x66, 0x00, 0x3c, 0x00, 0x18, 0x00, 0x18, 0x00,
    0x3c, 0x00, 0x66, 0x00, 0xc3, 0x00, 0xc3, 0x00, 0x00, 0x00, 0x00, 0x00, 0x00, 0x00, 0x00, 0x00,
    0x00, 0x00, 0xc3, 0x00, 0xc3, 0x00, 0x66, 0x00, 0x3c, 0x00, 0x18, 0x00, 0x18, 0x00, 0x18, 0x00,
    0x18, 0x00, 0x18, 0x00, 0x18, 0x00, 0x00, 0x00, 0x00, 0x00, 0x00, 0x00, 0x00, 0x00, 0x00, 0x00,
    0x7f, 0x00, 0x03, 0x00, 0x03, 0x00, 0x06, 0x00, 0x0c, 0x00, 0x18, 0x00, 0x30, 0x00, 0x60, 0x00,
    0x60, 0x00, 0x7f, 0x00, 0x00, 0x00, 0x00, 0x00, 0x00, 0x00, 0x00, 0x00, 0x3e, 0x00, 0x30, 0x00,
    0x30, 0x00, 0x30, 0x00, 0x30, 0x00, 0x30, 0x00, 0x30, 0x00, 0x30, 0x00, 0x30, 0x00, 0x30, 0x00,
    0x30, 0x00, 0x3e, 0x00, 0x00, 0x00, 0x00, 0x00, 0x00, 0x00, 0x00, 0x00, 0xc0, 0x00, 0x60, 0x00,
    0x60, 0x00, 0x30, 0x00, 0x18, 0x00, 0x18, 0x00, 0x0c, 0x00, 0x06, 0x00, 0x06, 0x00, 0x03, 0x00,
    0x00, 0x00, 0x00, 0x00, 0x00, 0x00, 0x00, 0x00, 0x3e, 0x00, 0x06, 0x00, 0x06, 0x00, 0x06, 0x00,
    0x06, 0x00, 0x06, 0x00, 0x06, 0x00, 0x06, 0x00, 0x06, 0x00, 0x06, 0x00, 0x06, 0x00, 0x3e, 0x00,
    0x00, 0x00, 0x00, 0x00, 0x00, 0x00, 0x00, 0x00, 0x18, 0x00, 0x3c, 0x00, 0x66, 0x00, 0x42, 0x00,
    0x00, 0x00, 0x00, 0x00, 0x00, 0x00, 0x00, 0x00, 0x00, 0x00, 0x00, 0x00, 0x00, 0x00, 0x00, 0x00,
    0x00, 0x00, 0x00, 0x00, 0x00, 0x00, 0x00, 0x00, 0x00, 0x00, 0x00, 0x00, 0x00, 0x00, 0x00, 0x00,
    0x00, 0x00, 0x00, 0x00, 0x00, 0x00, 0x00, 0x00, 0x00, 0x00, 0xff, 0x00, 0x00, 0x00, 0x00, 0x00,
    0x00, 0x00, 0x30, 0x00, 0x18, 0x00, 0x0c, 0x00, 0x00, 0x00, 0x00, 0x00, 0x00, 0x00, 0x00, 0x00,
    0x00, 0x00, 0x00, 0x00, 0x00, 0x00, 0x00, 0x00, 0x00, 0x00, 0x00, 0x00, 0x00, 0x00, 0x00, 0x00,
    0x00, 0x00, 0x00, 0x00, 0x00, 0x00, 0x00, 0x00, 0x3e, 0x00, 0x63, 0x00, 0x03, 0x00, 0x7f, 0x00,
    0xc3, 0x00, 0xc7, 0x00, 0x7b, 0x00, 0x00, 0x00, 0x00, 0x00, 0x00, 0x00, 0x00, 0x00, 0x00, 0x00,
    0xc0, 0x00, 0xc0, 0x00, 0xc0, 0x00, 0xdc, 0x00, 0xe6, 0x00, 0xc3, 0x00, 0xc3, 0x00, 0xc3, 0x00,
    0xe6, 0x00, 0xdc, 0x00, 0x00, 0x00, 0x00, 0x00, 0x00, 0x00, 0x00, 0x00, 0x00, 0x00, 0x00, 0x00,
    0x00, 0x00, 0x00, 0x00, 0x3e, 0x00, 0x63, 0x00, 0xc0, 0x00, 0xc0, 0x00, 0xc0, 0x00, 0x63, 0x00,
    0x3e, 0x00, 0x00, 0x00, 0x00, 0x00, 0x00, 0x00, 0x00, 0x00, 0x00, 0x00, 0x03, 0x00, 0x03, 0x00,
    0x03, 0x00, 0x3b, 0x00, 0x67, 0x00, 0xc3, 0x00, 0xc3, 0x00, 0xc3, 0x00, 0x67, 0x00, 0x3b, 0x00,
    0x00, 0x00, 0x00, 0x00, 0x00, 0x00, 0x00, 0x00, 0x00, 0x00, 0x00, 0x00, 0x00, 0x00, 0x00, 0x00,
    0x3c, 0x00, 0x66, 0x00, 0xc3, 0x00, 0xff, 0x00, 0xc0, 0x00, 0x63, 0x00, 0x3e, 0x00, 0x00, 0x00,
    0x00, 0x00, 0x00, 0x00, 0x00, 0x00, 0x00, 0x00, 0x1e, 0x00, 0x33, 0x00, 0x33, 0x00, 0x30, 0x00,
    0x30, 0x00, 0xfc, 0x00, 0x30, 0x00, 0x30, 0x00, 0x30, 0x00, 0x30, 0x00, 0x00, 0x00, 0x00, 0x00,
    0x00, 0x00, 0x00, 0x00, 0x00, 0x00, 0x00, 0x00, 0x00, 0x00, 0x00, 0x00, 0x7d, 0x00, 0xc7, 0x00,
    0xc6, 0x00, 0xc6, 0x00, 0x7c, 0x00, 0xc0, 0x00, 0x7e, 0x00, 0xc3, 0x00, 0xc3, 0x00, 0x7e, 0x00,
    0x00, 0x00, 0x00, 0x00, 0xc0, 0x00, 0xc0, 0x00, 0xc0, 0x00, 0xdc, 0x00, 0xe6, 0x00, 0xc3, 0x00,
    0xc3, 0x00, 0xc3, 0x00, 0xc3, 0x00, 0xc3, 0x00, 0x00, 0x00, 0x00, 0x00, 0x00, 0x00, 0x00, 0x00,
    0x00, 0x00, 0x18, 0x00, 0x18, 0x00, 0x00, 0x00, 0x38, 0x00, 0x18, 0x00, 0x18, 0x00, 0x18, 0x00,
    0x18, 0x00, 0x18, 0x00, 0x7e, 0x00, 0x00, 0x00, 0x00, 0x00, 0x00, 0x00, 0x00, 0x00, 0x00, 0x00,
    0x03, 0x00, 0x03, 0x00, 0x00, 0x00, 0x0f, 0x00, 0x03, 0x00, 0x03, 0x00, 0x03, 0x00, 0x03, 0x00,
    0x03, 0x00, 0x63, 0x00, 0x63, 0x00, 0x63, 0x00, 0x3e, 0x00, 0x00, 0x00, 0x00, 0x00, 0x60, 0x00,
    0x60, 0x00, 0x60, 0x00, 0x66, 0x00, 0x6c, 0x00, 0x78, 0x00, 0x78, 0x00, 0x6c, 0x00, 0x66, 0x00,
    0x63, 0x00, 0x00, 0x00, 0x00, 0x00, 0x00, 0x00, 0x00, 0x00, 0x00, 0x00, 0x38, 0x00, 0x18, 0x00,
    0x18, 0x00, 0x18, 0x00, 0x18, 0x00, 0x18, 0x00, 0x18, 0x00, 0x18, 0x00, 0x18, 0x00, 0x7e, 0x00,
    0x00, 0x00, 0x00, 0x00, 0x00, 0x00, 0x00, 0x00, 0x00, 0x00, 0x00, 0x00, 0x00, 0x00, 0x00, 0x00,
    0xb6, 0x00, 0xdb, 0x00, 0xdb, 0x00, 0xdb, 0x00, 0xdb, 0x00, 0xdb, 0x00, 0xdb, 0x00, 0x00, 0x00,
    0x00, 0x00, 0x00, 0x00, 0x00, 0x00, 0x00, 0x00, 0x00, 0x00, 0x00, 0x00, 0x00, 0x00, 0xdc, 0x00,
    0xe6, 0x00, 0xc3, 0x00, 0xc3, 0x00, 0xc3, 0x00, 0xc3, 0x00, 0xc3, 0x00, 0x00, 0x00, 0x00, 0x00,
    0x00, 0x00, 0x00, 0x00, 0x00, 0x00, 0x00, 0x00, 0x00, 0x00, 0x00, 0x00, 0x3c, 0x00, 0x66, 0x00,
    0xc3, 0x00, 0xc3, 0x00, 0xc3, 0x00, 0x66, 0x00, 0x3c, 0x00, 0x00, 0x00, 0x00, 0x00, 0x00, 0x00,
    0x00, 0x00, 0x00, 0x00, 0x00, 0x00, 0x00, 0x00, 0x00, 0x00, 0xdc, 0x00, 0xe6, 0x00, 0xc3, 0x00,
    0xc3, 0x00, 0xc3, 0x00, 0xe6, 0x00, 0xdc, 0x00, 0xc0, 0x00, 0xc0, 0x00, 0xc0, 0x00, 0x00, 0x00,
    0x00, 0x00, 0x00, 0x00, 0x00, 0x00, 0x00, 0x00, 0x3b, 0x00, 0x67, 0x00, 0xc3, 0x00, 0xc3, 0x00,
    0xc3, 0x00, 0x67, 0x00, 0x3b, 0x00, 0x03, 0x00, 0x03, 0x00, 0x03, 0x00, 0x00, 0x00, 0x00, 0x00,
    0x00, 0x00, 0x00, 0x00, 0x00, 0x00, 0xde, 0x00, 0x73, 0x00, 0x60, 0x00, 0x60, 0x00, 0x60, 0x00,
    0x60, 0x00, 0x60, 0x00, 0x00, 0x00, 0x00, 0x00, 0x00, 0x00, 0x00, 0x00, 0x00, 0x00, 0x00, 0x00,
    0x00, 0x00, 0x00, 0x00, 0x7e, 0x00, 0xc3, 0x00, 0xc0, 0x00, 0x7e, 0x00, 0x03, 0x00, 0xc3, 0x00,
    0x7e, 0x00, 0x00, 0x00, 0x00, 0x00, 0x00, 0x00, 0x00, 0x00, 0x00, 0x00, 0x00, 0x00, 0x30, 0x00,
    0x30, 0x00, 0xfc, 0x00, 0x30, 0x00, 0x30, 0x00, 0x30, 0x00, 0x30, 0x00, 0x33, 0x00, 0x1e, 0x00,
    0x00, 0x00, 0x00, 0x00, 0x00, 0x00, 0x00, 0x00, 0x00, 0x00, 0x00, 0x00, 0x00, 0x00, 0x00, 0x00,
    0xc3, 0x00, 0xc3, 0x00, 0xc3, 0x00, 0xc3, 0x00, 0xc3, 0x00, 0x67, 0x00, 0x3b, 0x00, 0x00, 0x00,
    0x00, 0x00, 0x00, 0x00, 0x00, 0x00, 0x00, 0x00, 0x00, 0x00, 0x00, 0x00, 0x00, 0x00, 0xc3, 0x00,
    0xc3, 0x00, 0x66, 0x00, 0x66, 0x00, 0x3c, 0x00, 0x3c, 0x00, 0x18, 0x00, 0x00, 0x00, 0x00, 0x00,
    0x00, 0x00, 0x00, 0x00, 0x00, 0x00, 0x00, 0x00, 0x00, 0x00, 0x00, 0x00, 0xc3, 0x00, 0xc3, 0x00,
    0xdb, 0x00, 0xdb, 0x00, 0xdb, 0x00, 0xff, 0x00, 0x66, 0x00, 0x00, 0x00, 0x00, 0x00, 0x00, 0x00,
    0x00, 0x00, 0x00, 0x00, 0x00, 0x00, 0x00, 0x00, 0x00, 0x00, 0xc3, 0x00, 0x66, 0x00, 0x3c, 0x00,
    0x18, 0x00, 0x3c, 0x00, 0x66, 0x00, 0xc3, 0x00, 0x00, 0x00, 0x00, 0x00, 0x00, 0x00, 0x00, 0x00,
    0x00, 0x00, 0x00, 0x00, 0x00, 0x00, 0x00, 0x00, 0xc3, 0x00, 0xc3, 0x00, 0xc3, 0x00, 0xc3, 0x00,
    0xc3, 0x00, 0x67, 0x00, 0x3b, 0x00, 0x03, 0x00, 0xc6, 0x00, 0x7c, 0x00, 0x00, 0x00, 0x00, 0x00,
    0x00, 0x00, 0x00, 0x00, 0x00, 0x00, 0x7e, 0x00, 0x06, 0x00, 0x0c, 0x00, 0x18, 0x00, 0x30, 0x00,
    0x60, 0x00, 0x7e, 0x00, 0x00, 0x00, 0x00, 0x00, 0x00, 0x00, 0x00, 0x00, 0x0e, 0x00, 0x18, 0x00,
    0x18, 0x00, 0x18, 0x00, 0x18, 0x00, 0x30, 0x00, 0x30, 0x00, 0x18, 0x00, 0x18, 0x00, 0x18, 0x00,
    0x18, 0x00, 0x0e, 0x00, 0x00, 0x00, 0x00, 0x00, 0x00, 0x00, 0x00, 0x00, 0x18, 0x00, 0x18, 0x00,
    0x18, 0x00, 0x18, 0x00, 0x18, 0x00, 0x18, 0x00, 0x18, 0x00, 0x18, 0x00, 0x18, 0x00, 0x18, 0x00,
    0x00, 0x00, 0x00, 0x00, 0x00, 0x00, 0x00, 0x00, 0x38, 0x00, 0x0c, 0x00, 0x0c, 0x00, 0x0c, 0x00,
    0x0c, 0x00, 0x06, 0x00, 0x06, 0x00, 0x0c, 0x00, 0x0c, 0x00, 0x0c, 0x00, 0x0c, 0x00, 0x38, 0x00,
    0x00, 0x00, 0x00, 0x00, 0x00, 0x00, 0x00, 0x00, 0x73, 0x00, 0xdb, 0x00, 0xce, 0x00, 0x00, 0x00,
    0x00, 0x00, 0x00, 0x00, 0x00, 0x00, 0x00, 0x00, 0x00, 0x00, 0x00, 0x00, 0x00, 0x00, 0x00, 0x00,
    0x00, 0x00, 0x00, 0x00, 0x00, 0x00, 0x00, 0x00, 0x00, 0x00, 0x00, 0x00, 0x00, 0x00, 0x00, 0x00,
    0x00, 0x00, 0x00, 0x00, 0x00, 0x00, 0x00, 0x00, 0x00, 0x00, 0x00, 0x00, 0x00, 0x00, 0x00, 0x00,
    0x00, 0x00, 0x00, 0x00, 0x0c, 0x00, 0x00, 0x00, 0x0c, 0x00, 0x0c, 0x00, 0x0c, 0x00, 0x0c, 0x00,
    0x0c, 0x00, 0x0c, 0x00, 0x0c, 0x00, 0x0c, 0x00, 0x00, 0x00, 0x00, 0x00, 0x00, 0x00, 0x00, 0x00,
    0x00, 0x00, 0x00, 0x00, 0x00, 0x00, 0x02, 0x00, 0x3e, 0x00, 0x67, 0x00, 0x68, 0x00, 0x68, 0x00,
    0x73, 0x00, 0x3e, 0x00, 0x20, 0x00, 0x00, 0x00, 0x00, 0x00, 0x00, 0x00, 0x00, 0x00, 0x00, 0x00,
    0x00, 0x00, 0x1e, 0x00, 0x33, 0x00, 0x30, 0x00, 0x30, 0x00, 0x7c, 0x00, 0x30, 0x00, 0x30, 0x00,
    0xf8, 0x00, 0xbf, 0x00, 0xe0, 0x00, 0x00, 0x00, 0x00, 0x00, 0x00, 0x00, 0x00, 0x00, 0x00, 0x00,
    0x63, 0x00, 0x7f, 0x00, 0x36, 0x00, 0x22, 0x00, 0x36, 0x00, 0x7f, 0x00, 0x63, 0x00, 0x00, 0x00,
    0x00, 0x00, 0x00, 0x00, 0x00, 0x00, 0x00, 0x00, 0x00, 0x00, 0x00, 0x00, 0xc3, 0x00, 0xc3, 0x00,
    0x66, 0x00, 0x3c, 0x00, 0x7e, 0x00, 0x18, 0x00, 0x7e, 0x00, 0x18, 0x00, 0x18, 0x00, 0x18, 0x00,
    0x00, 0x00, 0x00, 0x00, 0x00, 0x00, 0x00, 0x00, 0x00, 0x00, 0x0c, 0x00, 0x0c, 0x00, 0x0c, 0x00,
    0x0c, 0x00, 0x0c, 0x00, 0x00, 0x00, 0x00, 0x00, 0x0c, 0x00, 0x0c, 0x00, 0x0c, 0x00, 0x0c, 0x00,
    0x00, 0x00, 0x00, 0x00, 0x00, 0x00, 0x00, 0x00, 0x3c, 0x00, 0x66, 0x00, 0x60, 0x00, 0x3c, 0x00,
    0x66, 0x00, 0x66, 0x00, 0x66, 0x00, 0x3c, 0x00, 0x06, 0x00, 0x66, 0x00, 0x3c, 0x00, 0x00, 0x00,
    0x00, 0x00, 0x00, 0x00, 0x66, 0x00, 0x66, 0x00, 0x00, 0x00, 0x00, 0x00, 0x00, 0x00, 0x00, 0x00,
    0x00, 0x00, 0x00, 0x00, 0x00, 0x00, 0x00, 0x00, 0x00, 0x00, 0x00, 0x00, 0x00, 0x00, 0x00, 0x00,
    0x00, 0x00, 0x3c, 0x00, 0x7e, 0x00, 0xc3, 0x00, 0xbd, 0x00, 0xa5, 0x00, 0xa1, 0x00, 0xa5, 0x00,
    0xbd, 0x00, 0xc3, 0x00, 0x7e, 0x00, 0x3c, 0x00, 0x00, 0x00, 0x00, 0x00, 0x00, 0x00, 0x00, 0x00,
    0x00, 0x00, 0x78, 0x00, 0x0c, 0x00, 0x7c, 0x00, 0x4c, 0x00, 0x7c, 0x00, 0x00, 0x00, 0x7c, 0x00,
    0x00, 0x00, 0x00, 0x00, 0x00, 0x00, 0x00, 0x00, 0x00, 0x00, 0x00, 0x00, 0x00, 0x00, 0x00, 0x00,
    0x00, 0x00, 0x1b, 0x00, 0x36, 0x00, 0x6c, 0x00, 0xd8, 0x00, 0xd8, 0x00, 0x6c, 0x00, 0x36, 0x00,
    0x1b, 0x00, 0x00, 0x00, 0x00, 0x00, 0x00, 0x00, 0x00, 0x00, 0x00, 0x00, 0x00, 0x00, 0x00, 0x00,
    0x00, 0x00, 0x00, 0x00, 0x7f, 0x00, 0x7f, 0x00, 0x03, 0x00, 0x03, 0x00, 0x03, 0x00, 0x00, 0x00,
    0x00, 0x00, 0x00, 0x00, 0x00, 0x00, 0x00, 0x00, 0x00, 0x00, 0x00, 0x00, 0x00, 0x00, 0x00, 0x00,
    0x00, 0x00, 0x00, 0x00, 0x00, 0x00, 0x7e, 0x00, 0x00, 0x00, 0x00, 0x00, 0x00, 0x00, 0x00, 0x00,
    0x00, 0x00, 0x00, 0x00, 0x00, 0x00, 0x00, 0x00, 0x3c, 0x00, 0x7e, 0x00, 0xc3, 0x00, 0xbd, 0x00,
    0xa5, 0x00, 0xbd, 0x00, 0xa9, 0x00, 0xad, 0x00, 0xc3, 0x00, 0x7e, 0x00, 0x3c, 0x00, 0x00, 0x00,
    0x00, 0x00, 0x00, 0x00, 0x00, 0x00, 0x7e, 0x00, 0x7e, 0x00, 0x00, 0x00, 0x00, 0x00, 0x00, 0x00,
    0x00, 0x00, 0x00, 0x00, 0x00, 0x00, 0x00, 0x00, 0x00, 0x00, 0x00, 0x00, 0x00, 0x00, 0x00, 0x00,
    0x00, 0x00, 0x00, 0x00, 0x00, 0x00, 0x1e, 0x00, 0x33, 0x00, 0x33, 0x00, 0x1e, 0x00, 0x00, 0x00,
    0x00, 0x00, 0x00, 0x00, 0x00, 0x00, 0x00, 0x00, 0x00, 0x00, 0x00, 0x00, 0x00, 0x00, 0x00, 0x00,
    0x00, 0x00, 0x00, 0x00, 0x18, 0x00, 0x18, 0x00, 0x18, 0x00, 0xff, 0x00, 0xff, 0x00, 0x18, 0x00,
    0x18, 0x00, 0x18, 0x00, 0xff, 0x00, 0xff, 0x00, 0x00, 0x00, 0x00, 0x00, 0x00, 0x00, 0x00, 0x00,
    0x38, 0x00, 0x4c, 0x00, 0x0c, 0x00, 0x18, 0x00, 0x30, 0x00, 0x60, 0x00, 0x7c, 0x00, 0x00, 0x00,
    0x00, 0x00, 0x00, 0x00, 0x00, 0x00, 0x00, 0x00, 0x00, 0x00, 0x00, 0x00, 0x00, 0x00, 0x38, 0x00,
    0x4c, 0x00, 0x0c, 0x00, 0x18, 0x00, 0x0c, 0x00, 0x4c, 0x00, 0x38, 0x00, 0x00, 0x00, 0x00, 0x00,
    0x00, 0x00, 0x00, 0x00, 0x00, 0x00, 0x00, 0x00, 0x00, 0x00, 0x00, 0x00, 0x0c, 0x00, 0x18, 0x00,
    0x30, 0x00, 0x00, 0x00, 0x00, 0x00, 0x00, 0x00, 0x00, 0x00, 0x00, 0x00, 0x00, 0x00, 0x00, 0x00,
    0x00, 0x00, 0x00, 0x00, 0x00, 0x00, 0x00, 0x00, 0x00, 0x00, 0x00, 0x00, 0x00, 0x00, 0x00, 0x00,
    0x00, 0x00, 0x63, 0x00, 0x63, 0x00, 0x63, 0x00, 0x63, 0x00, 0x63, 0x00, 0x77, 0x00, 0x7d, 0x00,
    0x60, 0x00, 0x60, 0x00, 0x60, 0x00, 0x00, 0x00, 0x00, 0x00, 0x3f, 0x00, 0x7f, 0x00, 0x7b, 0x00,
    0x7b, 0x00, 0x7b, 0x00, 0x3b, 0x00, 0x1b, 0x00, 0x1b, 0x00, 0x1b, 0x00, 0x1b, 0x00, 0x00, 0x00,
    0x00, 0x00, 0x00, 0x00, 0x00, 0x00, 0x00, 0x00, 0x00, 0x00, 0x00, 0x00, 0x00, 0x00, 0x00, 0x00,
    0x08, 0x00, 0x1c, 0x00, 0x08, 0x00, 0x00, 0x00, 0x00, 0x00, 0x00, 0x00, 0x00, 0x00, 0x00, 0x00,
    0x00, 0x00, 0x00, 0x00, 0x00, 0x00, 0x00, 0x00, 0x00, 0x00, 0x00, 0x00, 0x00, 0x00, 0x00, 0x00,
    0x00, 0x00, 0x00, 0x00, 0x00, 0x00, 0x00, 0x00, 0x00, 0x00, 0x06, 0x00, 0x36, 0x00, 0x1c, 0x00,
    0x00, 0x00, 0x30, 0x00, 0x70, 0x00, 0x30, 0x00, 0x30, 0x00, 0x30, 0x00, 0x30, 0x00, 0x78, 0x00,
    0x00, 0x00, 0x00, 0x00, 0x00, 0x00, 0x00, 0x00, 0x00, 0x00, 0x00, 0x00, 0x00, 0x00, 0x00, 0x00,
    0x00, 0x00, 0x38, 0x00, 0x6c, 0x00, 0x6c, 0x00, 0x38, 0x00, 0x00, 0x00, 0x7c, 0x00, 0x00, 0x00,
    0x00, 0x00, 0x00, 0x00, 0x00, 0x00, 0x00, 0x00, 0x00, 0x00, 0x00, 0x00, 0x00, 0x00, 0x00, 0x00,
    0x00, 0x00, 0xd8, 0x00, 0x6c, 0x00, 0x36, 0x00, 0x1b, 0x00, 0x1b, 0x00, 0x36, 0x00, 0x6c, 0x00,
    0xd8, 0x00, 0x00, 0x00, 0x00, 0x00, 0x00, 0x00, 0x00, 0x00, 0x00, 0x00, 0x60, 0x00, 0xe0, 0x00,
    0x60, 0x00, 0x60, 0x00, 0x61, 0x00, 0x63, 0x00, 0xf7, 0x00, 0x0f, 0x00, 0x1b, 0x00, 0x1f, 0x00,
    0x03, 0x00, 0x00, 0x00, 0x00, 0x00, 0x00, 0x00, 0x00, 0x00, 0x60, 0x00, 0xe0, 0x00, 0x60, 0x00,
    0x60, 0x00, 0x6e, 0x00, 0x73, 0x00, 0xf3, 0x00, 0x06, 0x00, 0x0c, 0x00, 0x18, 0x00, 0x1f, 0x00,
    0x00, 0x00, 0x00, 0x00, 0x00, 0x00, 0x00, 0x00, 0x70, 0x00, 0x98, 0x00, 0x18, 0x00, 0x30, 0x00,
    0x19, 0x00, 0x9b, 0x00, 0x77, 0x00, 0x0f, 0x00, 0x1b, 0x00, 0x1f, 0x00, 0x03, 0x00, 0x00, 0x00,
    0x00, 0x00, 0x00, 0x00, 0x00, 0x00, 0x00, 0x00, 0x0c, 0x00, 0x0c, 0x00, 0x00, 0x00, 0x0c, 0x00,
    0x18, 0x00, 0x30, 0x00, 0x60, 0x00, 0x63, 0x00, 0x63, 0x00, 0x3e, 0x00, 0x00, 0x00, 0x00, 0x00,
    0x00, 0x00, 0x60, 0x00, 0x30, 0x00, 0x18, 0x00, 0x00, 0x00, 0x3c, 0x00, 0x66, 0x00, 0xc3, 0x00,
    0xc3, 0x00, 0xff, 0x00, 0xc3, 0x00, 0xc3, 0x00, 0xc3, 0x00, 0x00, 0x00, 0x00, 0x00, 0x00, 0x00,
    0x06, 0x00, 0x0c, 0x00, 0x18, 0x00, 0x00, 0x00, 0x3c, 0x00, 0x66, 0x00, 0xc3, 0x00, 0xc3, 0x00,
    0xff, 0x00, 0xc3, 0x00, 0xc3, 0x00, 0xc3, 0x00, 0x00, 0x00, 0x00, 0x00, 0x00, 0x00, 0x18, 0x00,
    0x3c, 0x00, 0x66, 0x00, 0x00, 0x00, 0x3c, 0x00, 0x66, 0x00, 0xc3, 0x00, 0xc3, 0x00, 0xff, 0x00,
    0xc3, 0x00, 0xc3, 0x00, 0xc3, 0x00, 0x00, 0x00, 0x00, 0x00, 0x00, 0x00, 0x32, 0x00, 0x7e, 0x00,
    0x4c, 0x00, 0x00, 0x00, 0x3c, 0x00, 0x66, 0x00, 0xc3, 0x00, 0xc3, 0x00, 0xff, 0x00, 0xc3, 0x00,
    0xc3, 0x00, 0xc3, 0x00, 0x00, 0x00, 0x00, 0x00, 0x00, 0x00, 0x00, 0x00, 0x66, 0x00, 0x66, 0x00,
    0x00, 0x00, 0x3c, 0x00, 0x66, 0x00, 0xc3, 0x00, 0xc3, 0x00, 0xff, 0x00, 0xc3, 0x00, 0xc3, 0x00,
    0xc3, 0x00, 0x00, 0x00, 0x00, 0x00, 0x00, 0x00, 0x18, 0x00, 0x24, 0x00, 0x24, 0x00, 0x18, 0x00,
    0x3c, 0x00, 0x66, 0x00, 0xc3, 0x00, 0xc3, 0x00, 0xff, 0x00, 0xc3, 0x00, 0xc3, 0x00, 0xc3, 0x00,
    0x00, 0x00, 0x00, 0x00, 0x00, 0x00, 0x00, 0x00, 0x00, 0x00, 0x1f, 0x00, 0x3c, 0x00, 0x6c, 0x00,
    0x6c, 0x00, 0xcc, 0x00, 0xff, 0x00, 0xcc, 0x00, 0xcc, 0x00, 0xcc, 0x00, 0xcf, 0x00, 0x00, 0x00,
    0x00, 0x00, 0x00, 0x00, 0x00, 0x00, 0x00, 0x00, 0x3e, 0x00, 0x63, 0x00, 0xc1, 0x00, 0xc0, 0x00,
    0xc0, 0x00, 0xc0, 0x00, 0xc0, 0x00, 0xc1, 0x00, 0x63, 0x00, 0x3e, 0x00, 0x0c, 0x00, 0x6c, 0x00,
    0x38, 0x00, 0x30, 0x00, 0x18, 0x00, 0x0c, 0x00, 0x00, 0x00, 0x7f, 0x00, 0x60, 0x00, 0x60, 0x00,
    0x7e, 0x00, 0x60, 0x00, 0x60, 0x00, 0x60, 0x00, 0x7f, 0x00, 0x00, 0x00, 0x00, 0x00, 0x00, 0x00,
    0x06, 0x00, 0x0c, 0x00, 0x18, 0x00, 0x00, 0x00, 0x7f, 0x00, 0x60, 0x00, 0x60, 0x00, 0x7e, 0x00,
    0x60, 0x00, 0x60, 0x00, 0x60, 0x00, 0x7f, 0x00, 0x00, 0x00, 0x00, 0x00, 0x00, 0x00, 0x0c, 0x00,
    0x1e, 0x00, 0x33, 0x00, 0x00, 0x00, 0x7f, 0x00, 0x60, 0x00, 0x60, 0x00, 0x7e, 0x00, 0x60, 0x00,
    0x60, 0x00, 0x60, 0x00, 0x7f, 0x00, 0x00, 0x00, 0x00, 0x00, 0x00, 0x00, 0x00, 0x00, 0x33, 0x00,
    0x33, 0x00, 0x00, 0x00, 0x7f, 0x00, 0x60, 0x00, 0x60, 0x00, 0x7e, 0x00, 0x60, 0x00, 0x60, 0x00,
    0x60, 0x00, 0x7f, 0x00, 0x00, 0x00, 0x00, 0x00, 0x00, 0x00, 0x60, 0x00, 0x30, 0x00, 0x18, 0x00,
    0x00, 0x00, 0x7e, 0x00, 0x18, 0x00, 0x18, 0x00, 0x18, 0x00, 0x18, 0x00, 0x18, 0x00, 0x18, 0x00,
    0x7e, 0x00, 0x00, 0x00, 0x00, 0x00, 0x00, 0x00, 0x0c, 0x00, 0x18, 0x00, 0x30, 0x00, 0x00, 0x00,
    0x7e, 0x00, 0x18, 0x00, 0x18, 0x00, 0x18, 0x00, 0x18, 0x00, 0x18, 0x00, 0x18, 0x00, 0x7e, 0x00,
    0x00, 0x00, 0x00, 0x00, 0x00, 0x00, 0x18, 0x00, 0x3c, 0x00, 0x66, 0x00, 0x00, 0x00, 0x7e, 0x00,
    0x18, 0x00, 0x18, 0x00, 0x18, 0x00, 0x18, 0x00, 0x18, 0x00, 0x18, 0x00, 0x7e, 0x00, 0x00, 0x00,
    0x00, 0x00, 0x00, 0x00, 0x00, 0x00, 0x66, 0x00, 0x66, 0x00, 0x00, 0x00, 0x7e, 0x00, 0x18, 0x00,
    0x18, 0x00, 0x18, 0x00, 0x18, 0x00, 0x18, 0x00, 0x18, 0x00, 0x7e, 0x00, 0x00, 0x00, 0x00, 0x00,
    0x00, 0x00, 0x00, 0x00, 0x00, 0x00, 0x7e, 0x00, 0x63, 0x00, 0x61, 0x80, 0x61, 0x80, 0xf9, 0x80,
    0xf9, 0x80, 0x61, 0x80, 0x61, 0x80, 0x63, 0x00, 0x7e, 0x00, 0x00, 0x00, 0x00, 0x00, 0x00, 0x00,
    0x32, 0x00, 0x7e, 0x00, 0x4c, 0x00, 0x00, 0x00, 0xc3, 0x00, 0xe3, 0x00, 0xf3, 0x00, 0xfb, 0x00,
    0xdf, 0x00, 0xcf, 0x00, 0xc7, 0x00, 0xc3, 0x00, 0x00, 0x00, 0x00, 0x00, 0x00, 0x00, 0x60, 0x00,
    0x30, 0x00, 0x18, 0x00, 0x00, 0x00, 0x3c, 0x00, 0x66, 0x00, 0xc3, 0x00, 0xc3, 0x00, 0xc3, 0x00,
    0xc3, 0x00, 0x66, 0x00, 0x3c, 0x00, 0x00, 0x00, 0x00, 0x00, 0x00, 0x00, 0x06, 0x00, 0x0c, 0x00,
    0x18, 0x00, 0x00, 0x00, 0x3c, 0x00, 0x66, 0x00, 0xc3, 0x00, 0xc3, 0x00, 0xc3, 0x00, 0xc3, 0x00,
    0x66, 0x00, 0x3c, 0x00, 0x00, 0x00, 0x00, 0x00, 0x00, 0x00, 0x18, 0x00, 0x3c, 0x00, 0x66, 0x00,
    0x00, 0x00, 0x3c, 0x00, 0x66, 0x00, 0xc3, 0x00, 0xc3, 0x00, 0xc3, 0x00, 0xc3, 0x00, 0x66, 0x00,
    0x3c, 0x00, 0x00, 0x00, 0x00, 0x00, 0x00, 0x00, 0x32, 0x00, 0x7e, 0x00, 0x4c, 0x00, 0x00, 0x00,
    0x3c, 0x00, 0x66, 0x00, 0xc3, 0x00, 0xc3, 0x00, 0xc3, 0x00, 0xc3, 0x00, 0x66, 0x00, 0x3c, 0x00,
    0x00, 0x00, 0x00, 0x00, 0x00, 0x00, 0x00, 0x00, 0x66, 0x00, 0x66, 0x00, 0x00, 0x00, 0x3c, 0x00,
    0x66, 0x00, 0xc3, 0x00, 0xc3, 0x00, 0xc3, 0x00, 0xc3, 0x00, 0x66, 0x00, 0x3c, 0x00, 0x00, 0x00,
    0x00, 0x00, 0x00, 0x00, 0x00, 0x00, 0x00, 0x00, 0x00, 0x00, 0x00, 0x00, 0x41, 0x00, 0x63, 0x00,
    0x36, 0x00, 0x1c, 0x00, 0x1c, 0x00, 0x36, 0x00, 0x63, 0x00, 0x41, 0x00, 0x00, 0x00, 0x00, 0x00,
    0x00, 0x00, 0x00, 0x00, 0x01, 0x00, 0x3f, 0x00, 0x66, 0x00, 0xc7, 0x00, 0xcb, 0x00, 0xcb, 0x00,
    0xd3, 0x00, 0xd3, 0x00, 0xe3, 0x00, 0x66, 0x00, 0xfc, 0x00, 0x80, 0x00, 0x00, 0x00, 0x00, 0x00,
    0x60, 0x00, 0x30, 0x00, 0x18, 0x00, 0x00, 0x00, 0xc3, 0x00, 0xc3, 0x00, 0xc3, 0x00, 0xc3, 0x00,
    0xc3, 0x00, 0xc3, 0x00, 0x66, 0x00, 0x3c, 0x00, 0x00, 0x00, 0x00, 0x00, 0x00, 0x00, 0x06, 0x00,
    0x0c, 0x00, 0x18, 0x00, 0x00, 0x00, 0xc3, 0x00, 0xc3, 0x00, 0xc3, 0x00, 0xc3, 0x00, 0xc3, 0x00,
    0xc3, 0x00, 0x66, 0x00, 0x3c, 0x00, 0x00, 0x00, 0x00, 0x00, 0x00, 0x00, 0x18, 0x00, 0x3c, 0x00,
    0x66, 0x00, 0x00, 0x00, 0xc3, 0x00, 0xc3, 0x00, 0xc3, 0x00, 0xc3, 0x00, 0xc3, 0x00, 0xc3, 0x00,
    0x66, 0x00, 0x3c, 0x00, 0x00, 0x00, 0x00, 0x00, 0x00, 0x00, 0x00, 0x00, 0x66, 0x00, 0x66, 0x00,
    0x00, 0x00, 0xc3, 0x00, 0xc3, 0x00, 0xc3, 0x00, 0xc3, 0x00, 0xc3, 0x00, 0xc3, 0x00, 0x66, 0x00,
    0x3c, 0x00, 0x00, 0x00, 0x00, 0x00, 0x00, 0x00, 0x06, 0x00, 0x0c, 0x00, 0x18, 0x00, 0x00, 0x00,
    0xc3, 0x00, 0x66, 0x00, 0x3c, 0x00, 0x18, 0x00, 0x18, 0x00, 0x18, 0x00, 0x18, 0x00, 0x18, 0x00,
    0x00, 0x00, 0x00, 0x00, 0x00, 0x00, 0x00, 0x00, 0x00, 0x00, 0x78, 0x00, 0x30, 0x00, 0x3e, 0x00,
    0x33, 0x00, 0x33, 0x00, 0x33, 0x00, 0x3e, 0x00, 0x30, 0x00, 0x30, 0x00, 0x78, 0x00, 0x00, 0x00,
    0x00, 0x00, 0x00, 0x00, 0x00, 0x00, 0x00, 0x00, 0x1e, 0x00, 0x33, 0x00, 0x63, 0x00, 0x66, 0x00,
    0x6c, 0x00, 0x66, 0x00, 0x63, 0x00, 0x63, 0x00, 0x63, 0x00, 0x6e, 0x00, 0x00, 0x00, 0x00, 0x00,
    0x00, 0x00, 0x00, 0x00, 0x60, 0x00, 0x30, 0x00, 0x18, 0x00, 0x00, 0x00, 0x3e, 0x00, 0x43, 0x00,
    0x03, 0x00, 0x7f, 0x00, 0xc3, 0x00, 0xc7, 0x00, 0x7b, 0x00, 0x00, 0x00, 0x00, 0x00, 0x00, 0x00,
    0x00, 0x00, 0x0c, 0x00, 0x18, 0x00, 0x30, 0x00, 0x00, 0x00, 0x3e, 0x00, 0x43, 0x00, 0x03, 0x00,
    0x7f, 0x00, 0xc3, 0x00, 0xc7, 0x00, 0x7b, 0x00, 0x00, 0x00, 0x00, 0x00, 0x00, 0x00, 0x00, 0x00,
    0x18, 0x00, 0x3c, 0x00, 0x66, 0x00, 0x00, 0x00, 0x3e, 0x00, 0x43, 0x00, 0x03, 0x00, 0x7f, 0x00,
    0xc3, 0x00, 0xc7, 0x00, 0x7b, 0x00, 0x00, 0x00, 0x00, 0x00, 0x00, 0x00, 0x00, 0x00, 0x32, 0x00,
    0x7e, 0x00, 0x4c, 0x00, 0x00, 0x00, 0x3e, 0x00, 0x43, 0x00, 0x03, 0x00, 0x7f, 0x00, 0xc3, 0x00,
    0xc7, 0x00, 0x7b, 0x00, 0x00, 0x00, 0x00, 0x00, 0x00, 0x00, 0x00, 0x00, 0x00, 0x00, 0x66, 0x00,
    0x66, 0x00, 0x00, 0x00, 0x3e, 0x00, 0x43, 0x00, 0x03, 0x00, 0x7f, 0x00, 0xc3, 0x00, 0xc7, 0x00,
    0x7b, 0x00, 0x00, 0x00, 0x00, 0x00, 0x00, 0x00, 0x00, 0x00, 0x18, 0x00, 0x24, 0x00, 0x24, 0x00,
    0x18, 0x00, 0x3e, 0x00, 0x43, 0x00, 0x03, 0x00, 0x7f, 0x00, 0xc3, 0x00, 0xc7, 0x00, 0x7b, 0x00,
    0x00, 0x00, 0x00, 0x00, 0x00, 0x00, 0x00, 0x00, 0x00, 0x00, 0x00, 0x00, 0x00, 0x00, 0x00, 0x00,
    0x76, 0x00, 0x9b, 0x00, 0x1b, 0x00, 0x7e, 0x00, 0xd8, 0x00, 0xd9, 0x00, 0x6e, 0x00, 0x00, 0x00,
    0x00, 0x00, 0x00, 0x00, 0x00, 0x00, 0x00, 0x00, 0x00, 0x00, 0x00, 0x00, 0x00, 0x00, 0x3e, 0x00,
    0x63, 0x00, 0xc0, 0x00, 0xc0, 0x00, 0xc0, 0x00, 0x63, 0x00, 0x3e, 0x00, 0x0c, 0x00, 0x6c, 0x00,
    0x38, 0x00, 0x00, 0x00, 0x60, 0x00, 0x30, 0x00, 0x18, 0x00, 0x00, 0x00, 0x3c, 0x00, 0x66, 0x00,
    0xc3, 0x00, 0xff, 0x00, 0xc0, 0x00, 0x63, 0x00, 0x3e, 0x00, 0x00, 0x00, 0x00, 0x00, 0x00, 0x00,
    0x00, 0x00, 0x0c, 0x00, 0x18, 0x00, 0x30, 0x00, 0x00, 0x00, 0x3c, 0x00, 0x66, 0x00, 0xc3, 0x00,
    0xff, 0x00, 0xc0, 0x00, 0x63, 0x00, 0x3e, 0x00, 0x00, 0x00, 0x00, 0x00, 0x00, 0x00, 0x00, 0x00,
    0x18, 0x00, 0x3c, 0x00, 0x66, 0x00, 0x00, 0x00, 0x3c, 0x00, 0x66, 0x00, 0xc3, 0x00, 0xff, 0x00,
    0xc0, 0x00, 0x63, 0x00, 0x3e, 0x00, 0x00, 0x00, 0x00, 0x00, 0x00, 0x00, 0x00, 0x00, 0x00, 0x00,
    0x66, 0x00, 0x66, 0x00, 0x00, 0x00, 0x3c, 0x00, 0x66, 0x00, 0xc3, 0x00, 0xff, 0x00, 0xc0, 0x00,
    0x63, 0x00, 0x3e, 0x00, 0x00, 0x00, 0x00, 0x00, 0x00, 0x00, 0x00, 0x00, 0x60, 0x00, 0x30, 0x00,
    0x18, 0x00, 0x00, 0x00, 0x38, 0x00, 0x18, 0x00, 0x18, 0x00, 0x18, 0x00, 0x18, 0x00, 0x18, 0x00,
    0x7e, 0x00, 0x00, 0x00, 0x00, 0x00, 0x00, 0x00, 0x00, 0x00, 0x0c, 0x00, 0x18, 0x00, 0x30, 0x00,
    0x00, 0x00, 0x38, 0x00, 0x18, 0x00, 0x18, 0x00, 0x18, 0x00, 0x18, 0x00, 0x18, 0x00, 0x7e, 0x00,
    0x00, 0x00, 0x00, 0x00, 0x00, 0x00, 0x00, 0x00, 0x18, 0x00, 0x3c, 0x00, 0x66, 0x00, 0x00, 0x00,
    0x38, 0x00, 0x18, 0x00, 0x18, 0x00, 0x18, 0x00, 0x18, 0x00, 0x18, 0x00, 0x7e, 0x00, 0x00, 0x00,
    0x00, 0x00, 0x00, 0x00, 0x00, 0x00, 0x00, 0x00, 0x66, 0x00, 0x66, 0x00, 0x00, 0x00, 0x38, 0x00,
    0x18, 0x00, 0x18, 0x00, 0x18, 0x00, 0x18, 0x00, 0x18, 0x00, 0x7e, 0x00, 0x00, 0x00, 0x00, 0x00,
    0x00, 0x00, 0x88, 0x00, 0xd8, 0x00, 0x70, 0x00, 0x70, 0x00, 0xd8, 0x00, 0x8c, 0x00, 0x3e, 0x00,
    0x67, 0x00, 0xc3, 0x00, 0xc3, 0x00, 0x66, 0x00, 0x3c, 0x00, 0x00, 0x00, 0x00, 0x00, 0x00, 0x00,
    0x00, 0x00, 0x32, 0x00, 0x7e, 0x00, 0x4c, 0x00, 0x00, 0x00, 0xdc, 0x00, 0xe6, 0x00, 0xc3, 0x00,
    0xc3, 0x00, 0xc3, 0x00, 0xc3, 0x00, 0xc3, 0x00, 0x00, 0x00, 0x00, 0x00, 0x00, 0x00, 0x00, 0x00,
    0x60, 0x00, 0x30, 0x00, 0x18, 0x00, 0x00, 0x00, 0x3c, 0x00, 0x66, 0x00, 0xc3, 0x00, 0xc3, 0x00,
    0xc3, 0x00, 0x66, 0x00, 0x3c, 0x00, 0x00, 0x00, 0x00, 0x00, 0x00, 0x00, 0x00, 0x00, 0x0c, 0x00,
    0x18, 0x00, 0x30, 0x00, 0x00, 0x00, 0x3c, 0x00, 0x66, 0x00, 0xc3, 0x00, 0xc3, 0x00, 0xc3, 0x00,
    0x66, 0x00, 0x3c, 0x00, 0x00, 0x00, 0x00, 0x00, 0x00, 0x00, 0x00, 0x00, 0x18, 0x00, 0x3c, 0x00,
    0x66, 0x00, 0x00, 0x00, 0x3c, 0x00, 0x66, 0x00, 0xc3, 0x00, 0xc3, 0x00, 0xc3, 0x00, 0x66, 0x00,
    0x3c, 0x00, 0x00, 0x00, 0x00, 0x00, 0x00, 0x00, 0x00, 0x00, 0x32, 0x00, 0x7e, 0x00, 0x4c, 0x00,
    0x00, 0x00, 0x3c, 0x00, 0x66, 0x00, 0xc3, 0x00, 0xc3, 0x00, 0xc3, 0x00, 0x66, 0x00, 0x3c, 0x00,
    0x00, 0x00, 0x00, 0x00, 0x00, 0x00, 0x00, 0x00, 0x00, 0x00, 0x66, 0x00, 0x66, 0x00, 0x00, 0x00,
    0x3c, 0x00, 0x66, 0x00, 0xc3, 0x00, 0xc3, 0x00, 0xc3, 0x00, 0x66, 0x00, 0x3c, 0x00, 0x00, 0x00,
    0x00, 0x00, 0x00, 0x00, 0x00, 0x00, 0x00, 0x00, 0x18, 0x00, 0x18, 0x00, 0x00, 0x00, 0x00, 0x00,
    0xff, 0x00, 0xff, 0x00, 0x00, 0x00, 0x00, 0x00, 0x18, 0x00, 0x18, 0x00, 0x00, 0x00, 0x00, 0x00,
    0x00, 0x00, 0x00, 0x00, 0x00, 0x00, 0x00, 0x00, 0x00, 0x00, 0x01, 0x00, 0x3f, 0x00, 0x66, 0x00,
    0xcf, 0x00, 0xdb, 0x00, 0xf3, 0x00, 0x66, 0x00, 0xfc, 0x00, 0x80, 0x00, 0x00, 0x00, 0x00, 0x00,
    0x00, 0x00, 0x60, 0x00, 0x30, 0x00, 0x18, 0x00, 0x00, 0x00, 0xc3, 0x00, 0xc3, 0x00, 0xc3, 0x00,
    0xc3, 0x00, 0xc3, 0x00, 0x67, 0x00, 0x3b, 0x00, 0x00, 0x00, 0x00, 0x00, 0x00, 0x00, 0x00, 0x00,
    0x0c, 0x00, 0x18, 0x00, 0x30, 0x00, 0x00, 0x00, 0xc3, 0x00, 0xc3, 0x00, 0xc3, 0x00, 0xc3, 0x00,
    0xc3, 0x00, 0x67, 0x00, 0x3b, 0x00, 0x00, 0x00, 0x00, 0x00, 0x00, 0x00, 0x00, 0x00, 0x18, 0x00,
    0x3c, 0x00, 0x66, 0x00, 0x00, 0x00, 0xc3, 0x00, 0xc3, 0x00, 0xc3, 0x00, 0xc3, 0x00, 0xc3, 0x00,
    0x67, 0x00, 0x3b, 0x00, 0x00, 0x00, 0x00, 0x00, 0x00, 0x00, 0x00, 0x00, 0x00, 0x00, 0x66, 0x00,
    0x66, 0x00, 0x00, 0x00, 0xc3, 0x00, 0xc3, 0x00, 0xc3, 0x00, 0xc3, 0x00, 0xc3, 0x00, 0x67, 0x00,
    0x3b, 0x00, 0x00, 0x00, 0x00, 0x00, 0x00, 0x00, 0x00, 0x00, 0x0c, 0x00, 0x18, 0x00, 0x30, 0x00,
    0x00, 0x00, 0xc3, 0x00, 0xc3, 0x00, 0xc3, 0x00, 0xc3, 0x00, 0xc3, 0x00, 0x67, 0x00, 0x3b, 0x00,
    0x03, 0x00, 0xc6, 0x00, 0x7c, 0x00, 0x00, 0x00, 0x00, 0x00, 0x00, 0x00, 0x70, 0x00, 0x30, 0x00,
    0x30, 0x00, 0x3e, 0x00, 0x33, 0x00, 0x33, 0x00, 0x33, 0x00, 0x33, 0x00, 0x3e, 0x00, 0x30, 0x00,
    0x30, 0x00, 0x70, 0x00, 0x00, 0x00, 0x00, 0x00, 0x66, 0x00, 0x66, 0x00, 0x00, 0x00, 0xc3, 0x00,
    0xc3, 0x00, 0xc3, 0x00, 0xc3, 0x00, 0xc3, 0x00, 0x67, 0x00, 0x3b, 0x00, 0x03, 0x00, 0xc6, 0x00,
    0x7c, 0x00,
];

/// The 4 ADCore bitmap fonts, indexed by the `Font` param (0..=3).
pub static FONTS: [BitmapFont; 4] = [
    BitmapFont {
        width: 6,
        height: 13,
        bytes_per_char: 1,
        first_char: 32,
        num_chars: 191,
        bitmap: &FONT_6X13_DATA,
    },
    BitmapFont {
        width: 6,
        height: 13,
        bytes_per_char: 1,
        first_char: 32,
        num_chars: 191,
        bitmap: &FONT_6X13B_DATA,
    },
    BitmapFont {
        width: 9,
        height: 15,
        bytes_per_char: 2,
        first_char: 32,
        num_chars: 191,
        bitmap: &FONT_9X15_DATA,
    },
    BitmapFont {
        width: 9,
        height: 15,
        bytes_per_char: 2,
        first_char: 32,
        num_chars: 191,
        bitmap: &FONT_9X15B_DATA,
    },
];
